regime,repeat,coalition,coalition_key,coalition_size,loss,orders
nyc_taxi,0,EMPTY,EMPTY,0,0.0,100000
nyc_taxi,0,missing_measures,missing_measures,1,0.05401831586815416,100000
nyc_taxi,0,value_noise,value_noise,1,0.03758641576093378,100000
nyc_taxi,0,orphan_foreign_keys,orphan_foreign_keys,1,0.017666122506787802,100000
nyc_taxi,0,stale_timestamps,stale_timestamps,1,0.05046596600142696,100000
nyc_taxi,0,dimension_drift,dimension_drift,1,0.10886946880191048,100000
nyc_taxi,0,duplicate_facts,duplicate_facts,1,0.12058159065310137,100000
nyc_taxi,0,missing_measures|value_noise,missing_measures|value_noise,2,0.029588028170492768,100000
nyc_taxi,0,missing_measures|orphan_foreign_keys,missing_measures|orphan_foreign_keys,2,0.07039588235502431,100000
nyc_taxi,0,missing_measures|stale_timestamps,missing_measures|stale_timestamps,2,0.09942582955181128,100000
nyc_taxi,0,dimension_drift|missing_measures,dimension_drift|missing_measures,2,0.15697940929074455,100000
nyc_taxi,0,duplicate_facts|missing_measures,duplicate_facts|missing_measures,2,0.07313957158158942,100000
nyc_taxi,0,orphan_foreign_keys|value_noise,orphan_foreign_keys|value_noise,2,0.04012421045863876,100000
nyc_taxi,0,stale_timestamps|value_noise,stale_timestamps|value_noise,2,0.05893179991975019,100000
nyc_taxi,0,dimension_drift|value_noise,dimension_drift|value_noise,2,0.13872891538056237,100000
nyc_taxi,0,duplicate_facts|value_noise,duplicate_facts|value_noise,2,0.16036889624650985,100000
nyc_taxi,0,orphan_foreign_keys|stale_timestamps,orphan_foreign_keys|stale_timestamps,2,0.06813208850821476,100000
nyc_taxi,0,dimension_drift|orphan_foreign_keys,dimension_drift|orphan_foreign_keys,2,0.12062718589757783,100000
nyc_taxi,0,duplicate_facts|orphan_foreign_keys,duplicate_facts|orphan_foreign_keys,2,0.11353612706459601,100000
nyc_taxi,0,dimension_drift|stale_timestamps,dimension_drift|stale_timestamps,2,0.15933543480333742,100000
nyc_taxi,0,duplicate_facts|stale_timestamps,duplicate_facts|stale_timestamps,2,0.1262246170166446,100000
nyc_taxi,0,dimension_drift|duplicate_facts,dimension_drift|duplicate_facts,2,0.1646444148268547,100000
nyc_taxi,0,missing_measures|orphan_foreign_keys|value_noise,missing_measures|orphan_foreign_keys|value_noise,3,0.04701168914025913,100000
nyc_taxi,0,missing_measures|stale_timestamps|value_noise,missing_measures|stale_timestamps|value_noise,3,0.07816302054953721,100000
nyc_taxi,0,dimension_drift|missing_measures|value_noise,dimension_drift|missing_measures|value_noise,3,0.13604559268725525,100000
nyc_taxi,0,duplicate_facts|missing_measures|value_noise,duplicate_facts|missing_measures|value_noise,3,0.10025775380764651,100000
nyc_taxi,0,missing_measures|orphan_foreign_keys|stale_timestamps,missing_measures|orphan_foreign_keys|stale_timestamps,3,0.11580339603868144,100000
nyc_taxi,0,dimension_drift|missing_measures|orphan_foreign_keys,dimension_drift|missing_measures|orphan_foreign_keys,3,0.17205465285659055,100000
nyc_taxi,0,duplicate_facts|missing_measures|orphan_foreign_keys,duplicate_facts|missing_measures|orphan_foreign_keys,3,0.08992080905867302,100000
nyc_taxi,0,dimension_drift|missing_measures|stale_timestamps,dimension_drift|missing_measures|stale_timestamps,3,0.2023869229744017,100000
nyc_taxi,0,duplicate_facts|missing_measures|stale_timestamps,duplicate_facts|missing_measures|stale_timestamps,3,0.12281838957020833,100000
nyc_taxi,0,dimension_drift|duplicate_facts|missing_measures,dimension_drift|duplicate_facts|missing_measures,3,0.12480870346625826,100000
nyc_taxi,0,orphan_foreign_keys|stale_timestamps|value_noise,orphan_foreign_keys|stale_timestamps|value_noise,3,0.06146959461745517,100000
nyc_taxi,0,dimension_drift|orphan_foreign_keys|value_noise,dimension_drift|orphan_foreign_keys|value_noise,3,0.14667090607590805,100000
nyc_taxi,0,duplicate_facts|orphan_foreign_keys|value_noise,duplicate_facts|orphan_foreign_keys|value_noise,3,0.1501129347386284,100000
nyc_taxi,0,dimension_drift|stale_timestamps|value_noise,dimension_drift|stale_timestamps|value_noise,3,0.1600742995393788,100000
nyc_taxi,0,duplicate_facts|stale_timestamps|value_noise,duplicate_facts|stale_timestamps|value_noise,3,0.16036889624651046,100000
nyc_taxi,0,dimension_drift|duplicate_facts|value_noise,dimension_drift|duplicate_facts|value_noise,3,0.2042773166046123,100000
nyc_taxi,0,dimension_drift|orphan_foreign_keys|stale_timestamps,dimension_drift|orphan_foreign_keys|stale_timestamps,3,0.1710931518990048,100000
nyc_taxi,0,duplicate_facts|orphan_foreign_keys|stale_timestamps,duplicate_facts|orphan_foreign_keys|stale_timestamps,3,0.11917915342813923,100000
nyc_taxi,0,dimension_drift|duplicate_facts|orphan_foreign_keys,dimension_drift|duplicate_facts|orphan_foreign_keys,3,0.1653012001871596,100000
nyc_taxi,0,dimension_drift|duplicate_facts|stale_timestamps,dimension_drift|duplicate_facts|stale_timestamps,3,0.170287441190398,100000
nyc_taxi,0,missing_measures|orphan_foreign_keys|stale_timestamps|value_noise,missing_measures|orphan_foreign_keys|stale_timestamps|value_noise,4,0.09558668151930358,100000
nyc_taxi,0,dimension_drift|missing_measures|orphan_foreign_keys|value_noise,dimension_drift|missing_measures|orphan_foreign_keys|value_noise,4,0.14871410027044774,100000
nyc_taxi,0,duplicate_facts|missing_measures|orphan_foreign_keys|value_noise,duplicate_facts|missing_measures|orphan_foreign_keys|value_noise,4,0.1045514396026825,100000
nyc_taxi,0,dimension_drift|missing_measures|stale_timestamps|value_noise,dimension_drift|missing_measures|stale_timestamps|value_noise,4,0.1846205850662997,100000
nyc_taxi,0,duplicate_facts|missing_measures|stale_timestamps|value_noise,duplicate_facts|missing_measures|stale_timestamps|value_noise,4,0.12630320855628763,100000
nyc_taxi,0,dimension_drift|duplicate_facts|missing_measures|value_noise,dimension_drift|duplicate_facts|missing_measures|value_noise,4,0.14468776102207365,100000
nyc_taxi,0,dimension_drift|missing_measures|orphan_foreign_keys|stale_timestamps,dimension_drift|missing_measures|orphan_foreign_keys|stale_timestamps,4,0.21746216654024766,100000
nyc_taxi,0,duplicate_facts|missing_measures|orphan_foreign_keys|stale_timestamps,duplicate_facts|missing_measures|orphan_foreign_keys|stale_timestamps,4,0.13959962704729192,100000
nyc_taxi,0,dimension_drift|duplicate_facts|missing_measures|orphan_foreign_keys,dimension_drift|duplicate_facts|missing_measures|orphan_foreign_keys,4,0.13580721951877725,100000
nyc_taxi,0,dimension_drift|duplicate_facts|missing_measures|stale_timestamps,dimension_drift|duplicate_facts|missing_measures|stale_timestamps,4,0.17448752145487717,100000
nyc_taxi,0,dimension_drift|orphan_foreign_keys|stale_timestamps|value_noise,dimension_drift|orphan_foreign_keys|stale_timestamps|value_noise,4,0.16801629023472445,100000
nyc_taxi,0,duplicate_facts|orphan_foreign_keys|stale_timestamps|value_noise,duplicate_facts|orphan_foreign_keys|stale_timestamps|value_noise,4,0.15011293473862902,100000
nyc_taxi,0,dimension_drift|duplicate_facts|orphan_foreign_keys|value_noise,dimension_drift|duplicate_facts|orphan_foreign_keys|value_noise,4,0.19483952502599186,100000
nyc_taxi,0,dimension_drift|duplicate_facts|stale_timestamps|value_noise,dimension_drift|duplicate_facts|stale_timestamps|value_noise,4,0.2042773166046129,100000
nyc_taxi,0,dimension_drift|duplicate_facts|orphan_foreign_keys|stale_timestamps,dimension_drift|duplicate_facts|orphan_foreign_keys|stale_timestamps,4,0.17094422655070288,100000
nyc_taxi,0,dimension_drift|missing_measures|orphan_foreign_keys|stale_timestamps|value_noise,dimension_drift|missing_measures|orphan_foreign_keys|stale_timestamps|value_noise,5,0.19728909264949215,100000
nyc_taxi,0,duplicate_facts|missing_measures|orphan_foreign_keys|stale_timestamps|value_noise,duplicate_facts|missing_measures|orphan_foreign_keys|stale_timestamps|value_noise,5,0.1305968943513236,100000
nyc_taxi,0,dimension_drift|duplicate_facts|missing_measures|orphan_foreign_keys|value_noise,dimension_drift|duplicate_facts|missing_measures|orphan_foreign_keys|value_noise,5,0.15371463979720518,100000
nyc_taxi,0,dimension_drift|duplicate_facts|missing_measures|stale_timestamps|value_noise,dimension_drift|duplicate_facts|missing_measures|stale_timestamps|value_noise,5,0.17073321577071474,100000
nyc_taxi,0,dimension_drift|duplicate_facts|missing_measures|orphan_foreign_keys|stale_timestamps,dimension_drift|duplicate_facts|missing_measures|orphan_foreign_keys|stale_timestamps,5,0.18548603750739617,100000
nyc_taxi,0,dimension_drift|duplicate_facts|orphan_foreign_keys|stale_timestamps|value_noise,dimension_drift|duplicate_facts|orphan_foreign_keys|stale_timestamps|value_noise,5,0.1948395250259925,100000
nyc_taxi,0,dimension_drift|duplicate_facts|missing_measures|orphan_foreign_keys|stale_timestamps|value_noise,dimension_drift|duplicate_facts|missing_measures|orphan_foreign_keys|stale_timestamps|value_noise,6,0.1797600945458463,100000
nyc_taxi,1,EMPTY,EMPTY,0,0.0,100000
nyc_taxi,1,missing_measures,missing_measures,1,0.05136989622536753,100000
nyc_taxi,1,value_noise,value_noise,1,0.043145789144872757,100000
nyc_taxi,1,orphan_foreign_keys,orphan_foreign_keys,1,0.026700494837480642,100000
nyc_taxi,1,stale_timestamps,stale_timestamps,1,0.04990697380057918,100000
nyc_taxi,1,dimension_drift,dimension_drift,1,0.13040787526463105,100000
nyc_taxi,1,duplicate_facts,duplicate_facts,1,0.06435175049431177,100000
nyc_taxi,1,missing_measures|value_noise,missing_measures|value_noise,2,0.03480913129809464,100000
nyc_taxi,1,missing_measures|orphan_foreign_keys,missing_measures|orphan_foreign_keys,2,0.07696359429226513,100000
nyc_taxi,1,missing_measures|stale_timestamps,missing_measures|stale_timestamps,2,0.0964403349821299,100000
nyc_taxi,1,dimension_drift|missing_measures,dimension_drift|missing_measures,2,0.17409565018590747,100000
nyc_taxi,1,duplicate_facts|missing_measures,duplicate_facts|missing_measures,2,0.02200249367965565,100000
nyc_taxi,1,orphan_foreign_keys|value_noise,orphan_foreign_keys|value_noise,2,0.0471819679146336,100000
nyc_taxi,1,stale_timestamps|value_noise,stale_timestamps|value_noise,2,0.06384320772476981,100000
nyc_taxi,1,dimension_drift|value_noise,dimension_drift|value_noise,2,0.1621906103848732,100000
nyc_taxi,1,duplicate_facts|value_noise,duplicate_facts|value_noise,2,0.11053962223375541,100000
nyc_taxi,1,orphan_foreign_keys|stale_timestamps,orphan_foreign_keys|stale_timestamps,2,0.07660746863805983,100000
nyc_taxi,1,dimension_drift|orphan_foreign_keys,dimension_drift|orphan_foreign_keys,2,0.1385001582165703,100000
nyc_taxi,1,duplicate_facts|orphan_foreign_keys,duplicate_facts|orphan_foreign_keys,2,0.0661596034394008,100000
nyc_taxi,1,dimension_drift|stale_timestamps,dimension_drift|stale_timestamps,2,0.18031484906521023,100000
nyc_taxi,1,duplicate_facts|stale_timestamps,duplicate_facts|stale_timestamps,2,0.07009579510435197,100000
nyc_taxi,1,dimension_drift|duplicate_facts,dimension_drift|duplicate_facts,2,0.17682817520416658,100000
nyc_taxi,1,missing_measures|orphan_foreign_keys|value_noise,missing_measures|orphan_foreign_keys|value_noise,3,0.0528947266622562,100000
nyc_taxi,1,missing_measures|stale_timestamps|value_noise,missing_measures|stale_timestamps|value_noise,3,0.08246106199286213,100000
nyc_taxi,1,dimension_drift|missing_measures|value_noise,dimension_drift|missing_measures|value_noise,3,0.16158580942780243,100000
nyc_taxi,1,duplicate_facts|missing_measures|value_noise,duplicate_facts|missing_measures|value_noise,3,0.054420785620410514,100000
nyc_taxi,1,missing_measures|orphan_foreign_keys|stale_timestamps,missing_measures|orphan_foreign_keys|stale_timestamps,3,0.1220340330490275,100000
nyc_taxi,1,dimension_drift|missing_measures|orphan_foreign_keys,dimension_drift|missing_measures|orphan_foreign_keys,3,0.18188347282067863,100000
nyc_taxi,1,duplicate_facts|missing_measures|orphan_foreign_keys,duplicate_facts|missing_measures|orphan_foreign_keys,3,0.04758911067123581,100000
nyc_taxi,1,dimension_drift|missing_measures|stale_timestamps,dimension_drift|missing_measures|stale_timestamps,3,0.2191660889426698,100000
nyc_taxi,1,duplicate_facts|missing_measures|stale_timestamps,duplicate_facts|missing_measures|stale_timestamps,3,0.07154202526987526,100000
nyc_taxi,1,dimension_drift|duplicate_facts|missing_measures,dimension_drift|duplicate_facts|missing_measures,3,0.15045581038404426,100000
nyc_taxi,1,orphan_foreign_keys|stale_timestamps|value_noise,orphan_foreign_keys|stale_timestamps|value_noise,3,0.06787938649453067,100000
nyc_taxi,1,dimension_drift|orphan_foreign_keys|value_noise,dimension_drift|orphan_foreign_keys|value_noise,3,0.1632051143360776,100000
nyc_taxi,1,duplicate_facts|orphan_foreign_keys|value_noise,duplicate_facts|orphan_foreign_keys|value_noise,3,0.10145695136335095,100000
nyc_taxi,1,dimension_drift|stale_timestamps|value_noise,dimension_drift|stale_timestamps|value_noise,3,0.18288802896477027,100000
nyc_taxi,1,duplicate_facts|stale_timestamps|value_noise,duplicate_facts|stale_timestamps|value_noise,3,0.11053962223375513,100000
nyc_taxi,1,dimension_drift|duplicate_facts|value_noise,dimension_drift|duplicate_facts|value_noise,3,0.21539182250084035,100000
nyc_taxi,1,dimension_drift|orphan_foreign_keys|stale_timestamps,dimension_drift|orphan_foreign_keys|stale_timestamps,3,0.18840713201714948,100000
nyc_taxi,1,duplicate_facts|orphan_foreign_keys|stale_timestamps,duplicate_facts|orphan_foreign_keys|stale_timestamps,3,0.07190364804944102,100000
nyc_taxi,1,dimension_drift|duplicate_facts|orphan_foreign_keys,dimension_drift|duplicate_facts|orphan_foreign_keys,3,0.18525965281738577,100000
nyc_taxi,1,dimension_drift|duplicate_facts|stale_timestamps,dimension_drift|duplicate_facts|stale_timestamps,3,0.1825722198142068,100000
nyc_taxi,1,missing_measures|orphan_foreign_keys|stale_timestamps|value_noise,missing_measures|orphan_foreign_keys|stale_timestamps|value_noise,4,0.10054665735702369,100000
nyc_taxi,1,dimension_drift|missing_measures|orphan_foreign_keys|value_noise,dimension_drift|missing_measures|orphan_foreign_keys|value_noise,4,0.16170348390013756,100000
nyc_taxi,1,duplicate_facts|missing_measures|orphan_foreign_keys|value_noise,duplicate_facts|missing_measures|orphan_foreign_keys|value_noise,4,0.059400553221625206,100000
nyc_taxi,1,dimension_drift|missing_measures|stale_timestamps|value_noise,dimension_drift|missing_measures|stale_timestamps|value_noise,4,0.2092377401225699,100000
nyc_taxi,1,duplicate_facts|missing_measures|stale_timestamps|value_noise,duplicate_facts|missing_measures|stale_timestamps|value_noise,4,0.08090319767127253,100000
nyc_taxi,1,dimension_drift|duplicate_facts|missing_measures|value_noise,dimension_drift|duplicate_facts|missing_measures|value_noise,4,0.17439866972432394,100000
nyc_taxi,1,dimension_drift|missing_measures|orphan_foreign_keys|stale_timestamps,dimension_drift|missing_measures|orphan_foreign_keys|stale_timestamps,4,0.226953911577441,100000
nyc_taxi,1,duplicate_facts|missing_measures|orphan_foreign_keys|stale_timestamps,duplicate_facts|missing_measures|orphan_foreign_keys|stale_timestamps,4,0.0971286422614554,100000
nyc_taxi,1,dimension_drift|duplicate_facts|missing_measures|orphan_foreign_keys,dimension_drift|duplicate_facts|missing_measures|orphan_foreign_keys,4,0.15905751331647439,100000
nyc_taxi,1,dimension_drift|duplicate_facts|missing_measures|stale_timestamps,dimension_drift|duplicate_facts|missing_measures|stale_timestamps,4,0.19999534197426383,100000
nyc_taxi,1,dimension_drift|orphan_foreign_keys|stale_timestamps|value_noise,dimension_drift|orphan_foreign_keys|stale_timestamps|value_noise,4,0.1839025329159747,100000
nyc_taxi,1,duplicate_facts|orphan_foreign_keys|stale_timestamps|value_noise,duplicate_facts|orphan_foreign_keys|stale_timestamps|value_noise,4,0.10145695136335067,100000
nyc_taxi,1,dimension_drift|duplicate_facts|orphan_foreign_keys|value_noise,dimension_drift|duplicate_facts|orphan_foreign_keys|value_noise,4,0.21218042282722877,100000
nyc_taxi,1,dimension_drift|duplicate_facts|stale_timestamps|value_noise,dimension_drift|duplicate_facts|stale_timestamps|value_noise,4,0.21539182250084007,100000
nyc_taxi,1,dimension_drift|duplicate_facts|orphan_foreign_keys|stale_timestamps,dimension_drift|duplicate_facts|orphan_foreign_keys|stale_timestamps,4,0.19100369742742598,100000
nyc_taxi,1,dimension_drift|missing_measures|orphan_foreign_keys|stale_timestamps|value_noise,dimension_drift|missing_measures|orphan_foreign_keys|stale_timestamps|value_noise,5,0.20935541459490503,100000
nyc_taxi,1,duplicate_facts|missing_measures|orphan_foreign_keys|stale_timestamps|value_noise,duplicate_facts|missing_measures|orphan_foreign_keys|stale_timestamps|value_noise,5,0.0858829652724872,100000
nyc_taxi,1,dimension_drift|duplicate_facts|missing_measures|orphan_foreign_keys|value_noise,dimension_drift|duplicate_facts|missing_measures|orphan_foreign_keys|value_noise,5,0.1750506005099389,100000
nyc_taxi,1,dimension_drift|duplicate_facts|missing_measures|stale_timestamps|value_noise,dimension_drift|duplicate_facts|missing_measures|stale_timestamps|value_noise,5,0.20088108177518596,100000
nyc_taxi,1,dimension_drift|duplicate_facts|missing_measures|orphan_foreign_keys|stale_timestamps,dimension_drift|duplicate_facts|missing_measures|orphan_foreign_keys|stale_timestamps,5,0.20859704490669398,100000
nyc_taxi,1,dimension_drift|duplicate_facts|orphan_foreign_keys|stale_timestamps|value_noise,dimension_drift|duplicate_facts|orphan_foreign_keys|stale_timestamps|value_noise,5,0.2121804228272285,100000
nyc_taxi,1,dimension_drift|duplicate_facts|missing_measures|orphan_foreign_keys|stale_timestamps|value_noise,dimension_drift|duplicate_facts|missing_measures|orphan_foreign_keys|stale_timestamps|value_noise,6,0.20153301256080092,100000
nyc_taxi,2,EMPTY,EMPTY,0,0.0,100000
nyc_taxi,2,missing_measures,missing_measures,1,0.05186012470435498,100000
nyc_taxi,2,value_noise,value_noise,1,0.035078265220466205,100000
nyc_taxi,2,orphan_foreign_keys,orphan_foreign_keys,1,0.015745796036725507,100000
nyc_taxi,2,stale_timestamps,stale_timestamps,1,0.04971101268383167,100000
nyc_taxi,2,dimension_drift,dimension_drift,1,0.09952580603371158,100000
nyc_taxi,2,duplicate_facts,duplicate_facts,1,0.06461561076219971,100000
nyc_taxi,2,missing_measures|value_noise,missing_measures|value_noise,2,0.02880566543683985,100000
nyc_taxi,2,missing_measures|orphan_foreign_keys,missing_measures|orphan_foreign_keys,2,0.06634870250744097,100000
nyc_taxi,2,missing_measures|stale_timestamps,missing_measures|stale_timestamps,2,0.09659193561814622,100000
nyc_taxi,2,dimension_drift|missing_measures,dimension_drift|missing_measures,2,0.15122535652843994,100000
nyc_taxi,2,duplicate_facts|missing_measures,duplicate_facts|missing_measures,2,0.021812386341280403,100000
nyc_taxi,2,orphan_foreign_keys|value_noise,orphan_foreign_keys|value_noise,2,0.036038312911042356,100000
nyc_taxi,2,stale_timestamps|value_noise,stale_timestamps|value_noise,2,0.05681940453568329,100000
nyc_taxi,2,dimension_drift|value_noise,dimension_drift|value_noise,2,0.133608750672464,100000
nyc_taxi,2,duplicate_facts|value_noise,duplicate_facts|value_noise,2,0.10225457829248952,100000
nyc_taxi,2,orphan_foreign_keys|stale_timestamps,orphan_foreign_keys|stale_timestamps,2,0.06545680872055717,100000
nyc_taxi,2,dimension_drift|orphan_foreign_keys,dimension_drift|orphan_foreign_keys,2,0.10949360318075785,100000
nyc_taxi,2,duplicate_facts|orphan_foreign_keys,duplicate_facts|orphan_foreign_keys,2,0.05497179306402175,100000
nyc_taxi,2,dimension_drift|stale_timestamps,dimension_drift|stale_timestamps,2,0.14923681871754324,100000
nyc_taxi,2,duplicate_facts|stale_timestamps,duplicate_facts|stale_timestamps,2,0.06916303083976238,100000
nyc_taxi,2,dimension_drift|duplicate_facts,dimension_drift|duplicate_facts,2,0.16191161078730187,100000
nyc_taxi,2,missing_measures|orphan_foreign_keys|value_noise,missing_measures|orphan_foreign_keys|value_noise,3,0.04375871019660524,100000
nyc_taxi,2,missing_measures|stale_timestamps|value_noise,missing_measures|stale_timestamps|value_noise,3,0.07589946027839808,100000
nyc_taxi,2,dimension_drift|missing_measures|value_noise,dimension_drift|missing_measures|value_noise,3,0.1281841843985304,100000
nyc_taxi,2,duplicate_facts|missing_measures|value_noise,duplicate_facts|missing_measures|value_noise,3,0.046888613639960636,100000
nyc_taxi,2,missing_measures|orphan_foreign_keys|stale_timestamps,missing_measures|orphan_foreign_keys|stale_timestamps,3,0.11108051342123222,100000
nyc_taxi,2,dimension_drift|missing_measures|orphan_foreign_keys,dimension_drift|missing_measures|orphan_foreign_keys,3,0.15995900459561815,100000
nyc_taxi,2,duplicate_facts|missing_measures|orphan_foreign_keys,duplicate_facts|missing_measures|orphan_foreign_keys,3,0.035641313153569665,100000
nyc_taxi,2,dimension_drift|missing_measures|stale_timestamps,dimension_drift|missing_measures|stale_timestamps,3,0.19595716744223116,100000
nyc_taxi,2,duplicate_facts|missing_measures|stale_timestamps,duplicate_facts|missing_measures|stale_timestamps,3,0.07032958087496291,100000
nyc_taxi,2,dimension_drift|duplicate_facts|missing_measures,dimension_drift|duplicate_facts|missing_measures,3,0.12027962676759996,100000
nyc_taxi,2,orphan_foreign_keys|stale_timestamps|value_noise,orphan_foreign_keys|stale_timestamps|value_noise,3,0.057779452226259444,100000
nyc_taxi,2,dimension_drift|orphan_foreign_keys|value_noise,dimension_drift|orphan_foreign_keys|value_noise,3,0.12978505510446567,100000
nyc_taxi,2,duplicate_facts|orphan_foreign_keys|value_noise,duplicate_facts|orphan_foreign_keys|value_noise,3,0.08937541891386439,100000
nyc_taxi,2,dimension_drift|stale_timestamps|value_noise,dimension_drift|stale_timestamps|value_noise,3,0.15534988998768107,100000
nyc_taxi,2,duplicate_facts|stale_timestamps|value_noise,duplicate_facts|stale_timestamps|value_noise,3,0.10225457829248993,100000
nyc_taxi,2,dimension_drift|duplicate_facts|value_noise,dimension_drift|duplicate_facts|value_noise,3,0.19951405887587895,100000
nyc_taxi,2,dimension_drift|orphan_foreign_keys|stale_timestamps,dimension_drift|orphan_foreign_keys|stale_timestamps,3,0.15920461586458953,100000
nyc_taxi,2,duplicate_facts|orphan_foreign_keys|stale_timestamps,duplicate_facts|orphan_foreign_keys|stale_timestamps,3,0.059519213141584426,100000
nyc_taxi,2,dimension_drift|duplicate_facts|orphan_foreign_keys,dimension_drift|duplicate_facts|orphan_foreign_keys,3,0.1492771818158523,100000
nyc_taxi,2,dimension_drift|duplicate_facts|stale_timestamps,dimension_drift|duplicate_facts|stale_timestamps,3,0.16645903086486452,100000
nyc_taxi,2,missing_measures|orphan_foreign_keys|stale_timestamps|value_noise,missing_measures|orphan_foreign_keys|stale_timestamps|value_noise,4,0.09085250503816347,100000
nyc_taxi,2,dimension_drift|missing_measures|orphan_foreign_keys|value_noise,dimension_drift|missing_measures|orphan_foreign_keys|value_noise,4,0.13738030650656174,100000
nyc_taxi,2,duplicate_facts|missing_measures|orphan_foreign_keys|value_noise,duplicate_facts|missing_measures|orphan_foreign_keys|value_noise,4,0.048593753946414776,100000
nyc_taxi,2,dimension_drift|missing_measures|stale_timestamps|value_noise,dimension_drift|missing_measures|stale_timestamps|value_noise,4,0.17527797924008864,100000
nyc_taxi,2,duplicate_facts|missing_measures|stale_timestamps|value_noise,duplicate_facts|missing_measures|stale_timestamps|value_noise,4,0.07294820261154643,100000
nyc_taxi,2,dimension_drift|duplicate_facts|missing_measures|value_noise,dimension_drift|duplicate_facts|missing_measures|value_noise,4,0.14441707881917976,100000
nyc_taxi,2,dimension_drift|missing_measures|orphan_foreign_keys|stale_timestamps,dimension_drift|missing_measures|orphan_foreign_keys|stale_timestamps,4,0.20469081550940937,100000
nyc_taxi,2,duplicate_facts|missing_measures|orphan_foreign_keys|stale_timestamps,duplicate_facts|missing_measures|orphan_foreign_keys|stale_timestamps,4,0.08415850768725218,100000
nyc_taxi,2,dimension_drift|duplicate_facts|missing_measures|orphan_foreign_keys,dimension_drift|duplicate_facts|missing_measures|orphan_foreign_keys,4,0.12978415535798854,100000
nyc_taxi,2,dimension_drift|duplicate_facts|missing_measures|stale_timestamps,dimension_drift|duplicate_facts|missing_measures|stale_timestamps,4,0.16879682130128246,100000
nyc_taxi,2,dimension_drift|orphan_foreign_keys|stale_timestamps|value_noise,dimension_drift|orphan_foreign_keys|stale_timestamps|value_noise,4,0.15152619441968274,100000
nyc_taxi,2,duplicate_facts|orphan_foreign_keys|stale_timestamps|value_noise,duplicate_facts|orphan_foreign_keys|stale_timestamps|value_noise,4,0.08937541891386477,100000
nyc_taxi,2,dimension_drift|duplicate_facts|orphan_foreign_keys|value_noise,dimension_drift|duplicate_facts|orphan_foreign_keys|value_noise,4,0.18266783676905546,100000
nyc_taxi,2,dimension_drift|duplicate_facts|stale_timestamps|value_noise,dimension_drift|duplicate_facts|stale_timestamps|value_noise,4,0.19951405887587934,100000
nyc_taxi,2,dimension_drift|duplicate_facts|orphan_foreign_keys|stale_timestamps,dimension_drift|duplicate_facts|orphan_foreign_keys|stale_timestamps,4,0.153824601893415,100000
nyc_taxi,2,dimension_drift|missing_measures|orphan_foreign_keys|stale_timestamps|value_noise,dimension_drift|missing_measures|orphan_foreign_keys|stale_timestamps|value_noise,5,0.18447410134811998,100000
nyc_taxi,2,duplicate_facts|missing_measures|orphan_foreign_keys|stale_timestamps|value_noise,duplicate_facts|missing_measures|orphan_foreign_keys|stale_timestamps|value_noise,5,0.07465334291800058,100000
nyc_taxi,2,dimension_drift|duplicate_facts|missing_measures|orphan_foreign_keys|value_noise,dimension_drift|duplicate_facts|missing_measures|orphan_foreign_keys|value_noise,5,0.1427640778218399,100000
nyc_taxi,2,dimension_drift|duplicate_facts|missing_measures|stale_timestamps|value_noise,dimension_drift|duplicate_facts|missing_measures|stale_timestamps|value_noise,5,0.17047666779076556,100000
nyc_taxi,2,dimension_drift|duplicate_facts|missing_measures|orphan_foreign_keys|stale_timestamps,dimension_drift|duplicate_facts|missing_measures|orphan_foreign_keys|stale_timestamps,5,0.17830134989167104,100000
nyc_taxi,2,dimension_drift|duplicate_facts|orphan_foreign_keys|stale_timestamps|value_noise,dimension_drift|duplicate_facts|orphan_foreign_keys|stale_timestamps|value_noise,5,0.18266783676905585,100000
nyc_taxi,2,dimension_drift|duplicate_facts|missing_measures|orphan_foreign_keys|stale_timestamps|value_noise,dimension_drift|duplicate_facts|missing_measures|orphan_foreign_keys|stale_timestamps|value_noise,6,0.16882366679342567,100000
nyc_taxi,3,EMPTY,EMPTY,0,0.0,100000
nyc_taxi,3,missing_measures,missing_measures,1,0.05075236594368749,100000
nyc_taxi,3,value_noise,value_noise,1,0.035450549556385665,100000
nyc_taxi,3,orphan_foreign_keys,orphan_foreign_keys,1,0.10293285655219275,100000
nyc_taxi,3,stale_timestamps,stale_timestamps,1,0.049853721640158444,100000
nyc_taxi,3,dimension_drift,dimension_drift,1,0.14555531519530235,100000
nyc_taxi,3,duplicate_facts,duplicate_facts,1,0.08024793431640641,100000
nyc_taxi,3,missing_measures|value_noise,missing_measures|value_noise,2,0.02722360511613786,100000
nyc_taxi,3,missing_measures|orphan_foreign_keys,missing_measures|orphan_foreign_keys,2,0.1524615892686678,100000
nyc_taxi,3,missing_measures|stale_timestamps,missing_measures|stale_timestamps,2,0.09564352831365572,100000
nyc_taxi,3,dimension_drift|missing_measures,dimension_drift|missing_measures,2,0.18861943838945236,100000
nyc_taxi,3,duplicate_facts|missing_measures,duplicate_facts|missing_measures,2,0.03610725540705507,100000
nyc_taxi,3,orphan_foreign_keys|value_noise,orphan_foreign_keys|value_noise,2,0.12126789696390253,100000
nyc_taxi,3,stale_timestamps|value_noise,stale_timestamps|value_noise,2,0.05778458674251748,100000
nyc_taxi,3,dimension_drift|value_noise,dimension_drift|value_noise,2,0.17066684516836556,100000
nyc_taxi,3,duplicate_facts|value_noise,duplicate_facts|value_noise,2,0.11796298341917935,100000
nyc_taxi,3,orphan_foreign_keys|stale_timestamps,orphan_foreign_keys|stale_timestamps,2,0.15278657819235122,100000
nyc_taxi,3,dimension_drift|orphan_foreign_keys,dimension_drift|orphan_foreign_keys,2,0.15895249528709732,100000
nyc_taxi,3,duplicate_facts|orphan_foreign_keys,duplicate_facts|orphan_foreign_keys,2,0.13938074866160025,100000
nyc_taxi,3,dimension_drift|stale_timestamps,dimension_drift|stale_timestamps,2,0.1954090368354608,100000
nyc_taxi,3,duplicate_facts|stale_timestamps,duplicate_facts|stale_timestamps,2,0.08556466690650477,100000
nyc_taxi,3,dimension_drift|duplicate_facts,dimension_drift|duplicate_facts,2,0.1918130199239239,100000
nyc_taxi,3,missing_measures|orphan_foreign_keys|value_noise,missing_measures|orphan_foreign_keys|value_noise,3,0.1273658056038836,100000
nyc_taxi,3,missing_measures|stale_timestamps|value_noise,missing_measures|stale_timestamps|value_noise,3,0.07482407913971953,100000
nyc_taxi,3,dimension_drift|missing_measures|value_noise,dimension_drift|missing_measures|value_noise,3,0.16950997265509624,100000
nyc_taxi,3,duplicate_facts|missing_measures|value_noise,duplicate_facts|missing_measures|value_noise,3,0.059715046122505916,100000
nyc_taxi,3,missing_measures|orphan_foreign_keys|stale_timestamps,missing_measures|orphan_foreign_keys|stale_timestamps,3,0.19735275163863603,100000
nyc_taxi,3,dimension_drift|missing_measures|orphan_foreign_keys,dimension_drift|missing_measures|orphan_foreign_keys,3,0.20161027020428757,100000
nyc_taxi,3,duplicate_facts|missing_measures|orphan_foreign_keys,duplicate_facts|missing_measures|orphan_foreign_keys,3,0.11893021110568046,100000
nyc_taxi,3,dimension_drift|missing_measures|stale_timestamps,dimension_drift|missing_measures|stale_timestamps,3,0.2335106007594206,100000
nyc_taxi,3,duplicate_facts|missing_measures|stale_timestamps,duplicate_facts|missing_measures|stale_timestamps,3,0.08563863082866302,100000
nyc_taxi,3,dimension_drift|duplicate_facts|missing_measures,dimension_drift|duplicate_facts|missing_measures,3,0.1639889185242129,100000
nyc_taxi,3,orphan_foreign_keys|stale_timestamps|value_noise,orphan_foreign_keys|stale_timestamps|value_noise,3,0.14360193415003436,100000
nyc_taxi,3,dimension_drift|orphan_foreign_keys|value_noise,dimension_drift|orphan_foreign_keys|value_noise,3,0.1817454162931143,100000
nyc_taxi,3,duplicate_facts|orphan_foreign_keys|value_noise,duplicate_facts|orphan_foreign_keys|value_noise,3,0.1714290162710243,100000
nyc_taxi,3,dimension_drift|stale_timestamps|value_noise,dimension_drift|stale_timestamps|value_noise,3,0.19300088235449736,100000
nyc_taxi,3,duplicate_facts|stale_timestamps|value_noise,duplicate_facts|stale_timestamps|value_noise,3,0.11796298341917956,100000
nyc_taxi,3,dimension_drift|duplicate_facts|value_noise,dimension_drift|duplicate_facts|value_noise,3,0.22386643646349455,100000
nyc_taxi,3,dimension_drift|orphan_foreign_keys|stale_timestamps,dimension_drift|orphan_foreign_keys|stale_timestamps,3,0.2088062169272558,100000
nyc_taxi,3,duplicate_facts|orphan_foreign_keys|stale_timestamps,duplicate_facts|orphan_foreign_keys|stale_timestamps,3,0.1446974812516986,100000
nyc_taxi,3,dimension_drift|duplicate_facts|orphan_foreign_keys,dimension_drift|duplicate_facts|orphan_foreign_keys,3,0.20066372173694447,100000
nyc_taxi,3,dimension_drift|duplicate_facts|stale_timestamps,dimension_drift|duplicate_facts|stale_timestamps,3,0.19712975251402226,100000
nyc_taxi,3,missing_measures|orphan_foreign_keys|stale_timestamps|value_noise,missing_measures|orphan_foreign_keys|stale_timestamps|value_noise,4,0.1749662796274653,100000
nyc_taxi,3,dimension_drift|missing_measures|orphan_foreign_keys|value_noise,dimension_drift|missing_measures|orphan_foreign_keys|value_noise,4,0.18056166143065278,100000
nyc_taxi,3,duplicate_facts|missing_measures|orphan_foreign_keys|value_noise,duplicate_facts|missing_measures|orphan_foreign_keys|value_noise,4,0.1286340344407174,100000
nyc_taxi,3,dimension_drift|missing_measures|stale_timestamps|value_noise,dimension_drift|missing_measures|stale_timestamps|value_noise,4,0.2171104466786779,100000
nyc_taxi,3,duplicate_facts|missing_measures|stale_timestamps|value_noise,duplicate_facts|missing_measures|stale_timestamps|value_noise,4,0.08756752012568061,100000
nyc_taxi,3,dimension_drift|duplicate_facts|missing_measures|value_noise,dimension_drift|duplicate_facts|missing_measures|value_noise,4,0.1799958652712769,100000
nyc_taxi,3,dimension_drift|missing_measures|orphan_foreign_keys|stale_timestamps,dimension_drift|missing_measures|orphan_foreign_keys|stale_timestamps,4,0.24650143257425583,100000
nyc_taxi,3,duplicate_facts|missing_measures|orphan_foreign_keys|stale_timestamps,duplicate_facts|missing_measures|orphan_foreign_keys|stale_timestamps,4,0.1684615865272884,100000
nyc_taxi,3,dimension_drift|duplicate_facts|missing_measures|orphan_foreign_keys,dimension_drift|duplicate_facts|missing_measures|orphan_foreign_keys,4,0.17260561820498221,100000
nyc_taxi,3,dimension_drift|duplicate_facts|missing_measures|stale_timestamps,dimension_drift|duplicate_facts|missing_measures|stale_timestamps,4,0.21352029394582087,100000
nyc_taxi,3,dimension_drift|orphan_foreign_keys|stale_timestamps|value_noise,dimension_drift|orphan_foreign_keys|stale_timestamps|value_noise,4,0.2040794534792461,100000
nyc_taxi,3,duplicate_facts|orphan_foreign_keys|stale_timestamps|value_noise,duplicate_facts|orphan_foreign_keys|stale_timestamps|value_noise,4,0.17142901627102447,100000
nyc_taxi,3,dimension_drift|duplicate_facts|orphan_foreign_keys|value_noise,dimension_drift|duplicate_facts|orphan_foreign_keys|value_noise,4,0.2252669179756026,100000
nyc_taxi,3,dimension_drift|duplicate_facts|stale_timestamps|value_noise,dimension_drift|duplicate_facts|stale_timestamps|value_noise,4,0.22386643646349477,100000
nyc_taxi,3,dimension_drift|duplicate_facts|orphan_foreign_keys|stale_timestamps,dimension_drift|duplicate_facts|orphan_foreign_keys|stale_timestamps,4,0.20598045432704282,100000
nyc_taxi,3,dimension_drift|missing_measures|orphan_foreign_keys|stale_timestamps|value_noise,dimension_drift|missing_measures|orphan_foreign_keys|stale_timestamps|value_noise,5,0.22816213545423447,100000
nyc_taxi,3,duplicate_facts|missing_measures|orphan_foreign_keys|stale_timestamps|value_noise,duplicate_facts|missing_measures|orphan_foreign_keys|stale_timestamps|value_noise,5,0.1564865084438921,100000
nyc_taxi,3,dimension_drift|duplicate_facts|missing_measures|orphan_foreign_keys|value_noise,dimension_drift|duplicate_facts|missing_measures|orphan_foreign_keys|value_noise,5,0.18668582728272304,100000
nyc_taxi,3,dimension_drift|duplicate_facts|missing_measures|stale_timestamps|value_noise,dimension_drift|duplicate_facts|missing_measures|stale_timestamps|value_noise,5,0.20784833927445157,100000
nyc_taxi,3,dimension_drift|duplicate_facts|missing_measures|orphan_foreign_keys|stale_timestamps,dimension_drift|duplicate_facts|missing_measures|orphan_foreign_keys|stale_timestamps,5,0.2221369936265902,100000
nyc_taxi,3,dimension_drift|duplicate_facts|orphan_foreign_keys|stale_timestamps|value_noise,dimension_drift|duplicate_facts|orphan_foreign_keys|stale_timestamps|value_noise,5,0.22526691797560278,100000
nyc_taxi,3,dimension_drift|duplicate_facts|missing_measures|orphan_foreign_keys|stale_timestamps|value_noise,dimension_drift|duplicate_facts|missing_measures|orphan_foreign_keys|stale_timestamps|value_noise,6,0.21453830128589774,100000
nyc_taxi,4,EMPTY,EMPTY,0,0.0,100000
nyc_taxi,4,missing_measures,missing_measures,1,0.051335002661882304,100000
nyc_taxi,4,value_noise,value_noise,1,0.039599445027649054,100000
nyc_taxi,4,orphan_foreign_keys,orphan_foreign_keys,1,0.01623090518213072,100000
nyc_taxi,4,stale_timestamps,stale_timestamps,1,0.05010977043543033,100000
nyc_taxi,4,dimension_drift,dimension_drift,1,0.1426516087391479,100000
nyc_taxi,4,duplicate_facts,duplicate_facts,1,0.06484421521399317,100000
nyc_taxi,4,missing_measures|value_noise,missing_measures|value_noise,2,0.028806620731320724,100000
nyc_taxi,4,missing_measures|orphan_foreign_keys,missing_measures|orphan_foreign_keys,2,0.06635626408242735,100000
nyc_taxi,4,missing_measures|stale_timestamps,missing_measures|stale_timestamps,2,0.09630416787197843,100000
nyc_taxi,4,dimension_drift|missing_measures,dimension_drift|missing_measures,2,0.18637623136445897,100000
nyc_taxi,4,duplicate_facts|missing_measures,duplicate_facts|missing_measures,2,0.021250285417226362,100000
nyc_taxi,4,orphan_foreign_keys|value_noise,orphan_foreign_keys|value_noise,2,0.04036005217847209,100000
nyc_taxi,4,stale_timestamps|value_noise,stale_timestamps|value_noise,2,0.06012953074972449,100000
nyc_taxi,4,dimension_drift|value_noise,dimension_drift|value_noise,2,0.17106644305693447,100000
nyc_taxi,4,duplicate_facts|value_noise,duplicate_facts|value_noise,2,0.10736422179611863,100000
nyc_taxi,4,orphan_foreign_keys|stale_timestamps,orphan_foreign_keys|stale_timestamps,2,0.06634067561756105,100000
nyc_taxi,4,dimension_drift|orphan_foreign_keys,dimension_drift|orphan_foreign_keys,2,0.150826493919826,100000
nyc_taxi,4,duplicate_facts|orphan_foreign_keys,duplicate_facts|orphan_foreign_keys,2,0.05412731761648802,100000
nyc_taxi,4,dimension_drift|stale_timestamps,dimension_drift|stale_timestamps,2,0.19276137917457822,100000
nyc_taxi,4,duplicate_facts|stale_timestamps,duplicate_facts|stale_timestamps,2,0.07019802775444837,100000
nyc_taxi,4,dimension_drift|duplicate_facts,dimension_drift|duplicate_facts,2,0.19124701517205506,100000
nyc_taxi,4,missing_measures|orphan_foreign_keys|value_noise,missing_measures|orphan_foreign_keys|value_noise,3,0.04476198858004125,100000
nyc_taxi,4,missing_measures|stale_timestamps|value_noise,missing_measures|stale_timestamps|value_noise,3,0.07656852983996996,100000
nyc_taxi,4,dimension_drift|missing_measures|value_noise,dimension_drift|missing_measures|value_noise,3,0.16852163982138163,100000
nyc_taxi,4,duplicate_facts|missing_measures|value_noise,duplicate_facts|missing_measures|value_noise,3,0.051461687597086046,100000
nyc_taxi,4,missing_measures|orphan_foreign_keys|stale_timestamps,missing_measures|orphan_foreign_keys|stale_timestamps,3,0.11132542929252348,100000
nyc_taxi,4,dimension_drift|missing_measures|orphan_foreign_keys,dimension_drift|missing_measures|orphan_foreign_keys,3,0.19407929795510812,100000
nyc_taxi,4,duplicate_facts|missing_measures|orphan_foreign_keys,duplicate_facts|missing_measures|orphan_foreign_keys,3,0.03416871644291199,100000
nyc_taxi,4,dimension_drift|missing_measures|stale_timestamps,dimension_drift|missing_measures|stale_timestamps,3,0.2313453965745551,100000
nyc_taxi,4,duplicate_facts|missing_measures|stale_timestamps,duplicate_facts|missing_measures|stale_timestamps,3,0.07047614715559926,100000
nyc_taxi,4,dimension_drift|duplicate_facts|missing_measures,dimension_drift|duplicate_facts|missing_measures,3,0.164146495684374,100000
nyc_taxi,4,orphan_foreign_keys|stale_timestamps|value_noise,orphan_foreign_keys|stale_timestamps|value_noise,3,0.06089013790054753,100000
nyc_taxi,4,dimension_drift|orphan_foreign_keys|value_noise,dimension_drift|orphan_foreign_keys|value_noise,3,0.17971806577740992,100000
nyc_taxi,4,duplicate_facts|orphan_foreign_keys|value_noise,duplicate_facts|orphan_foreign_keys|value_noise,3,0.09350848741203605,100000
nyc_taxi,4,dimension_drift|stale_timestamps|value_noise,dimension_drift|stale_timestamps|value_noise,3,0.1915965287790099,100000
nyc_taxi,4,duplicate_facts|stale_timestamps|value_noise,duplicate_facts|stale_timestamps|value_noise,3,0.10736422179611985,100000
nyc_taxi,4,dimension_drift|duplicate_facts|value_noise,dimension_drift|duplicate_facts|value_noise,3,0.22554904661242767,100000
nyc_taxi,4,dimension_drift|orphan_foreign_keys|stale_timestamps,dimension_drift|orphan_foreign_keys|stale_timestamps,3,0.20093626435525633,100000
nyc_taxi,4,duplicate_facts|orphan_foreign_keys|stale_timestamps,duplicate_facts|orphan_foreign_keys|stale_timestamps,3,0.05948113015694323,100000
nyc_taxi,4,dimension_drift|duplicate_facts|orphan_foreign_keys,dimension_drift|duplicate_facts|orphan_foreign_keys,3,0.19714198813640074,100000
nyc_taxi,4,dimension_drift|duplicate_facts|stale_timestamps,dimension_drift|duplicate_facts|stale_timestamps,3,0.19660082771251025,100000
nyc_taxi,4,missing_measures|orphan_foreign_keys|stale_timestamps|value_noise,missing_measures|orphan_foreign_keys|stale_timestamps|value_noise,4,0.09252389768869049,100000
nyc_taxi,4,dimension_drift|missing_measures|orphan_foreign_keys|value_noise,dimension_drift|missing_measures|orphan_foreign_keys|value_noise,4,0.17668452535384094,100000
nyc_taxi,4,duplicate_facts|missing_measures|orphan_foreign_keys|value_noise,duplicate_facts|missing_measures|orphan_foreign_keys|value_noise,4,0.05156162068785167,100000
nyc_taxi,4,dimension_drift|missing_measures|stale_timestamps|value_noise,dimension_drift|missing_measures|stale_timestamps|value_noise,4,0.21628354893003085,100000
nyc_taxi,4,duplicate_facts|missing_measures|stale_timestamps|value_noise,duplicate_facts|missing_measures|stale_timestamps|value_noise,4,0.07626650314474848,100000
nyc_taxi,4,dimension_drift|duplicate_facts|missing_measures|value_noise,dimension_drift|duplicate_facts|missing_measures|value_noise,4,0.18553032913872095,100000
nyc_taxi,4,dimension_drift|missing_measures|orphan_foreign_keys|stale_timestamps,dimension_drift|missing_measures|orphan_foreign_keys|stale_timestamps,4,0.23904846316520428,100000
nyc_taxi,4,duplicate_facts|missing_measures|orphan_foreign_keys|stale_timestamps,duplicate_facts|missing_measures|orphan_foreign_keys|stale_timestamps,4,0.08339457818128487,100000
nyc_taxi,4,dimension_drift|duplicate_facts|missing_measures|orphan_foreign_keys,dimension_drift|duplicate_facts|missing_measures|orphan_foreign_keys,4,0.16952719974111263,100000
nyc_taxi,4,dimension_drift|duplicate_facts|missing_measures|stale_timestamps,dimension_drift|duplicate_facts|missing_measures|stale_timestamps,4,0.21337235742274688,100000
nyc_taxi,4,dimension_drift|orphan_foreign_keys|stale_timestamps|value_noise,dimension_drift|orphan_foreign_keys|stale_timestamps|value_noise,4,0.20024815149948533,100000
nyc_taxi,4,duplicate_facts|orphan_foreign_keys|stale_timestamps|value_noise,duplicate_facts|orphan_foreign_keys|stale_timestamps|value_noise,4,0.09350848741203728,100000
nyc_taxi,4,dimension_drift|duplicate_facts|orphan_foreign_keys|value_noise,dimension_drift|duplicate_facts|orphan_foreign_keys|value_noise,4,0.22806887528563222,100000
nyc_taxi,4,dimension_drift|duplicate_facts|stale_timestamps|value_noise,dimension_drift|duplicate_facts|stale_timestamps|value_noise,4,0.2255490466124289,100000
nyc_taxi,4,dimension_drift|duplicate_facts|orphan_foreign_keys|stale_timestamps,dimension_drift|duplicate_facts|orphan_foreign_keys|stale_timestamps,4,0.20249580067685596,100000
nyc_taxi,4,dimension_drift|missing_measures|orphan_foreign_keys|stale_timestamps|value_noise,dimension_drift|missing_measures|orphan_foreign_keys|stale_timestamps|value_noise,5,0.22444643446249019,100000
nyc_taxi,4,duplicate_facts|missing_measures|orphan_foreign_keys|stale_timestamps|value_noise,duplicate_facts|missing_measures|orphan_foreign_keys|stale_timestamps|value_noise,5,0.0763664362355141,100000
nyc_taxi,4,dimension_drift|duplicate_facts|missing_measures|orphan_foreign_keys|value_noise,dimension_drift|duplicate_facts|missing_measures|orphan_foreign_keys|value_noise,5,0.19151214421992538,100000
nyc_taxi,4,dimension_drift|duplicate_facts|missing_measures|stale_timestamps|value_noise,dimension_drift|duplicate_facts|missing_measures|stale_timestamps|value_noise,5,0.21033514468638337,100000
nyc_taxi,4,dimension_drift|duplicate_facts|missing_measures|orphan_foreign_keys|stale_timestamps,dimension_drift|duplicate_facts|missing_measures|orphan_foreign_keys|stale_timestamps,5,0.21875306147948553,100000
nyc_taxi,4,dimension_drift|duplicate_facts|orphan_foreign_keys|stale_timestamps|value_noise,dimension_drift|duplicate_facts|orphan_foreign_keys|stale_timestamps|value_noise,5,0.2280688752856334,100000
nyc_taxi,4,dimension_drift|duplicate_facts|missing_measures|orphan_foreign_keys|stale_timestamps|value_noise,dimension_drift|duplicate_facts|missing_measures|orphan_foreign_keys|stale_timestamps|value_noise,6,0.21631695976758783,100000
nyc_taxi,5,EMPTY,EMPTY,0,0.0,100000
nyc_taxi,5,missing_measures,missing_measures,1,0.05421952710482185,100000
nyc_taxi,5,value_noise,value_noise,1,0.03737762659413832,100000
nyc_taxi,5,orphan_foreign_keys,orphan_foreign_keys,1,0.015083864930614144,100000
nyc_taxi,5,stale_timestamps,stale_timestamps,1,0.05024340183907224,100000
nyc_taxi,5,dimension_drift,dimension_drift,1,0.09806607781494363,100000
nyc_taxi,5,duplicate_facts,duplicate_facts,1,0.06390379811831229,100000
nyc_taxi,5,missing_measures|value_noise,missing_measures|value_noise,2,0.028482652487474145,100000
nyc_taxi,5,missing_measures|orphan_foreign_keys,missing_measures|orphan_foreign_keys,2,0.06724828856552513,100000
nyc_taxi,5,missing_measures|stale_timestamps,missing_measures|stale_timestamps,2,0.09934949495101328,100000
nyc_taxi,5,dimension_drift|missing_measures,dimension_drift|missing_measures,2,0.15205251874323117,100000
nyc_taxi,5,duplicate_facts|missing_measures,duplicate_facts|missing_measures,2,0.023440623953405133,100000
nyc_taxi,5,orphan_foreign_keys|value_noise,orphan_foreign_keys|value_noise,2,0.03654484151811698,100000
nyc_taxi,5,stale_timestamps|value_noise,stale_timestamps|value_noise,2,0.056738262986135476,100000
nyc_taxi,5,dimension_drift|value_noise,dimension_drift|value_noise,2,0.13464574915522914,100000
nyc_taxi,5,duplicate_facts|value_noise,duplicate_facts|value_noise,2,0.10448687352305208,100000
nyc_taxi,5,orphan_foreign_keys|stale_timestamps,orphan_foreign_keys|stale_timestamps,2,0.06532726676968639,100000
nyc_taxi,5,dimension_drift|orphan_foreign_keys,dimension_drift|orphan_foreign_keys,2,0.10513875569033634,100000
nyc_taxi,5,duplicate_facts|orphan_foreign_keys,duplicate_facts|orphan_foreign_keys,2,0.05385601681386855,100000
nyc_taxi,5,dimension_drift|stale_timestamps,dimension_drift|stale_timestamps,2,0.14830947965401586,100000
nyc_taxi,5,duplicate_facts|stale_timestamps,duplicate_facts|stale_timestamps,2,0.06944274455286314,100000
nyc_taxi,5,dimension_drift|duplicate_facts,dimension_drift|duplicate_facts,2,0.1601976828298764,100000
nyc_taxi,5,missing_measures|orphan_foreign_keys|value_noise,missing_measures|orphan_foreign_keys|value_noise,3,0.042172725887865706,100000
nyc_taxi,5,missing_measures|stale_timestamps|value_noise,missing_measures|stale_timestamps|value_noise,3,0.07578008970124236,100000
nyc_taxi,5,dimension_drift|missing_measures|value_noise,dimension_drift|missing_measures|value_noise,3,0.12642539211294782,100000
nyc_taxi,5,duplicate_facts|missing_measures|value_noise,duplicate_facts|missing_measures|value_noise,3,0.047950970837492675,100000
nyc_taxi,5,missing_measures|orphan_foreign_keys|stale_timestamps,missing_measures|orphan_foreign_keys|stale_timestamps,3,0.11237825641171657,100000
nyc_taxi,5,dimension_drift|missing_measures|orphan_foreign_keys,dimension_drift|missing_measures|orphan_foreign_keys,3,0.15720576215484444,100000
nyc_taxi,5,duplicate_facts|missing_measures|orphan_foreign_keys,duplicate_facts|missing_measures|orphan_foreign_keys,3,0.03652781263247788,100000
nyc_taxi,5,dimension_drift|missing_measures|stale_timestamps,dimension_drift|missing_measures|stale_timestamps,3,0.1971824865894226,100000
nyc_taxi,5,duplicate_facts|missing_measures|stale_timestamps,duplicate_facts|missing_measures|stale_timestamps,3,0.07296830424096315,100000
nyc_taxi,5,dimension_drift|duplicate_facts|missing_measures,dimension_drift|duplicate_facts|missing_measures,3,0.12052447745673081,100000
nyc_taxi,5,orphan_foreign_keys|stale_timestamps|value_noise,orphan_foreign_keys|stale_timestamps|value_noise,3,0.05590547791011414,100000
nyc_taxi,5,dimension_drift|orphan_foreign_keys|value_noise,dimension_drift|orphan_foreign_keys|value_noise,3,0.12671804107807888,100000
nyc_taxi,5,duplicate_facts|orphan_foreign_keys|value_noise,duplicate_facts|orphan_foreign_keys|value_noise,3,0.09143637978342373,100000
nyc_taxi,5,dimension_drift|stale_timestamps|value_noise,dimension_drift|stale_timestamps|value_noise,3,0.15400638554722632,100000
nyc_taxi,5,duplicate_facts|stale_timestamps|value_noise,duplicate_facts|stale_timestamps|value_noise,3,0.1044868735230523,100000
nyc_taxi,5,dimension_drift|duplicate_facts|value_noise,dimension_drift|duplicate_facts|value_noise,3,0.20049313086201423,100000
nyc_taxi,5,dimension_drift|orphan_foreign_keys|stale_timestamps,dimension_drift|orphan_foreign_keys|stale_timestamps,3,0.1553821575294086,100000
nyc_taxi,5,duplicate_facts|orphan_foreign_keys|stale_timestamps,duplicate_facts|orphan_foreign_keys|stale_timestamps,3,0.059394963248419405,100000
nyc_taxi,5,dimension_drift|duplicate_facts|orphan_foreign_keys,dimension_drift|duplicate_facts|orphan_foreign_keys,3,0.14402958268853427,100000
nyc_taxi,5,dimension_drift|duplicate_facts|stale_timestamps,dimension_drift|duplicate_facts|stale_timestamps,3,0.16573662926442723,100000
nyc_taxi,5,missing_measures|orphan_foreign_keys|stale_timestamps|value_noise,missing_measures|orphan_foreign_keys|stale_timestamps|value_noise,4,0.08947016310163391,100000
nyc_taxi,5,dimension_drift|missing_measures|orphan_foreign_keys|value_noise,dimension_drift|missing_measures|orphan_foreign_keys|value_noise,4,0.1322391395655614,100000
nyc_taxi,5,duplicate_facts|missing_measures|orphan_foreign_keys|value_noise,duplicate_facts|missing_measures|orphan_foreign_keys|value_noise,4,0.04844612127373653,100000
nyc_taxi,5,dimension_drift|missing_measures|stale_timestamps|value_noise,dimension_drift|missing_measures|stale_timestamps|value_noise,4,0.173722829326716,100000
nyc_taxi,5,duplicate_facts|missing_measures|stale_timestamps|value_noise,duplicate_facts|missing_measures|stale_timestamps|value_noise,4,0.0732285007544679,100000
nyc_taxi,5,dimension_drift|duplicate_facts|missing_measures|value_noise,dimension_drift|duplicate_facts|missing_measures|value_noise,4,0.14448332952442927,100000
nyc_taxi,5,dimension_drift|missing_measures|orphan_foreign_keys|stale_timestamps,dimension_drift|missing_measures|orphan_foreign_keys|stale_timestamps,4,0.20233573000103589,100000
nyc_taxi,5,duplicate_facts|missing_measures|orphan_foreign_keys|stale_timestamps,duplicate_facts|missing_measures|orphan_foreign_keys|stale_timestamps,4,0.08605549292003589,100000
nyc_taxi,5,dimension_drift|duplicate_facts|missing_measures|orphan_foreign_keys,dimension_drift|duplicate_facts|missing_measures|orphan_foreign_keys,4,0.12662001261514283,100000
nyc_taxi,5,dimension_drift|duplicate_facts|missing_measures|stale_timestamps,dimension_drift|duplicate_facts|missing_measures|stale_timestamps,4,0.17005215774428883,100000
nyc_taxi,5,dimension_drift|orphan_foreign_keys|stale_timestamps|value_noise,dimension_drift|orphan_foreign_keys|stale_timestamps|value_noise,4,0.14607867747007602,100000
nyc_taxi,5,duplicate_facts|orphan_foreign_keys|stale_timestamps|value_noise,duplicate_facts|orphan_foreign_keys|stale_timestamps|value_noise,4,0.09143637978342396,100000
nyc_taxi,5,dimension_drift|duplicate_facts|orphan_foreign_keys|value_noise,dimension_drift|duplicate_facts|orphan_foreign_keys|value_noise,4,0.18104391088246116,100000
nyc_taxi,5,dimension_drift|duplicate_facts|stale_timestamps|value_noise,dimension_drift|duplicate_facts|stale_timestamps|value_noise,4,0.20049313086201442,100000
nyc_taxi,5,dimension_drift|duplicate_facts|orphan_foreign_keys|stale_timestamps,dimension_drift|duplicate_facts|orphan_foreign_keys|stale_timestamps,4,0.1495685291230851,100000
nyc_taxi,5,dimension_drift|missing_measures|orphan_foreign_keys|stale_timestamps|value_noise,dimension_drift|missing_measures|orphan_foreign_keys|stale_timestamps|value_noise,5,0.17953657677932963,100000
nyc_taxi,5,duplicate_facts|missing_measures|orphan_foreign_keys|stale_timestamps|value_noise,duplicate_facts|missing_measures|orphan_foreign_keys|stale_timestamps|value_noise,5,0.07372365119071177,100000
nyc_taxi,5,dimension_drift|duplicate_facts|missing_measures|orphan_foreign_keys|value_noise,dimension_drift|duplicate_facts|missing_measures|orphan_foreign_keys|value_noise,5,0.13865567379527785,100000
nyc_taxi,5,dimension_drift|duplicate_facts|missing_measures|stale_timestamps|value_noise,dimension_drift|duplicate_facts|missing_measures|stale_timestamps|value_noise,5,0.1697608594414045,100000
nyc_taxi,5,dimension_drift|duplicate_facts|missing_measures|orphan_foreign_keys|stale_timestamps,dimension_drift|duplicate_facts|missing_measures|orphan_foreign_keys|stale_timestamps,5,0.17614769290270088,100000
nyc_taxi,5,dimension_drift|duplicate_facts|orphan_foreign_keys|stale_timestamps|value_noise,dimension_drift|duplicate_facts|orphan_foreign_keys|stale_timestamps|value_noise,5,0.18104391088246138,100000
nyc_taxi,5,dimension_drift|duplicate_facts|missing_measures|orphan_foreign_keys|stale_timestamps|value_noise,dimension_drift|duplicate_facts|missing_measures|orphan_foreign_keys|stale_timestamps|value_noise,6,0.1639332037122531,100000
nyc_taxi,6,EMPTY,EMPTY,0,0.0,100000
nyc_taxi,6,missing_measures,missing_measures,1,0.05078580358093569,100000
nyc_taxi,6,value_noise,value_noise,1,0.03791079226797821,100000
nyc_taxi,6,orphan_foreign_keys,orphan_foreign_keys,1,0.027617695619658912,100000
nyc_taxi,6,stale_timestamps,stale_timestamps,1,0.0504039683704981,100000
nyc_taxi,6,dimension_drift,dimension_drift,1,0.11451220349158894,100000
nyc_taxi,6,duplicate_facts,duplicate_facts,1,0.06425642752715446,100000
nyc_taxi,6,missing_measures|value_noise,missing_measures|value_noise,2,0.02797483419737286,100000
nyc_taxi,6,missing_measures|orphan_foreign_keys,missing_measures|orphan_foreign_keys,2,0.07565611433524913,100000
nyc_taxi,6,missing_measures|stale_timestamps,missing_measures|stale_timestamps,2,0.09651734692863059,100000
nyc_taxi,6,dimension_drift|missing_measures,dimension_drift|missing_measures,2,0.16300254469137887,100000
nyc_taxi,6,duplicate_facts|missing_measures,duplicate_facts|missing_measures,2,0.020051400626441,100000
nyc_taxi,6,orphan_foreign_keys|value_noise,orphan_foreign_keys|value_noise,2,0.04732769230913452,100000
nyc_taxi,6,stale_timestamps|value_noise,stale_timestamps|value_noise,2,0.05964107829759272,100000
nyc_taxi,6,dimension_drift|value_noise,dimension_drift|value_noise,2,0.14159409061793832,100000
nyc_taxi,6,duplicate_facts|value_noise,duplicate_facts|value_noise,2,0.10523288214595086,100000
nyc_taxi,6,orphan_foreign_keys|stale_timestamps,orphan_foreign_keys|stale_timestamps,2,0.07802166399015702,100000
nyc_taxi,6,dimension_drift|orphan_foreign_keys,dimension_drift|orphan_foreign_keys,2,0.12537194546112446,100000
nyc_taxi,6,duplicate_facts|orphan_foreign_keys,duplicate_facts|orphan_foreign_keys,2,0.06564367788110259,100000
nyc_taxi,6,dimension_drift|stale_timestamps,dimension_drift|stale_timestamps,2,0.16491617186208704,100000
nyc_taxi,6,duplicate_facts|stale_timestamps,duplicate_facts|stale_timestamps,2,0.06968697888396067,100000
nyc_taxi,6,dimension_drift|duplicate_facts,dimension_drift|duplicate_facts,2,0.1612840097848992,100000
nyc_taxi,6,missing_measures|orphan_foreign_keys|value_noise,missing_measures|orphan_foreign_keys|value_noise,3,0.0506328779954683,100000
nyc_taxi,6,missing_measures|stale_timestamps|value_noise,missing_measures|stale_timestamps|value_noise,3,0.07688846630878317,100000
nyc_taxi,6,dimension_drift|missing_measures|value_noise,dimension_drift|missing_measures|value_noise,3,0.14118690099920955,100000
nyc_taxi,6,duplicate_facts|missing_measures|value_noise,duplicate_facts|missing_measures|value_noise,3,0.0473251103571224,100000
nyc_taxi,6,missing_measures|orphan_foreign_keys|stale_timestamps,missing_measures|orphan_foreign_keys|stale_timestamps,3,0.12138765768294404,100000
nyc_taxi,6,dimension_drift|missing_measures|orphan_foreign_keys,dimension_drift|missing_measures|orphan_foreign_keys,3,0.17184308602646867,100000
nyc_taxi,6,duplicate_facts|missing_measures|orphan_foreign_keys,duplicate_facts|missing_measures|orphan_foreign_keys,3,0.04376926968733555,100000
nyc_taxi,6,dimension_drift|missing_measures|stale_timestamps,dimension_drift|missing_measures|stale_timestamps,3,0.20873408803907376,100000
nyc_taxi,6,duplicate_facts|missing_measures|stale_timestamps,duplicate_facts|missing_measures|stale_timestamps,3,0.06993128669499718,100000
nyc_taxi,6,dimension_drift|duplicate_facts|missing_measures,dimension_drift|duplicate_facts|missing_measures,3,0.13409311340311564,100000
nyc_taxi,6,orphan_foreign_keys|stale_timestamps|value_noise,orphan_foreign_keys|stale_timestamps|value_noise,3,0.06905797833874903,100000
nyc_taxi,6,dimension_drift|orphan_foreign_keys|value_noise,dimension_drift|orphan_foreign_keys|value_noise,3,0.14626419383617692,100000
nyc_taxi,6,duplicate_facts|orphan_foreign_keys|value_noise,duplicate_facts|orphan_foreign_keys|value_noise,3,0.10079024670219275,100000
nyc_taxi,6,dimension_drift|stale_timestamps|value_noise,dimension_drift|stale_timestamps|value_noise,3,0.16332437664755284,100000
nyc_taxi,6,duplicate_facts|stale_timestamps|value_noise,duplicate_facts|stale_timestamps|value_noise,3,0.10523288214595075,100000
nyc_taxi,6,dimension_drift|duplicate_facts|value_noise,dimension_drift|duplicate_facts|value_noise,3,0.20209654633769863,100000
nyc_taxi,6,dimension_drift|orphan_foreign_keys|stale_timestamps,dimension_drift|orphan_foreign_keys|stale_timestamps,3,0.17577591383162255,100000
nyc_taxi,6,duplicate_facts|orphan_foreign_keys|stale_timestamps,duplicate_facts|orphan_foreign_keys|stale_timestamps,3,0.0710742292379088,100000
nyc_taxi,6,dimension_drift|duplicate_facts|orphan_foreign_keys,dimension_drift|duplicate_facts|orphan_foreign_keys,3,0.166064351358832,100000
nyc_taxi,6,dimension_drift|duplicate_facts|stale_timestamps,dimension_drift|duplicate_facts|stale_timestamps,3,0.1667145611417054,100000
nyc_taxi,6,missing_measures|orphan_foreign_keys|stale_timestamps|value_noise,missing_measures|orphan_foreign_keys|stale_timestamps|value_noise,4,0.09954651010687861,100000
nyc_taxi,6,dimension_drift|missing_measures|orphan_foreign_keys|value_noise,dimension_drift|missing_measures|orphan_foreign_keys|value_noise,4,0.14778290059241683,100000
nyc_taxi,6,duplicate_facts|missing_measures|orphan_foreign_keys|value_noise,duplicate_facts|missing_measures|orphan_foreign_keys|value_noise,4,0.055929768146663755,100000
nyc_taxi,6,dimension_drift|missing_measures|stale_timestamps|value_noise,dimension_drift|missing_measures|stale_timestamps|value_noise,4,0.19010053311061986,100000
nyc_taxi,6,duplicate_facts|missing_measures|stale_timestamps|value_noise,duplicate_facts|missing_measures|stale_timestamps|value_noise,4,0.07451796968574134,100000
nyc_taxi,6,dimension_drift|duplicate_facts|missing_measures|value_noise,dimension_drift|duplicate_facts|missing_measures|value_noise,4,0.15302511016751813,100000
nyc_taxi,6,dimension_drift|missing_measures|orphan_foreign_keys|stale_timestamps,dimension_drift|missing_measures|orphan_foreign_keys|stale_timestamps,4,0.21757462937416355,100000
nyc_taxi,6,duplicate_facts|missing_measures|orphan_foreign_keys|stale_timestamps,duplicate_facts|missing_measures|orphan_foreign_keys|stale_timestamps,4,0.09364915575589172,100000
nyc_taxi,6,dimension_drift|duplicate_facts|missing_measures|orphan_foreign_keys,dimension_drift|duplicate_facts|missing_measures|orphan_foreign_keys,4,0.14240540456954356,100000
nyc_taxi,6,dimension_drift|duplicate_facts|missing_measures|stale_timestamps,dimension_drift|duplicate_facts|missing_measures|stale_timestamps,4,0.18397299947167178,100000
nyc_taxi,6,dimension_drift|orphan_foreign_keys|stale_timestamps|value_noise,dimension_drift|orphan_foreign_keys|stale_timestamps|value_noise,4,0.16799447986579144,100000
nyc_taxi,6,duplicate_facts|orphan_foreign_keys|stale_timestamps|value_noise,duplicate_facts|orphan_foreign_keys|stale_timestamps|value_noise,4,0.10079024670219264,100000
nyc_taxi,6,dimension_drift|duplicate_facts|orphan_foreign_keys|value_noise,dimension_drift|duplicate_facts|orphan_foreign_keys|value_noise,4,0.19274594605814108,100000
nyc_taxi,6,dimension_drift|duplicate_facts|stale_timestamps|value_noise,dimension_drift|duplicate_facts|stale_timestamps|value_noise,4,0.20209654633769852,100000
nyc_taxi,6,dimension_drift|duplicate_facts|orphan_foreign_keys|stale_timestamps,dimension_drift|duplicate_facts|orphan_foreign_keys|stale_timestamps,4,0.17149490271563822,100000
nyc_taxi,6,dimension_drift|missing_measures|orphan_foreign_keys|stale_timestamps|value_noise,dimension_drift|missing_measures|orphan_foreign_keys|stale_timestamps|value_noise,5,0.19669653270382714,100000
nyc_taxi,6,duplicate_facts|missing_measures|orphan_foreign_keys|stale_timestamps|value_noise,duplicate_facts|missing_measures|orphan_foreign_keys|stale_timestamps|value_noise,5,0.08312262747528269,100000
nyc_taxi,6,dimension_drift|duplicate_facts|missing_measures|orphan_foreign_keys|value_noise,dimension_drift|duplicate_facts|missing_measures|orphan_foreign_keys|value_noise,5,0.15562603274181058,100000
nyc_taxi,6,dimension_drift|duplicate_facts|missing_measures|stale_timestamps|value_noise,dimension_drift|duplicate_facts|missing_measures|stale_timestamps|value_noise,5,0.18021796949613705,100000
nyc_taxi,6,dimension_drift|duplicate_facts|missing_measures|orphan_foreign_keys|stale_timestamps,dimension_drift|duplicate_facts|missing_measures|orphan_foreign_keys|stale_timestamps,5,0.19228529063809974,100000
nyc_taxi,6,dimension_drift|duplicate_facts|orphan_foreign_keys|stale_timestamps|value_noise,dimension_drift|duplicate_facts|orphan_foreign_keys|stale_timestamps|value_noise,5,0.19274594605814094,100000
nyc_taxi,6,dimension_drift|duplicate_facts|missing_measures|orphan_foreign_keys|stale_timestamps|value_noise,dimension_drift|duplicate_facts|missing_measures|orphan_foreign_keys|stale_timestamps|value_noise,6,0.1828188920704295,100000
nyc_taxi,7,EMPTY,EMPTY,0,0.0,100000
nyc_taxi,7,missing_measures,missing_measures,1,0.05327844955665675,100000
nyc_taxi,7,value_noise,value_noise,1,0.0380631391068178,100000
nyc_taxi,7,orphan_foreign_keys,orphan_foreign_keys,1,0.04192259154541224,100000
nyc_taxi,7,stale_timestamps,stale_timestamps,1,0.04957883821875887,100000
nyc_taxi,7,dimension_drift,dimension_drift,1,0.11836101382557794,100000
nyc_taxi,7,duplicate_facts,duplicate_facts,1,0.11678739210653555,100000
nyc_taxi,7,missing_measures|value_noise,missing_measures|value_noise,2,0.028618292462457208,100000
nyc_taxi,7,missing_measures|orphan_foreign_keys,missing_measures|orphan_foreign_keys,2,0.09033555791843725,100000
nyc_taxi,7,missing_measures|stale_timestamps,missing_measures|stale_timestamps,2,0.09797832491450711,100000
nyc_taxi,7,dimension_drift|missing_measures,dimension_drift|missing_measures,2,0.16613559288768023,100000
nyc_taxi,7,duplicate_facts|missing_measures,duplicate_facts|missing_measures,2,0.07561774452238541,100000
nyc_taxi,7,orphan_foreign_keys|value_noise,orphan_foreign_keys|value_noise,2,0.0639482753426414,100000
nyc_taxi,7,stale_timestamps|value_noise,stale_timestamps|value_noise,2,0.05866698074107558,100000
nyc_taxi,7,dimension_drift|value_noise,dimension_drift|value_noise,2,0.149967764279464,100000
nyc_taxi,7,duplicate_facts|value_noise,duplicate_facts|value_noise,2,0.15818260075525215,100000
nyc_taxi,7,orphan_foreign_keys|stale_timestamps,orphan_foreign_keys|stale_timestamps,2,0.09150142976417111,100000
nyc_taxi,7,dimension_drift|orphan_foreign_keys,dimension_drift|orphan_foreign_keys,2,0.13416979604794893,100000
nyc_taxi,7,duplicate_facts|orphan_foreign_keys,duplicate_facts|orphan_foreign_keys,2,0.14087817276795758,100000
nyc_taxi,7,dimension_drift|stale_timestamps,dimension_drift|stale_timestamps,2,0.16793985204433684,100000
nyc_taxi,7,duplicate_facts|stale_timestamps,duplicate_facts|stale_timestamps,2,0.12201749731765574,100000
nyc_taxi,7,dimension_drift|duplicate_facts,dimension_drift|duplicate_facts,2,0.17154888989531414,100000
nyc_taxi,7,missing_measures|orphan_foreign_keys|value_noise,missing_measures|orphan_foreign_keys|value_noise,3,0.06542600543870586,100000
nyc_taxi,7,missing_measures|stale_timestamps|value_noise,missing_measures|stale_timestamps|value_noise,3,0.07668824264956745,100000
nyc_taxi,7,dimension_drift|missing_measures|value_noise,dimension_drift|missing_measures|value_noise,3,0.1438893160507534,100000
nyc_taxi,7,duplicate_facts|missing_measures|value_noise,duplicate_facts|missing_measures|value_noise,3,0.10386069952396612,100000
nyc_taxi,7,missing_measures|orphan_foreign_keys|stale_timestamps,missing_measures|orphan_foreign_keys|stale_timestamps,3,0.13503543327628764,100000
nyc_taxi,7,dimension_drift|missing_measures|orphan_foreign_keys,dimension_drift|missing_measures|orphan_foreign_keys,3,0.1824639585825107,100000
nyc_taxi,7,duplicate_facts|missing_measures|orphan_foreign_keys,duplicate_facts|missing_measures|orphan_foreign_keys,3,0.12001293585888022,100000
nyc_taxi,7,dimension_drift|missing_measures|stale_timestamps,dimension_drift|missing_measures|stale_timestamps,3,0.2108354682455306,100000
nyc_taxi,7,duplicate_facts|missing_measures|stale_timestamps,duplicate_facts|missing_measures|stale_timestamps,3,0.12441390728019924,100000
nyc_taxi,7,dimension_drift|duplicate_facts|missing_measures,dimension_drift|duplicate_facts|missing_measures,3,0.13572608592477894,100000
nyc_taxi,7,orphan_foreign_keys|stale_timestamps|value_noise,orphan_foreign_keys|stale_timestamps|value_noise,3,0.08455211697689918,100000
nyc_taxi,7,dimension_drift|orphan_foreign_keys|value_noise,dimension_drift|orphan_foreign_keys|value_noise,3,0.15855288211669571,100000
nyc_taxi,7,duplicate_facts|orphan_foreign_keys|value_noise,duplicate_facts|orphan_foreign_keys|value_noise,3,0.1778968661278742,100000
nyc_taxi,7,dimension_drift|stale_timestamps|value_noise,dimension_drift|stale_timestamps|value_noise,3,0.1705716059137218,100000
nyc_taxi,7,duplicate_facts|stale_timestamps|value_noise,duplicate_facts|stale_timestamps|value_noise,3,0.1581826007552516,100000
nyc_taxi,7,dimension_drift|duplicate_facts|value_noise,dimension_drift|duplicate_facts|value_noise,3,0.2123982130316448,100000
nyc_taxi,7,dimension_drift|orphan_foreign_keys|stale_timestamps,dimension_drift|orphan_foreign_keys|stale_timestamps,3,0.18374863426670782,100000
nyc_taxi,7,duplicate_facts|orphan_foreign_keys|stale_timestamps,duplicate_facts|orphan_foreign_keys|stale_timestamps,3,0.14610827797907777,100000
nyc_taxi,7,dimension_drift|duplicate_facts|orphan_foreign_keys,dimension_drift|duplicate_facts|orphan_foreign_keys,3,0.17321907853491028,100000
nyc_taxi,7,dimension_drift|duplicate_facts|stale_timestamps,dimension_drift|duplicate_facts|stale_timestamps,3,0.17677899510643436,100000
nyc_taxi,7,missing_measures|orphan_foreign_keys|stale_timestamps|value_noise,missing_measures|orphan_foreign_keys|stale_timestamps|value_noise,4,0.1134959556258161,100000
nyc_taxi,7,dimension_drift|missing_measures|orphan_foreign_keys|value_noise,dimension_drift|missing_measures|orphan_foreign_keys|value_noise,4,0.15760418806397217,100000
nyc_taxi,7,duplicate_facts|missing_measures|orphan_foreign_keys|value_noise,duplicate_facts|missing_measures|orphan_foreign_keys|value_noise,4,0.1342815898247719,100000
nyc_taxi,7,dimension_drift|missing_measures|stale_timestamps|value_noise,dimension_drift|missing_measures|stale_timestamps|value_noise,4,0.19195926623786363,100000
nyc_taxi,7,duplicate_facts|missing_measures|stale_timestamps|value_noise,duplicate_facts|missing_measures|stale_timestamps|value_noise,4,0.12855508019636924,100000
nyc_taxi,7,dimension_drift|duplicate_facts|missing_measures|value_noise,dimension_drift|duplicate_facts|missing_measures|value_noise,4,0.1582592425145212,100000
nyc_taxi,7,dimension_drift|missing_measures|orphan_foreign_keys|stale_timestamps,dimension_drift|missing_measures|orphan_foreign_keys|stale_timestamps,4,0.22716383394036105,100000
nyc_taxi,7,duplicate_facts|missing_measures|orphan_foreign_keys|stale_timestamps,duplicate_facts|missing_measures|orphan_foreign_keys|stale_timestamps,4,0.16880909861669405,100000
nyc_taxi,7,dimension_drift|duplicate_facts|missing_measures|orphan_foreign_keys,dimension_drift|duplicate_facts|missing_measures|orphan_foreign_keys,4,0.14761022624640446,100000
nyc_taxi,7,dimension_drift|duplicate_facts|missing_measures|stale_timestamps,dimension_drift|duplicate_facts|missing_measures|stale_timestamps,4,0.1845222486825928,100000
nyc_taxi,7,dimension_drift|orphan_foreign_keys|stale_timestamps|value_noise,dimension_drift|orphan_foreign_keys|stale_timestamps|value_noise,4,0.1791567237509535,100000
nyc_taxi,7,duplicate_facts|orphan_foreign_keys|stale_timestamps|value_noise,duplicate_facts|orphan_foreign_keys|stale_timestamps|value_noise,4,0.17789686612787364,100000
nyc_taxi,7,dimension_drift|duplicate_facts|orphan_foreign_keys|value_noise,dimension_drift|duplicate_facts|orphan_foreign_keys|value_noise,4,0.20461314569214517,100000
nyc_taxi,7,dimension_drift|duplicate_facts|stale_timestamps|value_noise,dimension_drift|duplicate_facts|stale_timestamps|value_noise,4,0.21239821303164425,100000
nyc_taxi,7,dimension_drift|duplicate_facts|orphan_foreign_keys|stale_timestamps,dimension_drift|duplicate_facts|orphan_foreign_keys|stale_timestamps,4,0.17844918374603047,100000
nyc_taxi,7,dimension_drift|missing_measures|orphan_foreign_keys|stale_timestamps|value_noise,dimension_drift|missing_measures|orphan_foreign_keys|stale_timestamps|value_noise,5,0.20567413825108244,100000
nyc_taxi,7,duplicate_facts|missing_measures|orphan_foreign_keys|stale_timestamps|value_noise,duplicate_facts|missing_measures|orphan_foreign_keys|stale_timestamps|value_noise,5,0.158975970497175,100000
nyc_taxi,7,dimension_drift|duplicate_facts|missing_measures|orphan_foreign_keys|value_noise,dimension_drift|duplicate_facts|missing_measures|orphan_foreign_keys|value_noise,5,0.16360669641527614,100000
nyc_taxi,7,dimension_drift|duplicate_facts|missing_measures|stale_timestamps|value_noise,dimension_drift|duplicate_facts|missing_measures|stale_timestamps|value_noise,5,0.18295362318692432,100000
nyc_taxi,7,dimension_drift|duplicate_facts|missing_measures|orphan_foreign_keys|stale_timestamps,dimension_drift|duplicate_facts|missing_measures|orphan_foreign_keys|stale_timestamps,5,0.1964063890042183,100000
nyc_taxi,7,dimension_drift|duplicate_facts|orphan_foreign_keys|stale_timestamps|value_noise,dimension_drift|duplicate_facts|orphan_foreign_keys|stale_timestamps|value_noise,5,0.20461314569214462,100000
nyc_taxi,7,dimension_drift|duplicate_facts|missing_measures|orphan_foreign_keys|stale_timestamps|value_noise,dimension_drift|duplicate_facts|missing_measures|orphan_foreign_keys|stale_timestamps|value_noise,6,0.1883010770876792,100000
nyc_taxi,8,EMPTY,EMPTY,0,0.0,100000
nyc_taxi,8,missing_measures,missing_measures,1,0.0516184231443354,100000
nyc_taxi,8,value_noise,value_noise,1,0.034216158178164875,100000
nyc_taxi,8,orphan_foreign_keys,orphan_foreign_keys,1,0.09746866691268224,100000
nyc_taxi,8,stale_timestamps,stale_timestamps,1,0.05015433855094652,100000
nyc_taxi,8,dimension_drift,dimension_drift,1,0.11036904441957654,100000
nyc_taxi,8,duplicate_facts,duplicate_facts,1,0.12937715890271595,100000
nyc_taxi,8,missing_measures|value_noise,missing_measures|value_noise,2,0.028985956748280643,100000
nyc_taxi,8,missing_measures|orphan_foreign_keys,missing_measures|orphan_foreign_keys,2,0.14787677272312794,100000
nyc_taxi,8,missing_measures|stale_timestamps,missing_measures|stale_timestamps,2,0.09685585700599472,100000
nyc_taxi,8,dimension_drift|missing_measures,dimension_drift|missing_measures,2,0.156192637415403,100000
nyc_taxi,8,duplicate_facts|missing_measures,duplicate_facts|missing_measures,2,0.08682299029085598,100000
nyc_taxi,8,orphan_foreign_keys|value_noise,orphan_foreign_keys|value_noise,2,0.11758401473918476,100000
nyc_taxi,8,stale_timestamps|value_noise,stale_timestamps|value_noise,2,0.057493607439282,100000
nyc_taxi,8,dimension_drift|value_noise,dimension_drift|value_noise,2,0.13607843511258283,100000
nyc_taxi,8,duplicate_facts|value_noise,duplicate_facts|value_noise,2,0.1662137608307684,100000
nyc_taxi,8,orphan_foreign_keys|stale_timestamps,orphan_foreign_keys|stale_timestamps,2,0.14762300546362875,100000
nyc_taxi,8,dimension_drift|orphan_foreign_keys,dimension_drift|orphan_foreign_keys,2,0.12414834874765353,100000
nyc_taxi,8,duplicate_facts|orphan_foreign_keys,duplicate_facts|orphan_foreign_keys,2,0.13607611500828481,100000
nyc_taxi,8,dimension_drift|stale_timestamps,dimension_drift|stale_timestamps,2,0.16052338297052304,100000
nyc_taxi,8,duplicate_facts|stale_timestamps,duplicate_facts|stale_timestamps,2,0.13514705217515233,100000
nyc_taxi,8,dimension_drift|duplicate_facts,dimension_drift|duplicate_facts,2,0.16162081761253994,100000
nyc_taxi,8,missing_measures|orphan_foreign_keys|value_noise,missing_measures|orphan_foreign_keys|value_noise,3,0.12605216537466793,100000
nyc_taxi,8,missing_measures|stale_timestamps|value_noise,missing_measures|stale_timestamps|value_noise,3,0.07708122843557821,100000
nyc_taxi,8,dimension_drift|missing_measures|value_noise,dimension_drift|missing_measures|value_noise,3,0.13703717560472156,100000
nyc_taxi,8,duplicate_facts|missing_measures|value_noise,duplicate_facts|missing_measures|value_noise,3,0.10965864588566679,100000
nyc_taxi,8,missing_measures|orphan_foreign_keys|stale_timestamps,missing_measures|orphan_foreign_keys|stale_timestamps,3,0.19311420658478728,100000
nyc_taxi,8,dimension_drift|missing_measures|orphan_foreign_keys,dimension_drift|missing_measures|orphan_foreign_keys,3,0.17249711988070965,100000
nyc_taxi,8,duplicate_facts|missing_measures|orphan_foreign_keys,duplicate_facts|missing_measures|orphan_foreign_keys,3,0.11700667103019811,100000
nyc_taxi,8,dimension_drift|missing_measures|stale_timestamps,dimension_drift|missing_measures|stale_timestamps,3,0.20143007127706236,100000
nyc_taxi,8,duplicate_facts|missing_measures|stale_timestamps,duplicate_facts|missing_measures|stale_timestamps,3,0.13636941498568447,100000
nyc_taxi,8,dimension_drift|duplicate_facts|missing_measures,dimension_drift|duplicate_facts|missing_measures,3,0.12712199324042406,100000
nyc_taxi,8,orphan_foreign_keys|stale_timestamps|value_noise,orphan_foreign_keys|stale_timestamps|value_noise,3,0.14086146400030186,100000
nyc_taxi,8,dimension_drift|orphan_foreign_keys|value_noise,dimension_drift|orphan_foreign_keys|value_noise,3,0.1479056710637928,100000
nyc_taxi,8,duplicate_facts|orphan_foreign_keys|value_noise,duplicate_facts|orphan_foreign_keys|value_noise,3,0.17021813634056424,100000
nyc_taxi,8,dimension_drift|stale_timestamps|value_noise,dimension_drift|stale_timestamps|value_noise,3,0.15935588437369996,100000
nyc_taxi,8,duplicate_facts|stale_timestamps|value_noise,duplicate_facts|stale_timestamps|value_noise,3,0.16621376083076822,100000
nyc_taxi,8,dimension_drift|duplicate_facts|value_noise,dimension_drift|duplicate_facts|value_noise,3,0.19845576801171688,100000
nyc_taxi,8,dimension_drift|orphan_foreign_keys|stale_timestamps,dimension_drift|orphan_foreign_keys|stale_timestamps,3,0.17430268729860002,100000
nyc_taxi,8,duplicate_facts|orphan_foreign_keys|stale_timestamps,duplicate_facts|orphan_foreign_keys|stale_timestamps,3,0.14184600828072116,100000
nyc_taxi,8,dimension_drift|duplicate_facts|orphan_foreign_keys,dimension_drift|duplicate_facts|orphan_foreign_keys,3,0.16719143023262642,100000
nyc_taxi,8,dimension_drift|duplicate_facts|stale_timestamps,dimension_drift|duplicate_facts|stale_timestamps,3,0.16739071088497628,100000
nyc_taxi,8,missing_measures|orphan_foreign_keys|stale_timestamps|value_noise,missing_measures|orphan_foreign_keys|stale_timestamps|value_noise,4,0.1741474370619655,100000
nyc_taxi,8,dimension_drift|missing_measures|orphan_foreign_keys|value_noise,dimension_drift|missing_measures|orphan_foreign_keys|value_noise,4,0.1509118005493404,100000
nyc_taxi,8,duplicate_facts|missing_measures|orphan_foreign_keys|value_noise,duplicate_facts|missing_measures|orphan_foreign_keys|value_noise,4,0.12861870418137258,100000
nyc_taxi,8,dimension_drift|missing_measures|stale_timestamps|value_noise,dimension_drift|missing_measures|stale_timestamps|value_noise,4,0.18513244729201914,100000
nyc_taxi,8,duplicate_facts|missing_measures|stale_timestamps|value_noise,duplicate_facts|missing_measures|stale_timestamps|value_noise,4,0.13882726550579977,100000
nyc_taxi,8,dimension_drift|duplicate_facts|missing_measures|value_noise,dimension_drift|duplicate_facts|missing_measures|value_noise,4,0.14198808705211885,100000
nyc_taxi,8,dimension_drift|missing_measures|orphan_foreign_keys|stale_timestamps,dimension_drift|missing_measures|orphan_foreign_keys|stale_timestamps,4,0.21773455374236897,100000
nyc_taxi,8,duplicate_facts|missing_measures|orphan_foreign_keys|stale_timestamps,duplicate_facts|missing_measures|orphan_foreign_keys|stale_timestamps,4,0.1665530957250266,100000
nyc_taxi,8,dimension_drift|duplicate_facts|missing_measures|orphan_foreign_keys,dimension_drift|duplicate_facts|missing_measures|orphan_foreign_keys,4,0.1424645191151746,100000
nyc_taxi,8,dimension_drift|duplicate_facts|missing_measures|stale_timestamps,dimension_drift|duplicate_facts|missing_measures|stale_timestamps,4,0.17666841793525256,100000
nyc_taxi,8,dimension_drift|orphan_foreign_keys|stale_timestamps|value_noise,dimension_drift|orphan_foreign_keys|stale_timestamps|value_noise,4,0.17118312032490993,100000
nyc_taxi,8,duplicate_facts|orphan_foreign_keys|stale_timestamps|value_noise,duplicate_facts|orphan_foreign_keys|stale_timestamps|value_noise,4,0.1702181363405641,100000
nyc_taxi,8,dimension_drift|duplicate_facts|orphan_foreign_keys|value_noise,dimension_drift|duplicate_facts|orphan_foreign_keys|value_noise,4,0.19321564444735215,100000
nyc_taxi,8,dimension_drift|duplicate_facts|stale_timestamps|value_noise,dimension_drift|duplicate_facts|stale_timestamps|value_noise,4,0.19845576801171672,100000
nyc_taxi,8,dimension_drift|duplicate_facts|orphan_foreign_keys|stale_timestamps,dimension_drift|duplicate_facts|orphan_foreign_keys|stale_timestamps,4,0.17296132350506283,100000
nyc_taxi,8,dimension_drift|missing_measures|orphan_foreign_keys|stale_timestamps|value_noise,dimension_drift|missing_measures|orphan_foreign_keys|stale_timestamps|value_noise,5,0.19900707223663794,100000
nyc_taxi,8,duplicate_facts|missing_measures|orphan_foreign_keys|stale_timestamps|value_noise,duplicate_facts|missing_measures|orphan_foreign_keys|stale_timestamps|value_noise,5,0.15778732380150556,100000
nyc_taxi,8,dimension_drift|duplicate_facts|missing_measures|orphan_foreign_keys|value_noise,dimension_drift|duplicate_facts|missing_measures|orphan_foreign_keys|value_noise,5,0.15768924641761128,100000
nyc_taxi,8,dimension_drift|duplicate_facts|missing_measures|stale_timestamps|value_noise,dimension_drift|duplicate_facts|missing_measures|stale_timestamps|value_noise,5,0.17115670667225183,100000
nyc_taxi,8,dimension_drift|duplicate_facts|missing_measures|orphan_foreign_keys|stale_timestamps,dimension_drift|duplicate_facts|missing_measures|orphan_foreign_keys|stale_timestamps,5,0.19201094381000305,100000
nyc_taxi,8,dimension_drift|duplicate_facts|orphan_foreign_keys|stale_timestamps|value_noise,dimension_drift|duplicate_facts|orphan_foreign_keys|stale_timestamps|value_noise,5,0.19321564444735198,100000
nyc_taxi,8,dimension_drift|duplicate_facts|missing_measures|orphan_foreign_keys|stale_timestamps|value_noise,dimension_drift|duplicate_facts|missing_measures|orphan_foreign_keys|stale_timestamps|value_noise,6,0.18685786603774426,100000
nyc_taxi,9,EMPTY,EMPTY,0,0.0,100000
nyc_taxi,9,missing_measures,missing_measures,1,0.05042481331655006,100000
nyc_taxi,9,value_noise,value_noise,1,0.06348647680456826,100000
nyc_taxi,9,orphan_foreign_keys,orphan_foreign_keys,1,0.04279692539980466,100000
nyc_taxi,9,stale_timestamps,stale_timestamps,1,0.049607929001368525,100000
nyc_taxi,9,dimension_drift,dimension_drift,1,0.13456525707597136,100000
nyc_taxi,9,duplicate_facts,duplicate_facts,1,0.1076302472999432,100000
nyc_taxi,9,missing_measures|value_noise,missing_measures|value_noise,2,0.05113564772148223,100000
nyc_taxi,9,missing_measures|orphan_foreign_keys,missing_measures|orphan_foreign_keys,2,0.09144466927830441,100000
nyc_taxi,9,missing_measures|stale_timestamps,missing_measures|stale_timestamps,2,0.09513307518903041,100000
nyc_taxi,9,dimension_drift|missing_measures,dimension_drift|missing_measures,2,0.17840073651500837,100000
nyc_taxi,9,duplicate_facts|missing_measures,duplicate_facts|missing_measures,2,0.06328324529116053,100000
nyc_taxi,9,orphan_foreign_keys|value_noise,orphan_foreign_keys|value_noise,2,0.09341649081475806,100000
nyc_taxi,9,stale_timestamps|value_noise,stale_timestamps|value_noise,2,0.08354823023596689,100000
nyc_taxi,9,dimension_drift|value_noise,dimension_drift|value_noise,2,0.18691388941162645,100000
nyc_taxi,9,duplicate_facts|value_noise,duplicate_facts|value_noise,2,0.16347785331920917,100000
nyc_taxi,9,orphan_foreign_keys|stale_timestamps,orphan_foreign_keys|stale_timestamps,2,0.09240485440117319,100000
nyc_taxi,9,dimension_drift|orphan_foreign_keys,dimension_drift|orphan_foreign_keys,2,0.1449370095755669,100000
nyc_taxi,9,duplicate_facts|orphan_foreign_keys,duplicate_facts|orphan_foreign_keys,2,0.1254169086815291,100000
nyc_taxi,9,dimension_drift|stale_timestamps,dimension_drift|stale_timestamps,2,0.1841731860773399,100000
nyc_taxi,9,duplicate_facts|stale_timestamps,duplicate_facts|stale_timestamps,2,0.11243778178000713,100000
nyc_taxi,9,dimension_drift|duplicate_facts,dimension_drift|duplicate_facts,2,0.1816656140131394,100000
nyc_taxi,9,missing_measures|orphan_foreign_keys|value_noise,missing_measures|orphan_foreign_keys|value_noise,3,0.09618320778465617,100000
nyc_taxi,9,missing_measures|stale_timestamps|value_noise,missing_measures|stale_timestamps|value_noise,3,0.09886735220699056,100000
nyc_taxi,9,dimension_drift|missing_measures|value_noise,dimension_drift|missing_measures|value_noise,3,0.18257504925175422,100000
nyc_taxi,9,duplicate_facts|missing_measures|value_noise,duplicate_facts|missing_measures|value_noise,3,0.10383977431918602,100000
nyc_taxi,9,missing_measures|orphan_foreign_keys|stale_timestamps,missing_measures|orphan_foreign_keys|stale_timestamps,3,0.13615293115078475,100000
nyc_taxi,9,dimension_drift|missing_measures|orphan_foreign_keys,dimension_drift|missing_measures|orphan_foreign_keys,3,0.19204615050382157,100000
nyc_taxi,9,duplicate_facts|missing_measures|orphan_foreign_keys,duplicate_facts|missing_measures|orphan_foreign_keys,3,0.10433378951533968,100000
nyc_taxi,9,dimension_drift|missing_measures|stale_timestamps,dimension_drift|missing_measures|stale_timestamps,3,0.2231089983874887,100000
nyc_taxi,9,duplicate_facts|missing_measures|stale_timestamps,duplicate_facts|missing_measures|stale_timestamps,3,0.11221764637298856,100000
nyc_taxi,9,dimension_drift|duplicate_facts|missing_measures,dimension_drift|duplicate_facts|missing_measures,3,0.15347091249212041,100000
nyc_taxi,9,orphan_foreign_keys|stale_timestamps|value_noise,orphan_foreign_keys|stale_timestamps|value_noise,3,0.11347824424615668,100000
nyc_taxi,9,dimension_drift|orphan_foreign_keys|value_noise,dimension_drift|orphan_foreign_keys|value_noise,3,0.19980088611933144,100000
nyc_taxi,9,duplicate_facts|orphan_foreign_keys|value_noise,duplicate_facts|orphan_foreign_keys|value_noise,3,0.1777352734551026,100000
nyc_taxi,9,dimension_drift|stale_timestamps|value_noise,dimension_drift|stale_timestamps|value_noise,3,0.20697564284302508,100000
nyc_taxi,9,duplicate_facts|stale_timestamps|value_noise,duplicate_facts|stale_timestamps|value_noise,3,0.16347785331921005,100000
nyc_taxi,9,dimension_drift|duplicate_facts|value_noise,dimension_drift|duplicate_facts|value_noise,3,0.23273327524673035,100000
nyc_taxi,9,dimension_drift|orphan_foreign_keys|stale_timestamps,dimension_drift|orphan_foreign_keys|stale_timestamps,3,0.19454493857693542,100000
nyc_taxi,9,duplicate_facts|orphan_foreign_keys|stale_timestamps,duplicate_facts|orphan_foreign_keys|stale_timestamps,3,0.13022444316159304,100000
nyc_taxi,9,dimension_drift|duplicate_facts|orphan_foreign_keys,dimension_drift|duplicate_facts|orphan_foreign_keys,3,0.19009315367670127,100000
nyc_taxi,9,dimension_drift|duplicate_facts|stale_timestamps,dimension_drift|duplicate_facts|stale_timestamps,3,0.18647314849320334,100000
nyc_taxi,9,missing_measures|orphan_foreign_keys|stale_timestamps|value_noise,missing_measures|orphan_foreign_keys|stale_timestamps|value_noise,4,0.1439149122701645,100000
nyc_taxi,9,dimension_drift|missing_measures|orphan_foreign_keys|value_noise,dimension_drift|missing_measures|orphan_foreign_keys|value_noise,4,0.19783795321475442,100000
nyc_taxi,9,duplicate_facts|missing_measures|orphan_foreign_keys|value_noise,duplicate_facts|missing_measures|orphan_foreign_keys|value_noise,4,0.13230819360184215,100000
nyc_taxi,9,dimension_drift|missing_measures|stale_timestamps|value_noise,dimension_drift|missing_measures|stale_timestamps|value_noise,4,0.23030675373726253,100000
nyc_taxi,9,duplicate_facts|missing_measures|stale_timestamps|value_noise,duplicate_facts|missing_measures|stale_timestamps|value_noise,4,0.1294638860077698,100000
nyc_taxi,9,dimension_drift|duplicate_facts|missing_measures|value_noise,dimension_drift|duplicate_facts|missing_measures|value_noise,4,0.18572369310542972,100000
nyc_taxi,9,dimension_drift|missing_measures|orphan_foreign_keys|stale_timestamps,dimension_drift|missing_measures|orphan_foreign_keys|stale_timestamps,4,0.23675441237630193,100000
nyc_taxi,9,duplicate_facts|missing_measures|orphan_foreign_keys|stale_timestamps,duplicate_facts|missing_measures|orphan_foreign_keys|stale_timestamps,4,0.1532681905971677,100000
nyc_taxi,9,dimension_drift|duplicate_facts|missing_measures|orphan_foreign_keys,dimension_drift|duplicate_facts|missing_measures|orphan_foreign_keys,4,0.1628794961548189,100000
nyc_taxi,9,dimension_drift|duplicate_facts|missing_measures|stale_timestamps,dimension_drift|duplicate_facts|missing_measures|stale_timestamps,4,0.20240531357394848,100000
nyc_taxi,9,dimension_drift|orphan_foreign_keys|stale_timestamps|value_noise,dimension_drift|orphan_foreign_keys|stale_timestamps|value_noise,4,0.21986263955073004,100000
nyc_taxi,9,duplicate_facts|orphan_foreign_keys|stale_timestamps|value_noise,duplicate_facts|orphan_foreign_keys|stale_timestamps|value_noise,4,0.17773527345510348,100000
nyc_taxi,9,dimension_drift|duplicate_facts|orphan_foreign_keys|value_noise,dimension_drift|duplicate_facts|orphan_foreign_keys|value_noise,4,0.23388739342626183,100000
nyc_taxi,9,dimension_drift|duplicate_facts|stale_timestamps|value_noise,dimension_drift|duplicate_facts|stale_timestamps|value_noise,4,0.23273327524673126,100000
nyc_taxi,9,dimension_drift|duplicate_facts|orphan_foreign_keys|stale_timestamps,dimension_drift|duplicate_facts|orphan_foreign_keys|stale_timestamps,4,0.19490068815676517,100000
nyc_taxi,9,dimension_drift|missing_measures|orphan_foreign_keys|stale_timestamps|value_noise,dimension_drift|missing_measures|orphan_foreign_keys|stale_timestamps|value_noise,5,0.24556965770026276,100000
nyc_taxi,9,duplicate_facts|missing_measures|orphan_foreign_keys|stale_timestamps|value_noise,duplicate_facts|missing_measures|orphan_foreign_keys|stale_timestamps|value_noise,5,0.15793230529042596,100000
nyc_taxi,9,dimension_drift|duplicate_facts|missing_measures|orphan_foreign_keys|value_noise,dimension_drift|duplicate_facts|missing_measures|orphan_foreign_keys|value_noise,5,0.19398575574587035,100000
nyc_taxi,9,dimension_drift|duplicate_facts|missing_measures|stale_timestamps|value_noise,dimension_drift|duplicate_facts|missing_measures|stale_timestamps|value_noise,5,0.21134780479401352,100000
nyc_taxi,9,dimension_drift|duplicate_facts|missing_measures|orphan_foreign_keys|stale_timestamps,dimension_drift|duplicate_facts|missing_measures|orphan_foreign_keys|stale_timestamps,5,0.21181389723664695,100000
nyc_taxi,9,dimension_drift|duplicate_facts|orphan_foreign_keys|stale_timestamps|value_noise,dimension_drift|duplicate_facts|orphan_foreign_keys|stale_timestamps|value_noise,5,0.23388739342626272,100000
nyc_taxi,9,dimension_drift|duplicate_facts|missing_measures|orphan_foreign_keys|stale_timestamps|value_noise,dimension_drift|duplicate_facts|missing_measures|orphan_foreign_keys|stale_timestamps|value_noise,6,0.21960986743445413,100000
nyc_taxi,10,EMPTY,EMPTY,0,0.0,100000
nyc_taxi,10,missing_measures,missing_measures,1,0.050614744859837274,100000
nyc_taxi,10,value_noise,value_noise,1,0.03769732343421485,100000
nyc_taxi,10,orphan_foreign_keys,orphan_foreign_keys,1,0.03048538191001865,100000
nyc_taxi,10,stale_timestamps,stale_timestamps,1,0.05004176653206399,100000
nyc_taxi,10,dimension_drift,dimension_drift,1,0.11034214129501731,100000
nyc_taxi,10,duplicate_facts,duplicate_facts,1,0.07322933395517774,100000
nyc_taxi,10,missing_measures|value_noise,missing_measures|value_noise,2,0.028846065019519553,100000
nyc_taxi,10,missing_measures|orphan_foreign_keys,missing_measures|orphan_foreign_keys,2,0.07975096131489781,100000
nyc_taxi,10,missing_measures|stale_timestamps,missing_measures|stale_timestamps,2,0.09578320736485153,100000
nyc_taxi,10,dimension_drift|missing_measures,dimension_drift|missing_measures,2,0.15467681484203027,100000
nyc_taxi,10,duplicate_facts|missing_measures,duplicate_facts|missing_measures,2,0.027755948990013747,100000
nyc_taxi,10,orphan_foreign_keys|value_noise,orphan_foreign_keys|value_noise,2,0.053949369726323394,100000
nyc_taxi,10,stale_timestamps|value_noise,stale_timestamps|value_noise,2,0.060149906265318416,100000
nyc_taxi,10,dimension_drift|value_noise,dimension_drift|value_noise,2,0.13822497823269136,100000
nyc_taxi,10,duplicate_facts|value_noise,duplicate_facts|value_noise,2,0.1130959486931645,100000
nyc_taxi,10,orphan_foreign_keys|stale_timestamps,orphan_foreign_keys|stale_timestamps,2,0.08052714844208264,100000
nyc_taxi,10,dimension_drift|orphan_foreign_keys,dimension_drift|orphan_foreign_keys,2,0.12334892153145433,100000
nyc_taxi,10,duplicate_facts|orphan_foreign_keys,duplicate_facts|orphan_foreign_keys,2,0.058666139477320786,100000
nyc_taxi,10,dimension_drift|stale_timestamps,dimension_drift|stale_timestamps,2,0.1603839078270813,100000
nyc_taxi,10,duplicate_facts|stale_timestamps,duplicate_facts|stale_timestamps,2,0.07813751044990613,100000
nyc_taxi,10,dimension_drift|duplicate_facts,dimension_drift|duplicate_facts,2,0.16542560076300333,100000
nyc_taxi,10,missing_measures|orphan_foreign_keys|value_noise,missing_measures|orphan_foreign_keys|value_noise,3,0.05993748977379271,100000
nyc_taxi,10,missing_measures|stale_timestamps|value_noise,missing_measures|stale_timestamps|value_noise,3,0.07685916460156551,100000
nyc_taxi,10,dimension_drift|missing_measures|value_noise,dimension_drift|missing_measures|value_noise,3,0.1363053732900317,100000
nyc_taxi,10,duplicate_facts|missing_measures|value_noise,duplicate_facts|missing_measures|value_noise,3,0.05393994214827107,100000
nyc_taxi,10,missing_measures|orphan_foreign_keys|stale_timestamps,missing_measures|orphan_foreign_keys|stale_timestamps,3,0.12491942381991208,100000
nyc_taxi,10,dimension_drift|missing_measures|orphan_foreign_keys,dimension_drift|missing_measures|orphan_foreign_keys,3,0.16981241360213764,100000
nyc_taxi,10,duplicate_facts|missing_measures|orphan_foreign_keys,duplicate_facts|missing_measures|orphan_foreign_keys,3,0.03759395233734623,100000
nyc_taxi,10,dimension_drift|missing_measures|stale_timestamps,dimension_drift|missing_measures|stale_timestamps,3,0.19984527734704455,100000
nyc_taxi,10,duplicate_facts|missing_measures|stale_timestamps,duplicate_facts|missing_measures|stale_timestamps,3,0.07727205918900834,100000
nyc_taxi,10,dimension_drift|duplicate_facts|missing_measures,dimension_drift|duplicate_facts|missing_measures,3,0.12937425383453238,100000
nyc_taxi,10,orphan_foreign_keys|stale_timestamps|value_noise,orphan_foreign_keys|stale_timestamps|value_noise,3,0.07640195255742696,100000
nyc_taxi,10,dimension_drift|orphan_foreign_keys|value_noise,dimension_drift|orphan_foreign_keys|value_noise,3,0.15016851041853266,100000
nyc_taxi,10,duplicate_facts|orphan_foreign_keys|value_noise,duplicate_facts|orphan_foreign_keys|value_noise,3,0.09621514060305596,100000
nyc_taxi,10,dimension_drift|stale_timestamps|value_noise,dimension_drift|stale_timestamps|value_noise,3,0.16067756106379494,100000
nyc_taxi,10,duplicate_facts|stale_timestamps|value_noise,duplicate_facts|stale_timestamps|value_noise,3,0.11309594869316458,100000
nyc_taxi,10,dimension_drift|duplicate_facts|value_noise,dimension_drift|duplicate_facts|value_noise,3,0.20516201379413407,100000
nyc_taxi,10,dimension_drift|orphan_foreign_keys|stale_timestamps,dimension_drift|orphan_foreign_keys|stale_timestamps,3,0.17339068806351832,100000
nyc_taxi,10,duplicate_facts|orphan_foreign_keys|stale_timestamps,duplicate_facts|orphan_foreign_keys|stale_timestamps,3,0.06357431597204918,100000
nyc_taxi,10,dimension_drift|duplicate_facts|orphan_foreign_keys,dimension_drift|duplicate_facts|orphan_foreign_keys,3,0.16778097668890085,100000
nyc_taxi,10,dimension_drift|duplicate_facts|stale_timestamps,dimension_drift|duplicate_facts|stale_timestamps,3,0.17033377725773172,100000
nyc_taxi,10,missing_measures|orphan_foreign_keys|stale_timestamps|value_noise,missing_measures|orphan_foreign_keys|stale_timestamps|value_noise,4,0.10795058935583868,100000
nyc_taxi,10,dimension_drift|missing_measures|orphan_foreign_keys|value_noise,dimension_drift|missing_measures|orphan_foreign_keys|value_noise,4,0.15022329834257264,100000
nyc_taxi,10,duplicate_facts|missing_measures|orphan_foreign_keys|value_noise,duplicate_facts|missing_measures|orphan_foreign_keys|value_noise,4,0.053453969557623285,100000
nyc_taxi,10,dimension_drift|missing_measures|stale_timestamps|value_noise,dimension_drift|missing_measures|stale_timestamps|value_noise,4,0.18431847287207767,100000
nyc_taxi,10,duplicate_facts|missing_measures|stale_timestamps|value_noise,duplicate_facts|missing_measures|stale_timestamps|value_noise,4,0.08089622481260841,100000
nyc_taxi,10,dimension_drift|duplicate_facts|missing_measures|value_noise,dimension_drift|duplicate_facts|missing_measures|value_noise,4,0.14653843479577844,100000
nyc_taxi,10,dimension_drift|missing_measures|orphan_foreign_keys|stale_timestamps,dimension_drift|missing_measures|orphan_foreign_keys|stale_timestamps,4,0.21498087610715189,100000
nyc_taxi,10,duplicate_facts|missing_measures|orphan_foreign_keys|stale_timestamps,duplicate_facts|missing_measures|orphan_foreign_keys|stale_timestamps,4,0.08711006253634082,100000
nyc_taxi,10,dimension_drift|duplicate_facts|missing_measures|orphan_foreign_keys,dimension_drift|duplicate_facts|missing_measures|orphan_foreign_keys,4,0.14047772723090307,100000
nyc_taxi,10,dimension_drift|duplicate_facts|missing_measures|stale_timestamps,dimension_drift|duplicate_facts|missing_measures|stale_timestamps,4,0.17889036403352698,100000
nyc_taxi,10,dimension_drift|orphan_foreign_keys|stale_timestamps|value_noise,dimension_drift|orphan_foreign_keys|stale_timestamps|value_noise,4,0.17262109324963623,100000
nyc_taxi,10,duplicate_facts|orphan_foreign_keys|stale_timestamps|value_noise,duplicate_facts|orphan_foreign_keys|stale_timestamps|value_noise,4,0.09621514060305605,100000
nyc_taxi,10,dimension_drift|duplicate_facts|orphan_foreign_keys|value_noise,dimension_drift|duplicate_facts|orphan_foreign_keys|value_noise,4,0.19627025092143444,100000
nyc_taxi,10,dimension_drift|duplicate_facts|stale_timestamps|value_noise,dimension_drift|duplicate_facts|stale_timestamps|value_noise,4,0.20516201379413412,100000
nyc_taxi,10,dimension_drift|duplicate_facts|orphan_foreign_keys|stale_timestamps,dimension_drift|duplicate_facts|orphan_foreign_keys|stale_timestamps,4,0.17268915318362926,100000
nyc_taxi,10,dimension_drift|missing_measures|orphan_foreign_keys|stale_timestamps|value_noise,dimension_drift|missing_measures|orphan_foreign_keys|stale_timestamps|value_noise,5,0.1982363979246186,100000
nyc_taxi,10,duplicate_facts|missing_measures|orphan_foreign_keys|stale_timestamps|value_noise,duplicate_facts|missing_measures|orphan_foreign_keys|stale_timestamps|value_noise,5,0.08041025222196063,100000
nyc_taxi,10,dimension_drift|duplicate_facts|missing_measures|orphan_foreign_keys|value_noise,dimension_drift|duplicate_facts|missing_measures|orphan_foreign_keys|value_noise,5,0.15964445527773038,100000
nyc_taxi,10,dimension_drift|duplicate_facts|missing_measures|stale_timestamps|value_noise,dimension_drift|duplicate_facts|missing_measures|stale_timestamps|value_noise,5,0.1734947174601158,100000
nyc_taxi,10,dimension_drift|duplicate_facts|missing_measures|orphan_foreign_keys|stale_timestamps,dimension_drift|duplicate_facts|missing_measures|orphan_foreign_keys|stale_timestamps,5,0.18999383742989767,100000
nyc_taxi,10,dimension_drift|duplicate_facts|orphan_foreign_keys|stale_timestamps|value_noise,dimension_drift|duplicate_facts|orphan_foreign_keys|stale_timestamps|value_noise,5,0.19627025092143452,100000
nyc_taxi,10,dimension_drift|duplicate_facts|missing_measures|orphan_foreign_keys|stale_timestamps|value_noise,dimension_drift|duplicate_facts|missing_measures|orphan_foreign_keys|stale_timestamps|value_noise,6,0.18660073794206775,100000
nyc_taxi,11,EMPTY,EMPTY,0,0.0,100000
nyc_taxi,11,missing_measures,missing_measures,1,0.05241897156689303,100000
nyc_taxi,11,value_noise,value_noise,1,0.03715322692087322,100000
nyc_taxi,11,orphan_foreign_keys,orphan_foreign_keys,1,0.015767041091342016,100000
nyc_taxi,11,stale_timestamps,stale_timestamps,1,0.05029110266044158,100000
nyc_taxi,11,dimension_drift,dimension_drift,1,0.1121891628489685,100000
nyc_taxi,11,duplicate_facts,duplicate_facts,1,0.08148542904394465,100000
nyc_taxi,11,missing_measures|value_noise,missing_measures|value_noise,2,0.02959386089787074,100000
nyc_taxi,11,missing_measures|orphan_foreign_keys,missing_measures|orphan_foreign_keys,2,0.06695902667026754,100000
nyc_taxi,11,missing_measures|stale_timestamps,missing_measures|stale_timestamps,2,0.09753305897464604,100000
nyc_taxi,11,dimension_drift|missing_measures,dimension_drift|missing_measures,2,0.1577875465724376,100000
nyc_taxi,11,duplicate_facts|missing_measures,duplicate_facts|missing_measures,2,0.0402027264100379,100000
nyc_taxi,11,orphan_foreign_keys|value_noise,orphan_foreign_keys|value_noise,2,0.038393870722857715,100000
nyc_taxi,11,stale_timestamps|value_noise,stale_timestamps|value_noise,2,0.05932167623111818,100000
nyc_taxi,11,dimension_drift|value_noise,dimension_drift|value_noise,2,0.13811497118618046,100000
nyc_taxi,11,duplicate_facts|value_noise,duplicate_facts|value_noise,2,0.12080562571192728,100000
nyc_taxi,11,orphan_foreign_keys|stale_timestamps,orphan_foreign_keys|stale_timestamps,2,0.0660581437517836,100000
nyc_taxi,11,dimension_drift|orphan_foreign_keys,dimension_drift|orphan_foreign_keys,2,0.12149684020547341,100000
nyc_taxi,11,duplicate_facts|orphan_foreign_keys,duplicate_facts|orphan_foreign_keys,2,0.07167343114432959,100000
nyc_taxi,11,dimension_drift|stale_timestamps,dimension_drift|stale_timestamps,2,0.16248026550941008,100000
nyc_taxi,11,duplicate_facts|stale_timestamps,duplicate_facts|stale_timestamps,2,0.08747305593076929,100000
nyc_taxi,11,dimension_drift|duplicate_facts,dimension_drift|duplicate_facts,2,0.1738012502021532,100000
nyc_taxi,11,missing_measures|orphan_foreign_keys|value_noise,missing_measures|orphan_foreign_keys|value_noise,3,0.04531486300718093,100000
nyc_taxi,11,missing_measures|stale_timestamps|value_noise,missing_measures|stale_timestamps|value_noise,3,0.07790081043027909,100000
nyc_taxi,11,dimension_drift|missing_measures|value_noise,dimension_drift|missing_measures|value_noise,3,0.13782112534898328,100000
nyc_taxi,11,duplicate_facts|missing_measures|value_noise,duplicate_facts|missing_measures|value_noise,3,0.06403978960584891,100000
nyc_taxi,11,missing_measures|orphan_foreign_keys|stale_timestamps,missing_measures|orphan_foreign_keys|stale_timestamps,3,0.11207311407802056,100000
nyc_taxi,11,dimension_drift|missing_measures|orphan_foreign_keys,dimension_drift|missing_measures|orphan_foreign_keys,3,0.16863691646448603,100000
nyc_taxi,11,duplicate_facts|missing_measures|orphan_foreign_keys,duplicate_facts|missing_measures|orphan_foreign_keys,3,0.053737608641649975,100000
nyc_taxi,11,dimension_drift|missing_measures|stale_timestamps,dimension_drift|missing_measures|stale_timestamps,3,0.20290163398019062,100000
nyc_taxi,11,duplicate_facts|missing_measures|stale_timestamps,duplicate_facts|missing_measures|stale_timestamps,3,0.08976567555238213,100000
nyc_taxi,11,dimension_drift|duplicate_facts|missing_measures,dimension_drift|duplicate_facts|missing_measures,3,0.14279219499130108,100000
nyc_taxi,11,orphan_foreign_keys|stale_timestamps|value_noise,orphan_foreign_keys|stale_timestamps|value_noise,3,0.06056232003310266,100000
nyc_taxi,11,dimension_drift|orphan_foreign_keys|value_noise,dimension_drift|orphan_foreign_keys|value_noise,3,0.1468681856299861,100000
nyc_taxi,11,duplicate_facts|orphan_foreign_keys|value_noise,duplicate_facts|orphan_foreign_keys|value_noise,3,0.10771878031840063,100000
nyc_taxi,11,dimension_drift|stale_timestamps|value_noise,dimension_drift|stale_timestamps|value_noise,3,0.1602834204964254,100000
nyc_taxi,11,duplicate_facts|stale_timestamps|value_noise,duplicate_facts|stale_timestamps|value_noise,3,0.12080562571192749,100000
nyc_taxi,11,dimension_drift|duplicate_facts|value_noise,dimension_drift|duplicate_facts|value_noise,3,0.21285960775181897,100000
nyc_taxi,11,dimension_drift|orphan_foreign_keys|stale_timestamps,dimension_drift|orphan_foreign_keys|stale_timestamps,3,0.17178794286591498,100000
nyc_taxi,11,duplicate_facts|orphan_foreign_keys|stale_timestamps,duplicate_facts|orphan_foreign_keys|stale_timestamps,3,0.07766105803115422,100000
nyc_taxi,11,dimension_drift|duplicate_facts|orphan_foreign_keys,dimension_drift|duplicate_facts|orphan_foreign_keys,3,0.1756143341298219,100000
nyc_taxi,11,dimension_drift|duplicate_facts|stale_timestamps,dimension_drift|duplicate_facts|stale_timestamps,3,0.17978887708897787,100000
nyc_taxi,11,missing_measures|orphan_foreign_keys|stale_timestamps|value_noise,missing_measures|orphan_foreign_keys|stale_timestamps|value_noise,4,0.09362181253958929,100000
nyc_taxi,11,dimension_drift|missing_measures|orphan_foreign_keys|value_noise,dimension_drift|missing_measures|orphan_foreign_keys|value_noise,4,0.1475368132067837,100000
nyc_taxi,11,duplicate_facts|missing_measures|orphan_foreign_keys|value_noise,duplicate_facts|missing_measures|orphan_foreign_keys|value_noise,4,0.06674346725471246,100000
nyc_taxi,11,dimension_drift|missing_measures|stale_timestamps|value_noise,dimension_drift|missing_measures|stale_timestamps|value_noise,4,0.18612807488139163,100000
nyc_taxi,11,duplicate_facts|missing_measures|stale_timestamps|value_noise,duplicate_facts|missing_measures|stale_timestamps|value_noise,4,0.09262353687449601,100000
nyc_taxi,11,dimension_drift|duplicate_facts|missing_measures|value_noise,dimension_drift|duplicate_facts|missing_measures|value_noise,4,0.1575848116512849,100000
nyc_taxi,11,dimension_drift|missing_measures|orphan_foreign_keys|stale_timestamps,dimension_drift|missing_measures|orphan_foreign_keys|stale_timestamps,4,0.21375100387223905,100000
nyc_taxi,11,duplicate_facts|missing_measures|orphan_foreign_keys|stale_timestamps,duplicate_facts|missing_measures|orphan_foreign_keys|stale_timestamps,4,0.10330055778399422,100000
nyc_taxi,11,dimension_drift|duplicate_facts|missing_measures|orphan_foreign_keys,dimension_drift|duplicate_facts|missing_measures|orphan_foreign_keys,4,0.15094409430975936,100000
nyc_taxi,11,dimension_drift|duplicate_facts|missing_measures|stale_timestamps,dimension_drift|duplicate_facts|missing_measures|stale_timestamps,4,0.1923551441336453,100000
nyc_taxi,11,dimension_drift|orphan_foreign_keys|stale_timestamps|value_noise,dimension_drift|orphan_foreign_keys|stale_timestamps|value_noise,4,0.16903663494023108,100000
nyc_taxi,11,duplicate_facts|orphan_foreign_keys|stale_timestamps|value_noise,duplicate_facts|orphan_foreign_keys|stale_timestamps|value_noise,4,0.10771878031840083,100000
nyc_taxi,11,dimension_drift|duplicate_facts|orphan_foreign_keys|value_noise,dimension_drift|duplicate_facts|orphan_foreign_keys|value_noise,4,0.20230892621168617,100000
nyc_taxi,11,dimension_drift|duplicate_facts|stale_timestamps|value_noise,dimension_drift|duplicate_facts|stale_timestamps|value_noise,4,0.21285960775181917,100000
nyc_taxi,11,dimension_drift|duplicate_facts|orphan_foreign_keys|stale_timestamps,dimension_drift|duplicate_facts|orphan_foreign_keys|stale_timestamps,4,0.18160196101664655,100000
nyc_taxi,11,dimension_drift|missing_measures|orphan_foreign_keys|stale_timestamps|value_noise,dimension_drift|missing_measures|orphan_foreign_keys|stale_timestamps|value_noise,5,0.19584376273919205,100000
nyc_taxi,11,duplicate_facts|missing_measures|orphan_foreign_keys|stale_timestamps|value_noise,duplicate_facts|missing_measures|orphan_foreign_keys|stale_timestamps|value_noise,5,0.09532721452335956,100000
nyc_taxi,11,dimension_drift|duplicate_facts|missing_measures|orphan_foreign_keys|value_noise,dimension_drift|duplicate_facts|missing_measures|orphan_foreign_keys|value_noise,5,0.16677575966703037,100000
nyc_taxi,11,dimension_drift|duplicate_facts|missing_measures|stale_timestamps|value_noise,dimension_drift|duplicate_facts|missing_measures|stale_timestamps|value_noise,5,0.186168558919932,100000
nyc_taxi,11,dimension_drift|duplicate_facts|missing_measures|orphan_foreign_keys|stale_timestamps,dimension_drift|duplicate_facts|missing_measures|orphan_foreign_keys|stale_timestamps,5,0.20050704345210357,100000
nyc_taxi,11,dimension_drift|duplicate_facts|orphan_foreign_keys|stale_timestamps|value_noise,dimension_drift|duplicate_facts|orphan_foreign_keys|stale_timestamps|value_noise,5,0.2023089262116864,100000
nyc_taxi,11,dimension_drift|duplicate_facts|missing_measures|orphan_foreign_keys|stale_timestamps|value_noise,dimension_drift|duplicate_facts|missing_measures|orphan_foreign_keys|stale_timestamps|value_noise,6,0.19535950693567747,100000
