regime,repeat,coalition,coalition_key,coalition_size,loss,orders
uniform,0,EMPTY,EMPTY,0,0.0,100000
uniform,0,missing_measures,missing_measures,1,0.05002916186112276,100000
uniform,0,value_noise,value_noise,1,0.04750822436950708,100000
uniform,0,orphan_foreign_keys,orphan_foreign_keys,1,0.014495481953802259,100000
uniform,0,stale_timestamps,stale_timestamps,1,0.028385629193219228,100000
uniform,0,dimension_drift,dimension_drift,1,0.0055179878331775905,100000
uniform,0,duplicate_facts,duplicate_facts,1,0.06432796002304964,100000
uniform,0,missing_measures|value_noise,missing_measures|value_noise,2,0.033784074615879074,100000
uniform,0,missing_measures|orphan_foreign_keys,missing_measures|orphan_foreign_keys,2,0.06295141706280716,100000
uniform,0,missing_measures|stale_timestamps,missing_measures|stale_timestamps,2,0.07299508489279619,100000
uniform,0,dimension_drift|missing_measures,dimension_drift|missing_measures,2,0.05352375347214834,100000
uniform,0,duplicate_facts|missing_measures,duplicate_facts|missing_measures,2,0.024230347963156113,100000
uniform,0,orphan_foreign_keys|value_noise,orphan_foreign_keys|value_noise,2,0.0444166331706394,100000
uniform,0,stale_timestamps|value_noise,stale_timestamps|value_noise,2,0.059171827332148076,100000
uniform,0,dimension_drift|value_noise,dimension_drift|value_noise,2,0.051002815980532565,100000
uniform,0,duplicate_facts|value_noise,duplicate_facts|value_noise,2,0.11457352611185648,100000
uniform,0,orphan_foreign_keys|stale_timestamps,orphan_foreign_keys|stale_timestamps,2,0.04288111114702149,100000
uniform,0,dimension_drift|orphan_foreign_keys,dimension_drift|orphan_foreign_keys,2,0.01641284020631356,100000
uniform,0,duplicate_facts|orphan_foreign_keys,duplicate_facts|orphan_foreign_keys,2,0.05339641216606696,100000
uniform,0,dimension_drift|stale_timestamps,dimension_drift|stale_timestamps,2,0.03390361702639682,100000
uniform,0,duplicate_facts|stale_timestamps,duplicate_facts|stale_timestamps,2,0.0698072696520847,100000
uniform,0,dimension_drift|duplicate_facts,dimension_drift|duplicate_facts,2,0.06750317981425527,100000
uniform,0,missing_measures|orphan_foreign_keys|value_noise,missing_measures|orphan_foreign_keys|value_noise,3,0.04788568896631743,100000
uniform,0,missing_measures|stale_timestamps|value_noise,missing_measures|stale_timestamps|value_noise,3,0.055977814589999675,100000
uniform,0,dimension_drift|missing_measures|value_noise,dimension_drift|missing_measures|value_noise,3,0.037278666226904775,100000
uniform,0,duplicate_facts|missing_measures|value_noise,duplicate_facts|missing_measures|value_noise,3,0.06099868188104349,100000
uniform,0,missing_measures|orphan_foreign_keys|stale_timestamps,missing_measures|orphan_foreign_keys|stale_timestamps,3,0.08591734009448057,100000
uniform,0,dimension_drift|missing_measures|orphan_foreign_keys,dimension_drift|missing_measures|orphan_foreign_keys,3,0.06486877531531836,100000
uniform,0,duplicate_facts|missing_measures|orphan_foreign_keys,duplicate_facts|missing_measures|orphan_foreign_keys,3,0.037041475182208836,100000
uniform,0,dimension_drift|missing_measures|stale_timestamps,dimension_drift|missing_measures|stale_timestamps,3,0.07648967650382175,100000
uniform,0,duplicate_facts|missing_measures|stale_timestamps,duplicate_facts|missing_measures|stale_timestamps,3,0.04799893289512598,100000
uniform,0,dimension_drift|duplicate_facts|missing_measures,dimension_drift|duplicate_facts|missing_measures,3,0.028496381378226965,100000
uniform,0,orphan_foreign_keys|stale_timestamps|value_noise,orphan_foreign_keys|stale_timestamps|value_noise,3,0.05608023613328039,100000
uniform,0,dimension_drift|orphan_foreign_keys|value_noise,dimension_drift|orphan_foreign_keys|value_noise,3,0.04640760878598623,100000
uniform,0,duplicate_facts|orphan_foreign_keys|value_noise,duplicate_facts|orphan_foreign_keys|value_noise,3,0.09958068303630174,100000
uniform,0,dimension_drift|stale_timestamps|value_noise,dimension_drift|stale_timestamps|value_noise,3,0.06266641894317355,100000
uniform,0,duplicate_facts|stale_timestamps|value_noise,duplicate_facts|stale_timestamps|value_noise,3,0.11682914262625119,100000
uniform,0,dimension_drift|duplicate_facts|value_noise,dimension_drift|duplicate_facts|value_noise,3,0.11774874590306217,100000
uniform,0,dimension_drift|orphan_foreign_keys|stale_timestamps,dimension_drift|orphan_foreign_keys|stale_timestamps,3,0.04479846939953279,100000
uniform,0,duplicate_facts|orphan_foreign_keys|stale_timestamps,duplicate_facts|orphan_foreign_keys|stale_timestamps,3,0.058875721795102025,100000
uniform,0,dimension_drift|duplicate_facts|orphan_foreign_keys,dimension_drift|duplicate_facts|orphan_foreign_keys,3,0.05611223809294026,100000
uniform,0,dimension_drift|duplicate_facts|stale_timestamps,dimension_drift|duplicate_facts|stale_timestamps,3,0.07298248944329033,100000
uniform,0,missing_measures|orphan_foreign_keys|stale_timestamps|value_noise,missing_measures|orphan_foreign_keys|stale_timestamps|value_noise,4,0.07007942894043805,100000
uniform,0,dimension_drift|missing_measures|orphan_foreign_keys|value_noise,dimension_drift|missing_measures|orphan_foreign_keys|value_noise,4,0.04980304721882868,100000
uniform,0,duplicate_facts|missing_measures|orphan_foreign_keys|value_noise,duplicate_facts|missing_measures|orphan_foreign_keys|value_noise,4,0.058585668497351244,100000
uniform,0,dimension_drift|missing_measures|stale_timestamps|value_noise,dimension_drift|missing_measures|stale_timestamps|value_noise,4,0.05947240620102538,100000
uniform,0,duplicate_facts|missing_measures|stale_timestamps|value_noise,duplicate_facts|missing_measures|stale_timestamps|value_noise,4,0.07338248899187322,100000
uniform,0,dimension_drift|duplicate_facts|missing_measures|value_noise,dimension_drift|duplicate_facts|missing_measures|value_noise,4,0.06417390167224904,100000
uniform,0,dimension_drift|missing_measures|orphan_foreign_keys|stale_timestamps,dimension_drift|missing_measures|orphan_foreign_keys|stale_timestamps,4,0.08783469834699177,100000
uniform,0,duplicate_facts|missing_measures|orphan_foreign_keys|stale_timestamps,duplicate_facts|missing_measures|orphan_foreign_keys|stale_timestamps,4,0.06081006011417869,100000
uniform,0,dimension_drift|duplicate_facts|missing_measures|orphan_foreign_keys,dimension_drift|duplicate_facts|missing_measures|orphan_foreign_keys,4,0.03905718507332894,100000
uniform,0,dimension_drift|duplicate_facts|missing_measures|stale_timestamps,dimension_drift|duplicate_facts|missing_measures|stale_timestamps,4,0.052264966310196836,100000
uniform,0,dimension_drift|orphan_foreign_keys|stale_timestamps|value_noise,dimension_drift|orphan_foreign_keys|stale_timestamps|value_noise,4,0.05807121174862721,100000
uniform,0,duplicate_facts|orphan_foreign_keys|stale_timestamps|value_noise,duplicate_facts|orphan_foreign_keys|stale_timestamps|value_noise,4,0.10183629955069645,100000
uniform,0,dimension_drift|duplicate_facts|orphan_foreign_keys|value_noise,dimension_drift|duplicate_facts|orphan_foreign_keys|value_noise,4,0.10159639292742181,100000
uniform,0,dimension_drift|duplicate_facts|stale_timestamps|value_noise,dimension_drift|duplicate_facts|stale_timestamps|value_noise,4,0.12000436241745688,100000
uniform,0,dimension_drift|duplicate_facts|orphan_foreign_keys|stale_timestamps,dimension_drift|duplicate_facts|orphan_foreign_keys|stale_timestamps,4,0.06159154772197532,100000
uniform,0,dimension_drift|missing_measures|orphan_foreign_keys|stale_timestamps|value_noise,dimension_drift|missing_measures|orphan_foreign_keys|stale_timestamps|value_noise,5,0.07199678719294929,100000
uniform,0,duplicate_facts|missing_measures|orphan_foreign_keys|stale_timestamps|value_noise,duplicate_facts|missing_measures|orphan_foreign_keys|stale_timestamps|value_noise,5,0.07096947560818098,100000
uniform,0,dimension_drift|duplicate_facts|missing_measures|orphan_foreign_keys|value_noise,dimension_drift|duplicate_facts|missing_measures|orphan_foreign_keys|value_noise,5,0.06060137838847137,100000
uniform,0,dimension_drift|duplicate_facts|missing_measures|stale_timestamps|value_noise,dimension_drift|duplicate_facts|missing_measures|stale_timestamps|value_noise,5,0.07655770878307877,100000
uniform,0,dimension_drift|duplicate_facts|missing_measures|orphan_foreign_keys|stale_timestamps,dimension_drift|duplicate_facts|missing_measures|orphan_foreign_keys|stale_timestamps,5,0.06282577000529882,100000
uniform,0,dimension_drift|duplicate_facts|orphan_foreign_keys|stale_timestamps|value_noise,dimension_drift|duplicate_facts|orphan_foreign_keys|stale_timestamps|value_noise,5,0.10385200944181652,100000
uniform,0,dimension_drift|duplicate_facts|missing_measures|orphan_foreign_keys|stale_timestamps|value_noise,dimension_drift|duplicate_facts|missing_measures|orphan_foreign_keys|stale_timestamps|value_noise,6,0.07298518549930111,100000
uniform,1,EMPTY,EMPTY,0,0.0,100000
uniform,1,missing_measures,missing_measures,1,0.049171078826875485,100000
uniform,1,value_noise,value_noise,1,0.04350880009065913,100000
uniform,1,orphan_foreign_keys,orphan_foreign_keys,1,0.013743363461142896,100000
uniform,1,stale_timestamps,stale_timestamps,1,0.029153814873913393,100000
uniform,1,dimension_drift,dimension_drift,1,0.00651331839293596,100000
uniform,1,duplicate_facts,duplicate_facts,1,0.06350416968312095,100000
uniform,1,missing_measures|value_noise,missing_measures|value_noise,2,0.033987028516465435,100000
uniform,1,missing_measures|orphan_foreign_keys,missing_measures|orphan_foreign_keys,2,0.061728264610594524,100000
uniform,1,missing_measures|stale_timestamps,missing_measures|stale_timestamps,2,0.07286630895849307,100000
uniform,1,dimension_drift|missing_measures,dimension_drift|missing_measures,2,0.053189319198109306,100000
uniform,1,duplicate_facts|missing_measures,duplicate_facts|missing_measures,2,0.02428315851141171,100000
uniform,1,orphan_foreign_keys|value_noise,orphan_foreign_keys|value_noise,2,0.04137321630368387,100000
uniform,1,stale_timestamps|value_noise,stale_timestamps|value_noise,2,0.05780023451447891,100000
uniform,1,dimension_drift|value_noise,dimension_drift|value_noise,2,0.047527040461893155,100000
uniform,1,duplicate_facts|value_noise,duplicate_facts|value_noise,2,0.1082944651964339,100000
uniform,1,orphan_foreign_keys|stale_timestamps,orphan_foreign_keys|stale_timestamps,2,0.04289717833505629,100000
uniform,1,dimension_drift|orphan_foreign_keys,dimension_drift|orphan_foreign_keys,2,0.01732979834829304,100000
uniform,1,duplicate_facts|orphan_foreign_keys,duplicate_facts|orphan_foreign_keys,2,0.05255351269068499,100000
uniform,1,dimension_drift|stale_timestamps,dimension_drift|stale_timestamps,2,0.03566713326684935,100000
uniform,1,duplicate_facts|stale_timestamps,duplicate_facts|stale_timestamps,2,0.06899666631632276,100000
uniform,1,dimension_drift|duplicate_facts,dimension_drift|duplicate_facts,2,0.06669511992150401,100000
uniform,1,missing_measures|orphan_foreign_keys|value_noise,missing_measures|orphan_foreign_keys|value_noise,3,0.04747242771595114,100000
uniform,1,missing_measures|stale_timestamps|value_noise,missing_measures|stale_timestamps|value_noise,3,0.057764427009264804,100000
uniform,1,dimension_drift|missing_measures|value_noise,dimension_drift|missing_measures|value_noise,3,0.03816716627452839,100000
uniform,1,duplicate_facts|missing_measures|value_noise,duplicate_facts|missing_measures|value_noise,3,0.05688683086853015,100000
uniform,1,missing_measures|orphan_foreign_keys|stale_timestamps,missing_measures|orphan_foreign_keys|stale_timestamps,3,0.08542349474221211,100000
uniform,1,dimension_drift|missing_measures|orphan_foreign_keys,dimension_drift|missing_measures|orphan_foreign_keys,3,0.0653146994977447,100000
uniform,1,duplicate_facts|missing_measures|orphan_foreign_keys,duplicate_facts|missing_measures|orphan_foreign_keys,3,0.03703344183287688,100000
uniform,1,dimension_drift|missing_measures|stale_timestamps,dimension_drift|missing_measures|stale_timestamps,3,0.0768845493297269,100000
uniform,1,duplicate_facts|missing_measures|stale_timestamps,duplicate_facts|missing_measures|stale_timestamps,3,0.048490514598549916,100000
uniform,1,dimension_drift|duplicate_facts|missing_measures,dimension_drift|duplicate_facts|missing_measures,3,0.02946747246997842,100000
uniform,1,orphan_foreign_keys|stale_timestamps|value_noise,orphan_foreign_keys|stale_timestamps|value_noise,3,0.05566465072750364,100000
uniform,1,dimension_drift|orphan_foreign_keys|value_noise,dimension_drift|orphan_foreign_keys|value_noise,3,0.04495965119083408,100000
uniform,1,duplicate_facts|orphan_foreign_keys|value_noise,duplicate_facts|orphan_foreign_keys|value_noise,3,0.09507203447060397,100000
uniform,1,dimension_drift|stale_timestamps|value_noise,dimension_drift|stale_timestamps|value_noise,3,0.06181847488571293,100000
uniform,1,duplicate_facts|stale_timestamps|value_noise,duplicate_facts|stale_timestamps|value_noise,3,0.11090966627963746,100000
uniform,1,dimension_drift|duplicate_facts|value_noise,dimension_drift|duplicate_facts|value_noise,3,0.11148541543481688,100000
uniform,1,dimension_drift|orphan_foreign_keys|stale_timestamps,dimension_drift|orphan_foreign_keys|stale_timestamps,3,0.04648361322220644,100000
uniform,1,duplicate_facts|orphan_foreign_keys|stale_timestamps,duplicate_facts|orphan_foreign_keys|stale_timestamps,3,0.0580460093238868,100000
uniform,1,dimension_drift|duplicate_facts|orphan_foreign_keys,dimension_drift|duplicate_facts|orphan_foreign_keys,3,0.05778867000169802,100000
uniform,1,dimension_drift|duplicate_facts|stale_timestamps,dimension_drift|duplicate_facts|stale_timestamps,3,0.07218761655470582,100000
uniform,1,missing_measures|orphan_foreign_keys|stale_timestamps|value_noise,missing_measures|orphan_foreign_keys|stale_timestamps|value_noise,4,0.0712498262087505,100000
uniform,1,dimension_drift|missing_measures|orphan_foreign_keys|value_noise,dimension_drift|missing_measures|orphan_foreign_keys|value_noise,4,0.05105886260310128,100000
uniform,1,duplicate_facts|missing_measures|orphan_foreign_keys|value_noise,duplicate_facts|missing_measures|orphan_foreign_keys|value_noise,4,0.055940423863138126,100000
uniform,1,dimension_drift|missing_measures|stale_timestamps|value_noise,dimension_drift|missing_measures|stale_timestamps|value_noise,4,0.061944564767327764,100000
uniform,1,duplicate_facts|missing_measures|stale_timestamps|value_noise,duplicate_facts|missing_measures|stale_timestamps|value_noise,4,0.07152715086071543,100000
uniform,1,dimension_drift|duplicate_facts|missing_measures|value_noise,dimension_drift|duplicate_facts|missing_measures|value_noise,4,0.06007778110691308,100000
uniform,1,dimension_drift|missing_measures|orphan_foreign_keys|stale_timestamps,dimension_drift|missing_measures|orphan_foreign_keys|stale_timestamps,4,0.08900992962936227,100000
uniform,1,duplicate_facts|missing_measures|orphan_foreign_keys|stale_timestamps,duplicate_facts|missing_measures|orphan_foreign_keys|stale_timestamps,4,0.06124079792001508,100000
uniform,1,dimension_drift|duplicate_facts|missing_measures|orphan_foreign_keys,dimension_drift|duplicate_facts|missing_measures|orphan_foreign_keys,4,0.040310110898282805,100000
uniform,1,dimension_drift|duplicate_facts|missing_measures|stale_timestamps,dimension_drift|duplicate_facts|missing_measures|stale_timestamps,4,0.05367482855711662,100000
uniform,1,dimension_drift|orphan_foreign_keys|stale_timestamps|value_noise,dimension_drift|orphan_foreign_keys|stale_timestamps|value_noise,4,0.059251085614653864,100000
uniform,1,duplicate_facts|orphan_foreign_keys|stale_timestamps|value_noise,duplicate_facts|orphan_foreign_keys|stale_timestamps|value_noise,4,0.09768723555380752,100000
uniform,1,dimension_drift|duplicate_facts|orphan_foreign_keys|value_noise,dimension_drift|duplicate_facts|orphan_foreign_keys|value_noise,4,0.09834870353600995,100000
uniform,1,dimension_drift|duplicate_facts|stale_timestamps|value_noise,dimension_drift|duplicate_facts|stale_timestamps|value_noise,4,0.11410061651802043,100000
uniform,1,dimension_drift|duplicate_facts|orphan_foreign_keys|stale_timestamps,dimension_drift|duplicate_facts|orphan_foreign_keys|stale_timestamps,4,0.06328116663489983,100000
uniform,1,dimension_drift|missing_measures|orphan_foreign_keys|stale_timestamps|value_noise,dimension_drift|missing_measures|orphan_foreign_keys|stale_timestamps|value_noise,5,0.07483626109590065,100000
uniform,1,duplicate_facts|missing_measures|orphan_foreign_keys|stale_timestamps|value_noise,duplicate_facts|missing_measures|orphan_foreign_keys|stale_timestamps|value_noise,5,0.0705807438553234,100000
uniform,1,dimension_drift|duplicate_facts|missing_measures|orphan_foreign_keys|value_noise,dimension_drift|duplicate_facts|missing_measures|orphan_foreign_keys|value_noise,5,0.059364081721287563,100000
uniform,1,dimension_drift|duplicate_facts|missing_measures|stale_timestamps|value_noise,dimension_drift|duplicate_facts|missing_measures|stale_timestamps|value_noise,5,0.07471810109909836,100000
uniform,1,dimension_drift|duplicate_facts|missing_measures|orphan_foreign_keys|stale_timestamps,dimension_drift|duplicate_facts|missing_measures|orphan_foreign_keys|stale_timestamps,5,0.064517466985421,100000
uniform,1,dimension_drift|duplicate_facts|orphan_foreign_keys|stale_timestamps|value_noise,dimension_drift|duplicate_facts|orphan_foreign_keys|stale_timestamps|value_noise,5,0.10096390461921351,100000
uniform,1,dimension_drift|duplicate_facts|missing_measures|orphan_foreign_keys|stale_timestamps|value_noise,dimension_drift|duplicate_facts|missing_measures|orphan_foreign_keys|stale_timestamps|value_noise,6,0.07400440171347283,100000
uniform,2,EMPTY,EMPTY,0,0.0,100000
uniform,2,missing_measures,missing_measures,1,0.05119432517110966,100000
uniform,2,value_noise,value_noise,1,0.040278305591175664,100000
uniform,2,orphan_foreign_keys,orphan_foreign_keys,1,0.013845013687184519,100000
uniform,2,stale_timestamps,stale_timestamps,1,0.029278970382214567,100000
uniform,2,dimension_drift,dimension_drift,1,0.01409921124033961,100000
uniform,2,duplicate_facts,duplicate_facts,1,0.06433106682428456,100000
uniform,2,missing_measures|value_noise,missing_measures|value_noise,2,0.03605659486813692,100000
uniform,2,missing_measures|orphan_foreign_keys,missing_measures|orphan_foreign_keys,2,0.06345957589239713,100000
uniform,2,missing_measures|stale_timestamps,missing_measures|stale_timestamps,2,0.07397177778239844,100000
uniform,2,dimension_drift|missing_measures,dimension_drift|missing_measures,2,0.05895829399531925,100000
uniform,2,duplicate_facts|missing_measures,duplicate_facts|missing_measures,2,0.025006750728866815,100000
uniform,2,orphan_foreign_keys|value_noise,orphan_foreign_keys|value_noise,2,0.03874816060668869,100000
uniform,2,stale_timestamps|value_noise,stale_timestamps|value_noise,2,0.05651535840878376,100000
uniform,2,dimension_drift|value_noise,dimension_drift|value_noise,2,0.04804227441538536,100000
uniform,2,duplicate_facts|value_noise,duplicate_facts|value_noise,2,0.10620598773864257,100000
uniform,2,orphan_foreign_keys|stale_timestamps,orphan_foreign_keys|stale_timestamps,2,0.04312398406939909,100000
uniform,2,dimension_drift|orphan_foreign_keys,dimension_drift|orphan_foreign_keys,2,0.020725976095724786,100000
uniform,2,duplicate_facts|orphan_foreign_keys,duplicate_facts|orphan_foreign_keys,2,0.05353636874401829,100000
uniform,2,dimension_drift|stale_timestamps,dimension_drift|stale_timestamps,2,0.04337818162255418,100000
uniform,2,duplicate_facts|stale_timestamps,duplicate_facts|stale_timestamps,2,0.07060674082403368,100000
uniform,2,dimension_drift|duplicate_facts,dimension_drift|duplicate_facts,2,0.07089019365829899,100000
uniform,2,missing_measures|orphan_foreign_keys|value_noise,missing_measures|orphan_foreign_keys|value_noise,3,0.048830674937634086,100000
uniform,2,missing_measures|stale_timestamps|value_noise,missing_measures|stale_timestamps|value_noise,3,0.06008023338716087,100000
uniform,2,dimension_drift|missing_measures|value_noise,dimension_drift|missing_measures|value_noise,3,0.046844972868573545,100000
uniform,2,duplicate_facts|missing_measures|value_noise,duplicate_facts|missing_measures|value_noise,3,0.05221762791489946,100000
uniform,2,missing_measures|orphan_foreign_keys|stale_timestamps,missing_measures|orphan_foreign_keys|stale_timestamps,3,0.08623702850368592,100000
uniform,2,dimension_drift|missing_measures|orphan_foreign_keys,dimension_drift|missing_measures|orphan_foreign_keys,3,0.0703405383009374,100000
uniform,2,duplicate_facts|missing_measures|orphan_foreign_keys,duplicate_facts|missing_measures|orphan_foreign_keys,3,0.03755921437622105,100000
uniform,2,dimension_drift|missing_measures|stale_timestamps,dimension_drift|missing_measures|stale_timestamps,3,0.08173574660660804,100000
uniform,2,duplicate_facts|missing_measures|stale_timestamps,duplicate_facts|missing_measures|stale_timestamps,3,0.04894706058475581,100000
uniform,2,dimension_drift|duplicate_facts|missing_measures,dimension_drift|duplicate_facts|missing_measures,3,0.03679629641750219,100000
uniform,2,orphan_foreign_keys|stale_timestamps|value_noise,orphan_foreign_keys|stale_timestamps|value_noise,3,0.05498521342429678,100000
uniform,2,dimension_drift|orphan_foreign_keys|value_noise,dimension_drift|orphan_foreign_keys|value_noise,3,0.048886458788166984,100000
uniform,2,duplicate_facts|orphan_foreign_keys|value_noise,duplicate_facts|orphan_foreign_keys|value_noise,3,0.09242564468001374,100000
uniform,2,dimension_drift|stale_timestamps|value_noise,dimension_drift|stale_timestamps|value_noise,3,0.06427932723299346,100000
uniform,2,duplicate_facts|stale_timestamps|value_noise,duplicate_facts|stale_timestamps|value_noise,3,0.10928446755186833,100000
uniform,2,dimension_drift|duplicate_facts|value_noise,dimension_drift|duplicate_facts|value_noise,3,0.11276511457265694,100000
uniform,2,dimension_drift|orphan_foreign_keys|stale_timestamps,dimension_drift|orphan_foreign_keys|stale_timestamps,3,0.05000494647793935,100000
uniform,2,duplicate_facts|orphan_foreign_keys|stale_timestamps,duplicate_facts|orphan_foreign_keys|stale_timestamps,3,0.059812042743767405,100000
uniform,2,dimension_drift|duplicate_facts|orphan_foreign_keys,dimension_drift|duplicate_facts|orphan_foreign_keys,3,0.06578583906801072,100000
uniform,2,dimension_drift|duplicate_facts|stale_timestamps,dimension_drift|duplicate_facts|stale_timestamps,3,0.07716586765804809,100000
uniform,2,missing_measures|orphan_foreign_keys|stale_timestamps|value_noise,missing_measures|orphan_foreign_keys|stale_timestamps|value_noise,4,0.07285431345665802,100000
uniform,2,dimension_drift|missing_measures|orphan_foreign_keys|value_noise,dimension_drift|missing_measures|orphan_foreign_keys|value_noise,4,0.05571163734617432,100000
uniform,2,duplicate_facts|missing_measures|orphan_foreign_keys|value_noise,duplicate_facts|missing_measures|orphan_foreign_keys|value_noise,4,0.0523717371052378,100000
uniform,2,dimension_drift|missing_measures|stale_timestamps|value_noise,dimension_drift|missing_measures|stale_timestamps|value_noise,4,0.07086861138759748,100000
uniform,2,duplicate_facts|missing_measures|stale_timestamps|value_noise,duplicate_facts|missing_measures|stale_timestamps|value_noise,4,0.06866604126237828,100000
uniform,2,dimension_drift|duplicate_facts|missing_measures|value_noise,dimension_drift|duplicate_facts|missing_measures|value_noise,4,0.05890003284894956,100000
uniform,2,dimension_drift|missing_measures|orphan_foreign_keys|stale_timestamps,dimension_drift|missing_measures|orphan_foreign_keys|stale_timestamps,4,0.09311799091222617,100000
uniform,2,duplicate_facts|missing_measures|orphan_foreign_keys|stale_timestamps,duplicate_facts|missing_measures|orphan_foreign_keys|stale_timestamps,4,0.06149952423211003,100000
uniform,2,dimension_drift|duplicate_facts|missing_measures|orphan_foreign_keys,dimension_drift|duplicate_facts|missing_measures|orphan_foreign_keys,4,0.0445931781141758,100000
uniform,2,dimension_drift|duplicate_facts|missing_measures|stale_timestamps,dimension_drift|duplicate_facts|missing_measures|stale_timestamps,4,0.06073660627339118,100000
uniform,2,dimension_drift|orphan_foreign_keys|stale_timestamps|value_noise,dimension_drift|orphan_foreign_keys|stale_timestamps|value_noise,4,0.06512351160577506,100000
uniform,2,duplicate_facts|orphan_foreign_keys|stale_timestamps|value_noise,duplicate_facts|orphan_foreign_keys|stale_timestamps|value_noise,4,0.0955041244932395,100000
uniform,2,dimension_drift|duplicate_facts|orphan_foreign_keys|value_noise,dimension_drift|duplicate_facts|orphan_foreign_keys|value_noise,4,0.09945960841796854,100000
uniform,2,dimension_drift|duplicate_facts|stale_timestamps|value_noise,dimension_drift|duplicate_facts|stale_timestamps|value_noise,4,0.1158435943858827,100000
uniform,2,dimension_drift|duplicate_facts|orphan_foreign_keys|stale_timestamps,dimension_drift|duplicate_facts|orphan_foreign_keys|stale_timestamps,4,0.07206151306775985,100000
uniform,2,dimension_drift|missing_measures|orphan_foreign_keys|stale_timestamps|value_noise,dimension_drift|missing_measures|orphan_foreign_keys|stale_timestamps|value_noise,5,0.07973527586519827,100000
uniform,2,duplicate_facts|missing_measures|orphan_foreign_keys|stale_timestamps|value_noise,duplicate_facts|missing_measures|orphan_foreign_keys|stale_timestamps|value_noise,5,0.06882015045271661,100000
uniform,2,dimension_drift|duplicate_facts|missing_measures|orphan_foreign_keys|value_noise,dimension_drift|duplicate_facts|missing_measures|orphan_foreign_keys|value_noise,5,0.06168107408997356,100000
uniform,2,dimension_drift|duplicate_facts|missing_measures|stale_timestamps|value_noise,dimension_drift|duplicate_facts|missing_measures|stale_timestamps|value_noise,5,0.07534844619642839,100000
uniform,2,dimension_drift|duplicate_facts|missing_measures|orphan_foreign_keys|stale_timestamps,dimension_drift|duplicate_facts|missing_measures|orphan_foreign_keys|stale_timestamps,5,0.06853348797006478,100000
uniform,2,dimension_drift|duplicate_facts|orphan_foreign_keys|stale_timestamps|value_noise,dimension_drift|duplicate_facts|orphan_foreign_keys|stale_timestamps|value_noise,5,0.10253808823119429,100000
uniform,2,dimension_drift|duplicate_facts|missing_measures|orphan_foreign_keys|stale_timestamps|value_noise,dimension_drift|duplicate_facts|missing_measures|orphan_foreign_keys|stale_timestamps|value_noise,6,0.07812948743745238,100000
uniform,3,EMPTY,EMPTY,0,0.0,100000
uniform,3,missing_measures,missing_measures,1,0.050080305903357214,100000
uniform,3,value_noise,value_noise,1,0.043515905512352654,100000
uniform,3,orphan_foreign_keys,orphan_foreign_keys,1,0.013875783767790743,100000
uniform,3,stale_timestamps,stale_timestamps,1,0.028245444661266522,100000
uniform,3,dimension_drift,dimension_drift,1,0.004932007995464033,100000
uniform,3,duplicate_facts,duplicate_facts,1,0.06320811331604427,100000
uniform,3,missing_measures|value_noise,missing_measures|value_noise,2,0.0346470977538965,100000
uniform,3,missing_measures|orphan_foreign_keys,missing_measures|orphan_foreign_keys,2,0.06277334389045854,100000
uniform,3,missing_measures|stale_timestamps,missing_measures|stale_timestamps,2,0.07246225293764065,100000
uniform,3,dimension_drift|missing_measures,dimension_drift|missing_measures,2,0.053609338172119866,100000
uniform,3,duplicate_facts|missing_measures,duplicate_facts|missing_measures,2,0.024169436383994602,100000
uniform,3,orphan_foreign_keys|value_noise,orphan_foreign_keys|value_noise,2,0.041305427052283794,100000
uniform,3,stale_timestamps|value_noise,stale_timestamps|value_noise,2,0.05679945477333184,100000
uniform,3,dimension_drift|value_noise,dimension_drift|value_noise,2,0.04704493778111536,100000
uniform,3,duplicate_facts|value_noise,duplicate_facts|value_noise,2,0.10852660685341017,100000
uniform,3,orphan_foreign_keys|stale_timestamps,orphan_foreign_keys|stale_timestamps,2,0.04212122842905726,100000
uniform,3,dimension_drift|orphan_foreign_keys,dimension_drift|orphan_foreign_keys,2,0.016655818727280503,100000
uniform,3,duplicate_facts|orphan_foreign_keys,duplicate_facts|orphan_foreign_keys,2,0.05292707457249769,100000
uniform,3,dimension_drift|stale_timestamps,dimension_drift|stale_timestamps,2,0.033177452656730555,100000
uniform,3,duplicate_facts|stale_timestamps,duplicate_facts|stale_timestamps,2,0.06893367563653541,100000
uniform,3,dimension_drift|duplicate_facts,dimension_drift|duplicate_facts,2,0.0664033125150014,100000
uniform,3,missing_measures|orphan_foreign_keys|value_noise,missing_measures|orphan_foreign_keys|value_noise,3,0.04796726134211891,100000
uniform,3,missing_measures|stale_timestamps|value_noise,missing_measures|stale_timestamps|value_noise,3,0.056833042581620336,100000
uniform,3,dimension_drift|missing_measures|value_noise,dimension_drift|missing_measures|value_noise,3,0.03817613002265917,100000
uniform,3,duplicate_facts|missing_measures|value_noise,duplicate_facts|missing_measures|value_noise,3,0.05599882480605157,100000
uniform,3,missing_measures|orphan_foreign_keys|stale_timestamps,missing_measures|orphan_foreign_keys|stale_timestamps,3,0.08515529092474197,100000
uniform,3,dimension_drift|missing_measures|orphan_foreign_keys,dimension_drift|missing_measures|orphan_foreign_keys,3,0.0655533788499484,100000
uniform,3,duplicate_facts|missing_measures|orphan_foreign_keys,duplicate_facts|missing_measures|orphan_foreign_keys,3,0.037800308146762954,100000
uniform,3,dimension_drift|missing_measures|stale_timestamps,dimension_drift|missing_measures|stale_timestamps,3,0.0759912852064033,100000
uniform,3,duplicate_facts|missing_measures|stale_timestamps,duplicate_facts|missing_measures|stale_timestamps,3,0.04738436479108198,100000
uniform,3,dimension_drift|duplicate_facts|missing_measures,dimension_drift|duplicate_facts|missing_measures,3,0.02761881332683452,100000
uniform,3,orphan_foreign_keys|stale_timestamps|value_noise,orphan_foreign_keys|stale_timestamps|value_noise,3,0.05458897631326298,100000
uniform,3,dimension_drift|orphan_foreign_keys|value_noise,dimension_drift|orphan_foreign_keys|value_noise,3,0.04408546201177373,100000
uniform,3,duplicate_facts|orphan_foreign_keys|value_noise,duplicate_facts|orphan_foreign_keys|value_noise,3,0.09496112466204261,100000
uniform,3,dimension_drift|stale_timestamps|value_noise,dimension_drift|stale_timestamps|value_noise,3,0.06032848704209455,100000
uniform,3,duplicate_facts|stale_timestamps|value_noise,duplicate_facts|stale_timestamps|value_noise,3,0.1112538239095006,100000
uniform,3,dimension_drift|duplicate_facts|value_noise,dimension_drift|duplicate_facts|value_noise,3,0.11172180605236742,100000
uniform,3,dimension_drift|orphan_foreign_keys|stale_timestamps,dimension_drift|orphan_foreign_keys|stale_timestamps,3,0.044901263388547025,100000
uniform,3,duplicate_facts|orphan_foreign_keys|stale_timestamps,duplicate_facts|orphan_foreign_keys|stale_timestamps,3,0.05865263689298883,100000
uniform,3,dimension_drift|duplicate_facts|orphan_foreign_keys,dimension_drift|duplicate_facts|orphan_foreign_keys,3,0.0558708104231988,100000
uniform,3,dimension_drift|duplicate_facts|stale_timestamps,dimension_drift|duplicate_facts|stale_timestamps,3,0.07212887483549255,100000
uniform,3,missing_measures|orphan_foreign_keys|stale_timestamps|value_noise,missing_measures|orphan_foreign_keys|stale_timestamps|value_noise,4,0.07015320616984273,100000
uniform,3,dimension_drift|missing_measures|orphan_foreign_keys|value_noise,dimension_drift|missing_measures|orphan_foreign_keys|value_noise,4,0.05074729630160872,100000
uniform,3,duplicate_facts|missing_measures|orphan_foreign_keys|value_noise,duplicate_facts|missing_measures|orphan_foreign_keys|value_noise,4,0.05586815079906747,100000
uniform,3,dimension_drift|missing_measures|stale_timestamps|value_noise,dimension_drift|missing_measures|stale_timestamps|value_noise,4,0.06036207485038299,100000
uniform,3,duplicate_facts|missing_measures|stale_timestamps|value_noise,duplicate_facts|missing_measures|stale_timestamps|value_noise,4,0.06944518503061095,100000
uniform,3,dimension_drift|duplicate_facts|missing_measures|value_noise,dimension_drift|duplicate_facts|missing_measures|value_noise,4,0.059194024005008644,100000
uniform,3,dimension_drift|missing_measures|orphan_foreign_keys|stale_timestamps,dimension_drift|missing_measures|orphan_foreign_keys|stale_timestamps,4,0.08793532588423184,100000
uniform,3,duplicate_facts|missing_measures|orphan_foreign_keys|stale_timestamps,duplicate_facts|missing_measures|orphan_foreign_keys|stale_timestamps,4,0.061015236553850334,100000
uniform,3,dimension_drift|duplicate_facts|missing_measures|orphan_foreign_keys,dimension_drift|duplicate_facts|missing_measures|orphan_foreign_keys,4,0.040355480699427126,100000
uniform,3,dimension_drift|duplicate_facts|missing_measures|stale_timestamps,dimension_drift|duplicate_facts|missing_measures|stale_timestamps,4,0.0508337417339219,100000
uniform,3,dimension_drift|orphan_foreign_keys|stale_timestamps|value_noise,dimension_drift|orphan_foreign_keys|stale_timestamps|value_noise,4,0.057369011272752915,100000
uniform,3,duplicate_facts|orphan_foreign_keys|stale_timestamps|value_noise,duplicate_facts|orphan_foreign_keys|stale_timestamps|value_noise,4,0.09768834171813304,100000
uniform,3,dimension_drift|duplicate_facts|orphan_foreign_keys|value_noise,dimension_drift|duplicate_facts|orphan_foreign_keys|value_noise,4,0.09751629721470664,100000
uniform,3,dimension_drift|duplicate_facts|stale_timestamps|value_noise,dimension_drift|duplicate_facts|stale_timestamps|value_noise,4,0.11444902310845784,100000
uniform,3,dimension_drift|duplicate_facts|orphan_foreign_keys|stale_timestamps,dimension_drift|duplicate_facts|orphan_foreign_keys|stale_timestamps,4,0.06159637274368994,100000
uniform,3,dimension_drift|missing_measures|orphan_foreign_keys|stale_timestamps|value_noise,dimension_drift|missing_measures|orphan_foreign_keys|stale_timestamps|value_noise,5,0.07293324112933255,100000
uniform,3,duplicate_facts|missing_measures|orphan_foreign_keys|stale_timestamps|value_noise,duplicate_facts|missing_measures|orphan_foreign_keys|stale_timestamps|value_noise,5,0.06931451102362687,100000
uniform,3,dimension_drift|duplicate_facts|missing_measures|orphan_foreign_keys|value_noise,dimension_drift|duplicate_facts|missing_measures|orphan_foreign_keys|value_noise,5,0.05842332335173164,100000
uniform,3,dimension_drift|duplicate_facts|missing_measures|stale_timestamps|value_noise,dimension_drift|duplicate_facts|missing_measures|stale_timestamps|value_noise,5,0.07264038422956803,100000
uniform,3,dimension_drift|duplicate_facts|missing_measures|orphan_foreign_keys|stale_timestamps,dimension_drift|duplicate_facts|missing_measures|orphan_foreign_keys|stale_timestamps,5,0.06357040910651451,100000
uniform,3,dimension_drift|duplicate_facts|orphan_foreign_keys|stale_timestamps|value_noise,dimension_drift|duplicate_facts|orphan_foreign_keys|stale_timestamps|value_noise,5,0.10024351427079708,100000
uniform,3,dimension_drift|duplicate_facts|missing_measures|orphan_foreign_keys|stale_timestamps|value_noise,dimension_drift|duplicate_facts|missing_measures|orphan_foreign_keys|stale_timestamps|value_noise,6,0.07186968357629103,100000
uniform,4,EMPTY,EMPTY,0,0.0,100000
uniform,4,missing_measures,missing_measures,1,0.05005102074516059,100000
uniform,4,value_noise,value_noise,1,0.042462999992248715,100000
uniform,4,orphan_foreign_keys,orphan_foreign_keys,1,0.014222228860759722,100000
uniform,4,stale_timestamps,stale_timestamps,1,0.029385696962796328,100000
uniform,4,dimension_drift,dimension_drift,1,0.004843791550589348,100000
uniform,4,duplicate_facts,duplicate_facts,1,0.06287278679918815,100000
uniform,4,missing_measures|value_noise,missing_measures|value_noise,2,0.03425653922215845,100000
uniform,4,missing_measures|orphan_foreign_keys,missing_measures|orphan_foreign_keys,2,0.06285330559359652,100000
uniform,4,missing_measures|stale_timestamps,missing_measures|stale_timestamps,2,0.07397760214313463,100000
uniform,4,dimension_drift|missing_measures,dimension_drift|missing_measures,2,0.05285030776620186,100000
uniform,4,duplicate_facts|missing_measures,duplicate_facts|missing_measures,2,0.02363821063294329,100000
uniform,4,orphan_foreign_keys|value_noise,orphan_foreign_keys|value_noise,2,0.040269027446907225,100000
uniform,4,stale_timestamps|value_noise,stale_timestamps|value_noise,2,0.05709258225771602,100000
uniform,4,dimension_drift|value_noise,dimension_drift|value_noise,2,0.04526228701328986,100000
uniform,4,duplicate_facts|value_noise,duplicate_facts|value_noise,2,0.10666651029800278,100000
uniform,4,orphan_foreign_keys|stale_timestamps,orphan_foreign_keys|stale_timestamps,2,0.04360792582355605,100000
uniform,4,dimension_drift|orphan_foreign_keys,dimension_drift|orphan_foreign_keys,2,0.01562000915385668,100000
uniform,4,duplicate_facts|orphan_foreign_keys,duplicate_facts|orphan_foreign_keys,2,0.05337246772860792,100000
uniform,4,dimension_drift|stale_timestamps,dimension_drift|stale_timestamps,2,0.03422948851338568,100000
uniform,4,duplicate_facts|stale_timestamps,duplicate_facts|stale_timestamps,2,0.06901336922473378,100000
uniform,4,dimension_drift|duplicate_facts,dimension_drift|duplicate_facts,2,0.06527331485071133,100000
uniform,4,missing_measures|orphan_foreign_keys|value_noise,missing_measures|orphan_foreign_keys|value_noise,3,0.04717988699987431,100000
uniform,4,missing_measures|stale_timestamps|value_noise,missing_measures|stale_timestamps|value_noise,3,0.05798524050027894,100000
uniform,4,dimension_drift|missing_measures|value_noise,dimension_drift|missing_measures|value_noise,3,0.03705582624319974,100000
uniform,4,duplicate_facts|missing_measures|value_noise,duplicate_facts|missing_measures|value_noise,3,0.051491805717541875,100000
uniform,4,missing_measures|orphan_foreign_keys|stale_timestamps,missing_measures|orphan_foreign_keys|stale_timestamps,3,0.08677988699157056,100000
uniform,4,dimension_drift|missing_measures|orphan_foreign_keys,dimension_drift|missing_measures|orphan_foreign_keys,3,0.06425108588669345,100000
uniform,4,duplicate_facts|missing_measures|orphan_foreign_keys,duplicate_facts|missing_measures|orphan_foreign_keys,3,0.037675051643144754,100000
uniform,4,dimension_drift|missing_measures|stale_timestamps,dimension_drift|missing_measures|stale_timestamps,3,0.07677688916417588,100000
uniform,4,duplicate_facts|missing_measures|stale_timestamps,duplicate_facts|missing_measures|stale_timestamps,3,0.04835279703554035,100000
uniform,4,dimension_drift|duplicate_facts|missing_measures,dimension_drift|duplicate_facts|missing_measures,3,0.026778896589596674,100000
uniform,4,orphan_foreign_keys|stale_timestamps|value_noise,orphan_foreign_keys|stale_timestamps|value_noise,3,0.05489860971237452,100000
uniform,4,dimension_drift|orphan_foreign_keys|value_noise,dimension_drift|orphan_foreign_keys|value_noise,3,0.041666807740004225,100000
uniform,4,duplicate_facts|orphan_foreign_keys|value_noise,duplicate_facts|orphan_foreign_keys|value_noise,3,0.09183163856146115,100000
uniform,4,dimension_drift|stale_timestamps|value_noise,dimension_drift|stale_timestamps|value_noise,3,0.05989186927875716,100000
uniform,4,duplicate_facts|stale_timestamps|value_noise,duplicate_facts|stale_timestamps|value_noise,3,0.10959516254418972,100000
uniform,4,dimension_drift|duplicate_facts|value_noise,dimension_drift|duplicate_facts|value_noise,3,0.1090670383495258,100000
uniform,4,dimension_drift|orphan_foreign_keys|stale_timestamps,dimension_drift|orphan_foreign_keys|stale_timestamps,3,0.04500570611665301,100000
uniform,4,duplicate_facts|orphan_foreign_keys|stale_timestamps,duplicate_facts|orphan_foreign_keys|stale_timestamps,3,0.05951305015415355,100000
uniform,4,dimension_drift|duplicate_facts|orphan_foreign_keys,dimension_drift|duplicate_facts|orphan_foreign_keys,3,0.055519041203727394,100000
uniform,4,dimension_drift|duplicate_facts|stale_timestamps,dimension_drift|duplicate_facts|stale_timestamps,3,0.07141389727625697,100000
uniform,4,missing_measures|orphan_foreign_keys|stale_timestamps|value_noise,missing_measures|orphan_foreign_keys|stale_timestamps|value_noise,4,0.07090858827799479,100000
uniform,4,dimension_drift|missing_measures|orphan_foreign_keys|value_noise,dimension_drift|missing_measures|orphan_foreign_keys|value_noise,4,0.04857766729297126,100000
uniform,4,duplicate_facts|missing_measures|orphan_foreign_keys|value_noise,duplicate_facts|missing_measures|orphan_foreign_keys|value_noise,4,0.05242799460997238,100000
uniform,4,dimension_drift|missing_measures|stale_timestamps|value_noise,dimension_drift|missing_measures|stale_timestamps|value_noise,4,0.060784527521320214,100000
uniform,4,duplicate_facts|missing_measures|stale_timestamps|value_noise,duplicate_facts|missing_measures|stale_timestamps|value_noise,4,0.06716508397433563,100000
uniform,4,dimension_drift|duplicate_facts|missing_measures|value_noise,dimension_drift|duplicate_facts|missing_measures|value_noise,4,0.053892333769064986,100000
uniform,4,dimension_drift|missing_measures|orphan_foreign_keys|stale_timestamps,dimension_drift|missing_measures|orphan_foreign_keys|stale_timestamps,4,0.0881776672846675,100000
uniform,4,duplicate_facts|missing_measures|orphan_foreign_keys|stale_timestamps,duplicate_facts|missing_measures|orphan_foreign_keys|stale_timestamps,4,0.06238963804574182,100000
uniform,4,dimension_drift|duplicate_facts|missing_measures|orphan_foreign_keys,dimension_drift|duplicate_facts|missing_measures|orphan_foreign_keys,4,0.039021498613422495,100000
uniform,4,dimension_drift|duplicate_facts|missing_measures|stale_timestamps,dimension_drift|duplicate_facts|missing_measures|stale_timestamps,4,0.05149348299219374,100000
uniform,4,dimension_drift|orphan_foreign_keys|stale_timestamps|value_noise,dimension_drift|orphan_foreign_keys|stale_timestamps|value_noise,4,0.056296390005471514,100000
uniform,4,duplicate_facts|orphan_foreign_keys|stale_timestamps|value_noise,duplicate_facts|orphan_foreign_keys|stale_timestamps|value_noise,4,0.09476029080764806,100000
uniform,4,dimension_drift|duplicate_facts|orphan_foreign_keys|value_noise,dimension_drift|duplicate_facts|orphan_foreign_keys|value_noise,4,0.09317808553173895,100000
uniform,4,dimension_drift|duplicate_facts|stale_timestamps|value_noise,dimension_drift|duplicate_facts|stale_timestamps|value_noise,4,0.11199569059571271,100000
uniform,4,dimension_drift|duplicate_facts|orphan_foreign_keys|stale_timestamps,dimension_drift|duplicate_facts|orphan_foreign_keys|stale_timestamps,4,0.06165962362927301,100000
uniform,4,dimension_drift|missing_measures|orphan_foreign_keys|stale_timestamps|value_noise,dimension_drift|missing_measures|orphan_foreign_keys|stale_timestamps|value_noise,5,0.07230636857109175,100000
uniform,4,duplicate_facts|missing_measures|orphan_foreign_keys|stale_timestamps|value_noise,duplicate_facts|missing_measures|orphan_foreign_keys|stale_timestamps|value_noise,5,0.06810127286676612,100000
uniform,4,dimension_drift|duplicate_facts|missing_measures|orphan_foreign_keys|value_noise,dimension_drift|duplicate_facts|missing_measures|orphan_foreign_keys|value_noise,5,0.05377444158025012,100000
uniform,4,dimension_drift|duplicate_facts|missing_measures|stale_timestamps|value_noise,dimension_drift|duplicate_facts|missing_measures|stale_timestamps|value_noise,5,0.06956561202585873,100000
uniform,4,dimension_drift|duplicate_facts|missing_measures|orphan_foreign_keys|stale_timestamps,dimension_drift|duplicate_facts|missing_measures|orphan_foreign_keys|stale_timestamps,5,0.06373608501601956,100000
uniform,4,dimension_drift|duplicate_facts|orphan_foreign_keys|stale_timestamps|value_noise,dimension_drift|duplicate_facts|orphan_foreign_keys|stale_timestamps|value_noise,5,0.09610673777792587,100000
uniform,4,dimension_drift|duplicate_facts|missing_measures|orphan_foreign_keys|stale_timestamps|value_noise,dimension_drift|duplicate_facts|missing_measures|orphan_foreign_keys|stale_timestamps|value_noise,6,0.06944771983704387,100000
uniform,5,EMPTY,EMPTY,0,0.0,100000
uniform,5,missing_measures,missing_measures,1,0.049245120455171515,100000
uniform,5,value_noise,value_noise,1,0.043534195270589215,100000
uniform,5,orphan_foreign_keys,orphan_foreign_keys,1,0.014183411947341719,100000
uniform,5,stale_timestamps,stale_timestamps,1,0.029158390351079793,100000
uniform,5,dimension_drift,dimension_drift,1,0.00465615685324724,100000
uniform,5,duplicate_facts,duplicate_facts,1,0.0623762560531079,100000
uniform,5,missing_measures|value_noise,missing_measures|value_noise,2,0.03447917691152105,100000
uniform,5,missing_measures|orphan_foreign_keys,missing_measures|orphan_foreign_keys,2,0.06187930552978741,100000
uniform,5,missing_measures|stale_timestamps,missing_measures|stale_timestamps,2,0.07209746250388974,100000
uniform,5,dimension_drift|missing_measures,dimension_drift|missing_measures,2,0.05238412145939999,100000
uniform,5,duplicate_facts|missing_measures,duplicate_facts|missing_measures,2,0.023289703021846055,100000
uniform,5,orphan_foreign_keys|value_noise,orphan_foreign_keys|value_noise,2,0.04119513588940665,100000
uniform,5,stale_timestamps|value_noise,stale_timestamps|value_noise,2,0.0574080876051206,100000
uniform,5,dimension_drift|value_noise,dimension_drift|value_noise,2,0.046673196274817676,100000
uniform,5,duplicate_facts|value_noise,duplicate_facts|value_noise,2,0.108108423627542,100000
uniform,5,orphan_foreign_keys|stale_timestamps,orphan_foreign_keys|stale_timestamps,2,0.043341802298421515,100000
uniform,5,dimension_drift|orphan_foreign_keys,dimension_drift|orphan_foreign_keys,2,0.01675492645065734,100000
uniform,5,duplicate_facts|orphan_foreign_keys,duplicate_facts|orphan_foreign_keys,2,0.052357712313683115,100000
uniform,5,dimension_drift|stale_timestamps,dimension_drift|stale_timestamps,2,0.03381454720432703,100000
uniform,5,duplicate_facts|stale_timestamps,duplicate_facts|stale_timestamps,2,0.06895504690065002,100000
uniform,5,dimension_drift|duplicate_facts,dimension_drift|duplicate_facts,2,0.06530433736706008,100000
uniform,5,missing_measures|orphan_foreign_keys|value_noise,missing_measures|orphan_foreign_keys|value_noise,3,0.04765077463677572,100000
uniform,5,missing_measures|stale_timestamps|value_noise,missing_measures|stale_timestamps|value_noise,3,0.05763027382135323,100000
uniform,5,dimension_drift|missing_measures|value_noise,dimension_drift|missing_measures|value_noise,3,0.037618177915749576,100000
uniform,5,duplicate_facts|missing_measures|value_noise,duplicate_facts|missing_measures|value_noise,3,0.053193117342267164,100000
uniform,5,missing_measures|orphan_foreign_keys|stale_timestamps,missing_measures|orphan_foreign_keys|stale_timestamps,3,0.08473164757850564,100000
uniform,5,dimension_drift|missing_measures|orphan_foreign_keys,dimension_drift|missing_measures|orphan_foreign_keys,3,0.06445082003310304,100000
uniform,5,duplicate_facts|missing_measures|orphan_foreign_keys,duplicate_facts|missing_measures|orphan_foreign_keys,3,0.036286109724333444,100000
uniform,5,dimension_drift|missing_measures|stale_timestamps,dimension_drift|missing_measures|stale_timestamps,3,0.07523646350811822,100000
uniform,5,duplicate_facts|missing_measures|stale_timestamps,duplicate_facts|missing_measures|stale_timestamps,3,0.0475791195357957,100000
uniform,5,dimension_drift|duplicate_facts|missing_measures,dimension_drift|duplicate_facts|missing_measures,3,0.027297203188672528,100000
uniform,5,orphan_foreign_keys|stale_timestamps|value_noise,orphan_foreign_keys|stale_timestamps|value_noise,3,0.05506902822393805,100000
uniform,5,dimension_drift|orphan_foreign_keys|value_noise,dimension_drift|orphan_foreign_keys|value_noise,3,0.04376665039272233,100000
uniform,5,duplicate_facts|orphan_foreign_keys|value_noise,duplicate_facts|orphan_foreign_keys|value_noise,3,0.09329925878073161,100000
uniform,5,dimension_drift|stale_timestamps|value_noise,dimension_drift|stale_timestamps|value_noise,3,0.06054708860934906,100000
uniform,5,duplicate_facts|stale_timestamps|value_noise,duplicate_facts|stale_timestamps|value_noise,3,0.1108708842716474,100000
uniform,5,dimension_drift|duplicate_facts|value_noise,dimension_drift|duplicate_facts|value_noise,3,0.11103650494149417,100000
uniform,5,dimension_drift|orphan_foreign_keys|stale_timestamps,dimension_drift|orphan_foreign_keys|stale_timestamps,3,0.04591331680173713,100000
uniform,5,duplicate_facts|orphan_foreign_keys|stale_timestamps,duplicate_facts|orphan_foreign_keys|stale_timestamps,3,0.05893650316122524,100000
uniform,5,dimension_drift|duplicate_facts|orphan_foreign_keys,dimension_drift|duplicate_facts|orphan_foreign_keys,3,0.05596359730113369,100000
uniform,5,dimension_drift|duplicate_facts|stale_timestamps,dimension_drift|duplicate_facts|stale_timestamps,3,0.07188312821460222,100000
uniform,5,missing_measures|orphan_foreign_keys|stale_timestamps|value_noise,missing_measures|orphan_foreign_keys|stale_timestamps|value_noise,4,0.07080187154660791,100000
uniform,5,dimension_drift|missing_measures|orphan_foreign_keys|value_noise,dimension_drift|missing_measures|orphan_foreign_keys|value_noise,4,0.050222289140091345,100000
uniform,5,duplicate_facts|missing_measures|orphan_foreign_keys|value_noise,duplicate_facts|missing_measures|orphan_foreign_keys|value_noise,4,0.053144260057316095,100000
uniform,5,dimension_drift|missing_measures|stale_timestamps|value_noise,dimension_drift|missing_measures|stale_timestamps|value_noise,4,0.060769274825581754,100000
uniform,5,duplicate_facts|missing_measures|stale_timestamps|value_noise,duplicate_facts|missing_measures|stale_timestamps|value_noise,4,0.06867325365308141,100000
uniform,5,dimension_drift|duplicate_facts|missing_measures|value_noise,dimension_drift|duplicate_facts|missing_measures|value_noise,4,0.056121198656219284,100000
uniform,5,dimension_drift|missing_measures|orphan_foreign_keys|stale_timestamps,dimension_drift|missing_measures|orphan_foreign_keys|stale_timestamps,4,0.08730316208182126,100000
uniform,5,duplicate_facts|missing_measures|orphan_foreign_keys|stale_timestamps,duplicate_facts|missing_measures|orphan_foreign_keys|stale_timestamps,4,0.06057552623828309,100000
uniform,5,dimension_drift|duplicate_facts|missing_measures|orphan_foreign_keys,dimension_drift|duplicate_facts|missing_measures|orphan_foreign_keys,4,0.039286986315458225,100000
uniform,5,dimension_drift|duplicate_facts|missing_measures|stale_timestamps,dimension_drift|duplicate_facts|missing_measures|stale_timestamps,4,0.051586619702622176,100000
uniform,5,dimension_drift|orphan_foreign_keys|stale_timestamps|value_noise,dimension_drift|orphan_foreign_keys|stale_timestamps|value_noise,4,0.05764054272725373,100000
uniform,5,duplicate_facts|orphan_foreign_keys|stale_timestamps|value_noise,duplicate_facts|orphan_foreign_keys|stale_timestamps|value_noise,4,0.09606171942483702,100000
uniform,5,dimension_drift|duplicate_facts|orphan_foreign_keys|value_noise,dimension_drift|duplicate_facts|orphan_foreign_keys|value_noise,4,0.09630013537185636,100000
uniform,5,dimension_drift|duplicate_facts|stale_timestamps|value_noise,dimension_drift|duplicate_facts|stale_timestamps|value_noise,4,0.11379896558559957,100000
uniform,5,dimension_drift|duplicate_facts|orphan_foreign_keys|stale_timestamps,dimension_drift|duplicate_facts|orphan_foreign_keys|stale_timestamps,4,0.0625423881486758,100000
uniform,5,dimension_drift|missing_measures|orphan_foreign_keys|stale_timestamps|value_noise,dimension_drift|missing_measures|orphan_foreign_keys|stale_timestamps|value_noise,5,0.07337338604992352,100000
uniform,5,duplicate_facts|missing_measures|orphan_foreign_keys|stale_timestamps|value_noise,duplicate_facts|missing_measures|orphan_foreign_keys|stale_timestamps|value_noise,5,0.06862439636813034,100000
uniform,5,dimension_drift|duplicate_facts|missing_measures|orphan_foreign_keys|value_noise,dimension_drift|duplicate_facts|missing_measures|orphan_foreign_keys|value_noise,5,0.056145136648440855,100000
uniform,5,dimension_drift|duplicate_facts|missing_measures|stale_timestamps|value_noise,dimension_drift|duplicate_facts|missing_measures|stale_timestamps|value_noise,5,0.07160133496703353,100000
uniform,5,dimension_drift|duplicate_facts|missing_measures|orphan_foreign_keys|stale_timestamps,dimension_drift|duplicate_facts|missing_measures|orphan_foreign_keys|stale_timestamps,5,0.06357640282940788,100000
uniform,5,dimension_drift|duplicate_facts|orphan_foreign_keys|stale_timestamps|value_noise,dimension_drift|duplicate_facts|orphan_foreign_keys|stale_timestamps|value_noise,5,0.09906259601596176,100000
uniform,5,dimension_drift|duplicate_facts|missing_measures|orphan_foreign_keys|stale_timestamps|value_noise,dimension_drift|duplicate_facts|missing_measures|orphan_foreign_keys|stale_timestamps|value_noise,6,0.0716252729592551,100000
uniform,6,EMPTY,EMPTY,0,0.0,100000
uniform,6,missing_measures,missing_measures,1,0.05086183965298853,100000
uniform,6,value_noise,value_noise,1,0.038120600716027256,100000
uniform,6,orphan_foreign_keys,orphan_foreign_keys,1,0.013458401267567534,100000
uniform,6,stale_timestamps,stale_timestamps,1,0.02857364063696792,100000
uniform,6,dimension_drift,dimension_drift,1,0.00575962665631117,100000
uniform,6,duplicate_facts,duplicate_facts,1,0.06290999412781614,100000
uniform,6,missing_measures|value_noise,missing_measures|value_noise,2,0.03534825345322465,100000
uniform,6,missing_measures|orphan_foreign_keys,missing_measures|orphan_foreign_keys,2,0.0630032886247412,100000
uniform,6,missing_measures|stale_timestamps,missing_measures|stale_timestamps,2,0.07365665385322276,100000
uniform,6,dimension_drift|missing_measures,dimension_drift|missing_measures,2,0.0540759473197673,100000
uniform,6,duplicate_facts|missing_measures,duplicate_facts|missing_measures,2,0.025884786193887382,100000
uniform,6,orphan_foreign_keys|value_noise,orphan_foreign_keys|value_noise,2,0.037408003112896354,100000
uniform,6,stale_timestamps|value_noise,stale_timestamps|value_noise,2,0.053050504413342844,100000
uniform,6,dimension_drift|value_noise,dimension_drift|value_noise,2,0.0413347083828061,100000
uniform,6,duplicate_facts|value_noise,duplicate_facts|value_noise,2,0.10201467689574259,100000
uniform,6,orphan_foreign_keys|stale_timestamps,orphan_foreign_keys|stale_timestamps,2,0.04203204190453545,100000
uniform,6,dimension_drift|orphan_foreign_keys,dimension_drift|orphan_foreign_keys,2,0.016475348191549628,100000
uniform,6,duplicate_facts|orphan_foreign_keys,duplicate_facts|orphan_foreign_keys,2,0.05267822886637188,100000
uniform,6,dimension_drift|stale_timestamps,dimension_drift|stale_timestamps,2,0.034333267293279096,100000
uniform,6,duplicate_facts|stale_timestamps,duplicate_facts|stale_timestamps,2,0.06929081161228001,100000
uniform,6,dimension_drift|duplicate_facts,dimension_drift|duplicate_facts,2,0.06495930017655195,100000
uniform,6,missing_measures|orphan_foreign_keys|value_noise,missing_measures|orphan_foreign_keys|value_noise,3,0.04843957737597313,100000
uniform,6,missing_measures|stale_timestamps|value_noise,missing_measures|stale_timestamps|value_noise,3,0.058736218480750745,100000
uniform,6,dimension_drift|missing_measures|value_noise,dimension_drift|missing_measures|value_noise,3,0.038562361120003615,100000
uniform,6,duplicate_facts|missing_measures|value_noise,duplicate_facts|missing_measures|value_noise,3,0.04676809424610408,100000
uniform,6,missing_measures|orphan_foreign_keys|stale_timestamps,missing_measures|orphan_foreign_keys|stale_timestamps,3,0.08579810282497544,100000
uniform,6,dimension_drift|missing_measures|orphan_foreign_keys,dimension_drift|missing_measures|orphan_foreign_keys,3,0.0660202355487233,100000
uniform,6,duplicate_facts|missing_measures|orphan_foreign_keys,duplicate_facts|missing_measures|orphan_foreign_keys,3,0.038760358830897776,100000
uniform,6,dimension_drift|missing_measures|stale_timestamps,dimension_drift|missing_measures|stale_timestamps,3,0.07687076152000154,100000
uniform,6,duplicate_facts|missing_measures|stale_timestamps,duplicate_facts|missing_measures|stale_timestamps,3,0.04993907543811428,100000
uniform,6,dimension_drift|duplicate_facts|missing_measures,dimension_drift|duplicate_facts|missing_measures,3,0.029936650191425464,100000
uniform,6,orphan_foreign_keys|stale_timestamps|value_noise,orphan_foreign_keys|stale_timestamps|value_noise,3,0.05233790681021194,100000
uniform,6,dimension_drift|orphan_foreign_keys|value_noise,dimension_drift|orphan_foreign_keys|value_noise,3,0.040424950036878786,100000
uniform,6,duplicate_facts|orphan_foreign_keys|value_noise,duplicate_facts|orphan_foreign_keys|value_noise,3,0.0880947271299864,100000
uniform,6,dimension_drift|stale_timestamps|value_noise,dimension_drift|stale_timestamps|value_noise,3,0.05626461208012169,100000
uniform,6,duplicate_facts|stale_timestamps|value_noise,duplicate_facts|stale_timestamps|value_noise,3,0.10488093482583118,100000
uniform,6,dimension_drift|duplicate_facts|value_noise,dimension_drift|duplicate_facts|value_noise,3,0.10406398294447858,100000
uniform,6,dimension_drift|orphan_foreign_keys|stale_timestamps,dimension_drift|orphan_foreign_keys|stale_timestamps,3,0.04504898882851755,100000
uniform,6,duplicate_facts|orphan_foreign_keys|stale_timestamps,duplicate_facts|orphan_foreign_keys|stale_timestamps,3,0.05905904635083574,100000
uniform,6,dimension_drift|duplicate_facts|orphan_foreign_keys,dimension_drift|duplicate_facts|orphan_foreign_keys,3,0.05696397088139955,100000
uniform,6,dimension_drift|duplicate_facts|stale_timestamps,dimension_drift|duplicate_facts|stale_timestamps,3,0.0713401176610158,100000
uniform,6,missing_measures|orphan_foreign_keys|stale_timestamps|value_noise,missing_measures|orphan_foreign_keys|stale_timestamps|value_noise,4,0.07182754240349923,100000
uniform,6,dimension_drift|missing_measures|orphan_foreign_keys|value_noise,dimension_drift|missing_measures|orphan_foreign_keys|value_noise,4,0.05145652429995517,100000
uniform,6,duplicate_facts|missing_measures|orphan_foreign_keys|value_noise,duplicate_facts|missing_measures|orphan_foreign_keys|value_noise,4,0.049731851529736,100000
uniform,6,dimension_drift|missing_measures|stale_timestamps|value_noise,dimension_drift|missing_measures|stale_timestamps|value_noise,4,0.0619503261475297,100000
uniform,6,duplicate_facts|missing_measures|stale_timestamps|value_noise,duplicate_facts|missing_measures|stale_timestamps|value_noise,4,0.06390657077323152,100000
uniform,6,dimension_drift|duplicate_facts|missing_measures|value_noise,dimension_drift|duplicate_facts|missing_measures|value_noise,4,0.048817400294839705,100000
uniform,6,dimension_drift|missing_measures|orphan_foreign_keys|stale_timestamps,dimension_drift|missing_measures|orphan_foreign_keys|stale_timestamps,4,0.08881504974895753,100000
uniform,6,duplicate_facts|missing_measures|orphan_foreign_keys|stale_timestamps,duplicate_facts|missing_measures|orphan_foreign_keys|stale_timestamps,4,0.06281464807512467,100000
uniform,6,dimension_drift|duplicate_facts|missing_measures|orphan_foreign_keys,dimension_drift|duplicate_facts|missing_measures|orphan_foreign_keys,4,0.0409797115493173,100000
uniform,6,dimension_drift|duplicate_facts|missing_measures|stale_timestamps,dimension_drift|duplicate_facts|missing_measures|stale_timestamps,4,0.05399093943565236,100000
uniform,6,dimension_drift|orphan_foreign_keys|stale_timestamps|value_noise,dimension_drift|orphan_foreign_keys|stale_timestamps|value_noise,4,0.05535485373419438,100000
uniform,6,duplicate_facts|orphan_foreign_keys|stale_timestamps|value_noise,duplicate_facts|orphan_foreign_keys|stale_timestamps|value_noise,4,0.090960985060075,100000
uniform,6,dimension_drift|duplicate_facts|orphan_foreign_keys|value_noise,dimension_drift|duplicate_facts|orphan_foreign_keys|value_noise,4,0.09031407984840562,100000
uniform,6,dimension_drift|duplicate_facts|stale_timestamps|value_noise,dimension_drift|duplicate_facts|stale_timestamps|value_noise,4,0.10693024087456718,100000
uniform,6,dimension_drift|duplicate_facts|orphan_foreign_keys|stale_timestamps,dimension_drift|duplicate_facts|orphan_foreign_keys|stale_timestamps,4,0.06334478836586341,100000
uniform,6,dimension_drift|missing_measures|orphan_foreign_keys|stale_timestamps|value_noise,dimension_drift|missing_measures|orphan_foreign_keys|stale_timestamps|value_noise,5,0.07484448932748126,100000
uniform,6,duplicate_facts|missing_measures|orphan_foreign_keys|stale_timestamps|value_noise,duplicate_facts|missing_measures|orphan_foreign_keys|stale_timestamps|value_noise,5,0.06687032805686344,100000
uniform,6,dimension_drift|duplicate_facts|missing_measures|orphan_foreign_keys|value_noise,dimension_drift|duplicate_facts|missing_measures|orphan_foreign_keys|value_noise,5,0.051951204248155414,100000
uniform,6,dimension_drift|duplicate_facts|missing_measures|stale_timestamps|value_noise,dimension_drift|duplicate_facts|missing_measures|stale_timestamps|value_noise,5,0.06595587682196714,100000
uniform,6,dimension_drift|duplicate_facts|missing_measures|orphan_foreign_keys|stale_timestamps,dimension_drift|duplicate_facts|missing_measures|orphan_foreign_keys|stale_timestamps,5,0.06503400079354421,100000
uniform,6,dimension_drift|duplicate_facts|orphan_foreign_keys|stale_timestamps|value_noise,dimension_drift|duplicate_facts|orphan_foreign_keys|stale_timestamps|value_noise,5,0.09318033777849422,100000
uniform,6,dimension_drift|duplicate_facts|missing_measures|orphan_foreign_keys|stale_timestamps|value_noise,dimension_drift|duplicate_facts|missing_measures|orphan_foreign_keys|stale_timestamps|value_noise,6,0.06908968077528285,100000
uniform,7,EMPTY,EMPTY,0,0.0,100000
uniform,7,missing_measures,missing_measures,1,0.049880594068992305,100000
uniform,7,value_noise,value_noise,1,0.04162085032596299,100000
uniform,7,orphan_foreign_keys,orphan_foreign_keys,1,0.014154963686555092,100000
uniform,7,stale_timestamps,stale_timestamps,1,0.02869664621794566,100000
uniform,7,dimension_drift,dimension_drift,1,0.00454748833030972,100000
uniform,7,duplicate_facts,duplicate_facts,1,0.06275099896261338,100000
uniform,7,missing_measures|value_noise,missing_measures|value_noise,2,0.0344294097777275,100000
uniform,7,missing_measures|orphan_foreign_keys,missing_measures|orphan_foreign_keys,2,0.06261405010540638,100000
uniform,7,missing_measures|stale_timestamps,missing_measures|stale_timestamps,2,0.07249557737684832,100000
uniform,7,dimension_drift|missing_measures,dimension_drift|missing_measures,2,0.052768434793461313,100000
uniform,7,duplicate_facts|missing_measures,duplicate_facts|missing_measures,2,0.02508622491421058,100000
uniform,7,orphan_foreign_keys|value_noise,orphan_foreign_keys|value_noise,2,0.0399372333069176,100000
uniform,7,stale_timestamps|value_noise,stale_timestamps|value_noise,2,0.056480454862601046,100000
uniform,7,dimension_drift|value_noise,dimension_drift|value_noise,2,0.044508691050432,100000
uniform,7,duplicate_facts|value_noise,duplicate_facts|value_noise,2,0.10691732566363327,100000
uniform,7,orphan_foreign_keys|stale_timestamps,orphan_foreign_keys|stale_timestamps,2,0.04285160990450076,100000
uniform,7,dimension_drift|orphan_foreign_keys,dimension_drift|orphan_foreign_keys,2,0.016237463087909625,100000
uniform,7,duplicate_facts|orphan_foreign_keys,duplicate_facts|orphan_foreign_keys,2,0.052671721801320896,100000
uniform,7,dimension_drift|stale_timestamps,dimension_drift|stale_timestamps,2,0.03324413454825538,100000
uniform,7,duplicate_facts|stale_timestamps,duplicate_facts|stale_timestamps,2,0.06975280570443523,100000
uniform,7,dimension_drift|duplicate_facts,dimension_drift|duplicate_facts,2,0.06511004689797836,100000
uniform,7,missing_measures|orphan_foreign_keys|value_noise,missing_measures|orphan_foreign_keys|value_noise,3,0.04776786398064094,100000
uniform,7,missing_measures|stale_timestamps|value_noise,missing_measures|stale_timestamps|value_noise,3,0.057646491289583955,100000
uniform,7,dimension_drift|missing_measures|value_noise,dimension_drift|missing_measures|value_noise,3,0.037317250502196656,100000
uniform,7,duplicate_facts|missing_measures|value_noise,duplicate_facts|missing_measures|value_noise,3,0.054583297573598415,100000
uniform,7,missing_measures|orphan_foreign_keys|stale_timestamps,missing_measures|orphan_foreign_keys|stale_timestamps,3,0.0852290334132624,100000
uniform,7,dimension_drift|missing_measures|orphan_foreign_keys,dimension_drift|missing_measures|orphan_foreign_keys,3,0.06469654950676088,100000
uniform,7,duplicate_facts|missing_measures|orphan_foreign_keys,duplicate_facts|missing_measures|orphan_foreign_keys,3,0.038254023268277315,100000
uniform,7,dimension_drift|missing_measures|stale_timestamps,dimension_drift|missing_measures|stale_timestamps,3,0.07538341810131732,100000
uniform,7,duplicate_facts|missing_measures|stale_timestamps,duplicate_facts|missing_measures|stale_timestamps,3,0.048957248002876055,100000
uniform,7,dimension_drift|duplicate_facts|missing_measures,dimension_drift|duplicate_facts|missing_measures,3,0.027763872400037356,100000
uniform,7,orphan_foreign_keys|stale_timestamps|value_noise,orphan_foreign_keys|stale_timestamps|value_noise,3,0.054796837843555664,100000
uniform,7,dimension_drift|orphan_foreign_keys|value_noise,dimension_drift|orphan_foreign_keys|value_noise,3,0.04201973270827222,100000
uniform,7,duplicate_facts|orphan_foreign_keys|value_noise,duplicate_facts|orphan_foreign_keys|value_noise,3,0.09245597605886872,100000
uniform,7,dimension_drift|stale_timestamps|value_noise,dimension_drift|stale_timestamps|value_noise,3,0.05936829558707006,100000
uniform,7,duplicate_facts|stale_timestamps|value_noise,duplicate_facts|stale_timestamps|value_noise,3,0.10971754205570557,100000
uniform,7,dimension_drift|duplicate_facts|value_noise,dimension_drift|duplicate_facts|value_noise,3,0.10927637359899839,100000
uniform,7,dimension_drift|orphan_foreign_keys|stale_timestamps,dimension_drift|orphan_foreign_keys|stale_timestamps,3,0.04493410930585529,100000
uniform,7,duplicate_facts|orphan_foreign_keys|stale_timestamps,duplicate_facts|orphan_foreign_keys|stale_timestamps,3,0.05967352854314275,100000
uniform,7,dimension_drift|duplicate_facts|orphan_foreign_keys,dimension_drift|duplicate_facts|orphan_foreign_keys,3,0.055572111584846616,100000
uniform,7,dimension_drift|duplicate_facts|stale_timestamps,dimension_drift|duplicate_facts|stale_timestamps,3,0.07211185363980023,100000
uniform,7,missing_measures|orphan_foreign_keys|stale_timestamps|value_noise,missing_measures|orphan_foreign_keys|stale_timestamps|value_noise,4,0.0709849454924974,100000
uniform,7,dimension_drift|missing_measures|orphan_foreign_keys|value_noise,dimension_drift|missing_measures|orphan_foreign_keys|value_noise,4,0.049850363381995465,100000
uniform,7,duplicate_facts|missing_measures|orphan_foreign_keys|value_noise,duplicate_facts|missing_measures|orphan_foreign_keys|value_noise,4,0.05432784299857033,100000
uniform,7,dimension_drift|missing_measures|stale_timestamps|value_noise,dimension_drift|missing_measures|stale_timestamps|value_noise,4,0.0605343320140531,100000
uniform,7,duplicate_facts|missing_measures|stale_timestamps|value_noise,duplicate_facts|missing_measures|stale_timestamps|value_noise,4,0.07092255711322921,100000
uniform,7,dimension_drift|duplicate_facts|missing_measures|value_noise,dimension_drift|duplicate_facts|missing_measures|value_noise,4,0.05694234550896338,100000
uniform,7,dimension_drift|missing_measures|orphan_foreign_keys|stale_timestamps,dimension_drift|missing_measures|orphan_foreign_keys|stale_timestamps,4,0.08731153281461689,100000
uniform,7,duplicate_facts|missing_measures|orphan_foreign_keys|stale_timestamps,duplicate_facts|missing_measures|orphan_foreign_keys|stale_timestamps,4,0.062125046356942784,100000
uniform,7,dimension_drift|duplicate_facts|missing_measures|orphan_foreign_keys,dimension_drift|duplicate_facts|missing_measures|orphan_foreign_keys,4,0.0407605268188923,100000
uniform,7,dimension_drift|duplicate_facts|missing_measures|stale_timestamps,dimension_drift|duplicate_facts|missing_measures|stale_timestamps,4,0.05163489548870283,100000
uniform,7,dimension_drift|orphan_foreign_keys|stale_timestamps|value_noise,dimension_drift|orphan_foreign_keys|stale_timestamps|value_noise,4,0.05687933724491028,100000
uniform,7,duplicate_facts|orphan_foreign_keys|stale_timestamps|value_noise,duplicate_facts|orphan_foreign_keys|stale_timestamps|value_noise,4,0.09525619245094102,100000
uniform,7,dimension_drift|duplicate_facts|orphan_foreign_keys|value_noise,dimension_drift|duplicate_facts|orphan_foreign_keys|value_noise,4,0.09496247960948351,100000
uniform,7,dimension_drift|duplicate_facts|stale_timestamps|value_noise,dimension_drift|duplicate_facts|stale_timestamps|value_noise,4,0.11207658999107067,100000
uniform,7,dimension_drift|duplicate_facts|orphan_foreign_keys|stale_timestamps,dimension_drift|duplicate_facts|orphan_foreign_keys|stale_timestamps,4,0.06257391832666848,100000
uniform,7,dimension_drift|missing_measures|orphan_foreign_keys|stale_timestamps|value_noise,dimension_drift|missing_measures|orphan_foreign_keys|stale_timestamps|value_noise,5,0.07306744489385192,100000
uniform,7,duplicate_facts|missing_measures|orphan_foreign_keys|stale_timestamps|value_noise,duplicate_facts|missing_measures|orphan_foreign_keys|stale_timestamps|value_noise,5,0.07066710253820113,100000
uniform,7,dimension_drift|duplicate_facts|missing_measures|orphan_foreign_keys|value_noise,dimension_drift|duplicate_facts|missing_measures|orphan_foreign_keys|value_noise,5,0.056834346549185365,100000
uniform,7,dimension_drift|duplicate_facts|missing_measures|stale_timestamps|value_noise,dimension_drift|duplicate_facts|missing_measures|stale_timestamps|value_noise,5,0.07328160504859418,100000
uniform,7,dimension_drift|duplicate_facts|missing_measures|orphan_foreign_keys|stale_timestamps,dimension_drift|duplicate_facts|missing_measures|orphan_foreign_keys|stale_timestamps,5,0.06463154990755776,100000
uniform,7,dimension_drift|duplicate_facts|orphan_foreign_keys|stale_timestamps|value_noise,dimension_drift|duplicate_facts|orphan_foreign_keys|stale_timestamps|value_noise,5,0.0977626960015558,100000
uniform,7,dimension_drift|duplicate_facts|missing_measures|orphan_foreign_keys|stale_timestamps|value_noise,dimension_drift|duplicate_facts|missing_measures|orphan_foreign_keys|stale_timestamps|value_noise,6,0.07317360608881616,100000
uniform,8,EMPTY,EMPTY,0,0.0,100000
uniform,8,missing_measures,missing_measures,1,0.050444908959535455,100000
uniform,8,value_noise,value_noise,1,0.03595314310271469,100000
uniform,8,orphan_foreign_keys,orphan_foreign_keys,1,0.013884941283202962,100000
uniform,8,stale_timestamps,stale_timestamps,1,0.028693365056322223,100000
uniform,8,dimension_drift,dimension_drift,1,0.006377523468598921,100000
uniform,8,duplicate_facts,duplicate_facts,1,0.06574833296249595,100000
uniform,8,missing_measures|value_noise,missing_measures|value_noise,2,0.036053507330384565,100000
uniform,8,missing_measures|orphan_foreign_keys,missing_measures|orphan_foreign_keys,2,0.06303555302694835,100000
uniform,8,missing_measures|stale_timestamps,missing_measures|stale_timestamps,2,0.07367042759371613,100000
uniform,8,dimension_drift|missing_measures,dimension_drift|missing_measures,2,0.05418001701499814,100000
uniform,8,duplicate_facts|missing_measures,duplicate_facts|missing_measures,2,0.024045236664629134,100000
uniform,8,orphan_foreign_keys|value_noise,orphan_foreign_keys|value_noise,2,0.03633455486853892,100000
uniform,8,stale_timestamps|value_noise,stale_timestamps|value_noise,2,0.05150826000204225,100000
uniform,8,dimension_drift|value_noise,dimension_drift|value_noise,2,0.03968825115817755,100000
uniform,8,duplicate_facts|value_noise,duplicate_facts|value_noise,2,0.10275488263332416,100000
uniform,8,orphan_foreign_keys|stale_timestamps,orphan_foreign_keys|stale_timestamps,2,0.04257830633952519,100000
uniform,8,dimension_drift|orphan_foreign_keys,dimension_drift|orphan_foreign_keys,2,0.016374117327431305,100000
uniform,8,duplicate_facts|orphan_foreign_keys,duplicate_facts|orphan_foreign_keys,2,0.05476235582494429,100000
uniform,8,dimension_drift|stale_timestamps,dimension_drift|stale_timestamps,2,0.03507088852492114,100000
uniform,8,duplicate_facts|stale_timestamps,duplicate_facts|stale_timestamps,2,0.0706252267594898,100000
uniform,8,dimension_drift|duplicate_facts,dimension_drift|duplicate_facts,2,0.06921444247919831,100000
uniform,8,missing_measures|orphan_foreign_keys|value_noise,missing_measures|orphan_foreign_keys|value_noise,3,0.049199774119264315,100000
uniform,8,missing_measures|stale_timestamps|value_noise,missing_measures|stale_timestamps|value_noise,3,0.05969475267615008,100000
uniform,8,dimension_drift|missing_measures|value_noise,dimension_drift|missing_measures|value_noise,3,0.03978861538584739,100000
uniform,8,duplicate_facts|missing_measures|value_noise,duplicate_facts|missing_measures|value_noise,3,0.04908004323555565,100000
uniform,8,missing_measures|orphan_foreign_keys|stale_timestamps,missing_measures|orphan_foreign_keys|stale_timestamps,3,0.08626107166112902,100000
uniform,8,dimension_drift|missing_measures|orphan_foreign_keys,dimension_drift|missing_measures|orphan_foreign_keys,3,0.06552472907117668,100000
uniform,8,duplicate_facts|missing_measures|orphan_foreign_keys,duplicate_facts|missing_measures|orphan_foreign_keys,3,0.03735175721241116,100000
uniform,8,dimension_drift|missing_measures|stale_timestamps,dimension_drift|missing_measures|stale_timestamps,3,0.07740553564917882,100000
uniform,8,duplicate_facts|missing_measures|stale_timestamps,duplicate_facts|missing_measures|stale_timestamps,3,0.047955065976315187,100000
uniform,8,dimension_drift|duplicate_facts|missing_measures,dimension_drift|duplicate_facts|missing_measures,3,0.02950352436145881,100000
uniform,8,orphan_foreign_keys|stale_timestamps|value_noise,orphan_foreign_keys|stale_timestamps|value_noise,3,0.05188967176786648,100000
uniform,8,dimension_drift|orphan_foreign_keys|value_noise,dimension_drift|orphan_foreign_keys|value_noise,3,0.03882373091276735,100000
uniform,8,duplicate_facts|orphan_foreign_keys|value_noise,duplicate_facts|orphan_foreign_keys|value_noise,3,0.08901981355025906,100000
uniform,8,dimension_drift|stale_timestamps|value_noise,dimension_drift|stale_timestamps|value_noise,3,0.055243368057505106,100000
uniform,8,duplicate_facts|stale_timestamps|value_noise,duplicate_facts|stale_timestamps|value_noise,3,0.10542669086631586,100000
uniform,8,dimension_drift|duplicate_facts|value_noise,dimension_drift|duplicate_facts|value_noise,3,0.10622099215002656,100000
uniform,8,dimension_drift|orphan_foreign_keys|stale_timestamps,dimension_drift|orphan_foreign_keys|stale_timestamps,3,0.04506748238375352,100000
uniform,8,duplicate_facts|orphan_foreign_keys|stale_timestamps,duplicate_facts|orphan_foreign_keys|stale_timestamps,3,0.05963924962193814,100000
uniform,8,dimension_drift|duplicate_facts|orphan_foreign_keys,dimension_drift|duplicate_facts|orphan_foreign_keys,3,0.05833822642864307,100000
uniform,8,dimension_drift|duplicate_facts|stale_timestamps,dimension_drift|duplicate_facts|stale_timestamps,3,0.07409133627619216,100000
uniform,8,missing_measures|orphan_foreign_keys|stale_timestamps|value_noise,missing_measures|orphan_foreign_keys|stale_timestamps|value_noise,4,0.07284101946502983,100000
uniform,8,dimension_drift|missing_measures|orphan_foreign_keys|value_noise,dimension_drift|missing_measures|orphan_foreign_keys|value_noise,4,0.05168895016349271,100000
uniform,8,duplicate_facts|missing_measures|orphan_foreign_keys|value_noise,duplicate_facts|missing_measures|orphan_foreign_keys|value_noise,4,0.051255851733597584,100000
uniform,8,dimension_drift|missing_measures|stale_timestamps|value_noise,dimension_drift|missing_measures|stale_timestamps|value_noise,4,0.0634298607316129,100000
uniform,8,duplicate_facts|missing_measures|stale_timestamps|value_noise,duplicate_facts|missing_measures|stale_timestamps|value_noise,4,0.06533619123880227,100000
uniform,8,dimension_drift|duplicate_facts|missing_measures|value_noise,dimension_drift|duplicate_facts|missing_measures|value_noise,4,0.052546152752257935,100000
uniform,8,dimension_drift|missing_measures|orphan_foreign_keys|stale_timestamps,dimension_drift|missing_measures|orphan_foreign_keys|stale_timestamps,4,0.08875024770535736,100000
uniform,8,duplicate_facts|missing_measures|orphan_foreign_keys|stale_timestamps,duplicate_facts|missing_measures|orphan_foreign_keys|stale_timestamps,4,0.0612615865240972,100000
uniform,8,dimension_drift|duplicate_facts|missing_measures|orphan_foreign_keys,dimension_drift|duplicate_facts|missing_measures|orphan_foreign_keys,4,0.039724648672553625,100000
uniform,8,dimension_drift|duplicate_facts|missing_measures|stale_timestamps,dimension_drift|duplicate_facts|missing_measures|stale_timestamps,4,0.053413353673144856,100000
uniform,8,dimension_drift|orphan_foreign_keys|stale_timestamps|value_noise,dimension_drift|orphan_foreign_keys|stale_timestamps|value_noise,4,0.05437884781209491,100000
uniform,8,duplicate_facts|orphan_foreign_keys|stale_timestamps|value_noise,duplicate_facts|orphan_foreign_keys|stale_timestamps|value_noise,4,0.09169162178325074,100000
uniform,8,dimension_drift|duplicate_facts|orphan_foreign_keys|value_noise,dimension_drift|duplicate_facts|orphan_foreign_keys|value_noise,4,0.09139270501040155,100000
uniform,8,dimension_drift|duplicate_facts|stale_timestamps|value_noise,dimension_drift|duplicate_facts|stale_timestamps|value_noise,4,0.10889280038301825,100000
uniform,8,dimension_drift|duplicate_facts|orphan_foreign_keys|stale_timestamps,dimension_drift|duplicate_facts|orphan_foreign_keys|stale_timestamps,4,0.06321512022563693,100000
uniform,8,dimension_drift|missing_measures|orphan_foreign_keys|stale_timestamps|value_noise,dimension_drift|missing_measures|orphan_foreign_keys|stale_timestamps|value_noise,5,0.07533019550925822,100000
uniform,8,duplicate_facts|missing_measures|orphan_foreign_keys|stale_timestamps|value_noise,duplicate_facts|missing_measures|orphan_foreign_keys|stale_timestamps|value_noise,5,0.06751199973684419,100000
uniform,8,dimension_drift|duplicate_facts|missing_measures|orphan_foreign_keys|value_noise,dimension_drift|duplicate_facts|missing_measures|orphan_foreign_keys|value_noise,5,0.05362874319374009,100000
uniform,8,dimension_drift|duplicate_facts|missing_measures|stale_timestamps|value_noise,dimension_drift|duplicate_facts|missing_measures|stale_timestamps|value_noise,5,0.06880230075550456,100000
uniform,8,dimension_drift|duplicate_facts|missing_measures|orphan_foreign_keys|stale_timestamps,dimension_drift|duplicate_facts|missing_measures|orphan_foreign_keys|stale_timestamps,5,0.06363447798423967,100000
uniform,8,dimension_drift|duplicate_facts|orphan_foreign_keys|stale_timestamps|value_noise,dimension_drift|duplicate_facts|orphan_foreign_keys|stale_timestamps|value_noise,5,0.09406451324339321,100000
uniform,8,dimension_drift|duplicate_facts|missing_measures|orphan_foreign_keys|stale_timestamps|value_noise,dimension_drift|duplicate_facts|missing_measures|orphan_foreign_keys|stale_timestamps|value_noise,6,0.06988489119698671,100000
uniform,9,EMPTY,EMPTY,0,0.0,100000
uniform,9,missing_measures,missing_measures,1,0.05013228945643698,100000
uniform,9,value_noise,value_noise,1,0.03977852725674242,100000
uniform,9,orphan_foreign_keys,orphan_foreign_keys,1,0.014034585333203063,100000
uniform,9,stale_timestamps,stale_timestamps,1,0.02862318187707195,100000
uniform,9,dimension_drift,dimension_drift,1,0.006854428586858939,100000
uniform,9,duplicate_facts,duplicate_facts,1,0.06320418286641744,100000
uniform,9,missing_measures|value_noise,missing_measures|value_noise,2,0.03596407467214761,100000
uniform,9,missing_measures|orphan_foreign_keys,missing_measures|orphan_foreign_keys,2,0.06323607603748987,100000
uniform,9,missing_measures|stale_timestamps,missing_measures|stale_timestamps,2,0.073225496725878,100000
uniform,9,dimension_drift|missing_measures,dimension_drift|missing_measures,2,0.05382480415226713,100000
uniform,9,duplicate_facts|missing_measures,duplicate_facts|missing_measures,2,0.023854496487427948,100000
uniform,9,orphan_foreign_keys|value_noise,orphan_foreign_keys|value_noise,2,0.03922782614431942,100000
uniform,9,stale_timestamps|value_noise,stale_timestamps|value_noise,2,0.053582861082954174,100000
uniform,9,dimension_drift|value_noise,dimension_drift|value_noise,2,0.04347104195257269,100000
uniform,9,duplicate_facts|value_noise,duplicate_facts|value_noise,2,0.10484914780616819,100000
uniform,9,orphan_foreign_keys|stale_timestamps,orphan_foreign_keys|stale_timestamps,2,0.04265776721027502,100000
uniform,9,dimension_drift|orphan_foreign_keys,dimension_drift|orphan_foreign_keys,2,0.017463755772523168,100000
uniform,9,duplicate_facts|orphan_foreign_keys,duplicate_facts|orphan_foreign_keys,2,0.05321447026748171,100000
uniform,9,dimension_drift|stale_timestamps,dimension_drift|stale_timestamps,2,0.035477610463930886,100000
uniform,9,duplicate_facts|stale_timestamps,duplicate_facts|stale_timestamps,2,0.06891899686428037,100000
uniform,9,dimension_drift|duplicate_facts,dimension_drift|duplicate_facts,2,0.06650188245914951,100000
uniform,9,missing_measures|orphan_foreign_keys|value_noise,missing_measures|orphan_foreign_keys|value_noise,3,0.04954430505253181,100000
uniform,9,missing_measures|stale_timestamps|value_noise,missing_measures|stale_timestamps|value_noise,3,0.0589103923531647,100000
uniform,9,dimension_drift|missing_measures|value_noise,dimension_drift|missing_measures|value_noise,3,0.040689100648065815,100000
uniform,9,duplicate_facts|missing_measures|value_noise,duplicate_facts|missing_measures|value_noise,3,0.051013687698954334,100000
uniform,9,missing_measures|orphan_foreign_keys|stale_timestamps,missing_measures|orphan_foreign_keys|stale_timestamps,3,0.08632928330693089,100000
uniform,9,dimension_drift|missing_measures|orphan_foreign_keys,dimension_drift|missing_measures|orphan_foreign_keys,3,0.06666524647681007,100000
uniform,9,duplicate_facts|missing_measures|orphan_foreign_keys,duplicate_facts|missing_measures|orphan_foreign_keys,3,0.03759881557856405,100000
uniform,9,dimension_drift|missing_measures|stale_timestamps,dimension_drift|missing_measures|stale_timestamps,3,0.07691801142170815,100000
uniform,9,duplicate_facts|missing_measures|stale_timestamps,duplicate_facts|missing_measures|stale_timestamps,3,0.047544521071588075,100000
uniform,9,dimension_drift|duplicate_facts|missing_measures,dimension_drift|duplicate_facts|missing_measures,3,0.029540455841055566,100000
uniform,9,orphan_foreign_keys|stale_timestamps|value_noise,orphan_foreign_keys|stale_timestamps|value_noise,3,0.05303215997053117,100000
uniform,9,dimension_drift|orphan_foreign_keys|value_noise,dimension_drift|orphan_foreign_keys|value_noise,3,0.04346249733112076,100000
uniform,9,duplicate_facts|orphan_foreign_keys|value_noise,duplicate_facts|orphan_foreign_keys|value_noise,3,0.0916244586559962,100000
uniform,9,dimension_drift|stale_timestamps|value_noise,dimension_drift|stale_timestamps|value_noise,3,0.05727537577878444,100000
uniform,9,duplicate_facts|stale_timestamps|value_noise,duplicate_facts|stale_timestamps|value_noise,3,0.10739860625995727,100000
uniform,9,dimension_drift|duplicate_facts|value_noise,dimension_drift|duplicate_facts|value_noise,3,0.10814684739890015,100000
uniform,9,dimension_drift|orphan_foreign_keys|stale_timestamps,dimension_drift|orphan_foreign_keys|stale_timestamps,3,0.04608693764959512,100000
uniform,9,duplicate_facts|orphan_foreign_keys|stale_timestamps,duplicate_facts|orphan_foreign_keys|stale_timestamps,3,0.058929284265344634,100000
uniform,9,dimension_drift|duplicate_facts|orphan_foreign_keys,dimension_drift|duplicate_facts|orphan_foreign_keys,3,0.05834456996443216,100000
uniform,9,dimension_drift|duplicate_facts|stale_timestamps,dimension_drift|duplicate_facts|stale_timestamps,3,0.07221669645701245,100000
uniform,9,missing_measures|orphan_foreign_keys|stale_timestamps|value_noise,missing_measures|orphan_foreign_keys|stale_timestamps|value_noise,4,0.0724906227335489,100000
uniform,9,dimension_drift|missing_measures|orphan_foreign_keys|value_noise,dimension_drift|missing_measures|orphan_foreign_keys|value_noise,4,0.052973475491851954,100000
uniform,9,duplicate_facts|missing_measures|orphan_foreign_keys|value_noise,duplicate_facts|missing_measures|orphan_foreign_keys|value_noise,4,0.05307225258074651,100000
uniform,9,dimension_drift|missing_measures|stale_timestamps|value_noise,dimension_drift|missing_measures|stale_timestamps|value_noise,4,0.0636354183290829,100000
uniform,9,duplicate_facts|missing_measures|stale_timestamps|value_noise,duplicate_facts|missing_measures|stale_timestamps|value_noise,4,0.06565992512915506,100000
uniform,9,dimension_drift|duplicate_facts|missing_measures|value_noise,dimension_drift|duplicate_facts|missing_measures|value_noise,4,0.05431138729168622,100000
uniform,9,dimension_drift|missing_measures|orphan_foreign_keys|stale_timestamps,dimension_drift|missing_measures|orphan_foreign_keys|stale_timestamps,4,0.0897584537462511,100000
uniform,9,duplicate_facts|missing_measures|orphan_foreign_keys|stale_timestamps,duplicate_facts|missing_measures|orphan_foreign_keys|stale_timestamps,4,0.06128884016272418,100000
uniform,9,dimension_drift|duplicate_facts|missing_measures|orphan_foreign_keys,dimension_drift|duplicate_facts|missing_measures|orphan_foreign_keys,4,0.04083890628235085,100000
uniform,9,dimension_drift|duplicate_facts|missing_measures|stale_timestamps,dimension_drift|duplicate_facts|missing_measures|stale_timestamps,4,0.05323048042521569,100000
uniform,9,dimension_drift|orphan_foreign_keys|stale_timestamps|value_noise,dimension_drift|orphan_foreign_keys|stale_timestamps|value_noise,4,0.05726683115733251,100000
uniform,9,duplicate_facts|orphan_foreign_keys|stale_timestamps|value_noise,duplicate_facts|orphan_foreign_keys|stale_timestamps|value_noise,4,0.09417391710978529,100000
uniform,9,dimension_drift|duplicate_facts|orphan_foreign_keys|value_noise,dimension_drift|duplicate_facts|orphan_foreign_keys|value_noise,4,0.09486454935978295,100000
uniform,9,dimension_drift|duplicate_facts|stale_timestamps|value_noise,dimension_drift|duplicate_facts|stale_timestamps|value_noise,4,0.11069630585268925,100000
uniform,9,dimension_drift|duplicate_facts|orphan_foreign_keys|stale_timestamps,dimension_drift|duplicate_facts|orphan_foreign_keys|stale_timestamps,4,0.06405938396229509,100000
uniform,9,dimension_drift|missing_measures|orphan_foreign_keys|stale_timestamps|value_noise,dimension_drift|missing_measures|orphan_foreign_keys|stale_timestamps|value_noise,5,0.07591979317286907,100000
uniform,9,duplicate_facts|missing_measures|orphan_foreign_keys|stale_timestamps|value_noise,duplicate_facts|missing_measures|orphan_foreign_keys|stale_timestamps|value_noise,5,0.06771849001094724,100000
uniform,9,dimension_drift|duplicate_facts|missing_measures|orphan_foreign_keys|value_noise,dimension_drift|duplicate_facts|missing_measures|orphan_foreign_keys|value_noise,5,0.05694947410568808,100000
uniform,9,dimension_drift|duplicate_facts|missing_measures|stale_timestamps|value_noise,dimension_drift|duplicate_facts|missing_measures|stale_timestamps|value_noise,5,0.06895762472188695,100000
uniform,9,dimension_drift|duplicate_facts|missing_measures|orphan_foreign_keys|stale_timestamps,dimension_drift|duplicate_facts|missing_measures|orphan_foreign_keys|stale_timestamps,5,0.06452893086651099,100000
uniform,9,dimension_drift|duplicate_facts|orphan_foreign_keys|stale_timestamps|value_noise,dimension_drift|duplicate_facts|orphan_foreign_keys|stale_timestamps|value_noise,5,0.09741400781357201,100000
uniform,9,dimension_drift|duplicate_facts|missing_measures|orphan_foreign_keys|stale_timestamps|value_noise,dimension_drift|duplicate_facts|missing_measures|orphan_foreign_keys|stale_timestamps|value_noise,6,0.07159571153588881,100000
uniform,10,EMPTY,EMPTY,0,0.0,100000
uniform,10,missing_measures,missing_measures,1,0.05050607350748813,100000
uniform,10,value_noise,value_noise,1,0.03945102898288178,100000
uniform,10,orphan_foreign_keys,orphan_foreign_keys,1,0.013652481655430307,100000
uniform,10,stale_timestamps,stale_timestamps,1,0.02935946727412534,100000
uniform,10,dimension_drift,dimension_drift,1,0.007669443027527503,100000
uniform,10,duplicate_facts,duplicate_facts,1,0.06319017294812918,100000
uniform,10,missing_measures|value_noise,missing_measures|value_noise,2,0.03482258898110911,100000
uniform,10,missing_measures|orphan_foreign_keys,missing_measures|orphan_foreign_keys,2,0.06275094825195628,100000
uniform,10,missing_measures|stale_timestamps,missing_measures|stale_timestamps,2,0.07406767637818884,100000
uniform,10,dimension_drift|missing_measures,dimension_drift|missing_measures,2,0.054784897990106905,100000
uniform,10,duplicate_facts|missing_measures,duplicate_facts|missing_measures,2,0.02471492406052997,100000
uniform,10,orphan_foreign_keys|value_noise,orphan_foreign_keys|value_noise,2,0.03800015533838086,100000
uniform,10,stale_timestamps|value_noise,stale_timestamps|value_noise,2,0.05318746490378437,100000
uniform,10,dimension_drift|value_noise,dimension_drift|value_noise,2,0.043729853465500734,100000
uniform,10,duplicate_facts|value_noise,duplicate_facts|value_noise,2,0.10548474852874516,100000
uniform,10,orphan_foreign_keys|stale_timestamps,orphan_foreign_keys|stale_timestamps,2,0.04301194892955565,100000
uniform,10,dimension_drift|orphan_foreign_keys,dimension_drift|orphan_foreign_keys,2,0.016837151200866,100000
uniform,10,duplicate_facts|orphan_foreign_keys,duplicate_facts|orphan_foreign_keys,2,0.052163459429879676,100000
uniform,10,dimension_drift|stale_timestamps,dimension_drift|stale_timestamps,2,0.03702891030165285,100000
uniform,10,duplicate_facts|stale_timestamps,duplicate_facts|stale_timestamps,2,0.06940986519452064,100000
uniform,10,dimension_drift|duplicate_facts,dimension_drift|duplicate_facts,2,0.06719876232898539,100000
uniform,10,missing_measures|orphan_foreign_keys|value_noise,missing_measures|orphan_foreign_keys|value_noise,3,0.047561011660510896,100000
uniform,10,missing_measures|stale_timestamps|value_noise,missing_measures|stale_timestamps|value_noise,3,0.05846131959050256,100000
uniform,10,dimension_drift|missing_measures|value_noise,dimension_drift|missing_measures|value_noise,3,0.039101413463727905,100000
uniform,10,duplicate_facts|missing_measures|value_noise,duplicate_facts|missing_measures|value_noise,3,0.05184744414186952,100000
uniform,10,missing_measures|orphan_foreign_keys|stale_timestamps,missing_measures|orphan_foreign_keys|stale_timestamps,3,0.08631255112265698,100000
uniform,10,dimension_drift|missing_measures|orphan_foreign_keys,dimension_drift|missing_measures|orphan_foreign_keys,3,0.06593561779739196,100000
uniform,10,duplicate_facts|missing_measures|orphan_foreign_keys,duplicate_facts|missing_measures|orphan_foreign_keys,3,0.037158044968799715,100000
uniform,10,dimension_drift|missing_measures|stale_timestamps,dimension_drift|missing_measures|stale_timestamps,3,0.07834650086080762,100000
uniform,10,duplicate_facts|missing_measures|stale_timestamps,duplicate_facts|missing_measures|stale_timestamps,3,0.04855643547464861,100000
uniform,10,dimension_drift|duplicate_facts|missing_measures,dimension_drift|duplicate_facts|missing_measures,3,0.031524165029614776,100000
uniform,10,orphan_foreign_keys|stale_timestamps|value_noise,orphan_foreign_keys|stale_timestamps|value_noise,3,0.05173659125928345,100000
uniform,10,dimension_drift|orphan_foreign_keys|value_noise,dimension_drift|orphan_foreign_keys|value_noise,3,0.04118482488381652,100000
uniform,10,duplicate_facts|orphan_foreign_keys|value_noise,duplicate_facts|orphan_foreign_keys|value_noise,3,0.09151211732817163,100000
uniform,10,dimension_drift|stale_timestamps|value_noise,dimension_drift|stale_timestamps|value_noise,3,0.057466289386403316,100000
uniform,10,duplicate_facts|stale_timestamps|value_noise,duplicate_facts|stale_timestamps|value_noise,3,0.10830841368839544,100000
uniform,10,dimension_drift|duplicate_facts|value_noise,dimension_drift|duplicate_facts|value_noise,3,0.10949333790960131,100000
uniform,10,dimension_drift|orphan_foreign_keys|stale_timestamps,dimension_drift|orphan_foreign_keys|stale_timestamps,3,0.04619661847499135,100000
uniform,10,duplicate_facts|orphan_foreign_keys|stale_timestamps,duplicate_facts|orphan_foreign_keys|stale_timestamps,3,0.058383151676271144,100000
uniform,10,dimension_drift|duplicate_facts|orphan_foreign_keys,dimension_drift|duplicate_facts|orphan_foreign_keys,3,0.0583414092228801,100000
uniform,10,dimension_drift|duplicate_facts|stale_timestamps,dimension_drift|duplicate_facts|stale_timestamps,3,0.07341845457537685,100000
uniform,10,missing_measures|orphan_foreign_keys|stale_timestamps|value_noise,missing_measures|orphan_foreign_keys|stale_timestamps|value_noise,4,0.07119974226990433,100000
uniform,10,dimension_drift|missing_measures|orphan_foreign_keys|value_noise,dimension_drift|missing_measures|orphan_foreign_keys|value_noise,4,0.050745681205946504,100000
uniform,10,duplicate_facts|missing_measures|orphan_foreign_keys|value_noise,duplicate_facts|missing_measures|orphan_foreign_keys|value_noise,4,0.051862508036151854,100000
uniform,10,dimension_drift|missing_measures|stale_timestamps|value_noise,dimension_drift|missing_measures|stale_timestamps|value_noise,4,0.06274014407312134,100000
uniform,10,duplicate_facts|missing_measures|stale_timestamps|value_noise,duplicate_facts|missing_measures|stale_timestamps|value_noise,4,0.06701575932362693,100000
uniform,10,dimension_drift|duplicate_facts|missing_measures|value_noise,dimension_drift|duplicate_facts|missing_measures|value_noise,4,0.055856033522725515,100000
uniform,10,dimension_drift|missing_measures|orphan_foreign_keys|stale_timestamps,dimension_drift|missing_measures|orphan_foreign_keys|stale_timestamps,4,0.08949722066809265,100000
uniform,10,duplicate_facts|missing_measures|orphan_foreign_keys|stale_timestamps,duplicate_facts|missing_measures|orphan_foreign_keys|stale_timestamps,4,0.060999556382918346,100000
uniform,10,dimension_drift|duplicate_facts|missing_measures|orphan_foreign_keys,dimension_drift|duplicate_facts|missing_measures|orphan_foreign_keys,4,0.04064672024682711,100000
uniform,10,dimension_drift|duplicate_facts|missing_measures|stale_timestamps,dimension_drift|duplicate_facts|missing_measures|stale_timestamps,4,0.055365676443733414,100000
uniform,10,dimension_drift|orphan_foreign_keys|stale_timestamps|value_noise,dimension_drift|orphan_foreign_keys|stale_timestamps|value_noise,4,0.05492126080471911,100000
uniform,10,duplicate_facts|orphan_foreign_keys|stale_timestamps|value_noise,duplicate_facts|orphan_foreign_keys|stale_timestamps|value_noise,4,0.0943357824878219,100000
uniform,10,dimension_drift|duplicate_facts|orphan_foreign_keys|value_noise,dimension_drift|duplicate_facts|orphan_foreign_keys|value_noise,4,0.09500079260619912,100000
uniform,10,dimension_drift|duplicate_facts|stale_timestamps|value_noise,dimension_drift|duplicate_facts|stale_timestamps|value_noise,4,0.11231700306925159,100000
uniform,10,dimension_drift|duplicate_facts|orphan_foreign_keys|stale_timestamps,dimension_drift|duplicate_facts|orphan_foreign_keys|stale_timestamps,4,0.06456110146927156,100000
uniform,10,dimension_drift|missing_measures|orphan_foreign_keys|stale_timestamps|value_noise,dimension_drift|missing_measures|orphan_foreign_keys|stale_timestamps|value_noise,5,0.07438441181533995,100000
uniform,10,duplicate_facts|missing_measures|orphan_foreign_keys|stale_timestamps|value_noise,duplicate_facts|missing_measures|orphan_foreign_keys|stale_timestamps|value_noise,5,0.06703082321790926,100000
uniform,10,dimension_drift|duplicate_facts|missing_measures|orphan_foreign_keys|value_noise,dimension_drift|duplicate_facts|missing_measures|orphan_foreign_keys|value_noise,5,0.05535118331417922,100000
uniform,10,dimension_drift|duplicate_facts|missing_measures|stale_timestamps|value_noise,dimension_drift|duplicate_facts|missing_measures|stale_timestamps|value_noise,5,0.07102434870448293,100000
uniform,10,dimension_drift|duplicate_facts|missing_measures|orphan_foreign_keys|stale_timestamps,dimension_drift|duplicate_facts|missing_measures|orphan_foreign_keys|stale_timestamps,5,0.06448823166094575,100000
uniform,10,dimension_drift|duplicate_facts|orphan_foreign_keys|stale_timestamps|value_noise,dimension_drift|duplicate_facts|orphan_foreign_keys|stale_timestamps|value_noise,5,0.09782445776584939,100000
uniform,10,dimension_drift|duplicate_facts|missing_measures|orphan_foreign_keys|stale_timestamps|value_noise,dimension_drift|duplicate_facts|missing_measures|orphan_foreign_keys|stale_timestamps|value_noise,6,0.07051949849593663,100000
uniform,11,EMPTY,EMPTY,0,0.0,100000
uniform,11,missing_measures,missing_measures,1,0.049991673890152986,100000
uniform,11,value_noise,value_noise,1,0.04157271299939735,100000
uniform,11,orphan_foreign_keys,orphan_foreign_keys,1,0.013909705812814298,100000
uniform,11,stale_timestamps,stale_timestamps,1,0.028168980972787454,100000
uniform,11,dimension_drift,dimension_drift,1,0.007413771988577008,100000
uniform,11,duplicate_facts,duplicate_facts,1,0.06384561109975845,100000
uniform,11,missing_measures|value_noise,missing_measures|value_noise,2,0.034219864217050616,100000
uniform,11,missing_measures|orphan_foreign_keys,missing_measures|orphan_foreign_keys,2,0.06261631782952393,100000
uniform,11,missing_measures|stale_timestamps,missing_measures|stale_timestamps,2,0.07180111610023593,100000
uniform,11,dimension_drift|missing_measures,dimension_drift|missing_measures,2,0.05439633695608938,100000
uniform,11,duplicate_facts|missing_measures,duplicate_facts|missing_measures,2,0.024380537174320305,100000
uniform,11,orphan_foreign_keys|value_noise,orphan_foreign_keys|value_noise,2,0.04017675448678414,100000
uniform,11,stale_timestamps|value_noise,stale_timestamps|value_noise,2,0.054788548481546184,100000
uniform,11,dimension_drift|value_noise,dimension_drift|value_noise,2,0.0459773760653338,100000
uniform,11,duplicate_facts|value_noise,duplicate_facts|value_noise,2,0.10624801745713233,100000
uniform,11,orphan_foreign_keys|stale_timestamps,orphan_foreign_keys|stale_timestamps,2,0.042078686785601754,100000
uniform,11,dimension_drift|orphan_foreign_keys,dimension_drift|orphan_foreign_keys,2,0.017337906520323913,100000
uniform,11,duplicate_facts|orphan_foreign_keys,duplicate_facts|orphan_foreign_keys,2,0.053718425166583275,100000
uniform,11,dimension_drift|stale_timestamps,dimension_drift|stale_timestamps,2,0.035582752961364456,100000
uniform,11,duplicate_facts|stale_timestamps,duplicate_facts|stale_timestamps,2,0.069772328553564,100000
uniform,11,dimension_drift|duplicate_facts,dimension_drift|duplicate_facts,2,0.06751311086365289,100000
uniform,11,missing_measures|orphan_foreign_keys|value_noise,missing_measures|orphan_foreign_keys|value_noise,3,0.04764203039803669,100000
uniform,11,missing_measures|stale_timestamps|value_noise,missing_measures|stale_timestamps|value_noise,3,0.05639890814014901,100000
uniform,11,dimension_drift|missing_measures|value_noise,dimension_drift|missing_measures|value_noise,3,0.03863765109679858,100000
uniform,11,duplicate_facts|missing_measures|value_noise,duplicate_facts|missing_measures|value_noise,3,0.05231179388284478,100000
uniform,11,missing_measures|orphan_foreign_keys|stale_timestamps,missing_measures|orphan_foreign_keys|stale_timestamps,3,0.08442576003960686,100000
uniform,11,dimension_drift|missing_measures|orphan_foreign_keys,dimension_drift|missing_measures|orphan_foreign_keys,3,0.0660445185370335,100000
uniform,11,duplicate_facts|missing_measures|orphan_foreign_keys,duplicate_facts|missing_measures|orphan_foreign_keys,3,0.03774076595685992,100000
uniform,11,dimension_drift|missing_measures|stale_timestamps,dimension_drift|missing_measures|stale_timestamps,3,0.07620577916617233,100000
uniform,11,duplicate_facts|missing_measures|stale_timestamps,duplicate_facts|missing_measures|stale_timestamps,3,0.047697308521012706,100000
uniform,11,dimension_drift|duplicate_facts|missing_measures,dimension_drift|duplicate_facts|missing_measures,3,0.030090334340760198,100000
uniform,11,orphan_foreign_keys|stale_timestamps|value_noise,orphan_foreign_keys|stale_timestamps|value_noise,3,0.05339258996893297,100000
uniform,11,dimension_drift|orphan_foreign_keys|value_noise,dimension_drift|orphan_foreign_keys|value_noise,3,0.04360495519429393,100000
uniform,11,duplicate_facts|orphan_foreign_keys|value_noise,duplicate_facts|orphan_foreign_keys|value_noise,3,0.09257229352275445,100000
uniform,11,dimension_drift|stale_timestamps|value_noise,dimension_drift|stale_timestamps|value_noise,3,0.05919321154748263,100000
uniform,11,duplicate_facts|stale_timestamps|value_noise,duplicate_facts|stale_timestamps|value_noise,3,0.1086949195956016,100000
uniform,11,dimension_drift|duplicate_facts|value_noise,dimension_drift|duplicate_facts|value_noise,3,0.10991551722102683,100000
uniform,11,dimension_drift|orphan_foreign_keys|stale_timestamps,dimension_drift|orphan_foreign_keys|stale_timestamps,3,0.04550688749311137,100000
uniform,11,duplicate_facts|orphan_foreign_keys|stale_timestamps,duplicate_facts|orphan_foreign_keys|stale_timestamps,3,0.059645142620388815,100000
uniform,11,dimension_drift|duplicate_facts|orphan_foreign_keys,dimension_drift|duplicate_facts|orphan_foreign_keys,3,0.058619933996367196,100000
uniform,11,dimension_drift|duplicate_facts|stale_timestamps,dimension_drift|duplicate_facts|stale_timestamps,3,0.07343982831745843,100000
uniform,11,missing_measures|orphan_foreign_keys|stale_timestamps|value_noise,missing_measures|orphan_foreign_keys|stale_timestamps|value_noise,4,0.06982107432113507,100000
uniform,11,dimension_drift|missing_measures|orphan_foreign_keys|value_noise,dimension_drift|missing_measures|orphan_foreign_keys|value_noise,4,0.051070231105546246,100000
uniform,11,duplicate_facts|missing_measures|orphan_foreign_keys|value_noise,duplicate_facts|missing_measures|orphan_foreign_keys|value_noise,4,0.053211422960900534,100000
uniform,11,dimension_drift|missing_measures|stale_timestamps|value_noise,dimension_drift|missing_measures|stale_timestamps|value_noise,4,0.06081669501989696,100000
uniform,11,duplicate_facts|missing_measures|stale_timestamps|value_noise,duplicate_facts|missing_measures|stale_timestamps|value_noise,4,0.06669024293735147,100000
uniform,11,dimension_drift|duplicate_facts|missing_measures|value_noise,dimension_drift|duplicate_facts|missing_measures|value_noise,4,0.05605105084718154,100000
uniform,11,dimension_drift|missing_measures|orphan_foreign_keys|stale_timestamps,dimension_drift|missing_measures|orphan_foreign_keys|stale_timestamps,4,0.08785396074711645,100000
uniform,11,duplicate_facts|missing_measures|orphan_foreign_keys|stale_timestamps,duplicate_facts|missing_measures|orphan_foreign_keys|stale_timestamps,4,0.06105753730355232,100000
uniform,11,dimension_drift|duplicate_facts|missing_measures|orphan_foreign_keys,dimension_drift|duplicate_facts|missing_measures|orphan_foreign_keys,4,0.0411448882912272,100000
uniform,11,dimension_drift|duplicate_facts|missing_measures|stale_timestamps,dimension_drift|duplicate_facts|missing_measures|stale_timestamps,4,0.0534071056874526,100000
uniform,11,dimension_drift|orphan_foreign_keys|stale_timestamps|value_noise,dimension_drift|orphan_foreign_keys|stale_timestamps|value_noise,4,0.05682079067644276,100000
uniform,11,duplicate_facts|orphan_foreign_keys|stale_timestamps|value_noise,duplicate_facts|orphan_foreign_keys|stale_timestamps|value_noise,4,0.09501919566122372,100000
uniform,11,dimension_drift|duplicate_facts|orphan_foreign_keys|value_noise,dimension_drift|duplicate_facts|orphan_foreign_keys|value_noise,4,0.09597641585712155,100000
uniform,11,dimension_drift|duplicate_facts|stale_timestamps|value_noise,dimension_drift|duplicate_facts|stale_timestamps|value_noise,4,0.11236241935949606,100000
uniform,11,dimension_drift|duplicate_facts|orphan_foreign_keys|stale_timestamps,dimension_drift|duplicate_facts|orphan_foreign_keys|stale_timestamps,4,0.06454665145017274,100000
uniform,11,dimension_drift|missing_measures|orphan_foreign_keys|stale_timestamps|value_noise,dimension_drift|missing_measures|orphan_foreign_keys|stale_timestamps|value_noise,5,0.07324927502864463,100000
uniform,11,duplicate_facts|missing_measures|orphan_foreign_keys|stale_timestamps|value_noise,duplicate_facts|missing_measures|orphan_foreign_keys|stale_timestamps|value_noise,5,0.06758987201540723,100000
uniform,11,dimension_drift|duplicate_facts|missing_measures|orphan_foreign_keys|value_noise,dimension_drift|duplicate_facts|missing_measures|orphan_foreign_keys|value_noise,5,0.05661554529526776,100000
uniform,11,dimension_drift|duplicate_facts|missing_measures|stale_timestamps|value_noise,dimension_drift|duplicate_facts|missing_measures|stale_timestamps|value_noise,5,0.07042949990168823,100000
uniform,11,dimension_drift|duplicate_facts|missing_measures|orphan_foreign_keys|stale_timestamps,dimension_drift|duplicate_facts|missing_measures|orphan_foreign_keys|stale_timestamps,5,0.06446165963791958,100000
uniform,11,dimension_drift|duplicate_facts|orphan_foreign_keys|stale_timestamps|value_noise,dimension_drift|duplicate_facts|orphan_foreign_keys|stale_timestamps|value_noise,5,0.0984233179955908,100000
uniform,11,dimension_drift|duplicate_facts|missing_measures|orphan_foreign_keys|stale_timestamps|value_noise,dimension_drift|duplicate_facts|missing_measures|orphan_foreign_keys|stale_timestamps|value_noise,6,0.07099399434977444,100000
skewed,0,EMPTY,EMPTY,0,0.0,100000
skewed,0,missing_measures,missing_measures,1,0.05132314891003251,100000
skewed,0,value_noise,value_noise,1,0.0421119778855779,100000
skewed,0,orphan_foreign_keys,orphan_foreign_keys,1,0.016538142524502357,100000
skewed,0,stale_timestamps,stale_timestamps,1,0.0294922223086867,100000
skewed,0,dimension_drift,dimension_drift,1,0.01785996842285868,100000
skewed,0,duplicate_facts,duplicate_facts,1,0.06351042104490476,100000
skewed,0,missing_measures|value_noise,missing_measures|value_noise,2,0.03367636570457528,100000
skewed,0,missing_measures|orphan_foreign_keys,missing_measures|orphan_foreign_keys,2,0.06638843079078713,100000
skewed,0,missing_measures|stale_timestamps,missing_measures|stale_timestamps,2,0.07384533007587746,100000
skewed,0,dimension_drift|missing_measures,dimension_drift|missing_measures,2,0.06294028350698466,100000
skewed,0,duplicate_facts|missing_measures,duplicate_facts|missing_measures,2,0.024415115148725026,100000
skewed,0,orphan_foreign_keys|value_noise,orphan_foreign_keys|value_noise,2,0.04160497817899402,100000
skewed,0,stale_timestamps|value_noise,stale_timestamps|value_noise,2,0.056515211030008033,100000
skewed,0,dimension_drift|value_noise,dimension_drift|value_noise,2,0.0549902118850203,100000
skewed,0,duplicate_facts|value_noise,duplicate_facts|value_noise,2,0.10788797060655893,100000
skewed,0,orphan_foreign_keys|stale_timestamps,orphan_foreign_keys|stale_timestamps,2,0.04603036483318906,100000
skewed,0,dimension_drift|orphan_foreign_keys,dimension_drift|orphan_foreign_keys,2,0.02500222849390772,100000
skewed,0,duplicate_facts|orphan_foreign_keys,duplicate_facts|orphan_foreign_keys,2,0.05604915318386252,100000
skewed,0,dimension_drift|stale_timestamps,dimension_drift|stale_timestamps,2,0.04735219073154538,100000
skewed,0,duplicate_facts|stale_timestamps,duplicate_facts|stale_timestamps,2,0.06988341460640846,100000
skewed,0,dimension_drift|duplicate_facts,dimension_drift|duplicate_facts,2,0.07444907140510036,100000
skewed,0,missing_measures|orphan_foreign_keys|value_noise,missing_measures|orphan_foreign_keys|value_noise,3,0.04869837616097197,100000
skewed,0,missing_measures|stale_timestamps|value_noise,missing_measures|stale_timestamps|value_noise,3,0.05635247396317632,100000
skewed,0,dimension_drift|missing_measures|value_noise,dimension_drift|missing_measures|value_noise,3,0.04965824310300958,100000
skewed,0,duplicate_facts|missing_measures|value_noise,duplicate_facts|missing_measures|value_noise,3,0.05420581218811142,100000
skewed,0,missing_measures|orphan_foreign_keys|stale_timestamps,missing_measures|orphan_foreign_keys|stale_timestamps,3,0.08891061195663208,100000
skewed,0,dimension_drift|missing_measures|orphan_foreign_keys,dimension_drift|missing_measures|orphan_foreign_keys,3,0.06926742075455058,100000
skewed,0,duplicate_facts|missing_measures|orphan_foreign_keys,duplicate_facts|missing_measures|orphan_foreign_keys,3,0.040557185046309424,100000
skewed,0,dimension_drift|missing_measures|stale_timestamps,dimension_drift|missing_measures|stale_timestamps,3,0.08546246467282961,100000
skewed,0,duplicate_facts|missing_measures|stale_timestamps,duplicate_facts|missing_measures|stale_timestamps,3,0.047784386951177135,100000
skewed,0,dimension_drift|duplicate_facts|missing_measures,dimension_drift|duplicate_facts|missing_measures,3,0.040764485162867695,100000
skewed,0,orphan_foreign_keys|stale_timestamps|value_noise,orphan_foreign_keys|stale_timestamps|value_noise,3,0.05600821132342415,100000
skewed,0,dimension_drift|orphan_foreign_keys|value_noise,dimension_drift|orphan_foreign_keys|value_noise,3,0.05431757303938561,100000
skewed,0,duplicate_facts|orphan_foreign_keys|value_noise,duplicate_facts|orphan_foreign_keys|value_noise,3,0.09553703936009639,100000
skewed,0,dimension_drift|stale_timestamps|value_noise,dimension_drift|stale_timestamps|value_noise,3,0.06939344502945041,100000
skewed,0,duplicate_facts|stale_timestamps|value_noise,duplicate_facts|stale_timestamps|value_noise,3,0.11040851398341922,100000
skewed,0,dimension_drift|duplicate_facts|value_noise,dimension_drift|duplicate_facts|value_noise,3,0.11717012215312211,100000
skewed,0,dimension_drift|orphan_foreign_keys|stale_timestamps,dimension_drift|orphan_foreign_keys|stale_timestamps,3,0.05449445080259442,100000
skewed,0,duplicate_facts|orphan_foreign_keys|stale_timestamps,duplicate_facts|orphan_foreign_keys|stale_timestamps,3,0.06242214674536622,100000
skewed,0,dimension_drift|duplicate_facts|orphan_foreign_keys,dimension_drift|duplicate_facts|orphan_foreign_keys,3,0.06926885117004741,100000
skewed,0,dimension_drift|duplicate_facts|stale_timestamps,dimension_drift|duplicate_facts|stale_timestamps,3,0.08082206496660406,100000
skewed,0,missing_measures|orphan_foreign_keys|stale_timestamps|value_noise,missing_measures|orphan_foreign_keys|stale_timestamps|value_noise,4,0.071374484419573,100000
skewed,0,dimension_drift|missing_measures|orphan_foreign_keys|value_noise,dimension_drift|missing_measures|orphan_foreign_keys|value_noise,4,0.055378775232326725,100000
skewed,0,duplicate_facts|missing_measures|orphan_foreign_keys|value_noise,duplicate_facts|missing_measures|orphan_foreign_keys|value_noise,4,0.05601637732275114,100000
skewed,0,dimension_drift|missing_measures|stale_timestamps|value_noise,dimension_drift|missing_measures|stale_timestamps|value_noise,4,0.07233435136161062,100000
skewed,0,duplicate_facts|missing_measures|stale_timestamps|value_noise,duplicate_facts|missing_measures|stale_timestamps|value_noise,4,0.06874006629735654,100000
skewed,0,dimension_drift|duplicate_facts|missing_measures|value_noise,dimension_drift|duplicate_facts|missing_measures|value_noise,4,0.06612525948965513,100000
skewed,0,dimension_drift|missing_measures|orphan_foreign_keys|stale_timestamps,dimension_drift|missing_measures|orphan_foreign_keys|stale_timestamps,4,0.09178960192039554,100000
skewed,0,duplicate_facts|missing_measures|orphan_foreign_keys|stale_timestamps,duplicate_facts|missing_measures|orphan_foreign_keys|stale_timestamps,4,0.06392645684876153,100000
skewed,0,dimension_drift|duplicate_facts|missing_measures|orphan_foreign_keys,dimension_drift|duplicate_facts|missing_measures|orphan_foreign_keys,4,0.04778554009849917,100000
skewed,0,dimension_drift|duplicate_facts|missing_measures|stale_timestamps,dimension_drift|duplicate_facts|missing_measures|stale_timestamps,4,0.0641337569653198,100000
skewed,0,dimension_drift|orphan_foreign_keys|stale_timestamps|value_noise,dimension_drift|orphan_foreign_keys|stale_timestamps|value_noise,4,0.06872080618381574,100000
skewed,0,duplicate_facts|orphan_foreign_keys|stale_timestamps|value_noise,duplicate_facts|orphan_foreign_keys|stale_timestamps|value_noise,4,0.09805758273695668,100000
skewed,0,dimension_drift|duplicate_facts|orphan_foreign_keys|value_noise,dimension_drift|duplicate_facts|orphan_foreign_keys|value_noise,4,0.10457366974552856,100000
skewed,0,dimension_drift|duplicate_facts|stale_timestamps|value_noise,dimension_drift|duplicate_facts|stale_timestamps|value_noise,4,0.1196906655299824,100000
skewed,0,dimension_drift|duplicate_facts|orphan_foreign_keys|stale_timestamps,dimension_drift|duplicate_facts|orphan_foreign_keys|stale_timestamps,4,0.07564184473155111,100000
skewed,0,dimension_drift|missing_measures|orphan_foreign_keys|stale_timestamps|value_noise,dimension_drift|missing_measures|orphan_foreign_keys|stale_timestamps|value_noise,5,0.07805488349092776,100000
skewed,0,duplicate_facts|missing_measures|orphan_foreign_keys|stale_timestamps|value_noise,duplicate_facts|missing_measures|orphan_foreign_keys|stale_timestamps|value_noise,5,0.07055063143199625,100000
skewed,0,dimension_drift|duplicate_facts|missing_measures|orphan_foreign_keys|value_noise,dimension_drift|duplicate_facts|missing_measures|orphan_foreign_keys|value_noise,5,0.06738981364275923,100000
skewed,0,dimension_drift|duplicate_facts|missing_measures|stale_timestamps|value_noise,dimension_drift|duplicate_facts|missing_measures|stale_timestamps|value_noise,5,0.08065951359890025,100000
skewed,0,dimension_drift|duplicate_facts|missing_measures|orphan_foreign_keys|stale_timestamps,dimension_drift|duplicate_facts|missing_measures|orphan_foreign_keys|stale_timestamps,5,0.07115481190095127,100000
skewed,0,dimension_drift|duplicate_facts|orphan_foreign_keys|stale_timestamps|value_noise,dimension_drift|duplicate_facts|orphan_foreign_keys|stale_timestamps|value_noise,5,0.10709421312238886,100000
skewed,0,dimension_drift|duplicate_facts|missing_measures|orphan_foreign_keys|stale_timestamps|value_noise,dimension_drift|duplicate_facts|missing_measures|orphan_foreign_keys|stale_timestamps|value_noise,6,0.08192406775200434,100000
skewed,1,EMPTY,EMPTY,0,0.0,100000
skewed,1,missing_measures,missing_measures,1,0.04948944786439948,100000
skewed,1,value_noise,value_noise,1,0.04097735219675653,100000
skewed,1,orphan_foreign_keys,orphan_foreign_keys,1,0.017286263914951062,100000
skewed,1,stale_timestamps,stale_timestamps,1,0.02981370945203101,100000
skewed,1,dimension_drift,dimension_drift,1,0.0061625810813771675,100000
skewed,1,duplicate_facts,duplicate_facts,1,0.06545157345047524,100000
skewed,1,missing_measures|value_noise,missing_measures|value_noise,2,0.03270990755623823,100000
skewed,1,missing_measures|orphan_foreign_keys,missing_measures|orphan_foreign_keys,2,0.06483075337886832,100000
skewed,1,missing_measures|stale_timestamps,missing_measures|stale_timestamps,2,0.07292211262794884,100000
skewed,1,dimension_drift|missing_measures,dimension_drift|missing_measures,2,0.0538174278721964,100000
skewed,1,duplicate_facts|missing_measures,duplicate_facts|missing_measures,2,0.025370451031490555,100000
skewed,1,orphan_foreign_keys|value_noise,orphan_foreign_keys|value_noise,2,0.04241349871129141,100000
skewed,1,stale_timestamps|value_noise,stale_timestamps|value_noise,2,0.056362636747946476,100000
skewed,1,dimension_drift|value_noise,dimension_drift|value_noise,2,0.045305332204553406,100000
skewed,1,duplicate_facts|value_noise,duplicate_facts|value_noise,2,0.10771192512584044,100000
skewed,1,orphan_foreign_keys|stale_timestamps,orphan_foreign_keys|stale_timestamps,2,0.04709997336698207,100000
skewed,1,dimension_drift|orphan_foreign_keys,dimension_drift|orphan_foreign_keys,2,0.019226278057976682,100000
skewed,1,duplicate_facts|orphan_foreign_keys,duplicate_facts|orphan_foreign_keys,2,0.057934102661247946,100000
skewed,1,dimension_drift|stale_timestamps,dimension_drift|stale_timestamps,2,0.03597629053340818,100000
skewed,1,duplicate_facts|stale_timestamps,duplicate_facts|stale_timestamps,2,0.07216230863508927,100000
skewed,1,dimension_drift|duplicate_facts,dimension_drift|duplicate_facts,2,0.06956841159840318,100000
skewed,1,missing_measures|orphan_foreign_keys|value_noise,missing_measures|orphan_foreign_keys|value_noise,3,0.04907321583594943,100000
skewed,1,missing_measures|stale_timestamps|value_noise,missing_measures|stale_timestamps|value_noise,3,0.05707198695616161,100000
skewed,1,dimension_drift|missing_measures|value_noise,dimension_drift|missing_measures|value_noise,3,0.03712457274122673,100000
skewed,1,duplicate_facts|missing_measures|value_noise,duplicate_facts|missing_measures|value_noise,3,0.05512448341118947,100000
skewed,1,missing_measures|orphan_foreign_keys|stale_timestamps,missing_measures|orphan_foreign_keys|stale_timestamps,3,0.08826341814241767,100000
skewed,1,dimension_drift|missing_measures|orphan_foreign_keys,dimension_drift|missing_measures|orphan_foreign_keys,3,0.06677076752189401,100000
skewed,1,duplicate_facts|missing_measures|orphan_foreign_keys,duplicate_facts|missing_measures|orphan_foreign_keys,3,0.04133305082571276,100000
skewed,1,dimension_drift|missing_measures|stale_timestamps,dimension_drift|missing_measures|stale_timestamps,3,0.07725009263574575,100000
skewed,1,duplicate_facts|missing_measures|stale_timestamps,duplicate_facts|missing_measures|stale_timestamps,3,0.0500976605216297,100000
skewed,1,dimension_drift|duplicate_facts|missing_measures,dimension_drift|duplicate_facts|missing_measures,3,0.03099861414644889,100000
skewed,1,orphan_foreign_keys|stale_timestamps|value_noise,orphan_foreign_keys|stale_timestamps|value_noise,3,0.05779878326248136,100000
skewed,1,dimension_drift|orphan_foreign_keys|value_noise,dimension_drift|orphan_foreign_keys|value_noise,3,0.04435351285431707,100000
skewed,1,duplicate_facts|orphan_foreign_keys|value_noise,duplicate_facts|orphan_foreign_keys|value_noise,3,0.09691360835588991,100000
skewed,1,dimension_drift|stale_timestamps|value_noise,dimension_drift|stale_timestamps|value_noise,3,0.060690616755743346,100000
skewed,1,duplicate_facts|stale_timestamps|value_noise,duplicate_facts|stale_timestamps|value_noise,3,0.11057819690437726,100000
skewed,1,dimension_drift|duplicate_facts|value_noise,dimension_drift|duplicate_facts|value_noise,3,0.1118287632737685,100000
skewed,1,dimension_drift|orphan_foreign_keys|stale_timestamps,dimension_drift|orphan_foreign_keys|stale_timestamps,3,0.049039987510007696,100000
skewed,1,duplicate_facts|orphan_foreign_keys|stale_timestamps,duplicate_facts|orphan_foreign_keys|stale_timestamps,3,0.06464483784586197,100000
skewed,1,dimension_drift|duplicate_facts|orphan_foreign_keys,dimension_drift|duplicate_facts|orphan_foreign_keys,3,0.06131026427636393,100000
skewed,1,dimension_drift|duplicate_facts|stale_timestamps,dimension_drift|duplicate_facts|stale_timestamps,3,0.07627914678301721,100000
skewed,1,missing_measures|orphan_foreign_keys|stale_timestamps|value_noise,missing_measures|orphan_foreign_keys|stale_timestamps|value_noise,4,0.0734352952358728,100000
skewed,1,dimension_drift|missing_measures|orphan_foreign_keys|value_noise,dimension_drift|missing_measures|orphan_foreign_keys|value_noise,4,0.05101322997897513,100000
skewed,1,duplicate_facts|missing_measures|orphan_foreign_keys|value_noise,duplicate_facts|missing_measures|orphan_foreign_keys|value_noise,4,0.0577950336361763,100000
skewed,1,dimension_drift|missing_measures|stale_timestamps|value_noise,dimension_drift|missing_measures|stale_timestamps|value_noise,4,0.06148665214115011,100000
skewed,1,duplicate_facts|missing_measures|stale_timestamps|value_noise,duplicate_facts|missing_measures|stale_timestamps|value_noise,4,0.07183438291624406,100000
skewed,1,dimension_drift|duplicate_facts|missing_measures|value_noise,dimension_drift|duplicate_facts|missing_measures|value_noise,4,0.05924132155911749,100000
skewed,1,dimension_drift|missing_measures|orphan_foreign_keys|stale_timestamps,dimension_drift|missing_measures|orphan_foreign_keys|stale_timestamps,4,0.09020343228544336,100000
skewed,1,duplicate_facts|missing_measures|orphan_foreign_keys|stale_timestamps,duplicate_facts|missing_measures|orphan_foreign_keys|stale_timestamps,4,0.06606026031585191,100000
skewed,1,dimension_drift|duplicate_facts|missing_measures|orphan_foreign_keys,dimension_drift|duplicate_facts|missing_measures|orphan_foreign_keys,4,0.043777769527512264,100000
skewed,1,dimension_drift|duplicate_facts|missing_measures|stale_timestamps,dimension_drift|duplicate_facts|missing_measures|stale_timestamps,4,0.05572582363658804,100000
skewed,1,dimension_drift|orphan_foreign_keys|stale_timestamps|value_noise,dimension_drift|orphan_foreign_keys|stale_timestamps|value_noise,4,0.05973879740550702,100000
skewed,1,duplicate_facts|orphan_foreign_keys|stale_timestamps|value_noise,duplicate_facts|orphan_foreign_keys|stale_timestamps|value_noise,4,0.09977988013442673,100000
skewed,1,dimension_drift|duplicate_facts|orphan_foreign_keys|value_noise,dimension_drift|duplicate_facts|orphan_foreign_keys|value_noise,4,0.09935832705768922,100000
skewed,1,dimension_drift|duplicate_facts|stale_timestamps|value_noise,dimension_drift|duplicate_facts|stale_timestamps|value_noise,4,0.11469503505230534,100000
skewed,1,dimension_drift|duplicate_facts|orphan_foreign_keys|stale_timestamps,dimension_drift|duplicate_facts|orphan_foreign_keys|stale_timestamps,4,0.06802099946097795,100000
skewed,1,dimension_drift|missing_measures|orphan_foreign_keys|stale_timestamps|value_noise,dimension_drift|missing_measures|orphan_foreign_keys|stale_timestamps|value_noise,5,0.07537530937889851,100000
skewed,1,duplicate_facts|missing_measures|orphan_foreign_keys|stale_timestamps|value_noise,duplicate_facts|missing_measures|orphan_foreign_keys|stale_timestamps|value_noise,5,0.07450493314123088,100000
skewed,1,dimension_drift|duplicate_facts|missing_measures|orphan_foreign_keys|value_noise,dimension_drift|duplicate_facts|missing_measures|orphan_foreign_keys|value_noise,5,0.06023975233797581,100000
skewed,1,dimension_drift|duplicate_facts|missing_measures|stale_timestamps|value_noise,dimension_drift|duplicate_facts|missing_measures|stale_timestamps|value_noise,5,0.07595122106417207,100000
skewed,1,dimension_drift|duplicate_facts|missing_measures|orphan_foreign_keys|stale_timestamps,dimension_drift|duplicate_facts|missing_measures|orphan_foreign_keys|stale_timestamps,5,0.06850497901765142,100000
skewed,1,dimension_drift|duplicate_facts|orphan_foreign_keys|stale_timestamps|value_noise,dimension_drift|duplicate_facts|orphan_foreign_keys|stale_timestamps|value_noise,5,0.10222459883622606,100000
skewed,1,dimension_drift|duplicate_facts|missing_measures|orphan_foreign_keys|stale_timestamps|value_noise,dimension_drift|duplicate_facts|missing_measures|orphan_foreign_keys|stale_timestamps|value_noise,6,0.0769496518430304,100000
skewed,2,EMPTY,EMPTY,0,0.0,100000
skewed,2,missing_measures,missing_measures,1,0.05103858284327967,100000
skewed,2,value_noise,value_noise,1,0.043187692568398627,100000
skewed,2,orphan_foreign_keys,orphan_foreign_keys,1,0.017131614652858174,100000
skewed,2,stale_timestamps,stale_timestamps,1,0.029608869466935202,100000
skewed,2,dimension_drift,dimension_drift,1,0.012604673915046171,100000
skewed,2,duplicate_facts,duplicate_facts,1,0.0629739954849451,100000
skewed,2,missing_measures|value_noise,missing_measures|value_noise,2,0.033896406659398234,100000
skewed,2,missing_measures|orphan_foreign_keys,missing_measures|orphan_foreign_keys,2,0.06675399248798303,100000
skewed,2,missing_measures|stale_timestamps,missing_measures|stale_timestamps,2,0.07488406409959461,100000
skewed,2,dimension_drift|missing_measures,dimension_drift|missing_measures,2,0.05817065956553058,100000
skewed,2,duplicate_facts|missing_measures,duplicate_facts|missing_measures,2,0.02590836226764613,100000
skewed,2,orphan_foreign_keys|value_noise,orphan_foreign_keys|value_noise,2,0.04262852286266745,100000
skewed,2,stale_timestamps|value_noise,stale_timestamps|value_noise,2,0.057469840783090156,100000
skewed,2,dimension_drift|value_noise,dimension_drift|value_noise,2,0.049652379561034535,100000
skewed,2,duplicate_facts|value_noise,duplicate_facts|value_noise,2,0.10784976374735772,100000
skewed,2,orphan_foreign_keys|stale_timestamps,orphan_foreign_keys|stale_timestamps,2,0.046740484119793375,100000
skewed,2,dimension_drift|orphan_foreign_keys,dimension_drift|orphan_foreign_keys,2,0.021011166249160922,100000
skewed,2,duplicate_facts|orphan_foreign_keys,duplicate_facts|orphan_foreign_keys,2,0.05550991039419877,100000
skewed,2,dimension_drift|stale_timestamps,dimension_drift|stale_timestamps,2,0.04221354338198137,100000
skewed,2,duplicate_facts|stale_timestamps,duplicate_facts|stale_timestamps,2,0.06954374343587216,100000
skewed,2,dimension_drift|duplicate_facts,dimension_drift|duplicate_facts,2,0.06806969386215424,100000
skewed,2,missing_measures|orphan_foreign_keys|value_noise,missing_measures|orphan_foreign_keys|value_noise,3,0.04956172369477631,100000
skewed,2,missing_measures|stale_timestamps|value_noise,missing_measures|stale_timestamps|value_noise,3,0.05791578999477353,100000
skewed,2,dimension_drift|missing_measures|value_noise,dimension_drift|missing_measures|value_noise,3,0.04436783208889397,100000
skewed,2,duplicate_facts|missing_measures|value_noise,duplicate_facts|missing_measures|value_noise,3,0.05182607373596916,100000
skewed,2,missing_measures|orphan_foreign_keys|stale_timestamps,missing_measures|orphan_foreign_keys|stale_timestamps,3,0.09059947374429796,100000
skewed,2,dimension_drift|missing_measures|orphan_foreign_keys,dimension_drift|missing_measures|orphan_foreign_keys,3,0.0690336041198285,100000
skewed,2,duplicate_facts|missing_measures|orphan_foreign_keys,duplicate_facts|missing_measures|orphan_foreign_keys,3,0.0415615532008589,100000
skewed,2,dimension_drift|missing_measures|stale_timestamps,dimension_drift|missing_measures|stale_timestamps,3,0.08201614082184551,100000
skewed,2,duplicate_facts|missing_measures|stale_timestamps,duplicate_facts|missing_measures|stale_timestamps,3,0.050841774820442893,100000
skewed,2,dimension_drift|duplicate_facts|missing_measures,dimension_drift|duplicate_facts|missing_measures,3,0.0381659970472008,100000
skewed,2,orphan_foreign_keys|stale_timestamps|value_noise,orphan_foreign_keys|stale_timestamps|value_noise,3,0.05691067107735898,100000
skewed,2,dimension_drift|orphan_foreign_keys|value_noise,dimension_drift|orphan_foreign_keys|value_noise,3,0.049648566336382385,100000
skewed,2,duplicate_facts|orphan_foreign_keys|value_noise,duplicate_facts|orphan_foreign_keys|value_noise,3,0.09566069661689941,100000
skewed,2,dimension_drift|stale_timestamps|value_noise,dimension_drift|stale_timestamps|value_noise,3,0.06393452777572606,100000
skewed,2,duplicate_facts|stale_timestamps|value_noise,duplicate_facts|stale_timestamps|value_noise,3,0.11070061665725041,100000
skewed,2,dimension_drift|duplicate_facts|value_noise,dimension_drift|duplicate_facts|value_noise,3,0.11294546212456702,100000
skewed,2,dimension_drift|orphan_foreign_keys|stale_timestamps,dimension_drift|orphan_foreign_keys|stale_timestamps,3,0.05062003571609612,100000
skewed,2,duplicate_facts|orphan_foreign_keys|stale_timestamps,duplicate_facts|orphan_foreign_keys|stale_timestamps,3,0.06207965834512583,100000
skewed,2,dimension_drift|duplicate_facts|orphan_foreign_keys,dimension_drift|duplicate_facts|orphan_foreign_keys,3,0.06540241430889815,100000
skewed,2,dimension_drift|duplicate_facts|stale_timestamps,dimension_drift|duplicate_facts|stale_timestamps,3,0.0746394418130813,100000
skewed,2,missing_measures|orphan_foreign_keys|stale_timestamps|value_noise,missing_measures|orphan_foreign_keys|stale_timestamps|value_noise,4,0.07358110703015161,100000
skewed,2,dimension_drift|missing_measures|orphan_foreign_keys|value_noise,dimension_drift|missing_measures|orphan_foreign_keys|value_noise,4,0.0520220634172062,100000
skewed,2,duplicate_facts|missing_measures|orphan_foreign_keys|value_noise,duplicate_facts|missing_measures|orphan_foreign_keys|value_noise,4,0.054298271615384676,100000
skewed,2,dimension_drift|missing_measures|stale_timestamps|value_noise,dimension_drift|missing_measures|stale_timestamps|value_noise,4,0.06838721542426926,100000
skewed,2,duplicate_facts|missing_measures|stale_timestamps|value_noise,duplicate_facts|missing_measures|stale_timestamps|value_noise,4,0.06794437539879031,100000
skewed,2,dimension_drift|duplicate_facts|missing_measures|value_noise,dimension_drift|duplicate_facts|missing_measures|value_noise,4,0.05970236857119142,100000
skewed,2,dimension_drift|missing_measures|orphan_foreign_keys|stale_timestamps,dimension_drift|missing_measures|orphan_foreign_keys|stale_timestamps,4,0.09287908537614345,100000
skewed,2,duplicate_facts|missing_measures|orphan_foreign_keys|stale_timestamps,duplicate_facts|missing_measures|orphan_foreign_keys|stale_timestamps,4,0.06649496575365565,100000
skewed,2,dimension_drift|duplicate_facts|missing_measures|orphan_foreign_keys,dimension_drift|duplicate_facts|missing_measures|orphan_foreign_keys,4,0.046384204752796566,100000
skewed,2,dimension_drift|duplicate_facts|missing_measures|stale_timestamps,dimension_drift|duplicate_facts|missing_measures|stale_timestamps,4,0.06309940959999756,100000
skewed,2,dimension_drift|orphan_foreign_keys|stale_timestamps|value_noise,dimension_drift|orphan_foreign_keys|stale_timestamps|value_noise,4,0.06393071455107391,100000
skewed,2,duplicate_facts|orphan_foreign_keys|stale_timestamps|value_noise,duplicate_facts|orphan_foreign_keys|stale_timestamps|value_noise,4,0.09851154952679209,100000
skewed,2,dimension_drift|duplicate_facts|orphan_foreign_keys|value_noise,dimension_drift|duplicate_facts|orphan_foreign_keys|value_noise,4,0.10076228499669705,100000
skewed,2,dimension_drift|duplicate_facts|stale_timestamps|value_noise,dimension_drift|duplicate_facts|stale_timestamps|value_noise,4,0.1157963150344597,100000
skewed,2,dimension_drift|duplicate_facts|orphan_foreign_keys|stale_timestamps,dimension_drift|duplicate_facts|orphan_foreign_keys|stale_timestamps,4,0.07197216225982521,100000
skewed,2,dimension_drift|missing_measures|orphan_foreign_keys|stale_timestamps|value_noise,dimension_drift|missing_measures|orphan_foreign_keys|stale_timestamps|value_noise,5,0.0760414467525815,100000
skewed,2,duplicate_facts|missing_measures|orphan_foreign_keys|stale_timestamps|value_noise,duplicate_facts|missing_measures|orphan_foreign_keys|stale_timestamps|value_noise,5,0.07041657327820583,100000
skewed,2,dimension_drift|duplicate_facts|missing_measures|orphan_foreign_keys|value_noise,dimension_drift|duplicate_facts|missing_measures|orphan_foreign_keys|value_noise,5,0.062022333711574784,100000
skewed,2,dimension_drift|duplicate_facts|missing_measures|stale_timestamps|value_noise,dimension_drift|duplicate_facts|missing_measures|stale_timestamps|value_noise,5,0.07582067023401258,100000
skewed,2,dimension_drift|duplicate_facts|missing_measures|orphan_foreign_keys|stale_timestamps,dimension_drift|duplicate_facts|missing_measures|orphan_foreign_keys|stale_timestamps,5,0.07131761730559333,100000
skewed,2,dimension_drift|duplicate_facts|orphan_foreign_keys|stale_timestamps|value_noise,dimension_drift|duplicate_facts|orphan_foreign_keys|stale_timestamps|value_noise,5,0.10361313790658973,100000
skewed,2,dimension_drift|duplicate_facts|missing_measures|orphan_foreign_keys|stale_timestamps|value_noise,dimension_drift|duplicate_facts|missing_measures|orphan_foreign_keys|stale_timestamps|value_noise,6,0.07814063537439594,100000
skewed,3,EMPTY,EMPTY,0,0.0,100000
skewed,3,missing_measures,missing_measures,1,0.04990379317339946,100000
skewed,3,value_noise,value_noise,1,0.036595831094251415,100000
skewed,3,orphan_foreign_keys,orphan_foreign_keys,1,0.017051870377277963,100000
skewed,3,stale_timestamps,stale_timestamps,1,0.02875752929502154,100000
skewed,3,dimension_drift,dimension_drift,1,0.027469446323892286,100000
skewed,3,duplicate_facts,duplicate_facts,1,0.06463932886179755,100000
skewed,3,missing_measures|value_noise,missing_measures|value_noise,2,0.035381005527919326,100000
skewed,3,missing_measures|orphan_foreign_keys,missing_measures|orphan_foreign_keys,2,0.0657551001725039,100000
skewed,3,missing_measures|stale_timestamps,missing_measures|stale_timestamps,2,0.07269241530171601,100000
skewed,3,dimension_drift|missing_measures,dimension_drift|missing_measures,2,0.07100742081010036,100000
skewed,3,duplicate_facts|missing_measures,duplicate_facts|missing_measures,2,0.025603588030733947,100000
skewed,3,orphan_foreign_keys|value_noise,orphan_foreign_keys|value_noise,2,0.03998657939163055,100000
skewed,3,stale_timestamps|value_noise,stale_timestamps|value_noise,2,0.051110314885967,100000
skewed,3,dimension_drift|value_noise,dimension_drift|value_noise,2,0.06059980079093272,100000
skewed,3,duplicate_facts|value_noise,duplicate_facts|value_noise,2,0.10368852587384347,100000
skewed,3,orphan_foreign_keys|stale_timestamps,orphan_foreign_keys|stale_timestamps,2,0.0458093996722995,100000
skewed,3,dimension_drift|orphan_foreign_keys,dimension_drift|orphan_foreign_keys,2,0.03615039626846459,100000
skewed,3,duplicate_facts|orphan_foreign_keys,duplicate_facts|orphan_foreign_keys,2,0.057397070810696206,100000
skewed,3,dimension_drift|stale_timestamps,dimension_drift|stale_timestamps,2,0.05622697561891382,100000
skewed,3,duplicate_facts|stale_timestamps,duplicate_facts|stale_timestamps,2,0.07031470227335629,100000
skewed,3,dimension_drift|duplicate_facts,dimension_drift|duplicate_facts,2,0.08626886359280224,100000
skewed,3,missing_measures|orphan_foreign_keys|value_noise,missing_measures|orphan_foreign_keys|value_noise,3,0.051777282006321416,100000
skewed,3,missing_measures|stale_timestamps|value_noise,missing_measures|stale_timestamps|value_noise,3,0.0584981774269563,100000
skewed,3,dimension_drift|missing_measures|value_noise,dimension_drift|missing_measures|value_noise,3,0.05932874172990399,100000
skewed,3,duplicate_facts|missing_measures|value_noise,duplicate_facts|missing_measures|value_noise,3,0.05122240377878239,100000
skewed,3,missing_measures|orphan_foreign_keys|stale_timestamps,missing_measures|orphan_foreign_keys|stale_timestamps,3,0.08854372230082044,100000
skewed,3,dimension_drift|missing_measures|orphan_foreign_keys,dimension_drift|missing_measures|orphan_foreign_keys,3,0.08076082899198372,100000
skewed,3,duplicate_facts|missing_measures|orphan_foreign_keys,duplicate_facts|missing_measures|orphan_foreign_keys,3,0.0422002500447577,100000
skewed,3,dimension_drift|missing_measures|stale_timestamps,dimension_drift|missing_measures|stale_timestamps,3,0.09379604293841691,100000
skewed,3,duplicate_facts|missing_measures|stale_timestamps,duplicate_facts|missing_measures|stale_timestamps,3,0.048909454100945764,100000
skewed,3,dimension_drift|duplicate_facts|missing_measures,dimension_drift|duplicate_facts|missing_measures,3,0.051363578513379415,100000
skewed,3,orphan_foreign_keys|stale_timestamps|value_noise,orphan_foreign_keys|stale_timestamps|value_noise,3,0.05450106318334613,100000
skewed,3,dimension_drift|orphan_foreign_keys|value_noise,dimension_drift|orphan_foreign_keys|value_noise,3,0.06190251559596119,100000
skewed,3,duplicate_facts|orphan_foreign_keys|value_noise,duplicate_facts|orphan_foreign_keys|value_noise,3,0.09297614316421052,100000
skewed,3,dimension_drift|stale_timestamps|value_noise,dimension_drift|stale_timestamps|value_noise,3,0.07511428458264831,100000
skewed,3,duplicate_facts|stale_timestamps|value_noise,duplicate_facts|stale_timestamps|value_noise,3,0.10616272549484447,100000
skewed,3,dimension_drift|duplicate_facts|value_noise,dimension_drift|duplicate_facts|value_noise,3,0.12308213142944321,100000
skewed,3,dimension_drift|orphan_foreign_keys|stale_timestamps,dimension_drift|orphan_foreign_keys|stale_timestamps,3,0.06490792556348614,100000
skewed,3,duplicate_facts|orphan_foreign_keys|stale_timestamps,duplicate_facts|orphan_foreign_keys|stale_timestamps,3,0.06307244422225494,100000
skewed,3,dimension_drift|duplicate_facts|orphan_foreign_keys,dimension_drift|duplicate_facts|orphan_foreign_keys,3,0.0821133006813545,100000
skewed,3,dimension_drift|duplicate_facts|stale_timestamps,dimension_drift|duplicate_facts|stale_timestamps,3,0.09194423700436098,100000
skewed,3,missing_measures|orphan_foreign_keys|stale_timestamps|value_noise,missing_measures|orphan_foreign_keys|stale_timestamps|value_noise,4,0.0748944539053584,100000
skewed,3,dimension_drift|missing_measures|orphan_foreign_keys|value_noise,dimension_drift|missing_measures|orphan_foreign_keys|value_noise,4,0.06925628190609426,100000
skewed,3,duplicate_facts|missing_measures|orphan_foreign_keys|value_noise,duplicate_facts|missing_measures|orphan_foreign_keys|value_noise,4,0.05616452486715193,100000
skewed,3,dimension_drift|missing_measures|stale_timestamps|value_noise,dimension_drift|missing_measures|stale_timestamps|value_noise,4,0.08244591362894096,100000
skewed,3,duplicate_facts|missing_measures|stale_timestamps|value_noise,duplicate_facts|missing_measures|stale_timestamps|value_noise,4,0.06623440249709671,100000
skewed,3,dimension_drift|duplicate_facts|missing_measures|value_noise,dimension_drift|duplicate_facts|missing_measures|value_noise,4,0.07440736639077701,100000
skewed,3,dimension_drift|missing_measures|orphan_foreign_keys|stale_timestamps,dimension_drift|missing_measures|orphan_foreign_keys|stale_timestamps,4,0.10354945112030026,100000
skewed,3,duplicate_facts|missing_measures|orphan_foreign_keys|stale_timestamps,duplicate_facts|missing_measures|orphan_foreign_keys|stale_timestamps,4,0.06550611611496951,100000
skewed,3,dimension_drift|duplicate_facts|missing_measures|orphan_foreign_keys,dimension_drift|duplicate_facts|missing_measures|orphan_foreign_keys,4,0.06110605627378852,100000
skewed,3,dimension_drift|duplicate_facts|missing_measures|stale_timestamps,dimension_drift|duplicate_facts|missing_measures|stale_timestamps,4,0.07466944458359123,100000
skewed,3,dimension_drift|orphan_foreign_keys|stale_timestamps|value_noise,dimension_drift|orphan_foreign_keys|stale_timestamps|value_noise,4,0.07641699938767677,100000
skewed,3,duplicate_facts|orphan_foreign_keys|stale_timestamps|value_noise,duplicate_facts|orphan_foreign_keys|stale_timestamps|value_noise,4,0.09545034278521153,100000
skewed,3,dimension_drift|duplicate_facts|orphan_foreign_keys|value_noise,dimension_drift|duplicate_facts|orphan_foreign_keys|value_noise,4,0.1151904649645957,100000
skewed,3,dimension_drift|duplicate_facts|stale_timestamps|value_noise,dimension_drift|duplicate_facts|stale_timestamps|value_noise,4,0.12555633105044423,100000
skewed,3,dimension_drift|duplicate_facts|orphan_foreign_keys|stale_timestamps,dimension_drift|duplicate_facts|orphan_foreign_keys|stale_timestamps,4,0.08778867409291324,100000
skewed,3,dimension_drift|missing_measures|orphan_foreign_keys|stale_timestamps|value_noise,dimension_drift|missing_measures|orphan_foreign_keys|stale_timestamps|value_noise,5,0.09237345380513123,100000
skewed,3,duplicate_facts|missing_measures|orphan_foreign_keys|stale_timestamps|value_noise,duplicate_facts|missing_measures|orphan_foreign_keys|stale_timestamps|value_noise,5,0.07117652358546624,100000
skewed,3,dimension_drift|duplicate_facts|missing_measures|orphan_foreign_keys|value_noise,dimension_drift|duplicate_facts|missing_measures|orphan_foreign_keys|value_noise,5,0.07786911115473497,100000
skewed,3,dimension_drift|duplicate_facts|missing_measures|stale_timestamps|value_noise,dimension_drift|duplicate_facts|missing_measures|stale_timestamps|value_noise,5,0.08941936510909132,100000
skewed,3,dimension_drift|duplicate_facts|missing_measures|orphan_foreign_keys|stale_timestamps,dimension_drift|duplicate_facts|missing_measures|orphan_foreign_keys|stale_timestamps,5,0.08441192234400033,100000
skewed,3,dimension_drift|duplicate_facts|orphan_foreign_keys|stale_timestamps|value_noise,dimension_drift|duplicate_facts|orphan_foreign_keys|stale_timestamps|value_noise,5,0.11766466458559671,100000
skewed,3,dimension_drift|duplicate_facts|missing_measures|orphan_foreign_keys|stale_timestamps|value_noise,dimension_drift|duplicate_facts|missing_measures|orphan_foreign_keys|stale_timestamps|value_noise,6,0.09288110987304929,100000
skewed,4,EMPTY,EMPTY,0,0.0,100000
skewed,4,missing_measures,missing_measures,1,0.050154045497491306,100000
skewed,4,value_noise,value_noise,1,0.0410087889260904,100000
skewed,4,orphan_foreign_keys,orphan_foreign_keys,1,0.01645851316360387,100000
skewed,4,stale_timestamps,stale_timestamps,1,0.02924627293604342,100000
skewed,4,dimension_drift,dimension_drift,1,0.0072558015798172065,100000
skewed,4,duplicate_facts,duplicate_facts,1,0.062247056610218975,100000
skewed,4,missing_measures|value_noise,missing_measures|value_noise,2,0.03498694075037923,100000
skewed,4,missing_measures|orphan_foreign_keys,missing_measures|orphan_foreign_keys,2,0.06521820497233256,100000
skewed,4,missing_measures|stale_timestamps,missing_measures|stale_timestamps,2,0.07417772561975888,100000
skewed,4,dimension_drift|missing_measures,dimension_drift|missing_measures,2,0.05411440446067233,100000
skewed,4,duplicate_facts|missing_measures,duplicate_facts|missing_measures,2,0.02498480828297007,100000
skewed,4,orphan_foreign_keys|value_noise,orphan_foreign_keys|value_noise,2,0.04207769008796404,100000
skewed,4,stale_timestamps|value_noise,stale_timestamps|value_noise,2,0.05491225099514323,100000
skewed,4,dimension_drift|value_noise,dimension_drift|value_noise,2,0.04496914788927129,100000
skewed,4,duplicate_facts|value_noise,duplicate_facts|value_noise,2,0.10482877206691517,100000
skewed,4,orphan_foreign_keys|stale_timestamps,orphan_foreign_keys|stale_timestamps,2,0.045704786099647295,100000
skewed,4,dimension_drift|orphan_foreign_keys,dimension_drift|orphan_foreign_keys,2,0.018714911024537997,100000
skewed,4,duplicate_facts|orphan_foreign_keys,duplicate_facts|orphan_foreign_keys,2,0.05469938420188282,100000
skewed,4,dimension_drift|stale_timestamps,dimension_drift|stale_timestamps,2,0.03650207451586063,100000
skewed,4,duplicate_facts|stale_timestamps,duplicate_facts|stale_timestamps,2,0.06798541930547719,100000
skewed,4,dimension_drift|duplicate_facts,dimension_drift|duplicate_facts,2,0.0659257742122836,100000
skewed,4,missing_measures|orphan_foreign_keys|value_noise,missing_measures|orphan_foreign_keys|value_noise,3,0.050710434305292165,100000
skewed,4,missing_measures|stale_timestamps|value_noise,missing_measures|stale_timestamps|value_noise,3,0.05960774197114575,100000
skewed,4,dimension_drift|missing_measures|value_noise,dimension_drift|missing_measures|value_noise,3,0.03964862479917415,100000
skewed,4,duplicate_facts|missing_measures|value_noise,duplicate_facts|missing_measures|value_noise,3,0.05197496687764934,100000
skewed,4,missing_measures|orphan_foreign_keys|stale_timestamps,missing_measures|orphan_foreign_keys|stale_timestamps,3,0.08924188509460014,100000
skewed,4,dimension_drift|missing_measures|orphan_foreign_keys,dimension_drift|missing_measures|orphan_foreign_keys,3,0.0674746028332667,100000
skewed,4,duplicate_facts|missing_measures|orphan_foreign_keys,duplicate_facts|missing_measures|orphan_foreign_keys,3,0.04045023173717745,100000
skewed,4,dimension_drift|missing_measures|stale_timestamps,dimension_drift|missing_measures|stale_timestamps,3,0.07813808458293992,100000
skewed,4,duplicate_facts|missing_measures|stale_timestamps,duplicate_facts|missing_measures|stale_timestamps,3,0.04967033729635269,100000
skewed,4,dimension_drift|duplicate_facts|missing_measures,dimension_drift|duplicate_facts|missing_measures,3,0.03032228651398088,100000
skewed,4,orphan_foreign_keys|stale_timestamps|value_noise,orphan_foreign_keys|stale_timestamps|value_noise,3,0.055981152157016864,100000
skewed,4,dimension_drift|orphan_foreign_keys|value_noise,dimension_drift|orphan_foreign_keys|value_noise,3,0.04513837289770347,100000
skewed,4,duplicate_facts|orphan_foreign_keys|value_noise,duplicate_facts|orphan_foreign_keys|value_noise,3,0.09471970051289272,100000
skewed,4,dimension_drift|stale_timestamps|value_noise,dimension_drift|stale_timestamps|value_noise,3,0.05887260995832411,100000
skewed,4,duplicate_facts|stale_timestamps|value_noise,duplicate_facts|stale_timestamps|value_noise,3,0.1071887468954065,100000
skewed,4,dimension_drift|duplicate_facts|value_noise,dimension_drift|duplicate_facts|value_noise,3,0.1085074896689798,100000
skewed,4,dimension_drift|orphan_foreign_keys|stale_timestamps,dimension_drift|orphan_foreign_keys|stale_timestamps,3,0.04796118396058142,100000
skewed,4,duplicate_facts|orphan_foreign_keys|stale_timestamps,duplicate_facts|orphan_foreign_keys|stale_timestamps,3,0.06043774689714104,100000
skewed,4,dimension_drift|duplicate_facts|orphan_foreign_keys,dimension_drift|duplicate_facts|orphan_foreign_keys,3,0.05868164036998893,100000
skewed,4,dimension_drift|duplicate_facts|stale_timestamps,dimension_drift|duplicate_facts|stale_timestamps,3,0.07166413690754182,100000
skewed,4,missing_measures|orphan_foreign_keys|stale_timestamps|value_noise,missing_measures|orphan_foreign_keys|stale_timestamps|value_noise,4,0.07533123552605868,100000
skewed,4,dimension_drift|missing_measures|orphan_foreign_keys|value_noise,dimension_drift|missing_measures|orphan_foreign_keys|value_noise,4,0.052966832166226344,100000
skewed,4,duplicate_facts|missing_measures|orphan_foreign_keys|value_noise,duplicate_facts|missing_measures|orphan_foreign_keys|value_noise,4,0.05588683640560337,100000
skewed,4,dimension_drift|missing_measures|stale_timestamps|value_noise,dimension_drift|missing_measures|stale_timestamps|value_noise,4,0.06426942601994068,100000
skewed,4,duplicate_facts|missing_measures|stale_timestamps|value_noise,duplicate_facts|missing_measures|stale_timestamps|value_noise,4,0.06781795322833264,100000
skewed,4,dimension_drift|duplicate_facts|missing_measures|value_noise,dimension_drift|duplicate_facts|missing_measures|value_noise,4,0.055653684479713895,100000
skewed,4,dimension_drift|missing_measures|orphan_foreign_keys|stale_timestamps,dimension_drift|missing_measures|orphan_foreign_keys|stale_timestamps,4,0.09149828295553428,100000
skewed,4,duplicate_facts|missing_measures|orphan_foreign_keys|stale_timestamps,duplicate_facts|missing_measures|orphan_foreign_keys|stale_timestamps,4,0.06513576075056007,100000
skewed,4,dimension_drift|duplicate_facts|missing_measures|orphan_foreign_keys,dimension_drift|duplicate_facts|missing_measures|orphan_foreign_keys,4,0.042586393052623496,100000
skewed,4,dimension_drift|duplicate_facts|missing_measures|stale_timestamps,dimension_drift|duplicate_facts|missing_measures|stale_timestamps,4,0.0550078155273635,100000
skewed,4,dimension_drift|orphan_foreign_keys|stale_timestamps|value_noise,dimension_drift|orphan_foreign_keys|stale_timestamps|value_noise,4,0.05904183496675629,100000
skewed,4,duplicate_facts|orphan_foreign_keys|stale_timestamps|value_noise,duplicate_facts|orphan_foreign_keys|stale_timestamps|value_noise,4,0.09707967534138406,100000
skewed,4,dimension_drift|duplicate_facts|orphan_foreign_keys|value_noise,dimension_drift|duplicate_facts|orphan_foreign_keys|value_noise,4,0.09685586182833858,100000
skewed,4,dimension_drift|duplicate_facts|stale_timestamps|value_noise,dimension_drift|duplicate_facts|stale_timestamps|value_noise,4,0.11086746449747113,100000
skewed,4,dimension_drift|duplicate_facts|orphan_foreign_keys|stale_timestamps,dimension_drift|duplicate_facts|orphan_foreign_keys|stale_timestamps,4,0.06442000306524714,100000
skewed,4,dimension_drift|missing_measures|orphan_foreign_keys|stale_timestamps|value_noise,dimension_drift|missing_measures|orphan_foreign_keys|stale_timestamps|value_noise,5,0.07758763338699286,100000
skewed,4,duplicate_facts|missing_measures|orphan_foreign_keys|stale_timestamps|value_noise,duplicate_facts|missing_measures|orphan_foreign_keys|stale_timestamps|value_noise,5,0.07172982275628668,100000
skewed,4,dimension_drift|duplicate_facts|missing_measures|orphan_foreign_keys|value_noise,dimension_drift|duplicate_facts|missing_measures|orphan_foreign_keys|value_noise,5,0.0583034428752063,100000
skewed,4,dimension_drift|duplicate_facts|missing_measures|stale_timestamps|value_noise,dimension_drift|duplicate_facts|missing_measures|stale_timestamps|value_noise,5,0.07149667083039721,100000
skewed,4,dimension_drift|duplicate_facts|missing_measures|orphan_foreign_keys|stale_timestamps,dimension_drift|duplicate_facts|missing_measures|orphan_foreign_keys|stale_timestamps,5,0.06727192206600612,100000
skewed,4,dimension_drift|duplicate_facts|orphan_foreign_keys|stale_timestamps|value_noise,dimension_drift|duplicate_facts|orphan_foreign_keys|stale_timestamps|value_noise,5,0.09921583665682993,100000
skewed,4,dimension_drift|duplicate_facts|missing_measures|orphan_foreign_keys|stale_timestamps|value_noise,dimension_drift|duplicate_facts|missing_measures|orphan_foreign_keys|stale_timestamps|value_noise,6,0.0741464292258896,100000
skewed,5,EMPTY,EMPTY,0,0.0,100000
skewed,5,missing_measures,missing_measures,1,0.052232026333088,100000
skewed,5,value_noise,value_noise,1,0.04394112715228007,100000
skewed,5,orphan_foreign_keys,orphan_foreign_keys,1,0.016901307873208836,100000
skewed,5,stale_timestamps,stale_timestamps,1,0.02928932734389801,100000
skewed,5,dimension_drift,dimension_drift,1,0.020327226058536353,100000
skewed,5,duplicate_facts,duplicate_facts,1,0.06446518768695711,100000
skewed,5,missing_measures|value_noise,missing_measures|value_noise,2,0.0341119823760443,100000
skewed,5,missing_measures|orphan_foreign_keys,missing_measures|orphan_foreign_keys,2,0.06657302514986238,100000
skewed,5,missing_measures|stale_timestamps,missing_measures|stale_timestamps,2,0.07507538620311949,100000
skewed,5,dimension_drift|missing_measures,dimension_drift|missing_measures,2,0.06275192127798725,100000
skewed,5,duplicate_facts|missing_measures,duplicate_facts|missing_measures,2,0.026362170854905796,100000
skewed,5,orphan_foreign_keys|value_noise,orphan_foreign_keys|value_noise,2,0.04464196127019579,100000
skewed,5,stale_timestamps|value_noise,stale_timestamps|value_noise,2,0.05753144180331879,100000
skewed,5,dimension_drift|value_noise,dimension_drift|value_noise,2,0.05499701851498281,100000
skewed,5,duplicate_facts|value_noise,duplicate_facts|value_noise,2,0.11157804700215374,100000
skewed,5,orphan_foreign_keys|stale_timestamps,orphan_foreign_keys|stale_timestamps,2,0.04619063521710685,100000
skewed,5,dimension_drift|orphan_foreign_keys,dimension_drift|orphan_foreign_keys,2,0.024419170697444766,100000
skewed,5,duplicate_facts|orphan_foreign_keys,duplicate_facts|orphan_foreign_keys,2,0.056345704548866095,100000
skewed,5,dimension_drift|stale_timestamps,dimension_drift|stale_timestamps,2,0.04961655340243437,100000
skewed,5,duplicate_facts|stale_timestamps,duplicate_facts|stale_timestamps,2,0.06990097873890765,100000
skewed,5,dimension_drift|duplicate_facts,dimension_drift|duplicate_facts,2,0.07221085478361794,100000
skewed,5,missing_measures|orphan_foreign_keys|value_noise,missing_measures|orphan_foreign_keys|value_noise,3,0.050695859795344377,100000
skewed,5,missing_measures|stale_timestamps|value_noise,missing_measures|stale_timestamps|value_noise,3,0.05693540511104873,100000
skewed,5,dimension_drift|missing_measures|value_noise,dimension_drift|missing_measures|value_noise,3,0.04901993594084961,100000
skewed,5,duplicate_facts|missing_measures|value_noise,duplicate_facts|missing_measures|value_noise,3,0.05345286102721565,100000
skewed,5,missing_measures|orphan_foreign_keys|stale_timestamps,missing_measures|orphan_foreign_keys|stale_timestamps,3,0.08941638501989388,100000
skewed,5,dimension_drift|missing_measures|orphan_foreign_keys,dimension_drift|missing_measures|orphan_foreign_keys,3,0.0704421193409544,100000
skewed,5,duplicate_facts|missing_measures|orphan_foreign_keys,duplicate_facts|missing_measures|orphan_foreign_keys,3,0.04069061262282431,100000
skewed,5,dimension_drift|missing_measures|stale_timestamps,dimension_drift|missing_measures|stale_timestamps,3,0.08559528114801873,100000
skewed,5,duplicate_facts|missing_measures|stale_timestamps,duplicate_facts|missing_measures|stale_timestamps,3,0.05014227049247022,100000
skewed,5,dimension_drift|duplicate_facts|missing_measures,dimension_drift|duplicate_facts|missing_measures,3,0.04420454235696356,100000
skewed,5,orphan_foreign_keys|stale_timestamps|value_noise,orphan_foreign_keys|stale_timestamps|value_noise,3,0.05823227592123451,100000
skewed,5,dimension_drift|orphan_foreign_keys|value_noise,dimension_drift|orphan_foreign_keys|value_noise,3,0.057132840927016246,100000
skewed,5,duplicate_facts|orphan_foreign_keys|value_noise,duplicate_facts|orphan_foreign_keys|value_noise,3,0.10122658059268064,100000
skewed,5,dimension_drift|stale_timestamps|value_noise,dimension_drift|stale_timestamps|value_noise,3,0.06858733316602153,100000
skewed,5,duplicate_facts|stale_timestamps|value_noise,duplicate_facts|stale_timestamps|value_noise,3,0.11394193791344306,100000
skewed,5,dimension_drift|duplicate_facts|value_noise,dimension_drift|duplicate_facts|value_noise,3,0.11682757462727858,100000
skewed,5,dimension_drift|orphan_foreign_keys|stale_timestamps,dimension_drift|orphan_foreign_keys|stale_timestamps,3,0.05370849804134277,100000
skewed,5,duplicate_facts|orphan_foreign_keys|stale_timestamps,duplicate_facts|orphan_foreign_keys|stale_timestamps,3,0.061781495600816624,100000
skewed,5,dimension_drift|duplicate_facts|orphan_foreign_keys,dimension_drift|duplicate_facts|orphan_foreign_keys,3,0.07263152962089094,100000
skewed,5,dimension_drift|duplicate_facts|stale_timestamps,dimension_drift|duplicate_facts|stale_timestamps,3,0.07764664583556848,100000
skewed,5,missing_measures|orphan_foreign_keys|stale_timestamps|value_noise,missing_measures|orphan_foreign_keys|stale_timestamps|value_noise,4,0.07351928253034881,100000
skewed,5,dimension_drift|missing_measures|orphan_foreign_keys|value_noise,dimension_drift|missing_measures|orphan_foreign_keys|value_noise,4,0.05635465297354398,100000
skewed,5,duplicate_facts|missing_measures|orphan_foreign_keys|value_noise,duplicate_facts|missing_measures|orphan_foreign_keys|value_noise,4,0.05651832797513262,100000
skewed,5,dimension_drift|missing_measures|stale_timestamps|value_noise,dimension_drift|missing_measures|stale_timestamps|value_noise,4,0.07184335867585404,100000
skewed,5,duplicate_facts|missing_measures|stale_timestamps|value_noise,duplicate_facts|missing_measures|stale_timestamps|value_noise,4,0.06809388579524851,100000
skewed,5,dimension_drift|duplicate_facts|missing_measures|value_noise,dimension_drift|duplicate_facts|missing_measures|value_noise,4,0.06552341069569886,100000
skewed,5,dimension_drift|missing_measures|orphan_foreign_keys|stale_timestamps,dimension_drift|missing_measures|orphan_foreign_keys|stale_timestamps,4,0.0932854792109859,100000
skewed,5,duplicate_facts|missing_measures|orphan_foreign_keys|stale_timestamps,duplicate_facts|missing_measures|orphan_foreign_keys|stale_timestamps,4,0.06447071226038872,100000
skewed,5,dimension_drift|duplicate_facts|missing_measures|orphan_foreign_keys,dimension_drift|duplicate_facts|missing_measures|orphan_foreign_keys,4,0.047625423758417676,100000
skewed,5,dimension_drift|duplicate_facts|missing_measures|stale_timestamps,dimension_drift|duplicate_facts|missing_measures|stale_timestamps,4,0.06798464199452799,100000
skewed,5,dimension_drift|orphan_foreign_keys|stale_timestamps|value_noise,dimension_drift|orphan_foreign_keys|stale_timestamps|value_noise,4,0.07072315557805496,100000
skewed,5,duplicate_facts|orphan_foreign_keys|stale_timestamps|value_noise,duplicate_facts|orphan_foreign_keys|stale_timestamps|value_noise,4,0.10359047150396994,100000
skewed,5,dimension_drift|duplicate_facts|orphan_foreign_keys|value_noise,dimension_drift|duplicate_facts|orphan_foreign_keys|value_noise,4,0.10961663581150696,100000
skewed,5,dimension_drift|duplicate_facts|stale_timestamps|value_noise,dimension_drift|duplicate_facts|stale_timestamps|value_noise,4,0.11919146553856791,100000
skewed,5,dimension_drift|duplicate_facts|orphan_foreign_keys|stale_timestamps,dimension_drift|duplicate_facts|orphan_foreign_keys|stale_timestamps,4,0.07806732067284147,100000
skewed,5,dimension_drift|missing_measures|orphan_foreign_keys|stale_timestamps|value_noise,dimension_drift|missing_measures|orphan_foreign_keys|stale_timestamps|value_noise,5,0.0791780757085484,100000
skewed,5,duplicate_facts|missing_measures|orphan_foreign_keys|stale_timestamps|value_noise,duplicate_facts|missing_measures|orphan_foreign_keys|stale_timestamps|value_noise,5,0.07115935274316548,100000
skewed,5,dimension_drift|duplicate_facts|missing_measures|orphan_foreign_keys|value_noise,dimension_drift|duplicate_facts|missing_measures|orphan_foreign_keys|value_noise,5,0.06782726398856803,100000
skewed,5,dimension_drift|duplicate_facts|missing_measures|stale_timestamps|value_noise,dimension_drift|duplicate_facts|missing_measures|stale_timestamps|value_noise,5,0.08016443546373174,100000
skewed,5,dimension_drift|duplicate_facts|missing_measures|orphan_foreign_keys|stale_timestamps,dimension_drift|duplicate_facts|missing_measures|orphan_foreign_keys|stale_timestamps,5,0.0714055233959821,100000
skewed,5,dimension_drift|duplicate_facts|orphan_foreign_keys|stale_timestamps|value_noise,dimension_drift|duplicate_facts|orphan_foreign_keys|stale_timestamps|value_noise,5,0.11198052672279626,100000
skewed,5,dimension_drift|duplicate_facts|missing_measures|orphan_foreign_keys|stale_timestamps|value_noise,dimension_drift|duplicate_facts|missing_measures|orphan_foreign_keys|stale_timestamps|value_noise,6,0.0824682887566009,100000
skewed,6,EMPTY,EMPTY,0,0.0,100000
skewed,6,missing_measures,missing_measures,1,0.05082209375414802,100000
skewed,6,value_noise,value_noise,1,0.041021686728401424,100000
skewed,6,orphan_foreign_keys,orphan_foreign_keys,1,0.017348587275072658,100000
skewed,6,stale_timestamps,stale_timestamps,1,0.029136843681631726,100000
skewed,6,dimension_drift,dimension_drift,1,0.009115853670386647,100000
skewed,6,duplicate_facts,duplicate_facts,1,0.06307963465183303,100000
skewed,6,missing_measures|value_noise,missing_measures|value_noise,2,0.036882362140598327,100000
skewed,6,missing_measures|orphan_foreign_keys,missing_measures|orphan_foreign_keys,2,0.06694524147051631,100000
skewed,6,missing_measures|stale_timestamps,missing_measures|stale_timestamps,2,0.07426013020508096,100000
skewed,6,dimension_drift|missing_measures,dimension_drift|missing_measures,2,0.05484271122830728,100000
skewed,6,duplicate_facts|missing_measures,duplicate_facts|missing_measures,2,0.026267390881285546,100000
skewed,6,orphan_foreign_keys|value_noise,orphan_foreign_keys|value_noise,2,0.043807284358682835,100000
skewed,6,stale_timestamps|value_noise,stale_timestamps|value_noise,2,0.05651184081703106,100000
skewed,6,dimension_drift|value_noise,dimension_drift|value_noise,2,0.04712942775925413,100000
skewed,6,duplicate_facts|value_noise,duplicate_facts|value_noise,2,0.10521488559224434,100000
skewed,6,orphan_foreign_keys|stale_timestamps,orphan_foreign_keys|stale_timestamps,2,0.046485430956704384,100000
skewed,6,dimension_drift|orphan_foreign_keys,dimension_drift|orphan_foreign_keys,2,0.01771720391672484,100000
skewed,6,duplicate_facts|orphan_foreign_keys,duplicate_facts|orphan_foreign_keys,2,0.05529821929484703,100000
skewed,6,dimension_drift|stale_timestamps,dimension_drift|stale_timestamps,2,0.038252697352018375,100000
skewed,6,duplicate_facts|stale_timestamps,duplicate_facts|stale_timestamps,2,0.06963206489014388,100000
skewed,6,dimension_drift|duplicate_facts,dimension_drift|duplicate_facts,2,0.06696364999275317,100000
skewed,6,missing_measures|orphan_foreign_keys|value_noise,missing_measures|orphan_foreign_keys|value_noise,3,0.053792017346580644,100000
skewed,6,missing_measures|stale_timestamps|value_noise,missing_measures|stale_timestamps|value_noise,3,0.06063771465911457,100000
skewed,6,dimension_drift|missing_measures|value_noise,dimension_drift|missing_measures|value_noise,3,0.0412882502769731,100000
skewed,6,duplicate_facts|missing_measures|value_noise,duplicate_facts|missing_measures|value_noise,3,0.052288076344939274,100000
skewed,6,missing_measures|orphan_foreign_keys|stale_timestamps,missing_measures|orphan_foreign_keys|stale_timestamps,3,0.09038327792144925,100000
skewed,6,dimension_drift|missing_measures|orphan_foreign_keys,dimension_drift|missing_measures|orphan_foreign_keys,3,0.06731385811216858,100000
skewed,6,duplicate_facts|missing_measures|orphan_foreign_keys,duplicate_facts|missing_measures|orphan_foreign_keys,3,0.0415320502089188,100000
skewed,6,dimension_drift|missing_measures|stale_timestamps,dimension_drift|missing_measures|stale_timestamps,3,0.07828074767924022,100000
skewed,6,duplicate_facts|missing_measures|stale_timestamps,duplicate_facts|missing_measures|stale_timestamps,3,0.05070214965861107,100000
skewed,6,dimension_drift|duplicate_facts|missing_measures,dimension_drift|duplicate_facts|missing_measures,3,0.03268575538298271,100000
skewed,6,orphan_foreign_keys|stale_timestamps|value_noise,orphan_foreign_keys|stale_timestamps|value_noise,3,0.05929743844731249,100000
skewed,6,dimension_drift|orphan_foreign_keys|value_noise,dimension_drift|orphan_foreign_keys|value_noise,3,0.044406967890013284,100000
skewed,6,duplicate_facts|orphan_foreign_keys|value_noise,duplicate_facts|orphan_foreign_keys|value_noise,3,0.09419735073800728,100000
skewed,6,dimension_drift|stale_timestamps|value_noise,dimension_drift|stale_timestamps|value_noise,3,0.06261958184788377,100000
skewed,6,duplicate_facts|stale_timestamps|value_noise,duplicate_facts|stale_timestamps|value_noise,3,0.10850968650466929,100000
skewed,6,dimension_drift|duplicate_facts|value_noise,dimension_drift|duplicate_facts|value_noise,3,0.10889318780580712,100000
skewed,6,dimension_drift|orphan_foreign_keys|stale_timestamps,dimension_drift|orphan_foreign_keys|stale_timestamps,3,0.04685404759835657,100000
skewed,6,duplicate_facts|orphan_foreign_keys|stale_timestamps,duplicate_facts|orphan_foreign_keys|stale_timestamps,3,0.06185064953315789,100000
skewed,6,dimension_drift|duplicate_facts|orphan_foreign_keys,dimension_drift|duplicate_facts|orphan_foreign_keys,3,0.059850343139286735,100000
skewed,6,dimension_drift|duplicate_facts|stale_timestamps,dimension_drift|duplicate_facts|stale_timestamps,3,0.07351608023106403,100000
skewed,6,missing_measures|orphan_foreign_keys|stale_timestamps|value_noise,missing_measures|orphan_foreign_keys|stale_timestamps|value_noise,4,0.07754736986509689,100000
skewed,6,dimension_drift|missing_measures|orphan_foreign_keys|value_noise,dimension_drift|missing_measures|orphan_foreign_keys|value_noise,4,0.05416063398823299,100000
skewed,6,duplicate_facts|missing_measures|orphan_foreign_keys|value_noise,duplicate_facts|missing_measures|orphan_foreign_keys|value_noise,4,0.05629659870537661,100000
skewed,6,dimension_drift|missing_measures|stale_timestamps|value_noise,dimension_drift|missing_measures|stale_timestamps|value_noise,4,0.06504360279548935,100000
skewed,6,duplicate_facts|missing_measures|stale_timestamps|value_noise,duplicate_facts|missing_measures|stale_timestamps|value_noise,4,0.06924807555350077,100000
skewed,6,dimension_drift|duplicate_facts|missing_measures|value_noise,dimension_drift|duplicate_facts|missing_measures|value_noise,4,0.058885103010481644,100000
skewed,6,dimension_drift|missing_measures|orphan_foreign_keys|stale_timestamps,dimension_drift|missing_measures|orphan_foreign_keys|stale_timestamps,4,0.09075189456310154,100000
skewed,6,duplicate_facts|missing_measures|orphan_foreign_keys|stale_timestamps,duplicate_facts|missing_measures|orphan_foreign_keys|stale_timestamps,4,0.06596680898624432,100000
skewed,6,dimension_drift|duplicate_facts|missing_measures|orphan_foreign_keys,dimension_drift|duplicate_facts|missing_measures|orphan_foreign_keys,4,0.043315839762419456,100000
skewed,6,dimension_drift|duplicate_facts|missing_measures|stale_timestamps,dimension_drift|duplicate_facts|missing_measures|stale_timestamps,4,0.05712051416030824,100000
skewed,6,dimension_drift|orphan_foreign_keys|stale_timestamps|value_noise,dimension_drift|orphan_foreign_keys|stale_timestamps|value_noise,4,0.05989712197864293,100000
skewed,6,duplicate_facts|orphan_foreign_keys|stale_timestamps|value_noise,duplicate_facts|orphan_foreign_keys|stale_timestamps|value_noise,4,0.09749215165043223,100000
skewed,6,dimension_drift|duplicate_facts|orphan_foreign_keys|value_noise,dimension_drift|duplicate_facts|orphan_foreign_keys|value_noise,4,0.09841395120905035,100000
skewed,6,dimension_drift|duplicate_facts|stale_timestamps|value_noise,dimension_drift|duplicate_facts|stale_timestamps|value_noise,4,0.11218798871823206,100000
skewed,6,dimension_drift|duplicate_facts|orphan_foreign_keys|stale_timestamps,dimension_drift|duplicate_facts|orphan_foreign_keys|stale_timestamps,4,0.06640277337759759,100000
skewed,6,dimension_drift|missing_measures|orphan_foreign_keys|stale_timestamps|value_noise,dimension_drift|missing_measures|orphan_foreign_keys|stale_timestamps|value_noise,5,0.07791598650674923,100000
skewed,6,duplicate_facts|missing_measures|orphan_foreign_keys|stale_timestamps|value_noise,duplicate_facts|missing_measures|orphan_foreign_keys|stale_timestamps|value_noise,5,0.07325659791393808,100000
skewed,6,dimension_drift|duplicate_facts|missing_measures|orphan_foreign_keys|value_noise,dimension_drift|duplicate_facts|missing_measures|orphan_foreign_keys|value_noise,5,0.05808038825887733,100000
skewed,6,dimension_drift|duplicate_facts|missing_measures|stale_timestamps|value_noise,dimension_drift|duplicate_facts|missing_measures|stale_timestamps|value_noise,5,0.07584510221904313,100000
skewed,6,dimension_drift|duplicate_facts|missing_measures|orphan_foreign_keys|stale_timestamps,dimension_drift|duplicate_facts|missing_measures|orphan_foreign_keys|stale_timestamps,5,0.067750598539745,100000
skewed,6,dimension_drift|duplicate_facts|orphan_foreign_keys|stale_timestamps|value_noise,dimension_drift|duplicate_facts|orphan_foreign_keys|stale_timestamps|value_noise,5,0.10170875212147529,100000
skewed,6,dimension_drift|duplicate_facts|missing_measures|orphan_foreign_keys|stale_timestamps|value_noise,dimension_drift|duplicate_facts|missing_measures|orphan_foreign_keys|stale_timestamps|value_noise,6,0.07504038746743882,100000
skewed,7,EMPTY,EMPTY,0,0.0,100000
skewed,7,missing_measures,missing_measures,1,0.050606683287162994,100000
skewed,7,value_noise,value_noise,1,0.04133803156610509,100000
skewed,7,orphan_foreign_keys,orphan_foreign_keys,1,0.017488940591589546,100000
skewed,7,stale_timestamps,stale_timestamps,1,0.02875776693140192,100000
skewed,7,dimension_drift,dimension_drift,1,0.027784208470969705,100000
skewed,7,duplicate_facts,duplicate_facts,1,0.06322575961826907,100000
skewed,7,missing_measures|value_noise,missing_measures|value_noise,2,0.03567403436496634,100000
skewed,7,missing_measures|orphan_foreign_keys,missing_measures|orphan_foreign_keys,2,0.06676341902688945,100000
skewed,7,missing_measures|stale_timestamps,missing_measures|stale_timestamps,2,0.07416931763792997,100000
skewed,7,dimension_drift|missing_measures,dimension_drift|missing_measures,2,0.07206422829060594,100000
skewed,7,duplicate_facts|missing_measures,duplicate_facts|missing_measures,2,0.024868461902014537,100000
skewed,7,orphan_foreign_keys|value_noise,orphan_foreign_keys|value_noise,2,0.043777703069006246,100000
skewed,7,stale_timestamps|value_noise,stale_timestamps|value_noise,2,0.055492682739459995,100000
skewed,7,dimension_drift|value_noise,dimension_drift|value_noise,2,0.06496946491161763,100000
skewed,7,duplicate_facts|value_noise,duplicate_facts|value_noise,2,0.10681551173340634,100000
skewed,7,orphan_foreign_keys|stale_timestamps,orphan_foreign_keys|stale_timestamps,2,0.04624670752299147,100000
skewed,7,dimension_drift|orphan_foreign_keys,dimension_drift|orphan_foreign_keys,2,0.03640672596593688,100000
skewed,7,duplicate_facts|orphan_foreign_keys,duplicate_facts|orphan_foreign_keys,2,0.05618208122725323,100000
skewed,7,dimension_drift|stale_timestamps,dimension_drift|stale_timestamps,2,0.056541975402371616,100000
skewed,7,duplicate_facts|stale_timestamps,duplicate_facts|stale_timestamps,2,0.06923945396767822,100000
skewed,7,dimension_drift|duplicate_facts,dimension_drift|duplicate_facts,2,0.08423241343249534,100000
skewed,7,missing_measures|orphan_foreign_keys|value_noise,missing_measures|orphan_foreign_keys|value_noise,3,0.052661145508175175,100000
skewed,7,missing_measures|stale_timestamps|value_noise,missing_measures|stale_timestamps|value_noise,3,0.05972587344851769,100000
skewed,7,dimension_drift|missing_measures|value_noise,dimension_drift|missing_measures|value_noise,3,0.059744283159704537,100000
skewed,7,duplicate_facts|missing_measures|value_noise,duplicate_facts|missing_measures|value_noise,3,0.05384110589937944,100000
skewed,7,missing_measures|orphan_foreign_keys|stale_timestamps,missing_measures|orphan_foreign_keys|stale_timestamps,3,0.09032605337765644,100000
skewed,7,dimension_drift|missing_measures|orphan_foreign_keys,dimension_drift|missing_measures|orphan_foreign_keys,3,0.08114906819344761,100000
skewed,7,duplicate_facts|missing_measures|orphan_foreign_keys,duplicate_facts|missing_measures|orphan_foreign_keys,3,0.0415199150295711,100000
skewed,7,dimension_drift|missing_measures|stale_timestamps,dimension_drift|missing_measures|stale_timestamps,3,0.09562686264137292,100000
skewed,7,duplicate_facts|missing_measures|stale_timestamps,duplicate_facts|missing_measures|stale_timestamps,3,0.04948063400723253,100000
skewed,7,dimension_drift|duplicate_facts|missing_measures,dimension_drift|duplicate_facts|missing_measures,3,0.05065215324475386,100000
skewed,7,orphan_foreign_keys|stale_timestamps|value_noise,orphan_foreign_keys|stale_timestamps|value_noise,3,0.057932354242361137,100000
skewed,7,dimension_drift|orphan_foreign_keys|value_noise,dimension_drift|orphan_foreign_keys|value_noise,3,0.06518202436271286,100000
skewed,7,duplicate_facts|orphan_foreign_keys|value_noise,duplicate_facts|orphan_foreign_keys|value_noise,3,0.09668919466543059,100000
skewed,7,dimension_drift|stale_timestamps|value_noise,dimension_drift|stale_timestamps|value_noise,3,0.07912411608497252,100000
skewed,7,duplicate_facts|stale_timestamps|value_noise,duplicate_facts|stale_timestamps|value_noise,3,0.10962182030840761,100000
skewed,7,dimension_drift|duplicate_facts|value_noise,dimension_drift|duplicate_facts|value_noise,3,0.12564369935781275,100000
skewed,7,dimension_drift|orphan_foreign_keys|stale_timestamps,dimension_drift|orphan_foreign_keys|stale_timestamps,3,0.0651644928973388,100000
skewed,7,duplicate_facts|orphan_foreign_keys|stale_timestamps,duplicate_facts|orphan_foreign_keys|stale_timestamps,3,0.062195775576662386,100000
skewed,7,dimension_drift|duplicate_facts|orphan_foreign_keys,dimension_drift|duplicate_facts|orphan_foreign_keys,3,0.07994974604417371,100000
skewed,7,dimension_drift|duplicate_facts|stale_timestamps,dimension_drift|duplicate_facts|stale_timestamps,3,0.0902461077819045,100000
skewed,7,missing_measures|orphan_foreign_keys|stale_timestamps|value_noise,missing_measures|orphan_foreign_keys|stale_timestamps|value_noise,4,0.07671298459172651,100000
skewed,7,dimension_drift|missing_measures|orphan_foreign_keys|value_noise,dimension_drift|missing_measures|orphan_foreign_keys|value_noise,4,0.0691864895861069,100000
skewed,7,duplicate_facts|missing_measures|orphan_foreign_keys|value_noise,duplicate_facts|missing_measures|orphan_foreign_keys|value_noise,4,0.05779218860262617,100000
skewed,7,dimension_drift|missing_measures|stale_timestamps|value_noise,dimension_drift|missing_measures|stale_timestamps|value_noise,4,0.08379612224325589,100000
skewed,7,duplicate_facts|missing_measures|stale_timestamps|value_noise,duplicate_facts|missing_measures|stale_timestamps|value_noise,4,0.06982469202002647,100000
skewed,7,dimension_drift|duplicate_facts|missing_measures|value_noise,dimension_drift|duplicate_facts|missing_measures|value_noise,4,0.07755566186537126,100000
skewed,7,dimension_drift|missing_measures|orphan_foreign_keys|stale_timestamps,dimension_drift|missing_measures|orphan_foreign_keys|stale_timestamps,4,0.1047117025442146,100000
skewed,7,duplicate_facts|missing_measures|orphan_foreign_keys|stale_timestamps,duplicate_facts|missing_measures|orphan_foreign_keys|stale_timestamps,4,0.0661320871347891,100000
skewed,7,dimension_drift|duplicate_facts|missing_measures|orphan_foreign_keys,dimension_drift|duplicate_facts|missing_measures|orphan_foreign_keys,4,0.05991501861173536,100000
skewed,7,dimension_drift|duplicate_facts|missing_measures|stale_timestamps,dimension_drift|duplicate_facts|missing_measures|stale_timestamps,4,0.07526432534997185,100000
skewed,7,dimension_drift|orphan_foreign_keys|stale_timestamps|value_noise,dimension_drift|orphan_foreign_keys|stale_timestamps|value_noise,4,0.07933667553606777,100000
skewed,7,duplicate_facts|orphan_foreign_keys|stale_timestamps|value_noise,duplicate_facts|orphan_foreign_keys|stale_timestamps|value_noise,4,0.09949550324043188,100000
skewed,7,dimension_drift|duplicate_facts|orphan_foreign_keys|value_noise,dimension_drift|duplicate_facts|orphan_foreign_keys|value_noise,4,0.1183364378978719,100000
skewed,7,dimension_drift|duplicate_facts|stale_timestamps|value_noise,dimension_drift|duplicate_facts|stale_timestamps|value_noise,4,0.12845000793281403,100000
skewed,7,dimension_drift|duplicate_facts|orphan_foreign_keys|stale_timestamps,dimension_drift|duplicate_facts|orphan_foreign_keys|stale_timestamps,4,0.08596344039358288,100000
skewed,7,dimension_drift|missing_measures|orphan_foreign_keys|stale_timestamps|value_noise,dimension_drift|missing_measures|orphan_foreign_keys|stale_timestamps|value_noise,5,0.09323832866965823,100000
skewed,7,duplicate_facts|missing_measures|orphan_foreign_keys|stale_timestamps|value_noise,duplicate_facts|missing_measures|orphan_foreign_keys|stale_timestamps|value_noise,5,0.07377577472327321,100000
skewed,7,dimension_drift|duplicate_facts|missing_measures|orphan_foreign_keys|value_noise,dimension_drift|duplicate_facts|missing_measures|orphan_foreign_keys|value_noise,5,0.07860537584553443,100000
skewed,7,dimension_drift|duplicate_facts|missing_measures|stale_timestamps|value_noise,dimension_drift|duplicate_facts|missing_measures|stale_timestamps|value_noise,5,0.09353924798601831,100000
skewed,7,dimension_drift|duplicate_facts|missing_measures|orphan_foreign_keys|stale_timestamps,dimension_drift|duplicate_facts|missing_measures|orphan_foreign_keys|stale_timestamps,5,0.08452719071695336,100000
skewed,7,dimension_drift|duplicate_facts|orphan_foreign_keys|stale_timestamps|value_noise,dimension_drift|duplicate_facts|orphan_foreign_keys|stale_timestamps|value_noise,5,0.12114274647287317,100000
skewed,7,dimension_drift|duplicate_facts|missing_measures|orphan_foreign_keys|stale_timestamps|value_noise,dimension_drift|duplicate_facts|missing_measures|orphan_foreign_keys|stale_timestamps|value_noise,6,0.09458896196618147,100000
skewed,8,EMPTY,EMPTY,0,0.0,100000
skewed,8,missing_measures,missing_measures,1,0.05116934510679191,100000
skewed,8,value_noise,value_noise,1,0.037643989063417746,100000
skewed,8,orphan_foreign_keys,orphan_foreign_keys,1,0.01666640429174912,100000
skewed,8,stale_timestamps,stale_timestamps,1,0.02871194082017859,100000
skewed,8,dimension_drift,dimension_drift,1,0.025082205352267167,100000
skewed,8,duplicate_facts,duplicate_facts,1,0.06395025890930002,100000
skewed,8,missing_measures|value_noise,missing_measures|value_noise,2,0.0380113445679298,100000
skewed,8,missing_measures|orphan_foreign_keys,missing_measures|orphan_foreign_keys,2,0.06653761761151895,100000
skewed,8,missing_measures|stale_timestamps,missing_measures|stale_timestamps,2,0.07375937774648664,100000
skewed,8,dimension_drift|missing_measures,dimension_drift|missing_measures,2,0.06872663609914047,100000
skewed,8,duplicate_facts|missing_measures,duplicate_facts|missing_measures,2,0.025420359110536125,100000
skewed,8,orphan_foreign_keys|value_noise,orphan_foreign_keys|value_noise,2,0.040959768567141744,100000
skewed,8,stale_timestamps|value_noise,stale_timestamps|value_noise,2,0.0535254612557388,100000
skewed,8,dimension_drift|value_noise,dimension_drift|value_noise,2,0.05768359722237647,100000
skewed,8,duplicate_facts|value_noise,duplicate_facts|value_noise,2,0.10340331369002788,100000
skewed,8,orphan_foreign_keys|stale_timestamps,orphan_foreign_keys|stale_timestamps,2,0.04537834511192772,100000
skewed,8,dimension_drift|orphan_foreign_keys,dimension_drift|orphan_foreign_keys,2,0.032080176105525764,100000
skewed,8,duplicate_facts|orphan_foreign_keys,duplicate_facts|orphan_foreign_keys,2,0.05612607596867198,100000
skewed,8,dimension_drift|stale_timestamps,dimension_drift|stale_timestamps,2,0.05379414617244577,100000
skewed,8,duplicate_facts|stale_timestamps,duplicate_facts|stale_timestamps,2,0.06982025758382472,100000
skewed,8,dimension_drift|duplicate_facts,dimension_drift|duplicate_facts,2,0.08137700869519635,100000
skewed,8,missing_measures|orphan_foreign_keys|value_noise,missing_measures|orphan_foreign_keys|value_noise,3,0.05418682046767805,100000
skewed,8,missing_measures|stale_timestamps|value_noise,missing_measures|stale_timestamps|value_noise,3,0.06076172297692476,100000
skewed,8,dimension_drift|missing_measures|value_noise,dimension_drift|missing_measures|value_noise,3,0.05809257512084911,100000
skewed,8,duplicate_facts|missing_measures|value_noise,duplicate_facts|missing_measures|value_noise,3,0.049297322215894016,100000
skewed,8,missing_measures|orphan_foreign_keys|stale_timestamps,missing_measures|orphan_foreign_keys|stale_timestamps,3,0.08912765025121369,100000
skewed,8,dimension_drift|missing_measures|orphan_foreign_keys,dimension_drift|missing_measures|orphan_foreign_keys,3,0.07772055405217601,100000
skewed,8,duplicate_facts|missing_measures|orphan_foreign_keys,duplicate_facts|missing_measures|orphan_foreign_keys,3,0.04118865278597121,100000
skewed,8,dimension_drift|missing_measures|stale_timestamps,dimension_drift|missing_measures|stale_timestamps,3,0.0913166687388352,100000
skewed,8,duplicate_facts|missing_measures|stale_timestamps,duplicate_facts|missing_measures|stale_timestamps,3,0.04928709287792315,100000
skewed,8,dimension_drift|duplicate_facts|missing_measures,dimension_drift|duplicate_facts|missing_measures,3,0.0480350103601844,100000
skewed,8,orphan_foreign_keys|stale_timestamps|value_noise,orphan_foreign_keys|stale_timestamps|value_noise,3,0.0568412407594628,100000
skewed,8,dimension_drift|orphan_foreign_keys|value_noise,dimension_drift|orphan_foreign_keys|value_noise,3,0.05892190892747019,100000
skewed,8,duplicate_facts|orphan_foreign_keys|value_noise,duplicate_facts|orphan_foreign_keys|value_noise,3,0.09309877973623527,100000
skewed,8,dimension_drift|stale_timestamps|value_noise,dimension_drift|stale_timestamps|value_noise,3,0.07356506941469752,100000
skewed,8,duplicate_facts|stale_timestamps|value_noise,duplicate_facts|stale_timestamps|value_noise,3,0.10646511627540421,100000
skewed,8,dimension_drift|duplicate_facts|value_noise,dimension_drift|duplicate_facts|value_noise,3,0.1190015920087889,100000
skewed,8,dimension_drift|orphan_foreign_keys|stale_timestamps,dimension_drift|orphan_foreign_keys|stale_timestamps,3,0.060792116925704354,100000
skewed,8,duplicate_facts|orphan_foreign_keys|stale_timestamps,duplicate_facts|orphan_foreign_keys|stale_timestamps,3,0.061996074643196675,100000
skewed,8,dimension_drift|duplicate_facts|orphan_foreign_keys,dimension_drift|duplicate_facts|orphan_foreign_keys,3,0.07799630938817274,100000
skewed,8,dimension_drift|duplicate_facts|stale_timestamps,dimension_drift|duplicate_facts|stale_timestamps,3,0.08724700736972105,100000
skewed,8,missing_measures|orphan_foreign_keys|stale_timestamps|value_noise,missing_measures|orphan_foreign_keys|stale_timestamps|value_noise,4,0.07693719887667301,100000
skewed,8,dimension_drift|missing_measures|orphan_foreign_keys|value_noise,dimension_drift|missing_measures|orphan_foreign_keys|value_noise,4,0.06774550937914939,100000
skewed,8,duplicate_facts|missing_measures|orphan_foreign_keys|value_noise,duplicate_facts|missing_measures|orphan_foreign_keys|value_noise,4,0.05481272351710665,100000
skewed,8,dimension_drift|missing_measures|stale_timestamps|value_noise,dimension_drift|missing_measures|stale_timestamps|value_noise,4,0.08084295352984407,100000
skewed,8,duplicate_facts|missing_measures|stale_timestamps|value_noise,duplicate_facts|missing_measures|stale_timestamps|value_noise,4,0.0655843322514293,100000
skewed,8,dimension_drift|duplicate_facts|missing_measures|value_noise,dimension_drift|duplicate_facts|missing_measures|value_noise,4,0.06939342518379832,100000
skewed,8,dimension_drift|missing_measures|orphan_foreign_keys|stale_timestamps,dimension_drift|missing_measures|orphan_foreign_keys|stale_timestamps,4,0.10031058669187073,100000
skewed,8,duplicate_facts|missing_measures|orphan_foreign_keys|stale_timestamps,duplicate_facts|missing_measures|orphan_foreign_keys|stale_timestamps,4,0.06505538655335823,100000
skewed,8,dimension_drift|duplicate_facts|missing_measures|orphan_foreign_keys,dimension_drift|duplicate_facts|missing_measures|orphan_foreign_keys,4,0.05669095082867631,100000
skewed,8,dimension_drift|duplicate_facts|missing_measures|stale_timestamps,dimension_drift|duplicate_facts|missing_measures|stale_timestamps,4,0.07190174412757142,100000
skewed,8,dimension_drift|orphan_foreign_keys|stale_timestamps|value_noise,dimension_drift|orphan_foreign_keys|stale_timestamps|value_noise,4,0.07480338111979126,100000
skewed,8,duplicate_facts|orphan_foreign_keys|stale_timestamps|value_noise,duplicate_facts|orphan_foreign_keys|stale_timestamps|value_noise,4,0.09616058232161162,100000
skewed,8,dimension_drift|duplicate_facts|orphan_foreign_keys|value_noise,dimension_drift|duplicate_facts|orphan_foreign_keys|value_noise,4,0.11196271688130988,100000
skewed,8,dimension_drift|duplicate_facts|stale_timestamps|value_noise,dimension_drift|duplicate_facts|stale_timestamps|value_noise,4,0.12206339459416524,100000
skewed,8,dimension_drift|duplicate_facts|orphan_foreign_keys|stale_timestamps,dimension_drift|duplicate_facts|orphan_foreign_keys|stale_timestamps,4,0.08386630806269746,100000
skewed,8,dimension_drift|missing_measures|orphan_foreign_keys|stale_timestamps|value_noise,dimension_drift|missing_measures|orphan_foreign_keys|stale_timestamps|value_noise,5,0.09049588778814435,100000
skewed,8,duplicate_facts|missing_measures|orphan_foreign_keys|stale_timestamps|value_noise,duplicate_facts|missing_measures|orphan_foreign_keys|stale_timestamps|value_noise,5,0.07109973355264193,100000
skewed,8,dimension_drift|duplicate_facts|missing_measures|orphan_foreign_keys|value_noise,dimension_drift|duplicate_facts|missing_measures|orphan_foreign_keys|value_noise,5,0.07303945526559567,100000
skewed,8,dimension_drift|duplicate_facts|missing_measures|stale_timestamps|value_noise,dimension_drift|duplicate_facts|missing_measures|stale_timestamps|value_noise,5,0.0856804352193336,100000
skewed,8,dimension_drift|duplicate_facts|missing_measures|orphan_foreign_keys|stale_timestamps,dimension_drift|duplicate_facts|missing_measures|orphan_foreign_keys|stale_timestamps,5,0.08055768459606333,100000
skewed,8,dimension_drift|duplicate_facts|orphan_foreign_keys|stale_timestamps|value_noise,dimension_drift|duplicate_facts|orphan_foreign_keys|stale_timestamps|value_noise,5,0.11502451946668621,100000
skewed,8,dimension_drift|duplicate_facts|missing_measures|orphan_foreign_keys|stale_timestamps|value_noise,dimension_drift|duplicate_facts|missing_measures|orphan_foreign_keys|stale_timestamps|value_noise,6,0.08932646530113096,100000
skewed,9,EMPTY,EMPTY,0,0.0,100000
skewed,9,missing_measures,missing_measures,1,0.050545691438007384,100000
skewed,9,value_noise,value_noise,1,0.04450055039880202,100000
skewed,9,orphan_foreign_keys,orphan_foreign_keys,1,0.017100553315028227,100000
skewed,9,stale_timestamps,stale_timestamps,1,0.02876211785405196,100000
skewed,9,dimension_drift,dimension_drift,1,0.05159710451306601,100000
skewed,9,duplicate_facts,duplicate_facts,1,0.06468831566312781,100000
skewed,9,missing_measures|value_noise,missing_measures|value_noise,2,0.03512825927872937,100000
skewed,9,missing_measures|orphan_foreign_keys,missing_measures|orphan_foreign_keys,2,0.06627875202054886,100000
skewed,9,missing_measures|stale_timestamps,missing_measures|stale_timestamps,2,0.07436806220474226,100000
skewed,9,dimension_drift|missing_measures,dimension_drift|missing_measures,2,0.09143374057628474,100000
skewed,9,duplicate_facts|missing_measures,duplicate_facts|missing_measures,2,0.02383884439769677,100000
skewed,9,orphan_foreign_keys|value_noise,orphan_foreign_keys|value_noise,2,0.04506453958944094,100000
skewed,9,stale_timestamps|value_noise,stale_timestamps|value_noise,2,0.058152699422789396,100000
skewed,9,dimension_drift|value_noise,dimension_drift|value_noise,2,0.08993808849938545,100000
skewed,9,duplicate_facts|value_noise,duplicate_facts|value_noise,2,0.11087705609561332,100000
skewed,9,orphan_foreign_keys|stale_timestamps,orphan_foreign_keys|stale_timestamps,2,0.04586267116908019,100000
skewed,9,dimension_drift|orphan_foreign_keys,dimension_drift|orphan_foreign_keys,2,0.05439098573949399,100000
skewed,9,duplicate_facts|orphan_foreign_keys,duplicate_facts|orphan_foreign_keys,2,0.05697719270239654,100000
skewed,9,dimension_drift|stale_timestamps,dimension_drift|stale_timestamps,2,0.08035922236711798,100000
skewed,9,duplicate_facts|stale_timestamps,duplicate_facts|stale_timestamps,2,0.06951312417951142,100000
skewed,9,dimension_drift|duplicate_facts,dimension_drift|duplicate_facts,2,0.10792688570399216,100000
skewed,9,missing_measures|orphan_foreign_keys|value_noise,missing_measures|orphan_foreign_keys|value_noise,3,0.05171470252007118,100000
skewed,9,missing_measures|stale_timestamps|value_noise,missing_measures|stale_timestamps|value_noise,3,0.058528131903560626,100000
skewed,9,dimension_drift|missing_measures|value_noise,dimension_drift|missing_measures|value_noise,3,0.08301528325311158,100000
skewed,9,duplicate_facts|missing_measures|value_noise,duplicate_facts|missing_measures|value_noise,3,0.056357876045182,100000
skewed,9,missing_measures|orphan_foreign_keys|stale_timestamps,missing_measures|orphan_foreign_keys|stale_timestamps,3,0.09010112278728374,100000
skewed,9,dimension_drift|missing_measures|orphan_foreign_keys,dimension_drift|missing_measures|orphan_foreign_keys,3,0.09623086685130611,100000
skewed,9,duplicate_facts|missing_measures|orphan_foreign_keys,duplicate_facts|missing_measures|orphan_foreign_keys,3,0.04055141421054952,100000
skewed,9,dimension_drift|missing_measures|stale_timestamps,dimension_drift|missing_measures|stale_timestamps,3,0.11525611134301962,100000
skewed,9,duplicate_facts|missing_measures|stale_timestamps,duplicate_facts|missing_measures|stale_timestamps,3,0.04761771992392176,100000
skewed,9,dimension_drift|duplicate_facts|missing_measures,dimension_drift|duplicate_facts|missing_measures,3,0.07444139784517914,100000
skewed,9,orphan_foreign_keys|stale_timestamps|value_noise,orphan_foreign_keys|stale_timestamps|value_noise,3,0.058716688613428325,100000
skewed,9,dimension_drift|orphan_foreign_keys|value_noise,dimension_drift|orphan_foreign_keys|value_noise,3,0.08985989045835505,100000
skewed,9,duplicate_facts|orphan_foreign_keys|value_noise,duplicate_facts|orphan_foreign_keys|value_noise,3,0.10097056634922752,100000
skewed,9,dimension_drift|stale_timestamps|value_noise,dimension_drift|stale_timestamps|value_noise,3,0.10359023752337283,100000
skewed,9,duplicate_facts|stale_timestamps|value_noise,duplicate_facts|stale_timestamps|value_noise,3,0.11340338959718083,100000
skewed,9,dimension_drift|duplicate_facts|value_noise,dimension_drift|duplicate_facts|value_noise,3,0.15112925265872784,100000
skewed,9,dimension_drift|orphan_foreign_keys|stale_timestamps,dimension_drift|orphan_foreign_keys|stale_timestamps,3,0.08315310359354595,100000
skewed,9,duplicate_facts|orphan_foreign_keys|stale_timestamps,duplicate_facts|orphan_foreign_keys|stale_timestamps,3,0.06180200121878016,100000
skewed,9,dimension_drift|duplicate_facts|orphan_foreign_keys,dimension_drift|duplicate_facts|orphan_foreign_keys,3,0.10452265072609498,100000
skewed,9,dimension_drift|duplicate_facts|stale_timestamps,dimension_drift|duplicate_facts|stale_timestamps,3,0.11275169422037576,100000
skewed,9,missing_measures|orphan_foreign_keys|stale_timestamps|value_noise,missing_measures|orphan_foreign_keys|stale_timestamps|value_noise,4,0.07511457514490244,100000
skewed,9,dimension_drift|missing_measures|orphan_foreign_keys|value_noise,dimension_drift|missing_measures|orphan_foreign_keys|value_noise,4,0.0862775339009071,100000
skewed,9,duplicate_facts|missing_measures|orphan_foreign_keys|value_noise,duplicate_facts|missing_measures|orphan_foreign_keys|value_noise,4,0.05915754918668578,100000
skewed,9,dimension_drift|missing_measures|stale_timestamps|value_noise,dimension_drift|missing_measures|stale_timestamps|value_noise,4,0.10641515587794284,100000
skewed,9,duplicate_facts|missing_measures|stale_timestamps|value_noise,duplicate_facts|missing_measures|stale_timestamps|value_noise,4,0.07080151297220488,100000
skewed,9,dimension_drift|duplicate_facts|missing_measures|value_noise,dimension_drift|duplicate_facts|missing_measures|value_noise,4,0.10210107219088214,100000
skewed,9,dimension_drift|missing_measures|orphan_foreign_keys|stale_timestamps,dimension_drift|missing_measures|orphan_foreign_keys|stale_timestamps,4,0.120053237618041,100000
skewed,9,duplicate_facts|missing_measures|orphan_foreign_keys|stale_timestamps,duplicate_facts|missing_measures|orphan_foreign_keys|stale_timestamps,4,0.06433028973677452,100000
skewed,9,dimension_drift|duplicate_facts|missing_measures|orphan_foreign_keys,dimension_drift|duplicate_facts|missing_measures|orphan_foreign_keys,4,0.07746977022115181,100000
skewed,9,dimension_drift|duplicate_facts|missing_measures|stale_timestamps,dimension_drift|duplicate_facts|missing_measures|stale_timestamps,4,0.09822027337140414,100000
skewed,9,dimension_drift|orphan_foreign_keys|stale_timestamps|value_noise,dimension_drift|orphan_foreign_keys|stale_timestamps|value_noise,4,0.10351203948234242,100000
skewed,9,duplicate_facts|orphan_foreign_keys|stale_timestamps|value_noise,duplicate_facts|orphan_foreign_keys|stale_timestamps|value_noise,4,0.10349689985079503,100000
skewed,9,dimension_drift|duplicate_facts|orphan_foreign_keys|value_noise,dimension_drift|duplicate_facts|orphan_foreign_keys|value_noise,4,0.14366898518604268,100000
skewed,9,dimension_drift|duplicate_facts|stale_timestamps|value_noise,dimension_drift|duplicate_facts|stale_timestamps|value_noise,4,0.15365558616029537,100000
skewed,9,dimension_drift|duplicate_facts|orphan_foreign_keys|stale_timestamps,dimension_drift|duplicate_facts|orphan_foreign_keys|stale_timestamps,4,0.10934745924247861,100000
skewed,9,dimension_drift|missing_measures|orphan_foreign_keys|stale_timestamps|value_noise,dimension_drift|missing_measures|orphan_foreign_keys|stale_timestamps|value_noise,5,0.10967740652573835,100000
skewed,9,duplicate_facts|missing_measures|orphan_foreign_keys|stale_timestamps|value_noise,duplicate_facts|missing_measures|orphan_foreign_keys|stale_timestamps|value_noise,5,0.07360118611370867,100000
skewed,9,dimension_drift|duplicate_facts|missing_measures|orphan_foreign_keys|value_noise,dimension_drift|duplicate_facts|missing_measures|orphan_foreign_keys|value_noise,5,0.10323352505343769,100000
skewed,9,dimension_drift|duplicate_facts|missing_measures|stale_timestamps|value_noise,dimension_drift|duplicate_facts|missing_measures|stale_timestamps|value_noise,5,0.11654470911790502,100000
skewed,9,dimension_drift|duplicate_facts|missing_measures|orphan_foreign_keys|stale_timestamps,dimension_drift|duplicate_facts|missing_measures|orphan_foreign_keys|stale_timestamps,5,0.1012486457473768,100000
skewed,9,dimension_drift|duplicate_facts|orphan_foreign_keys|stale_timestamps|value_noise,dimension_drift|duplicate_facts|orphan_foreign_keys|stale_timestamps|value_noise,5,0.1461953186876102,100000
skewed,9,dimension_drift|duplicate_facts|missing_measures|orphan_foreign_keys|stale_timestamps|value_noise,dimension_drift|duplicate_facts|missing_measures|orphan_foreign_keys|stale_timestamps|value_noise,6,0.11767716198046058,100000
skewed,10,EMPTY,EMPTY,0,0.0,100000
skewed,10,missing_measures,missing_measures,1,0.049570180659234714,100000
skewed,10,value_noise,value_noise,1,0.04110358360214579,100000
skewed,10,orphan_foreign_keys,orphan_foreign_keys,1,0.01762382374383817,100000
skewed,10,stale_timestamps,stale_timestamps,1,0.027474802024910233,100000
skewed,10,dimension_drift,dimension_drift,1,0.055913199494771026,100000
skewed,10,duplicate_facts,duplicate_facts,1,0.06299611718875932,100000
skewed,10,missing_measures|value_noise,missing_measures|value_noise,2,0.034730007649484945,100000
skewed,10,missing_measures|orphan_foreign_keys,missing_measures|orphan_foreign_keys,2,0.0656535471851801,100000
skewed,10,missing_measures|stale_timestamps,missing_measures|stale_timestamps,2,0.07181472194195176,100000
skewed,10,dimension_drift|missing_measures,dimension_drift|missing_measures,2,0.09058502280084157,100000
skewed,10,duplicate_facts|missing_measures,duplicate_facts|missing_measures,2,0.022912315641728638,100000
skewed,10,orphan_foreign_keys|value_noise,orphan_foreign_keys|value_noise,2,0.04062587854578391,100000
skewed,10,stale_timestamps|value_noise,stale_timestamps|value_noise,2,0.055255727302983684,100000
skewed,10,dimension_drift|value_noise,dimension_drift|value_noise,2,0.09104899355526623,100000
skewed,10,duplicate_facts|value_noise,duplicate_facts|value_noise,2,0.10682158014567422,100000
skewed,10,orphan_foreign_keys|stale_timestamps,orphan_foreign_keys|stale_timestamps,2,0.0450986257687484,100000
skewed,10,dimension_drift|orphan_foreign_keys,dimension_drift|orphan_foreign_keys,2,0.05547623748543896,100000
skewed,10,duplicate_facts|orphan_foreign_keys,duplicate_facts|orphan_foreign_keys,2,0.05688646163110917,100000
skewed,10,dimension_drift|stale_timestamps,dimension_drift|stale_timestamps,2,0.08338800151968126,100000
skewed,10,duplicate_facts|stale_timestamps,duplicate_facts|stale_timestamps,2,0.06759274064560022,100000
skewed,10,dimension_drift|duplicate_facts,dimension_drift|duplicate_facts,2,0.11002853634246719,100000
skewed,10,missing_measures|orphan_foreign_keys|value_noise,missing_measures|orphan_foreign_keys|value_noise,3,0.04892899631940252,100000
skewed,10,missing_measures|stale_timestamps|value_noise,missing_measures|stale_timestamps|value_noise,3,0.05761549686091523,100000
skewed,10,dimension_drift|missing_measures|value_noise,dimension_drift|missing_measures|value_noise,3,0.0840560653404006,100000
skewed,10,duplicate_facts|missing_measures|value_noise,duplicate_facts|missing_measures|value_noise,3,0.05504378075254933,100000
skewed,10,missing_measures|orphan_foreign_keys|stale_timestamps,missing_measures|orphan_foreign_keys|stale_timestamps,3,0.08789808846789715,100000
skewed,10,dimension_drift|missing_measures|orphan_foreign_keys,dimension_drift|missing_measures|orphan_foreign_keys,3,0.09658003922656204,100000
skewed,10,duplicate_facts|missing_measures|orphan_foreign_keys,duplicate_facts|missing_measures|orphan_foreign_keys,3,0.04062305754640802,100000
skewed,10,dimension_drift|missing_measures|stale_timestamps,dimension_drift|missing_measures|stale_timestamps,3,0.11282956408355861,100000
skewed,10,duplicate_facts|missing_measures|stale_timestamps,duplicate_facts|missing_measures|stale_timestamps,3,0.0456481601345602,100000
skewed,10,dimension_drift|duplicate_facts|missing_measures,dimension_drift|duplicate_facts|missing_measures,3,0.07745023193761477,100000
skewed,10,orphan_foreign_keys|stale_timestamps|value_noise,orphan_foreign_keys|stale_timestamps|value_noise,3,0.0547780222466218,100000
skewed,10,dimension_drift|orphan_foreign_keys|value_noise,dimension_drift|orphan_foreign_keys|value_noise,3,0.0866241915500787,100000
skewed,10,duplicate_facts|orphan_foreign_keys|value_noise,duplicate_facts|orphan_foreign_keys|value_noise,3,0.09452135109850553,100000
skewed,10,dimension_drift|stale_timestamps|value_noise,dimension_drift|stale_timestamps|value_noise,3,0.10520113725610412,100000
skewed,10,duplicate_facts|stale_timestamps|value_noise,duplicate_facts|stale_timestamps|value_noise,3,0.10922887171562573,100000
skewed,10,dimension_drift|duplicate_facts|value_noise,dimension_drift|duplicate_facts|value_noise,3,0.14721640778512102,100000
skewed,10,dimension_drift|orphan_foreign_keys|stale_timestamps,dimension_drift|orphan_foreign_keys|stale_timestamps,3,0.0829510395103492,100000
skewed,10,duplicate_facts|orphan_foreign_keys|stale_timestamps,duplicate_facts|orphan_foreign_keys|stale_timestamps,3,0.061483085087950085,100000
skewed,10,dimension_drift|duplicate_facts|orphan_foreign_keys,dimension_drift|duplicate_facts|orphan_foreign_keys,3,0.1072611064771675,100000
skewed,10,dimension_drift|duplicate_facts|stale_timestamps,dimension_drift|duplicate_facts|stale_timestamps,3,0.11462515979930812,100000
skewed,10,missing_measures|orphan_foreign_keys|stale_timestamps|value_noise,missing_measures|orphan_foreign_keys|stale_timestamps|value_noise,4,0.0718144855308328,100000
skewed,10,dimension_drift|missing_measures|orphan_foreign_keys|value_noise,dimension_drift|missing_measures|orphan_foreign_keys|value_noise,4,0.08453511092273167,100000
skewed,10,duplicate_facts|missing_measures|orphan_foreign_keys|value_noise,duplicate_facts|missing_measures|orphan_foreign_keys|value_noise,4,0.05582239779551374,100000
skewed,10,dimension_drift|missing_measures|stale_timestamps|value_noise,dimension_drift|missing_measures|stale_timestamps|value_noise,4,0.10694155455183088,100000
skewed,10,duplicate_facts|missing_measures|stale_timestamps|value_noise,duplicate_facts|missing_measures|stale_timestamps|value_noise,4,0.06998473685795167,100000
skewed,10,dimension_drift|duplicate_facts|missing_measures|value_noise,dimension_drift|duplicate_facts|missing_measures|value_noise,4,0.10543290540913326,100000
skewed,10,dimension_drift|missing_measures|orphan_foreign_keys|stale_timestamps,dimension_drift|missing_measures|orphan_foreign_keys|stale_timestamps,4,0.11882458050927909,100000
skewed,10,duplicate_facts|missing_measures|orphan_foreign_keys|stale_timestamps,duplicate_facts|missing_measures|orphan_foreign_keys|stale_timestamps,4,0.06335890203923958,100000
skewed,10,dimension_drift|duplicate_facts|missing_measures|orphan_foreign_keys,dimension_drift|duplicate_facts|missing_measures|orphan_foreign_keys,4,0.07732898757947951,100000
skewed,10,dimension_drift|duplicate_facts|missing_measures|stale_timestamps,dimension_drift|duplicate_facts|missing_measures|stale_timestamps,4,0.10018607643044633,100000
skewed,10,dimension_drift|orphan_foreign_keys|stale_timestamps|value_noise,dimension_drift|orphan_foreign_keys|stale_timestamps|value_noise,4,0.1007763352509166,100000
skewed,10,duplicate_facts|orphan_foreign_keys|stale_timestamps|value_noise,duplicate_facts|orphan_foreign_keys|stale_timestamps|value_noise,4,0.09692864266845702,100000
skewed,10,dimension_drift|duplicate_facts|orphan_foreign_keys|value_noise,dimension_drift|duplicate_facts|orphan_foreign_keys|value_noise,4,0.14221506594240163,100000
skewed,10,dimension_drift|duplicate_facts|stale_timestamps|value_noise,dimension_drift|duplicate_facts|stale_timestamps|value_noise,4,0.14962369935507253,100000
skewed,10,dimension_drift|duplicate_facts|orphan_foreign_keys|stale_timestamps,dimension_drift|duplicate_facts|orphan_foreign_keys|stale_timestamps,4,0.11185772993400842,100000
skewed,10,dimension_drift|missing_measures|orphan_foreign_keys|stale_timestamps|value_noise,dimension_drift|missing_measures|orphan_foreign_keys|stale_timestamps|value_noise,5,0.10742060013416196,100000
skewed,10,duplicate_facts|missing_measures|orphan_foreign_keys|stale_timestamps|value_noise,duplicate_facts|missing_measures|orphan_foreign_keys|stale_timestamps|value_noise,5,0.07076335390091608,100000
skewed,10,dimension_drift|duplicate_facts|missing_measures|orphan_foreign_keys|value_noise,dimension_drift|duplicate_facts|missing_measures|orphan_foreign_keys|value_noise,5,0.10100652127535723,100000
skewed,10,dimension_drift|duplicate_facts|missing_measures|stale_timestamps|value_noise,dimension_drift|duplicate_facts|missing_measures|stale_timestamps|value_noise,5,0.12037386151453561,100000
skewed,10,dimension_drift|duplicate_facts|missing_measures|orphan_foreign_keys|stale_timestamps,dimension_drift|duplicate_facts|missing_measures|orphan_foreign_keys|stale_timestamps,5,0.10006483207231107,100000
skewed,10,dimension_drift|duplicate_facts|orphan_foreign_keys|stale_timestamps|value_noise,dimension_drift|duplicate_facts|orphan_foreign_keys|stale_timestamps|value_noise,5,0.1446223575123531,100000
skewed,10,dimension_drift|duplicate_facts|missing_measures|orphan_foreign_keys|stale_timestamps|value_noise,dimension_drift|duplicate_facts|missing_measures|orphan_foreign_keys|stale_timestamps|value_noise,6,0.11594747738075956,100000
skewed,11,EMPTY,EMPTY,0,0.0,100000
skewed,11,missing_measures,missing_measures,1,0.05121075967437068,100000
skewed,11,value_noise,value_noise,1,0.04189079690061519,100000
skewed,11,orphan_foreign_keys,orphan_foreign_keys,1,0.015617273559886883,100000
skewed,11,stale_timestamps,stale_timestamps,1,0.028438951176557682,100000
skewed,11,dimension_drift,dimension_drift,1,0.018922513252421978,100000
skewed,11,duplicate_facts,duplicate_facts,1,0.06384488706292565,100000
skewed,11,missing_measures|value_noise,missing_measures|value_noise,2,0.03461664243545152,100000
skewed,11,missing_measures|orphan_foreign_keys,missing_measures|orphan_foreign_keys,2,0.06562666117685327,100000
skewed,11,missing_measures|stale_timestamps,missing_measures|stale_timestamps,2,0.07330065041607957,100000
skewed,11,dimension_drift|missing_measures,dimension_drift|missing_measures,2,0.06172412771784965,100000
skewed,11,duplicate_facts|missing_measures,duplicate_facts|missing_measures,2,0.02612916351375273,100000
skewed,11,orphan_foreign_keys|value_noise,orphan_foreign_keys|value_noise,2,0.041193961261166194,100000
skewed,11,stale_timestamps|value_noise,stale_timestamps|value_noise,2,0.05690593628727567,100000
skewed,11,dimension_drift|value_noise,dimension_drift|value_noise,2,0.05877315921373259,100000
skewed,11,duplicate_facts|value_noise,duplicate_facts|value_noise,2,0.10738801906765756,100000
skewed,11,orphan_foreign_keys|stale_timestamps,orphan_foreign_keys|stale_timestamps,2,0.04405622473644456,100000
skewed,11,dimension_drift|orphan_foreign_keys,dimension_drift|orphan_foreign_keys,2,0.02474713873888593,100000
skewed,11,duplicate_facts|orphan_foreign_keys,duplicate_facts|orphan_foreign_keys,2,0.05542056244359693,100000
skewed,11,dimension_drift|stale_timestamps,dimension_drift|stale_timestamps,2,0.04736146442897966,100000
skewed,11,duplicate_facts|stale_timestamps,duplicate_facts|stale_timestamps,2,0.06944328921121526,100000
skewed,11,dimension_drift|duplicate_facts,dimension_drift|duplicate_facts,2,0.07912912098065548,100000
skewed,11,missing_measures|orphan_foreign_keys|value_noise,missing_measures|orphan_foreign_keys|value_noise,3,0.04922284685466552,100000
skewed,11,missing_measures|stale_timestamps|value_noise,missing_measures|stale_timestamps|value_noise,3,0.05745793255655268,100000
skewed,11,dimension_drift|missing_measures|value_noise,dimension_drift|missing_measures|value_noise,3,0.049330620368093235,100000
skewed,11,duplicate_facts|missing_measures|value_noise,duplicate_facts|missing_measures|value_noise,3,0.05158844169626105,100000
skewed,11,missing_measures|orphan_foreign_keys|stale_timestamps,missing_measures|orphan_foreign_keys|stale_timestamps,3,0.08771655191856217,100000
skewed,11,dimension_drift|missing_measures|orphan_foreign_keys,dimension_drift|missing_measures|orphan_foreign_keys,3,0.07075901013421995,100000
skewed,11,duplicate_facts|missing_measures|orphan_foreign_keys,duplicate_facts|missing_measures|orphan_foreign_keys,3,0.04138219339509456,100000
skewed,11,dimension_drift|missing_measures|stale_timestamps,dimension_drift|missing_measures|stale_timestamps,3,0.08381401845955855,100000
skewed,11,duplicate_facts|missing_measures|stale_timestamps,duplicate_facts|missing_measures|stale_timestamps,3,0.049137371511376635,100000
skewed,11,dimension_drift|duplicate_facts|missing_measures,dimension_drift|duplicate_facts|missing_measures,3,0.04165593000254944,100000
skewed,11,orphan_foreign_keys|stale_timestamps|value_noise,orphan_foreign_keys|stale_timestamps|value_noise,3,0.056209100647826686,100000
skewed,11,dimension_drift|orphan_foreign_keys|value_noise,dimension_drift|orphan_foreign_keys|value_noise,3,0.05481460508092193,100000
skewed,11,duplicate_facts|orphan_foreign_keys|value_noise,duplicate_facts|orphan_foreign_keys|value_noise,3,0.09568439034891138,100000
skewed,11,dimension_drift|stale_timestamps|value_noise,dimension_drift|stale_timestamps|value_noise,3,0.07378829860039307,100000
skewed,11,duplicate_facts|stale_timestamps|value_noise,duplicate_facts|stale_timestamps|value_noise,3,0.1098946261790245,100000
skewed,11,dimension_drift|duplicate_facts|value_noise,dimension_drift|duplicate_facts|value_noise,3,0.12057615411797856,100000
skewed,11,dimension_drift|orphan_foreign_keys|stale_timestamps,dimension_drift|orphan_foreign_keys|stale_timestamps,3,0.053186089915443616,100000
skewed,11,duplicate_facts|orphan_foreign_keys|stale_timestamps,duplicate_facts|orphan_foreign_keys|stale_timestamps,3,0.06101896459188653,100000
skewed,11,dimension_drift|duplicate_facts|orphan_foreign_keys,dimension_drift|duplicate_facts|orphan_foreign_keys,3,0.0702442874211112,100000
skewed,11,dimension_drift|duplicate_facts|stale_timestamps,dimension_drift|duplicate_facts|stale_timestamps,3,0.08472752312894508,100000
skewed,11,missing_measures|orphan_foreign_keys|stale_timestamps|value_noise,missing_measures|orphan_foreign_keys|stale_timestamps|value_noise,4,0.07206413697576668,100000
skewed,11,dimension_drift|missing_measures|orphan_foreign_keys|value_noise,dimension_drift|missing_measures|orphan_foreign_keys|value_noise,4,0.056187408920819554,100000
skewed,11,duplicate_facts|missing_measures|orphan_foreign_keys|value_noise,duplicate_facts|missing_measures|orphan_foreign_keys|value_noise,4,0.0547388923267387,100000
skewed,11,dimension_drift|missing_measures|stale_timestamps|value_noise,dimension_drift|missing_measures|stale_timestamps|value_noise,4,0.0721719104891944,100000
skewed,11,duplicate_facts|missing_measures|stale_timestamps|value_noise,duplicate_facts|missing_measures|stale_timestamps|value_noise,4,0.0680001396168517,100000
skewed,11,dimension_drift|duplicate_facts|missing_measures|value_noise,dimension_drift|duplicate_facts|missing_measures|value_noise,4,0.06717534396995659,100000
skewed,11,dimension_drift|missing_measures|orphan_foreign_keys|stale_timestamps,dimension_drift|missing_measures|orphan_foreign_keys|stale_timestamps,4,0.09284890087592884,100000
skewed,11,duplicate_facts|missing_measures|orphan_foreign_keys|stale_timestamps,duplicate_facts|missing_measures|orphan_foreign_keys|stale_timestamps,4,0.06439040139271847,100000
skewed,11,dimension_drift|duplicate_facts|missing_measures|orphan_foreign_keys,dimension_drift|duplicate_facts|missing_measures|orphan_foreign_keys,4,0.048093574042716164,100000
skewed,11,dimension_drift|duplicate_facts|missing_measures|stale_timestamps,dimension_drift|duplicate_facts|missing_measures|stale_timestamps,4,0.06466413800017334,100000
skewed,11,dimension_drift|orphan_foreign_keys|stale_timestamps|value_noise,dimension_drift|orphan_foreign_keys|stale_timestamps|value_noise,4,0.06982974446758242,100000
skewed,11,duplicate_facts|orphan_foreign_keys|stale_timestamps|value_noise,duplicate_facts|orphan_foreign_keys|stale_timestamps|value_noise,4,0.09819099746027835,100000
skewed,11,dimension_drift|duplicate_facts|orphan_foreign_keys|value_noise,dimension_drift|duplicate_facts|orphan_foreign_keys|value_noise,4,0.10944382936182222,100000
skewed,11,dimension_drift|duplicate_facts|stale_timestamps|value_noise,dimension_drift|duplicate_facts|stale_timestamps|value_noise,4,0.12308276122934554,100000
skewed,11,dimension_drift|duplicate_facts|orphan_foreign_keys|stale_timestamps,dimension_drift|duplicate_facts|orphan_foreign_keys|stale_timestamps,4,0.0758426895694008,100000
skewed,11,dimension_drift|missing_measures|orphan_foreign_keys|stale_timestamps|value_noise,dimension_drift|missing_measures|orphan_foreign_keys|stale_timestamps|value_noise,5,0.07902869904192071,100000
skewed,11,duplicate_facts|missing_measures|orphan_foreign_keys|stale_timestamps|value_noise,duplicate_facts|missing_measures|orphan_foreign_keys|stale_timestamps|value_noise,5,0.07115059024732934,100000
skewed,11,dimension_drift|duplicate_facts|missing_measures|orphan_foreign_keys|value_noise,dimension_drift|duplicate_facts|missing_measures|orphan_foreign_keys|value_noise,5,0.06536823583747756,100000
skewed,11,dimension_drift|duplicate_facts|missing_measures|stale_timestamps|value_noise,dimension_drift|duplicate_facts|missing_measures|stale_timestamps|value_noise,5,0.08358704189054722,100000
skewed,11,dimension_drift|duplicate_facts|missing_measures|orphan_foreign_keys|stale_timestamps,dimension_drift|duplicate_facts|missing_measures|orphan_foreign_keys|stale_timestamps,5,0.07110178204034007,100000
skewed,11,dimension_drift|duplicate_facts|orphan_foreign_keys|stale_timestamps|value_noise,dimension_drift|duplicate_facts|orphan_foreign_keys|stale_timestamps|value_noise,5,0.1119504364731892,100000
skewed,11,dimension_drift|duplicate_facts|missing_measures|orphan_foreign_keys|stale_timestamps|value_noise,dimension_drift|duplicate_facts|missing_measures|orphan_foreign_keys|stale_timestamps|value_noise,6,0.0817799337580682,100000
seasonal,0,EMPTY,EMPTY,0,0.0,100000
seasonal,0,missing_measures,missing_measures,1,0.05017448165761769,100000
seasonal,0,value_noise,value_noise,1,0.040172121407363856,100000
seasonal,0,orphan_foreign_keys,orphan_foreign_keys,1,0.014097236058077651,100000
seasonal,0,stale_timestamps,stale_timestamps,1,0.02948742582889201,100000
seasonal,0,dimension_drift,dimension_drift,1,0.005399796293200997,100000
seasonal,0,duplicate_facts,duplicate_facts,1,0.06282355198203865,100000
seasonal,0,missing_measures|value_noise,missing_measures|value_noise,2,0.03359302994445875,100000
seasonal,0,missing_measures|orphan_foreign_keys,missing_measures|orphan_foreign_keys,2,0.06272664831335428,100000
seasonal,0,missing_measures|stale_timestamps,missing_measures|stale_timestamps,2,0.07218657415517024,100000
seasonal,0,dimension_drift|missing_measures,dimension_drift|missing_measures,2,0.05371132812427597,100000
seasonal,0,duplicate_facts|missing_measures,duplicate_facts|missing_measures,2,0.02352303190582857,100000
seasonal,0,orphan_foreign_keys|value_noise,orphan_foreign_keys|value_noise,2,0.038924586560424475,100000
seasonal,0,stale_timestamps|value_noise,stale_timestamps|value_noise,2,0.05462407012909798,100000
seasonal,0,dimension_drift|value_noise,dimension_drift|value_noise,2,0.043708967874022286,100000
seasonal,0,duplicate_facts|value_noise,duplicate_facts|value_noise,2,0.10546153761468138,100000
seasonal,0,orphan_foreign_keys|stale_timestamps,orphan_foreign_keys|stale_timestamps,2,0.04358466188696966,100000
seasonal,0,dimension_drift|orphan_foreign_keys,dimension_drift|orphan_foreign_keys,2,0.01640802065863858,100000
seasonal,0,duplicate_facts|orphan_foreign_keys,duplicate_facts|orphan_foreign_keys,2,0.052355262891666296,100000
seasonal,0,dimension_drift|stale_timestamps,dimension_drift|stale_timestamps,2,0.034887222122093005,100000
seasonal,0,duplicate_facts|stale_timestamps,duplicate_facts|stale_timestamps,2,0.06908800622030933,100000
seasonal,0,dimension_drift|duplicate_facts,dimension_drift|duplicate_facts,2,0.06552639140090497,100000
seasonal,0,missing_measures|orphan_foreign_keys|value_noise,missing_measures|orphan_foreign_keys|value_noise,3,0.04705564702103376,100000
seasonal,0,missing_measures|stale_timestamps|value_noise,missing_measures|stale_timestamps|value_noise,3,0.05639007536066722,100000
seasonal,0,dimension_drift|missing_measures|value_noise,dimension_drift|missing_measures|value_noise,3,0.03719405386900787,100000
seasonal,0,duplicate_facts|missing_measures|value_noise,duplicate_facts|missing_measures|value_noise,3,0.05250751806397626,100000
seasonal,0,missing_measures|orphan_foreign_keys|stale_timestamps,missing_measures|orphan_foreign_keys|stale_timestamps,3,0.08473874081090685,100000
seasonal,0,dimension_drift|missing_measures|orphan_foreign_keys,dimension_drift|missing_measures|orphan_foreign_keys,3,0.06503743291391521,100000
seasonal,0,duplicate_facts|missing_measures|orphan_foreign_keys,duplicate_facts|missing_measures|orphan_foreign_keys,3,0.03632426452091164,100000
seasonal,0,dimension_drift|missing_measures|stale_timestamps,dimension_drift|missing_measures|stale_timestamps,3,0.07572342062182852,100000
seasonal,0,duplicate_facts|missing_measures|stale_timestamps,duplicate_facts|missing_measures|stale_timestamps,3,0.04778253243669079,100000
seasonal,0,dimension_drift|duplicate_facts|missing_measures,dimension_drift|duplicate_facts|missing_measures,3,0.027820152609180963,100000
seasonal,0,orphan_foreign_keys|stale_timestamps|value_noise,orphan_foreign_keys|stale_timestamps|value_noise,3,0.053376535282158584,100000
seasonal,0,dimension_drift|orphan_foreign_keys|value_noise,dimension_drift|orphan_foreign_keys|value_noise,3,0.04123537116098536,100000
seasonal,0,duplicate_facts|orphan_foreign_keys|value_noise,duplicate_facts|orphan_foreign_keys|value_noise,3,0.09139539727635287,100000
seasonal,0,dimension_drift|stale_timestamps|value_noise,dimension_drift|stale_timestamps|value_noise,3,0.058160916595756396,100000
seasonal,0,duplicate_facts|stale_timestamps|value_noise,duplicate_facts|stale_timestamps|value_noise,3,0.10803557189792472,100000
seasonal,0,dimension_drift|duplicate_facts|value_noise,dimension_drift|duplicate_facts|value_noise,3,0.10816437703354778,100000
seasonal,0,dimension_drift|orphan_foreign_keys|stale_timestamps,dimension_drift|orphan_foreign_keys|stale_timestamps,3,0.04589544648753059,100000
seasonal,0,duplicate_facts|orphan_foreign_keys|stale_timestamps,duplicate_facts|orphan_foreign_keys|stale_timestamps,3,0.058619717129936966,100000
seasonal,0,dimension_drift|duplicate_facts|orphan_foreign_keys,dimension_drift|duplicate_facts|orphan_foreign_keys,3,0.056345992788403715,100000
seasonal,0,dimension_drift|duplicate_facts|stale_timestamps,dimension_drift|duplicate_facts|stale_timestamps,3,0.07179084563917563,100000
seasonal,0,missing_measures|orphan_foreign_keys|stale_timestamps|value_noise,missing_measures|orphan_foreign_keys|stale_timestamps|value_noise,4,0.06985269243724224,100000
seasonal,0,dimension_drift|missing_measures|orphan_foreign_keys|value_noise,dimension_drift|missing_measures|orphan_foreign_keys|value_noise,4,0.04936643162159457,100000
seasonal,0,duplicate_facts|missing_measures|orphan_foreign_keys|value_noise,duplicate_facts|missing_measures|orphan_foreign_keys|value_noise,4,0.05260269136333623,100000
seasonal,0,dimension_drift|missing_measures|stale_timestamps|value_noise,dimension_drift|missing_measures|stale_timestamps|value_noise,4,0.05999109928521634,100000
seasonal,0,duplicate_facts|missing_measures|stale_timestamps|value_noise,duplicate_facts|missing_measures|stale_timestamps|value_noise,4,0.06737655052980251,100000
seasonal,0,dimension_drift|duplicate_facts|missing_measures|value_noise,dimension_drift|duplicate_facts|missing_measures|value_noise,4,0.0552103574828427,100000
seasonal,0,dimension_drift|missing_measures|orphan_foreign_keys|stale_timestamps,dimension_drift|missing_measures|orphan_foreign_keys|stale_timestamps,4,0.08704952541146777,100000
seasonal,0,duplicate_facts|missing_measures|orphan_foreign_keys|stale_timestamps,duplicate_facts|missing_measures|orphan_foreign_keys|stale_timestamps,4,0.060583765051773875,100000
seasonal,0,dimension_drift|duplicate_facts|missing_measures|orphan_foreign_keys,dimension_drift|duplicate_facts|missing_measures|orphan_foreign_keys,4,0.039139296096111255,100000
seasonal,0,dimension_drift|duplicate_facts|missing_measures|stale_timestamps,dimension_drift|duplicate_facts|missing_measures|stale_timestamps,4,0.05207965314004318,100000
seasonal,0,dimension_drift|orphan_foreign_keys|stale_timestamps|value_noise,dimension_drift|orphan_foreign_keys|stale_timestamps|value_noise,4,0.055687319882719466,100000
seasonal,0,duplicate_facts|orphan_foreign_keys|stale_timestamps|value_noise,duplicate_facts|orphan_foreign_keys|stale_timestamps|value_noise,4,0.0939694315595962,100000
seasonal,0,dimension_drift|duplicate_facts|orphan_foreign_keys|value_noise,dimension_drift|duplicate_facts|orphan_foreign_keys|value_noise,4,0.09421042885155256,100000
seasonal,0,dimension_drift|duplicate_facts|stale_timestamps|value_noise,dimension_drift|duplicate_facts|stale_timestamps|value_noise,4,0.11073841131679112,100000
seasonal,0,dimension_drift|duplicate_facts|orphan_foreign_keys|stale_timestamps,dimension_drift|duplicate_facts|orphan_foreign_keys|stale_timestamps,4,0.0626104470266744,100000
seasonal,0,dimension_drift|missing_measures|orphan_foreign_keys|stale_timestamps|value_noise,dimension_drift|missing_measures|orphan_foreign_keys|stale_timestamps|value_noise,5,0.07216347703780304,100000
seasonal,0,duplicate_facts|missing_measures|orphan_foreign_keys|stale_timestamps|value_noise,duplicate_facts|missing_measures|orphan_foreign_keys|stale_timestamps|value_noise,5,0.06747172382916249,100000
seasonal,0,dimension_drift|duplicate_facts|missing_measures|orphan_foreign_keys|value_noise,dimension_drift|duplicate_facts|missing_measures|orphan_foreign_keys|value_noise,5,0.05541772293853568,100000
seasonal,0,dimension_drift|duplicate_facts|missing_measures|stale_timestamps|value_noise,dimension_drift|duplicate_facts|missing_measures|stale_timestamps|value_noise,5,0.07007938994866895,100000
seasonal,0,dimension_drift|duplicate_facts|missing_measures|orphan_foreign_keys|stale_timestamps,dimension_drift|duplicate_facts|missing_measures|orphan_foreign_keys|stale_timestamps,5,0.06339879662697348,100000
seasonal,0,dimension_drift|duplicate_facts|orphan_foreign_keys|stale_timestamps|value_noise,dimension_drift|duplicate_facts|orphan_foreign_keys|stale_timestamps|value_noise,5,0.09678446313479591,100000
seasonal,0,dimension_drift|duplicate_facts|missing_measures|orphan_foreign_keys|stale_timestamps|value_noise,dimension_drift|duplicate_facts|missing_measures|orphan_foreign_keys|stale_timestamps|value_noise,6,0.07028675540436194,100000
seasonal,1,EMPTY,EMPTY,0,0.0,100000
seasonal,1,missing_measures,missing_measures,1,0.05015365539436735,100000
seasonal,1,value_noise,value_noise,1,0.0417664012282521,100000
seasonal,1,orphan_foreign_keys,orphan_foreign_keys,1,0.013804329739981582,100000
seasonal,1,stale_timestamps,stale_timestamps,1,0.02892401869871932,100000
seasonal,1,dimension_drift,dimension_drift,1,0.005824931566308011,100000
seasonal,1,duplicate_facts,duplicate_facts,1,0.06443784040482875,100000
seasonal,1,missing_measures|value_noise,missing_measures|value_noise,2,0.034740269708867066,100000
seasonal,1,missing_measures|orphan_foreign_keys,missing_measures|orphan_foreign_keys,2,0.06258299815447468,100000
seasonal,1,missing_measures|stale_timestamps,missing_measures|stale_timestamps,2,0.07207741616248463,100000
seasonal,1,dimension_drift|missing_measures,dimension_drift|missing_measures,2,0.054033442681809374,100000
seasonal,1,duplicate_facts|missing_measures,duplicate_facts|missing_measures,2,0.024725765435067805,100000
seasonal,1,orphan_foreign_keys|value_noise,orphan_foreign_keys|value_noise,2,0.04004992837982978,100000
seasonal,1,stale_timestamps|value_noise,stale_timestamps|value_noise,2,0.054698538168022996,100000
seasonal,1,dimension_drift|value_noise,dimension_drift|value_noise,2,0.04564618851569406,100000
seasonal,1,duplicate_facts|value_noise,duplicate_facts|value_noise,2,0.10924739983807036,100000
seasonal,1,orphan_foreign_keys|stale_timestamps,orphan_foreign_keys|stale_timestamps,2,0.04272834843870091,100000
seasonal,1,dimension_drift|orphan_foreign_keys,dimension_drift|orphan_foreign_keys,2,0.017731053436553477,100000
seasonal,1,duplicate_facts|orphan_foreign_keys,duplicate_facts|orphan_foreign_keys,2,0.053454158266196886,100000
seasonal,1,dimension_drift|stale_timestamps,dimension_drift|stale_timestamps,2,0.034748950265027334,100000
seasonal,1,duplicate_facts|stale_timestamps,duplicate_facts|stale_timestamps,2,0.06946061609451892,100000
seasonal,1,dimension_drift|duplicate_facts,dimension_drift|duplicate_facts,2,0.06744699964366185,100000
seasonal,1,missing_measures|orphan_foreign_keys|value_noise,missing_measures|orphan_foreign_keys|value_noise,3,0.047751480973380334,100000
seasonal,1,missing_measures|stale_timestamps|value_noise,missing_measures|stale_timestamps|value_noise,3,0.057164427116167045,100000
seasonal,1,dimension_drift|missing_measures|value_noise,dimension_drift|missing_measures|value_noise,3,0.03889926500016744,100000
seasonal,1,duplicate_facts|missing_measures|value_noise,duplicate_facts|missing_measures|value_noise,3,0.05627978697561947,100000
seasonal,1,missing_measures|orphan_foreign_keys|stale_timestamps,missing_measures|orphan_foreign_keys|stale_timestamps,3,0.08450675892259196,100000
seasonal,1,dimension_drift|missing_measures|orphan_foreign_keys,dimension_drift|missing_measures|orphan_foreign_keys,3,0.06650972185104659,100000
seasonal,1,duplicate_facts|missing_measures|orphan_foreign_keys,duplicate_facts|missing_measures|orphan_foreign_keys,3,0.03757479922541148,100000
seasonal,1,dimension_drift|missing_measures|stale_timestamps,dimension_drift|missing_measures|stale_timestamps,3,0.07595720344992667,100000
seasonal,1,duplicate_facts|missing_measures|stale_timestamps,duplicate_facts|missing_measures|stale_timestamps,3,0.04814356692301988,100000
seasonal,1,dimension_drift|duplicate_facts|missing_measures,dimension_drift|duplicate_facts|missing_measures,3,0.028604011056031123,100000
seasonal,1,orphan_foreign_keys|stale_timestamps|value_noise,orphan_foreign_keys|stale_timestamps|value_noise,3,0.05298206531960068,100000
seasonal,1,dimension_drift|orphan_foreign_keys|value_noise,dimension_drift|orphan_foreign_keys|value_noise,3,0.043976652076401716,100000
seasonal,1,duplicate_facts|orphan_foreign_keys|value_noise,duplicate_facts|orphan_foreign_keys|value_noise,3,0.09513840195522938,100000
seasonal,1,dimension_drift|stale_timestamps|value_noise,dimension_drift|stale_timestamps|value_noise,3,0.05857832545546496,100000
seasonal,1,duplicate_facts|stale_timestamps|value_noise,duplicate_facts|stale_timestamps|value_noise,3,0.11154881631882456,100000
seasonal,1,dimension_drift|duplicate_facts|value_noise,dimension_drift|duplicate_facts|value_noise,3,0.11225655907690353,100000
seasonal,1,dimension_drift|orphan_foreign_keys|stale_timestamps,dimension_drift|orphan_foreign_keys|stale_timestamps,3,0.0466550721352728,100000
seasonal,1,duplicate_facts|orphan_foreign_keys|stale_timestamps,duplicate_facts|orphan_foreign_keys|stale_timestamps,3,0.05847693395588705,100000
seasonal,1,dimension_drift|duplicate_facts|orphan_foreign_keys,dimension_drift|duplicate_facts|orphan_foreign_keys,3,0.05803091614863704,100000
seasonal,1,dimension_drift|duplicate_facts|stale_timestamps,dimension_drift|duplicate_facts|stale_timestamps,3,0.072469775333352,100000
seasonal,1,missing_measures|orphan_foreign_keys|stale_timestamps|value_noise,missing_measures|orphan_foreign_keys|stale_timestamps|value_noise,4,0.0701756383806803,100000
seasonal,1,dimension_drift|missing_measures|orphan_foreign_keys|value_noise,dimension_drift|missing_measures|orphan_foreign_keys|value_noise,4,0.05167820466995224,100000
seasonal,1,duplicate_facts|missing_measures|orphan_foreign_keys|value_noise,duplicate_facts|missing_measures|orphan_foreign_keys|value_noise,4,0.05590532607773644,100000
seasonal,1,dimension_drift|missing_measures|stale_timestamps|value_noise,dimension_drift|missing_measures|stale_timestamps|value_noise,4,0.06132342240746741,100000
seasonal,1,duplicate_facts|missing_measures|stale_timestamps|value_noise,duplicate_facts|missing_measures|stale_timestamps|value_noise,4,0.06957070160384524,100000
seasonal,1,dimension_drift|duplicate_facts|missing_measures|value_noise,dimension_drift|duplicate_facts|missing_measures|value_noise,4,0.05928894621445269,100000
seasonal,1,dimension_drift|missing_measures|orphan_foreign_keys|stale_timestamps,dimension_drift|missing_measures|orphan_foreign_keys|stale_timestamps,4,0.08843348261916387,100000
seasonal,1,duplicate_facts|missing_measures|orphan_foreign_keys|stale_timestamps,duplicate_facts|missing_measures|orphan_foreign_keys|stale_timestamps,4,0.06099260071336356,100000
seasonal,1,dimension_drift|duplicate_facts|missing_measures|orphan_foreign_keys,dimension_drift|duplicate_facts|missing_measures|orphan_foreign_keys,4,0.04126723210206718,100000
seasonal,1,dimension_drift|duplicate_facts|missing_measures|stale_timestamps,dimension_drift|duplicate_facts|missing_measures|stale_timestamps,4,0.0520218125439832,100000
seasonal,1,dimension_drift|orphan_foreign_keys|stale_timestamps|value_noise,dimension_drift|orphan_foreign_keys|stale_timestamps|value_noise,4,0.05690878901617261,100000
seasonal,1,duplicate_facts|orphan_foreign_keys|stale_timestamps|value_noise,duplicate_facts|orphan_foreign_keys|stale_timestamps|value_noise,4,0.0974398184359836,100000
seasonal,1,dimension_drift|duplicate_facts|orphan_foreign_keys|value_noise,dimension_drift|duplicate_facts|orphan_foreign_keys|value_noise,4,0.09883083483188507,100000
seasonal,1,dimension_drift|duplicate_facts|stale_timestamps|value_noise,dimension_drift|duplicate_facts|stale_timestamps|value_noise,4,0.11455797555765773,100000
seasonal,1,dimension_drift|duplicate_facts|orphan_foreign_keys|stale_timestamps,dimension_drift|duplicate_facts|orphan_foreign_keys|stale_timestamps,4,0.06305369183832721,100000
seasonal,1,dimension_drift|missing_measures|orphan_foreign_keys|stale_timestamps|value_noise,dimension_drift|missing_measures|orphan_foreign_keys|stale_timestamps|value_noise,5,0.07410236207725221,100000
seasonal,1,duplicate_facts|missing_measures|orphan_foreign_keys|stale_timestamps|value_noise,duplicate_facts|missing_measures|orphan_foreign_keys|stale_timestamps|value_noise,5,0.06919624070596221,100000
seasonal,1,dimension_drift|duplicate_facts|missing_measures|orphan_foreign_keys|value_noise,dimension_drift|duplicate_facts|missing_measures|orphan_foreign_keys|value_noise,5,0.05959775895439215,100000
seasonal,1,dimension_drift|duplicate_facts|missing_measures|stale_timestamps|value_noise,dimension_drift|duplicate_facts|missing_measures|stale_timestamps|value_noise,5,0.07257986084267845,100000
seasonal,1,dimension_drift|duplicate_facts|missing_measures|orphan_foreign_keys|stale_timestamps,dimension_drift|duplicate_facts|missing_measures|orphan_foreign_keys|stale_timestamps,5,0.06468503359001926,100000
seasonal,1,dimension_drift|duplicate_facts|orphan_foreign_keys|stale_timestamps|value_noise,dimension_drift|duplicate_facts|orphan_foreign_keys|stale_timestamps|value_noise,5,0.10113225131263928,100000
seasonal,1,dimension_drift|duplicate_facts|missing_measures|orphan_foreign_keys|stale_timestamps|value_noise,dimension_drift|duplicate_facts|missing_measures|orphan_foreign_keys|stale_timestamps|value_noise,6,0.07288867358261791,100000
seasonal,2,EMPTY,EMPTY,0,0.0,100000
seasonal,2,missing_measures,missing_measures,1,0.050735572540337184,100000
seasonal,2,value_noise,value_noise,1,0.04150370550414085,100000
seasonal,2,orphan_foreign_keys,orphan_foreign_keys,1,0.013995274450115055,100000
seasonal,2,stale_timestamps,stale_timestamps,1,0.029205512906600006,100000
seasonal,2,dimension_drift,dimension_drift,1,0.005248228660813268,100000
seasonal,2,duplicate_facts,duplicate_facts,1,0.06474104293293292,100000
seasonal,2,missing_measures|value_noise,missing_measures|value_noise,2,0.034162591155507765,100000
seasonal,2,missing_measures|orphan_foreign_keys,missing_measures|orphan_foreign_keys,2,0.0633143281852893,100000
seasonal,2,missing_measures|stale_timestamps,missing_measures|stale_timestamps,2,0.0729786822881407,100000
seasonal,2,dimension_drift|missing_measures,dimension_drift|missing_measures,2,0.05424214351035963,100000
seasonal,2,duplicate_facts|missing_measures,duplicate_facts|missing_measures,2,0.024756388492886396,100000
seasonal,2,orphan_foreign_keys|value_noise,orphan_foreign_keys|value_noise,2,0.039815555867843945,100000
seasonal,2,stale_timestamps|value_noise,stale_timestamps|value_noise,2,0.05403773344620067,100000
seasonal,2,dimension_drift|value_noise,dimension_drift|value_noise,2,0.04501027647416341,100000
seasonal,2,duplicate_facts|value_noise,duplicate_facts|value_noise,2,0.1090072983753492,100000
seasonal,2,orphan_foreign_keys|stale_timestamps,orphan_foreign_keys|stale_timestamps,2,0.043200787356715065,100000
seasonal,2,dimension_drift|orphan_foreign_keys,dimension_drift|orphan_foreign_keys,2,0.01708200426321253,100000
seasonal,2,duplicate_facts|orphan_foreign_keys,duplicate_facts|orphan_foreign_keys,2,0.05430039603538234,100000
seasonal,2,dimension_drift|stale_timestamps,dimension_drift|stale_timestamps,2,0.03445374156741328,100000
seasonal,2,duplicate_facts|stale_timestamps,duplicate_facts|stale_timestamps,2,0.07033753220913763,100000
seasonal,2,dimension_drift|duplicate_facts,dimension_drift|duplicate_facts,2,0.06749102329985582,100000
seasonal,2,missing_measures|orphan_foreign_keys|value_noise,missing_measures|orphan_foreign_keys|value_noise,3,0.047563784192478295,100000
seasonal,2,missing_measures|stale_timestamps|value_noise,missing_measures|stale_timestamps|value_noise,3,0.05698952381941791,100000
seasonal,2,dimension_drift|missing_measures|value_noise,dimension_drift|missing_measures|value_noise,3,0.037669162125530245,100000
seasonal,2,duplicate_facts|missing_measures|value_noise,duplicate_facts|missing_measures|value_noise,3,0.053692302720967575,100000
seasonal,2,missing_measures|orphan_foreign_keys|stale_timestamps,missing_measures|orphan_foreign_keys|stale_timestamps,3,0.08555743793309283,100000
seasonal,2,dimension_drift|missing_measures|orphan_foreign_keys,dimension_drift|missing_measures|orphan_foreign_keys,3,0.06640105799838675,100000
seasonal,2,duplicate_facts|missing_measures|orphan_foreign_keys,duplicate_facts|missing_measures|orphan_foreign_keys,3,0.03807448538611899,100000
seasonal,2,dimension_drift|missing_measures|stale_timestamps,dimension_drift|missing_measures|stale_timestamps,3,0.07648525325816315,100000
seasonal,2,duplicate_facts|missing_measures|stale_timestamps,duplicate_facts|missing_measures|stale_timestamps,3,0.04870715420567066,100000
seasonal,2,dimension_drift|duplicate_facts|missing_measures,dimension_drift|duplicate_facts|missing_measures,3,0.029172246583891975,100000
seasonal,2,orphan_foreign_keys|stale_timestamps|value_noise,orphan_foreign_keys|stale_timestamps|value_noise,3,0.05234958380990377,100000
seasonal,2,dimension_drift|orphan_foreign_keys|value_noise,dimension_drift|orphan_foreign_keys|value_noise,3,0.042902285680941406,100000
seasonal,2,duplicate_facts|orphan_foreign_keys|value_noise,duplicate_facts|orphan_foreign_keys|value_noise,3,0.09549913597799659,100000
seasonal,2,dimension_drift|stale_timestamps|value_noise,dimension_drift|stale_timestamps|value_noise,3,0.05754430441622324,100000
seasonal,2,duplicate_facts|stale_timestamps|value_noise,duplicate_facts|stale_timestamps|value_noise,3,0.11144137784445562,100000
seasonal,2,dimension_drift|duplicate_facts|value_noise,dimension_drift|duplicate_facts|value_noise,3,0.11175727874227218,100000
seasonal,2,dimension_drift|orphan_foreign_keys|stale_timestamps,dimension_drift|orphan_foreign_keys|stale_timestamps,3,0.04628751716981254,100000
seasonal,2,duplicate_facts|orphan_foreign_keys|stale_timestamps,duplicate_facts|orphan_foreign_keys|stale_timestamps,3,0.05989688531158703,100000
seasonal,2,dimension_drift|duplicate_facts|orphan_foreign_keys,dimension_drift|duplicate_facts|orphan_foreign_keys,3,0.058598504110020974,100000
seasonal,2,dimension_drift|duplicate_facts|stale_timestamps,dimension_drift|duplicate_facts|stale_timestamps,3,0.07308751257606051,100000
seasonal,2,missing_measures|orphan_foreign_keys|stale_timestamps|value_noise,missing_measures|orphan_foreign_keys|stale_timestamps|value_noise,4,0.07039071685638844,100000
seasonal,2,dimension_drift|missing_measures|orphan_foreign_keys|value_noise,dimension_drift|missing_measures|orphan_foreign_keys|value_noise,4,0.05065051400557563,100000
seasonal,2,duplicate_facts|missing_measures|orphan_foreign_keys|value_noise,duplicate_facts|missing_measures|orphan_foreign_keys|value_noise,4,0.0539037850613303,100000
seasonal,2,dimension_drift|missing_measures|stale_timestamps|value_noise,dimension_drift|missing_measures|stale_timestamps|value_noise,4,0.0604960947894404,100000
seasonal,2,duplicate_facts|missing_measures|stale_timestamps|value_noise,duplicate_facts|missing_measures|stale_timestamps|value_noise,4,0.06731674070178907,100000
seasonal,2,dimension_drift|duplicate_facts|missing_measures|value_noise,dimension_drift|duplicate_facts|missing_measures|value_noise,4,0.05644228308789043,100000
seasonal,2,dimension_drift|missing_measures|orphan_foreign_keys|stale_timestamps,dimension_drift|missing_measures|orphan_foreign_keys|stale_timestamps,4,0.08864416774619026,100000
seasonal,2,duplicate_facts|missing_measures|orphan_foreign_keys|stale_timestamps,duplicate_facts|missing_measures|orphan_foreign_keys|stale_timestamps,4,0.06202525109890325,100000
seasonal,2,dimension_drift|duplicate_facts|missing_measures|orphan_foreign_keys,dimension_drift|duplicate_facts|missing_measures|orphan_foreign_keys,4,0.04064959607978122,100000
seasonal,2,dimension_drift|duplicate_facts|missing_measures|stale_timestamps,dimension_drift|duplicate_facts|missing_measures|stale_timestamps,4,0.05312301229667623,100000
seasonal,2,dimension_drift|orphan_foreign_keys|stale_timestamps|value_noise,dimension_drift|orphan_foreign_keys|stale_timestamps|value_noise,4,0.05543631362300123,100000
seasonal,2,duplicate_facts|orphan_foreign_keys|stale_timestamps|value_noise,duplicate_facts|orphan_foreign_keys|stale_timestamps|value_noise,4,0.09793321544710301,100000
seasonal,2,dimension_drift|duplicate_facts|orphan_foreign_keys|value_noise,dimension_drift|duplicate_facts|orphan_foreign_keys|value_noise,4,0.09807424667165883,100000
seasonal,2,dimension_drift|duplicate_facts|stale_timestamps|value_noise,dimension_drift|duplicate_facts|stale_timestamps|value_noise,4,0.1141913582113786,100000
seasonal,2,dimension_drift|duplicate_facts|orphan_foreign_keys|stale_timestamps,dimension_drift|duplicate_facts|orphan_foreign_keys|stale_timestamps,4,0.06419499338622568,100000
seasonal,2,dimension_drift|missing_measures|orphan_foreign_keys|stale_timestamps|value_noise,dimension_drift|missing_measures|orphan_foreign_keys|stale_timestamps|value_noise,5,0.07347744666948577,100000
seasonal,2,duplicate_facts|missing_measures|orphan_foreign_keys|stale_timestamps|value_noise,duplicate_facts|missing_measures|orphan_foreign_keys|stale_timestamps|value_noise,5,0.06752822304215181,100000
seasonal,2,dimension_drift|duplicate_facts|missing_measures|orphan_foreign_keys|value_noise,dimension_drift|duplicate_facts|missing_measures|orphan_foreign_keys|value_noise,5,0.056478895754992396,100000
seasonal,2,dimension_drift|duplicate_facts|missing_measures|stale_timestamps|value_noise,dimension_drift|duplicate_facts|missing_measures|stale_timestamps|value_noise,5,0.07006672106871192,100000
seasonal,2,dimension_drift|duplicate_facts|missing_measures|orphan_foreign_keys|stale_timestamps,dimension_drift|duplicate_facts|missing_measures|orphan_foreign_keys|stale_timestamps,5,0.06460036179256548,100000
seasonal,2,dimension_drift|duplicate_facts|orphan_foreign_keys|stale_timestamps|value_noise,dimension_drift|duplicate_facts|orphan_foreign_keys|stale_timestamps|value_noise,5,0.10050832614076526,100000
seasonal,2,dimension_drift|duplicate_facts|missing_measures|orphan_foreign_keys|stale_timestamps|value_noise,dimension_drift|duplicate_facts|missing_measures|orphan_foreign_keys|stale_timestamps|value_noise,6,0.0701033337358139,100000
seasonal,3,EMPTY,EMPTY,0,0.0,100000
seasonal,3,missing_measures,missing_measures,1,0.05078731122289416,100000
seasonal,3,value_noise,value_noise,1,0.04140686350533893,100000
seasonal,3,orphan_foreign_keys,orphan_foreign_keys,1,0.014289809127333459,100000
seasonal,3,stale_timestamps,stale_timestamps,1,0.02927815659911976,100000
seasonal,3,dimension_drift,dimension_drift,1,0.009084565353770039,100000
seasonal,3,duplicate_facts,duplicate_facts,1,0.06222579959843929,100000
seasonal,3,missing_measures|value_noise,missing_measures|value_noise,2,0.034879097200309864,100000
seasonal,3,missing_measures|orphan_foreign_keys,missing_measures|orphan_foreign_keys,2,0.06351590994582612,100000
seasonal,3,missing_measures|stale_timestamps,missing_measures|stale_timestamps,2,0.07266133129439346,100000
seasonal,3,dimension_drift|missing_measures,dimension_drift|missing_measures,2,0.05694136254648544,100000
seasonal,3,duplicate_facts|missing_measures,duplicate_facts|missing_measures,2,0.024838990977612784,100000
seasonal,3,orphan_foreign_keys|value_noise,orphan_foreign_keys|value_noise,2,0.03999464643064195,100000
seasonal,3,stale_timestamps|value_noise,stale_timestamps|value_noise,2,0.055482660574807635,100000
seasonal,3,dimension_drift|value_noise,dimension_drift|value_noise,2,0.04756091482893024,100000
seasonal,3,duplicate_facts|value_noise,duplicate_facts|value_noise,2,0.10626872442269872,100000
seasonal,3,orphan_foreign_keys|stale_timestamps,orphan_foreign_keys|stale_timestamps,2,0.04356796572645322,100000
seasonal,3,dimension_drift|orphan_foreign_keys,dimension_drift|orphan_foreign_keys,2,0.019164627580961303,100000
seasonal,3,duplicate_facts|orphan_foreign_keys,duplicate_facts|orphan_foreign_keys,2,0.05313829500570518,100000
seasonal,3,dimension_drift|stale_timestamps,dimension_drift|stale_timestamps,2,0.0383627219528898,100000
seasonal,3,duplicate_facts|stale_timestamps,duplicate_facts|stale_timestamps,2,0.06815652510185657,100000
seasonal,3,dimension_drift|duplicate_facts,dimension_drift|duplicate_facts,2,0.06791200561322547,100000
seasonal,3,missing_measures|orphan_foreign_keys|value_noise,missing_measures|orphan_foreign_keys|value_noise,3,0.048350238654642996,100000
seasonal,3,missing_measures|stale_timestamps|value_noise,missing_measures|stale_timestamps|value_noise,3,0.05783155595457698,100000
seasonal,3,dimension_drift|missing_measures|value_noise,dimension_drift|missing_measures|value_noise,3,0.04141298537964877,100000
seasonal,3,duplicate_facts|missing_measures|value_noise,duplicate_facts|missing_measures|value_noise,3,0.052586979593511676,100000
seasonal,3,missing_measures|orphan_foreign_keys|stale_timestamps,missing_measures|orphan_foreign_keys|stale_timestamps,3,0.08538993001732541,100000
seasonal,3,dimension_drift|missing_measures|orphan_foreign_keys,dimension_drift|missing_measures|orphan_foreign_keys,3,0.06839072839945405,100000
seasonal,3,duplicate_facts|missing_measures|orphan_foreign_keys,duplicate_facts|missing_measures|orphan_foreign_keys,3,0.0385583757428021,100000
seasonal,3,dimension_drift|missing_measures|stale_timestamps,dimension_drift|missing_measures|stale_timestamps,3,0.07881538261798474,100000
seasonal,3,duplicate_facts|missing_measures|stale_timestamps,duplicate_facts|missing_measures|stale_timestamps,3,0.048918221682669946,100000
seasonal,3,dimension_drift|duplicate_facts|missing_measures,dimension_drift|duplicate_facts|missing_measures,3,0.032051305353945805,100000
seasonal,3,orphan_foreign_keys|stale_timestamps|value_noise,orphan_foreign_keys|stale_timestamps|value_noise,3,0.05407044350011064,100000
seasonal,3,dimension_drift|orphan_foreign_keys|value_noise,dimension_drift|orphan_foreign_keys|value_noise,3,0.04525923325650238,100000
seasonal,3,duplicate_facts|orphan_foreign_keys|value_noise,duplicate_facts|orphan_foreign_keys|value_noise,3,0.09312192745910905,100000
seasonal,3,dimension_drift|stale_timestamps|value_noise,dimension_drift|stale_timestamps|value_noise,3,0.061636711898398935,100000
seasonal,3,duplicate_facts|stale_timestamps|value_noise,duplicate_facts|stale_timestamps|value_noise,3,0.108799021619826,100000
seasonal,3,dimension_drift|duplicate_facts|value_noise,dimension_drift|duplicate_facts|value_noise,3,0.11195493043748472,100000
seasonal,3,dimension_drift|orphan_foreign_keys|stale_timestamps,dimension_drift|orphan_foreign_keys|stale_timestamps,3,0.048442784180081064,100000
seasonal,3,duplicate_facts|orphan_foreign_keys|stale_timestamps,duplicate_facts|orphan_foreign_keys|stale_timestamps,3,0.05906902050912248,100000
seasonal,3,dimension_drift|duplicate_facts|orphan_foreign_keys,dimension_drift|duplicate_facts|orphan_foreign_keys,3,0.059298041186517964,100000
seasonal,3,dimension_drift|duplicate_facts|stale_timestamps,dimension_drift|duplicate_facts|stale_timestamps,3,0.07384273111664277,100000
seasonal,3,missing_measures|orphan_foreign_keys|stale_timestamps|value_noise,missing_measures|orphan_foreign_keys|stale_timestamps|value_noise,4,0.07130269740891011,100000
seasonal,3,dimension_drift|missing_measures|orphan_foreign_keys|value_noise,dimension_drift|missing_measures|orphan_foreign_keys|value_noise,4,0.05322505710827087,100000
seasonal,3,duplicate_facts|missing_measures|orphan_foreign_keys|value_noise,duplicate_facts|missing_measures|orphan_foreign_keys|value_noise,4,0.05406427628331638,100000
seasonal,3,dimension_drift|missing_measures|stale_timestamps|value_noise,dimension_drift|missing_measures|stale_timestamps|value_noise,4,0.06436544413391589,100000
seasonal,3,duplicate_facts|missing_measures|stale_timestamps|value_noise,duplicate_facts|missing_measures|stale_timestamps|value_noise,4,0.06803003532809185,100000
seasonal,3,dimension_drift|duplicate_facts|missing_measures|value_noise,dimension_drift|duplicate_facts|missing_measures|value_noise,4,0.05827318560829783,100000
seasonal,3,dimension_drift|missing_measures|orphan_foreign_keys|stale_timestamps,dimension_drift|missing_measures|orphan_foreign_keys|stale_timestamps,4,0.09026474847095335,100000
seasonal,3,duplicate_facts|missing_measures|orphan_foreign_keys|stale_timestamps,duplicate_facts|missing_measures|orphan_foreign_keys|stale_timestamps,4,0.06263760644785926,100000
seasonal,3,dimension_drift|duplicate_facts|missing_measures|orphan_foreign_keys,dimension_drift|duplicate_facts|missing_measures|orphan_foreign_keys,4,0.04312352052245403,100000
seasonal,3,dimension_drift|duplicate_facts|missing_measures|stale_timestamps,dimension_drift|duplicate_facts|missing_measures|stale_timestamps,4,0.05613053605900297,100000
seasonal,3,dimension_drift|orphan_foreign_keys|stale_timestamps|value_noise,dimension_drift|orphan_foreign_keys|stale_timestamps|value_noise,4,0.05933503032597108,100000
seasonal,3,duplicate_facts|orphan_foreign_keys|stale_timestamps|value_noise,duplicate_facts|orphan_foreign_keys|stale_timestamps|value_noise,4,0.09565222465623635,100000
seasonal,3,dimension_drift|duplicate_facts|orphan_foreign_keys|value_noise,dimension_drift|duplicate_facts|orphan_foreign_keys|value_noise,4,0.097687072238761,100000
seasonal,3,dimension_drift|duplicate_facts|stale_timestamps|value_noise,dimension_drift|duplicate_facts|stale_timestamps|value_noise,4,0.11448522763461204,100000
seasonal,3,dimension_drift|duplicate_facts|orphan_foreign_keys|stale_timestamps,dimension_drift|duplicate_facts|orphan_foreign_keys|stale_timestamps,4,0.06522876668993526,100000
seasonal,3,dimension_drift|missing_measures|orphan_foreign_keys|stale_timestamps|value_noise,dimension_drift|missing_measures|orphan_foreign_keys|stale_timestamps|value_noise,5,0.07617751586253799,100000
seasonal,3,duplicate_facts|missing_measures|orphan_foreign_keys|stale_timestamps|value_noise,duplicate_facts|missing_measures|orphan_foreign_keys|stale_timestamps|value_noise,5,0.06950733201789655,100000
seasonal,3,dimension_drift|duplicate_facts|missing_measures|orphan_foreign_keys|value_noise,dimension_drift|duplicate_facts|missing_measures|orphan_foreign_keys|value_noise,5,0.0586294210629682,100000
seasonal,3,dimension_drift|duplicate_facts|missing_measures|stale_timestamps|value_noise,dimension_drift|duplicate_facts|missing_measures|stale_timestamps|value_noise,5,0.07371624134287799,100000
seasonal,3,dimension_drift|duplicate_facts|missing_measures|orphan_foreign_keys|stale_timestamps,dimension_drift|duplicate_facts|missing_measures|orphan_foreign_keys|stale_timestamps,5,0.0672027512275112,100000
seasonal,3,dimension_drift|duplicate_facts|orphan_foreign_keys|stale_timestamps|value_noise,dimension_drift|duplicate_facts|orphan_foreign_keys|stale_timestamps|value_noise,5,0.1002173694358883,100000
seasonal,3,dimension_drift|duplicate_facts|missing_measures|orphan_foreign_keys|stale_timestamps|value_noise,dimension_drift|duplicate_facts|missing_measures|orphan_foreign_keys|stale_timestamps|value_noise,6,0.07407247679754837,100000
seasonal,4,EMPTY,EMPTY,0,0.0,100000
seasonal,4,missing_measures,missing_measures,1,0.049675215011366076,100000
seasonal,4,value_noise,value_noise,1,0.036440680738474646,100000
seasonal,4,orphan_foreign_keys,orphan_foreign_keys,1,0.013759779772309204,100000
seasonal,4,stale_timestamps,stale_timestamps,1,0.02963214739428946,100000
seasonal,4,dimension_drift,dimension_drift,1,0.008032842097580432,100000
seasonal,4,duplicate_facts,duplicate_facts,1,0.0639566294706739,100000
seasonal,4,missing_measures|value_noise,missing_measures|value_noise,2,0.03593930596284531,100000
seasonal,4,missing_measures|orphan_foreign_keys,missing_measures|orphan_foreign_keys,2,0.06212810611969437,100000
seasonal,4,missing_measures|stale_timestamps,missing_measures|stale_timestamps,2,0.07235745428963838,100000
seasonal,4,dimension_drift|missing_measures,dimension_drift|missing_measures,2,0.05463406738610576,100000
seasonal,4,duplicate_facts|missing_measures,duplicate_facts|missing_measures,2,0.023705928692777267,100000
seasonal,4,orphan_foreign_keys|value_noise,orphan_foreign_keys|value_noise,2,0.03641877994937442,100000
seasonal,4,stale_timestamps|value_noise,stale_timestamps|value_noise,2,0.051534056923508875,100000
seasonal,4,dimension_drift|value_noise,dimension_drift|value_noise,2,0.04139953311321437,100000
seasonal,4,duplicate_facts|value_noise,duplicate_facts|value_noise,2,0.10146916613683397,100000
seasonal,4,orphan_foreign_keys|stale_timestamps,orphan_foreign_keys|stale_timestamps,2,0.04339192716659866,100000
seasonal,4,dimension_drift|orphan_foreign_keys,dimension_drift|orphan_foreign_keys,2,0.018203327966098196,100000
seasonal,4,duplicate_facts|orphan_foreign_keys,duplicate_facts|orphan_foreign_keys,2,0.053766381362840565,100000
seasonal,4,dimension_drift|stale_timestamps,dimension_drift|stale_timestamps,2,0.037664989491869895,100000
seasonal,4,duplicate_facts|stale_timestamps,duplicate_facts|stale_timestamps,2,0.06916353742752115,100000
seasonal,4,dimension_drift|duplicate_facts,dimension_drift|duplicate_facts,2,0.06846397456679859,100000
seasonal,4,missing_measures|orphan_foreign_keys|value_noise,missing_measures|orphan_foreign_keys|value_noise,3,0.04875392177375682,100000
seasonal,4,missing_measures|stale_timestamps|value_noise,missing_measures|stale_timestamps|value_noise,3,0.059724890721385204,100000
seasonal,4,dimension_drift|missing_measures|value_noise,dimension_drift|missing_measures|value_noise,3,0.04089815833758502,100000
seasonal,4,duplicate_facts|missing_measures|value_noise,duplicate_facts|missing_measures|value_noise,3,0.04847681928395177,100000
seasonal,4,missing_measures|orphan_foreign_keys|stale_timestamps,missing_measures|orphan_foreign_keys|stale_timestamps,3,0.08481034539796667,100000
seasonal,4,dimension_drift|missing_measures|orphan_foreign_keys,dimension_drift|missing_measures|orphan_foreign_keys,3,0.06657165431348333,100000
seasonal,4,duplicate_facts|missing_measures|orphan_foreign_keys,duplicate_facts|missing_measures|orphan_foreign_keys,3,0.03699859403892354,100000
seasonal,4,dimension_drift|missing_measures|stale_timestamps,dimension_drift|missing_measures|stale_timestamps,3,0.07731630666437805,100000
seasonal,4,duplicate_facts|missing_measures|stale_timestamps,duplicate_facts|missing_measures|stale_timestamps,3,0.047702476158499596,100000
seasonal,4,dimension_drift|duplicate_facts|missing_measures,dimension_drift|duplicate_facts|missing_measures,3,0.029823611569380366,100000
seasonal,4,orphan_foreign_keys|stale_timestamps|value_noise,orphan_foreign_keys|stale_timestamps|value_noise,3,0.05151215613440865,100000
seasonal,4,dimension_drift|orphan_foreign_keys|value_noise,dimension_drift|orphan_foreign_keys|value_noise,3,0.04086232814316344,100000
seasonal,4,duplicate_facts|orphan_foreign_keys|value_noise,duplicate_facts|orphan_foreign_keys|value_noise,3,0.08800365579193517,100000
seasonal,4,dimension_drift|stale_timestamps|value_noise,dimension_drift|stale_timestamps|value_noise,3,0.0564929092982486,100000
seasonal,4,duplicate_facts|stale_timestamps|value_noise,duplicate_facts|stale_timestamps|value_noise,3,0.1037295376080074,100000
seasonal,4,dimension_drift|duplicate_facts|value_noise,dimension_drift|duplicate_facts|value_noise,3,0.10597651123295872,100000
seasonal,4,dimension_drift|orphan_foreign_keys|stale_timestamps,dimension_drift|orphan_foreign_keys|stale_timestamps,3,0.04783547536038766,100000
seasonal,4,duplicate_facts|orphan_foreign_keys|stale_timestamps,duplicate_facts|orphan_foreign_keys|stale_timestamps,3,0.058973289319687816,100000
seasonal,4,dimension_drift|duplicate_facts|orphan_foreign_keys,dimension_drift|duplicate_facts|orphan_foreign_keys,3,0.05996781696397764,100000
seasonal,4,dimension_drift|duplicate_facts|stale_timestamps,dimension_drift|duplicate_facts|stale_timestamps,3,0.07367088252364584,100000
seasonal,4,missing_measures|orphan_foreign_keys|stale_timestamps|value_noise,missing_measures|orphan_foreign_keys|stale_timestamps|value_noise,4,0.07253950653229671,100000
seasonal,4,dimension_drift|missing_measures|orphan_foreign_keys|value_noise,dimension_drift|missing_measures|orphan_foreign_keys|value_noise,4,0.053197469967545784,100000
seasonal,4,duplicate_facts|missing_measures|orphan_foreign_keys|value_noise,duplicate_facts|missing_measures|orphan_foreign_keys|value_noise,4,0.05082509344053962,100000
seasonal,4,dimension_drift|missing_measures|stale_timestamps|value_noise,dimension_drift|missing_measures|stale_timestamps|value_noise,4,0.06468374309612492,100000
seasonal,4,duplicate_facts|missing_measures|stale_timestamps|value_noise,duplicate_facts|missing_measures|stale_timestamps|value_noise,4,0.0637036956381804,100000
seasonal,4,dimension_drift|duplicate_facts|missing_measures|value_noise,dimension_drift|duplicate_facts|missing_measures|value_noise,4,0.05298416438007646,100000
seasonal,4,dimension_drift|missing_measures|orphan_foreign_keys|stale_timestamps,dimension_drift|missing_measures|orphan_foreign_keys|stale_timestamps,4,0.08925389359175562,100000
seasonal,4,duplicate_facts|missing_measures|orphan_foreign_keys|stale_timestamps,duplicate_facts|missing_measures|orphan_foreign_keys|stale_timestamps,4,0.06099514150464586,100000
seasonal,4,dimension_drift|duplicate_facts|missing_measures|orphan_foreign_keys,dimension_drift|duplicate_facts|missing_measures|orphan_foreign_keys,4,0.041135020414979434,100000
seasonal,4,dimension_drift|duplicate_facts|missing_measures|stale_timestamps,dimension_drift|duplicate_facts|missing_measures|stale_timestamps,4,0.05382015903510269,100000
seasonal,4,dimension_drift|orphan_foreign_keys|stale_timestamps|value_noise,dimension_drift|orphan_foreign_keys|stale_timestamps|value_noise,4,0.05595570432819767,100000
seasonal,4,duplicate_facts|orphan_foreign_keys|stale_timestamps|value_noise,duplicate_facts|orphan_foreign_keys|stale_timestamps|value_noise,4,0.09026402726310861,100000
seasonal,4,dimension_drift|duplicate_facts|orphan_foreign_keys|value_noise,dimension_drift|duplicate_facts|orphan_foreign_keys|value_noise,4,0.09214008216799115,100000
seasonal,4,dimension_drift|duplicate_facts|stale_timestamps|value_noise,dimension_drift|duplicate_facts|stale_timestamps|value_noise,4,0.10823688270413218,100000
seasonal,4,dimension_drift|duplicate_facts|orphan_foreign_keys|stale_timestamps,dimension_drift|duplicate_facts|orphan_foreign_keys|stale_timestamps,4,0.0651747249208249,100000
seasonal,4,dimension_drift|missing_measures|orphan_foreign_keys|stale_timestamps|value_noise,dimension_drift|missing_measures|orphan_foreign_keys|stale_timestamps|value_noise,5,0.07698305472608567,100000
seasonal,4,duplicate_facts|missing_measures|orphan_foreign_keys|stale_timestamps|value_noise,duplicate_facts|missing_measures|orphan_foreign_keys|stale_timestamps|value_noise,5,0.06605196979476824,100000
seasonal,4,dimension_drift|duplicate_facts|missing_measures|orphan_foreign_keys|value_noise,dimension_drift|duplicate_facts|missing_measures|orphan_foreign_keys|value_noise,5,0.05496151981659553,100000
seasonal,4,dimension_drift|duplicate_facts|missing_measures|stale_timestamps|value_noise,dimension_drift|duplicate_facts|missing_measures|stale_timestamps|value_noise,5,0.06821104073430509,100000
seasonal,4,dimension_drift|duplicate_facts|missing_measures|orphan_foreign_keys|stale_timestamps,dimension_drift|duplicate_facts|missing_measures|orphan_foreign_keys|stale_timestamps,5,0.06513156788070176,100000
seasonal,4,dimension_drift|duplicate_facts|orphan_foreign_keys|stale_timestamps|value_noise,dimension_drift|duplicate_facts|orphan_foreign_keys|stale_timestamps|value_noise,5,0.09440045363916459,100000
seasonal,4,dimension_drift|duplicate_facts|missing_measures|orphan_foreign_keys|stale_timestamps|value_noise,dimension_drift|duplicate_facts|missing_measures|orphan_foreign_keys|stale_timestamps|value_noise,6,0.07018839617082415,100000
seasonal,5,EMPTY,EMPTY,0,0.0,100000
seasonal,5,missing_measures,missing_measures,1,0.05182164572447601,100000
seasonal,5,value_noise,value_noise,1,0.04503351514945966,100000
seasonal,5,orphan_foreign_keys,orphan_foreign_keys,1,0.014149812495563987,100000
seasonal,5,stale_timestamps,stale_timestamps,1,0.029862441666743206,100000
seasonal,5,dimension_drift,dimension_drift,1,0.005765929265732755,100000
seasonal,5,duplicate_facts,duplicate_facts,1,0.06335392819406824,100000
seasonal,5,missing_measures|value_noise,missing_measures|value_noise,2,0.03610168754748162,100000
seasonal,5,missing_measures|orphan_foreign_keys,missing_measures|orphan_foreign_keys,2,0.06435518942049397,100000
seasonal,5,missing_measures|stale_timestamps,missing_measures|stale_timestamps,2,0.07341542821149077,100000
seasonal,5,dimension_drift|missing_measures,dimension_drift|missing_measures,2,0.05530821684753574,100000
seasonal,5,duplicate_facts|missing_measures,duplicate_facts|missing_measures,2,0.025406649792842052,100000
seasonal,5,orphan_foreign_keys|value_noise,orphan_foreign_keys|value_noise,2,0.042229598679863485,100000
seasonal,5,stale_timestamps|value_noise,stale_timestamps|value_noise,2,0.05899758482977356,100000
seasonal,5,dimension_drift|value_noise,dimension_drift|value_noise,2,0.04852008627251958,100000
seasonal,5,duplicate_facts|value_noise,duplicate_facts|value_noise,2,0.1105476954928152,100000
seasonal,5,orphan_foreign_keys|stale_timestamps,orphan_foreign_keys|stale_timestamps,2,0.044012254162307196,100000
seasonal,5,dimension_drift|orphan_foreign_keys,dimension_drift|orphan_foreign_keys,2,0.016786566259539684,100000
seasonal,5,duplicate_facts|orphan_foreign_keys,duplicate_facts|orphan_foreign_keys,2,0.052453305388443776,100000
seasonal,5,dimension_drift|stale_timestamps,dimension_drift|stale_timestamps,2,0.03562837093247596,100000
seasonal,5,duplicate_facts|stale_timestamps,duplicate_facts|stale_timestamps,2,0.06991201612993896,100000
seasonal,5,dimension_drift|duplicate_facts,dimension_drift|duplicate_facts,2,0.06606720263534728,100000
seasonal,5,missing_measures|orphan_foreign_keys|value_noise,missing_measures|orphan_foreign_keys|value_noise,3,0.049594928505895225,100000
seasonal,5,missing_measures|stale_timestamps|value_noise,missing_measures|stale_timestamps|value_noise,3,0.057560482911256,100000
seasonal,5,dimension_drift|missing_measures|value_noise,dimension_drift|missing_measures|value_noise,3,0.03958825867054133,100000
seasonal,5,duplicate_facts|missing_measures|value_noise,duplicate_facts|missing_measures|value_noise,3,0.05319492302436819,100000
seasonal,5,missing_measures|orphan_foreign_keys|stale_timestamps,missing_measures|orphan_foreign_keys|stale_timestamps,3,0.08594897190750873,100000
seasonal,5,dimension_drift|missing_measures|orphan_foreign_keys,dimension_drift|missing_measures|orphan_foreign_keys,3,0.06699194318446977,100000
seasonal,5,duplicate_facts|missing_measures|orphan_foreign_keys,duplicate_facts|missing_measures|orphan_foreign_keys,3,0.037761487165328976,100000
seasonal,5,dimension_drift|missing_measures|stale_timestamps,dimension_drift|missing_measures|stale_timestamps,3,0.07690199933455052,100000
seasonal,5,duplicate_facts|missing_measures|stale_timestamps,duplicate_facts|missing_measures|stale_timestamps,3,0.04997783292257523,100000
seasonal,5,dimension_drift|duplicate_facts|missing_measures,dimension_drift|duplicate_facts|missing_measures,3,0.028913476347057675,100000
seasonal,5,orphan_foreign_keys|stale_timestamps|value_noise,orphan_foreign_keys|stale_timestamps|value_noise,3,0.056193668360177376,100000
seasonal,5,dimension_drift|orphan_foreign_keys|value_noise,dimension_drift|orphan_foreign_keys|value_noise,3,0.04486635244383921,100000
seasonal,5,duplicate_facts|orphan_foreign_keys|value_noise,duplicate_facts|orphan_foreign_keys|value_noise,3,0.09634525248232695,100000
seasonal,5,dimension_drift|stale_timestamps|value_noise,dimension_drift|stale_timestamps|value_noise,3,0.062484155952833464,100000
seasonal,5,duplicate_facts|stale_timestamps|value_noise,duplicate_facts|stale_timestamps|value_noise,3,0.11309379952843678,100000
seasonal,5,dimension_drift|duplicate_facts|value_noise,dimension_drift|duplicate_facts|value_noise,3,0.11326096993409424,100000
seasonal,5,dimension_drift|orphan_foreign_keys|stale_timestamps,dimension_drift|orphan_foreign_keys|stale_timestamps,3,0.04664900792628289,100000
seasonal,5,duplicate_facts|orphan_foreign_keys|stale_timestamps,duplicate_facts|orphan_foreign_keys|stale_timestamps,3,0.05901139332431449,100000
seasonal,5,dimension_drift|duplicate_facts|orphan_foreign_keys,dimension_drift|duplicate_facts|orphan_foreign_keys,3,0.05539956345216444,100000
seasonal,5,dimension_drift|duplicate_facts|stale_timestamps,dimension_drift|duplicate_facts|stale_timestamps,3,0.072625290571218,100000
seasonal,5,missing_measures|orphan_foreign_keys|stale_timestamps|value_noise,missing_measures|orphan_foreign_keys|stale_timestamps|value_noise,4,0.0710537238696696,100000
seasonal,5,dimension_drift|missing_measures|orphan_foreign_keys|value_noise,dimension_drift|missing_measures|orphan_foreign_keys|value_noise,4,0.052231682269870953,100000
seasonal,5,duplicate_facts|missing_measures|orphan_foreign_keys|value_noise,duplicate_facts|missing_measures|orphan_foreign_keys|value_noise,4,0.05344710976528143,100000
seasonal,5,dimension_drift|missing_measures|stale_timestamps|value_noise,dimension_drift|missing_measures|stale_timestamps|value_noise,4,0.061047054034315706,100000
seasonal,5,duplicate_facts|missing_measures|stale_timestamps|value_noise,duplicate_facts|missing_measures|stale_timestamps|value_noise,4,0.0694135033880874,100000
seasonal,5,dimension_drift|duplicate_facts|missing_measures|value_noise,dimension_drift|duplicate_facts|missing_measures|value_noise,4,0.055908197465647236,100000
seasonal,5,dimension_drift|missing_measures|orphan_foreign_keys|stale_timestamps,dimension_drift|missing_measures|orphan_foreign_keys|stale_timestamps,4,0.08858572567148455,100000
seasonal,5,duplicate_facts|missing_measures|orphan_foreign_keys|stale_timestamps,duplicate_facts|missing_measures|orphan_foreign_keys|stale_timestamps,4,0.06233267029506216,100000
seasonal,5,dimension_drift|duplicate_facts|missing_measures|orphan_foreign_keys,dimension_drift|duplicate_facts|missing_measures|orphan_foreign_keys,4,0.03983258145209769,100000
seasonal,5,dimension_drift|duplicate_facts|missing_measures|stale_timestamps,dimension_drift|duplicate_facts|missing_measures|stale_timestamps,4,0.05348465947679086,100000
seasonal,5,dimension_drift|orphan_foreign_keys|stale_timestamps|value_noise,dimension_drift|orphan_foreign_keys|stale_timestamps|value_noise,4,0.0588304221241531,100000
seasonal,5,duplicate_facts|orphan_foreign_keys|stale_timestamps|value_noise,duplicate_facts|orphan_foreign_keys|stale_timestamps|value_noise,4,0.0988913565179485,100000
seasonal,5,dimension_drift|duplicate_facts|orphan_foreign_keys|value_noise,dimension_drift|duplicate_facts|orphan_foreign_keys|value_noise,4,0.09841634676909566,100000
seasonal,5,dimension_drift|duplicate_facts|stale_timestamps|value_noise,dimension_drift|duplicate_facts|stale_timestamps|value_noise,4,0.11580707396971579,100000
seasonal,5,dimension_drift|duplicate_facts|orphan_foreign_keys|stale_timestamps,dimension_drift|duplicate_facts|orphan_foreign_keys|stale_timestamps,4,0.06195765138803515,100000
seasonal,5,dimension_drift|missing_measures|orphan_foreign_keys|stale_timestamps|value_noise,dimension_drift|missing_measures|orphan_foreign_keys|stale_timestamps|value_noise,5,0.07369047763364532,100000
seasonal,5,duplicate_facts|missing_measures|orphan_foreign_keys|stale_timestamps|value_noise,duplicate_facts|missing_measures|orphan_foreign_keys|stale_timestamps|value_noise,5,0.06966569012900063,100000
seasonal,5,dimension_drift|duplicate_facts|missing_measures|orphan_foreign_keys|value_noise,dimension_drift|duplicate_facts|missing_measures|orphan_foreign_keys|value_noise,5,0.05551820405205006,100000
seasonal,5,dimension_drift|duplicate_facts|missing_measures|stale_timestamps|value_noise,dimension_drift|duplicate_facts|missing_measures|stale_timestamps|value_noise,5,0.07212677782936644,100000
seasonal,5,dimension_drift|duplicate_facts|missing_measures|orphan_foreign_keys|stale_timestamps,dimension_drift|duplicate_facts|missing_measures|orphan_foreign_keys|stale_timestamps,5,0.06440376458183088,100000
seasonal,5,dimension_drift|duplicate_facts|orphan_foreign_keys|stale_timestamps|value_noise,dimension_drift|duplicate_facts|orphan_foreign_keys|stale_timestamps|value_noise,5,0.10096245080471723,100000
seasonal,5,dimension_drift|duplicate_facts|missing_measures|orphan_foreign_keys|stale_timestamps|value_noise,dimension_drift|duplicate_facts|missing_measures|orphan_foreign_keys|stale_timestamps|value_noise,6,0.07173678441576925,100000
seasonal,6,EMPTY,EMPTY,0,0.0,100000
seasonal,6,missing_measures,missing_measures,1,0.050484096047176866,100000
seasonal,6,value_noise,value_noise,1,0.04125820540047176,100000
seasonal,6,orphan_foreign_keys,orphan_foreign_keys,1,0.013920177401815201,100000
seasonal,6,stale_timestamps,stale_timestamps,1,0.03014722752841665,100000
seasonal,6,dimension_drift,dimension_drift,1,0.008554607414316557,100000
seasonal,6,duplicate_facts,duplicate_facts,1,0.06359754146626731,100000
seasonal,6,missing_measures|value_noise,missing_measures|value_noise,2,0.03593826752290685,100000
seasonal,6,missing_measures|orphan_foreign_keys,missing_measures|orphan_foreign_keys,2,0.063001749762266,100000
seasonal,6,missing_measures|stale_timestamps,missing_measures|stale_timestamps,2,0.07386763006195217,100000
seasonal,6,dimension_drift|missing_measures,dimension_drift|missing_measures,2,0.055533583814315855,100000
seasonal,6,duplicate_facts|missing_measures,duplicate_facts|missing_measures,2,0.024050421176116596,100000
seasonal,6,orphan_foreign_keys|value_noise,orphan_foreign_keys|value_noise,2,0.039755573192614746,100000
seasonal,6,stale_timestamps|value_noise,stale_timestamps|value_noise,2,0.05560306175250864,100000
seasonal,6,dimension_drift|value_noise,dimension_drift|value_noise,2,0.04630769316761102,100000
seasonal,6,duplicate_facts|value_noise,duplicate_facts|value_noise,2,0.10718312443043462,100000
seasonal,6,orphan_foreign_keys|stale_timestamps,orphan_foreign_keys|stale_timestamps,2,0.044067404930231854,100000
seasonal,6,dimension_drift|orphan_foreign_keys,dimension_drift|orphan_foreign_keys,2,0.018257326617468157,100000
seasonal,6,duplicate_facts|orphan_foreign_keys,duplicate_facts|orphan_foreign_keys,2,0.05297743032084504,100000
seasonal,6,dimension_drift|stale_timestamps,dimension_drift|stale_timestamps,2,0.0387018349427332,100000
seasonal,6,duplicate_facts|stale_timestamps,duplicate_facts|stale_timestamps,2,0.06928840599274888,100000
seasonal,6,dimension_drift|duplicate_facts,dimension_drift|duplicate_facts,2,0.0680669376400984,100000
seasonal,6,missing_measures|orphan_foreign_keys|value_noise,missing_measures|orphan_foreign_keys|value_noise,3,0.04899667013639452,100000
seasonal,6,missing_measures|stale_timestamps|value_noise,missing_measures|stale_timestamps|value_noise,3,0.06021072641745824,100000
seasonal,6,dimension_drift|missing_measures|value_noise,dimension_drift|missing_measures|value_noise,3,0.0411277324924731,100000
seasonal,6,duplicate_facts|missing_measures|value_noise,duplicate_facts|missing_measures|value_noise,3,0.0534244124131733,100000
seasonal,6,missing_measures|orphan_foreign_keys|stale_timestamps,missing_measures|orphan_foreign_keys|stale_timestamps,3,0.0863852837770413,100000
seasonal,6,dimension_drift|missing_measures|orphan_foreign_keys,dimension_drift|missing_measures|orphan_foreign_keys,3,0.06733889897791903,100000
seasonal,6,duplicate_facts|missing_measures|orphan_foreign_keys,duplicate_facts|missing_measures|orphan_foreign_keys,3,0.037467646865255284,100000
seasonal,6,dimension_drift|missing_measures|stale_timestamps,dimension_drift|missing_measures|stale_timestamps,3,0.07891711782909115,100000
seasonal,6,duplicate_facts|missing_measures|stale_timestamps,duplicate_facts|missing_measures|stale_timestamps,3,0.04942423540360333,100000
seasonal,6,dimension_drift|duplicate_facts|missing_measures,dimension_drift|duplicate_facts|missing_measures,3,0.03076623034909292,100000
seasonal,6,orphan_foreign_keys|stale_timestamps|value_noise,orphan_foreign_keys|stale_timestamps|value_noise,3,0.054100429544651635,100000
seasonal,6,dimension_drift|orphan_foreign_keys|value_noise,dimension_drift|orphan_foreign_keys|value_noise,3,0.044412944971947144,100000
seasonal,6,duplicate_facts|orphan_foreign_keys|value_noise,duplicate_facts|orphan_foreign_keys|value_noise,3,0.09249981093876186,100000
seasonal,6,dimension_drift|stale_timestamps|value_noise,dimension_drift|stale_timestamps|value_noise,3,0.06065254951964791,100000
seasonal,6,duplicate_facts|stale_timestamps|value_noise,duplicate_facts|stale_timestamps|value_noise,3,0.1098225283507657,100000
seasonal,6,dimension_drift|duplicate_facts|value_noise,dimension_drift|duplicate_facts|value_noise,3,0.11165252060426595,100000
seasonal,6,dimension_drift|orphan_foreign_keys|stale_timestamps,dimension_drift|orphan_foreign_keys|stale_timestamps,3,0.048404554145884814,100000
seasonal,6,duplicate_facts|orphan_foreign_keys|stale_timestamps,duplicate_facts|orphan_foreign_keys|stale_timestamps,3,0.058668294847326614,100000
seasonal,6,dimension_drift|duplicate_facts|orphan_foreign_keys,dimension_drift|duplicate_facts|orphan_foreign_keys,3,0.05914126592897789,100000
seasonal,6,dimension_drift|duplicate_facts|stale_timestamps,dimension_drift|duplicate_facts|stale_timestamps,3,0.07375780216657998,100000
seasonal,6,missing_measures|orphan_foreign_keys|stale_timestamps|value_noise,missing_measures|orphan_foreign_keys|stale_timestamps|value_noise,4,0.0732691290309459,100000
seasonal,6,dimension_drift|missing_measures|orphan_foreign_keys|value_noise,dimension_drift|missing_measures|orphan_foreign_keys|value_noise,4,0.05333381935204751,100000
seasonal,6,duplicate_facts|missing_measures|orphan_foreign_keys|value_noise,duplicate_facts|missing_measures|orphan_foreign_keys|value_noise,4,0.054162670390722464,100000
seasonal,6,dimension_drift|missing_measures|stale_timestamps|value_noise,dimension_drift|missing_measures|stale_timestamps|value_noise,4,0.06540019138702448,100000
seasonal,6,duplicate_facts|missing_measures|stale_timestamps|value_noise,duplicate_facts|missing_measures|stale_timestamps|value_noise,4,0.06882834353190206,100000
seasonal,6,dimension_drift|duplicate_facts|missing_measures|value_noise,dimension_drift|duplicate_facts|missing_measures|value_noise,4,0.05789380858700444,100000
seasonal,6,dimension_drift|missing_measures|orphan_foreign_keys|stale_timestamps,dimension_drift|missing_measures|orphan_foreign_keys|stale_timestamps,4,0.09072243299269435,100000
seasonal,6,duplicate_facts|missing_measures|orphan_foreign_keys|stale_timestamps,duplicate_facts|missing_measures|orphan_foreign_keys|stale_timestamps,4,0.06284146109274202,100000
seasonal,6,dimension_drift|duplicate_facts|missing_measures|orphan_foreign_keys,dimension_drift|duplicate_facts|missing_measures|orphan_foreign_keys,4,0.04131178165014672,100000
seasonal,6,dimension_drift|duplicate_facts|missing_measures|stale_timestamps,dimension_drift|duplicate_facts|missing_measures|stale_timestamps,4,0.056140044576579645,100000
seasonal,6,dimension_drift|orphan_foreign_keys|stale_timestamps|value_noise,dimension_drift|orphan_foreign_keys|stale_timestamps|value_noise,4,0.058757801323984025,100000
seasonal,6,duplicate_facts|orphan_foreign_keys|stale_timestamps|value_noise,duplicate_facts|orphan_foreign_keys|stale_timestamps|value_noise,4,0.09513921485909294,100000
seasonal,6,dimension_drift|duplicate_facts|orphan_foreign_keys|value_noise,dimension_drift|duplicate_facts|orphan_foreign_keys|value_noise,4,0.09634394572365335,100000
seasonal,6,dimension_drift|duplicate_facts|stale_timestamps|value_noise,dimension_drift|duplicate_facts|stale_timestamps|value_noise,4,0.11429192452459704,100000
seasonal,6,dimension_drift|duplicate_facts|orphan_foreign_keys|stale_timestamps,dimension_drift|duplicate_facts|orphan_foreign_keys|stale_timestamps,4,0.06483213045545946,100000
seasonal,6,dimension_drift|missing_measures|orphan_foreign_keys|stale_timestamps|value_noise,dimension_drift|missing_measures|orphan_foreign_keys|stale_timestamps|value_noise,5,0.0776062782465989,100000
seasonal,6,duplicate_facts|missing_measures|orphan_foreign_keys|stale_timestamps|value_noise,duplicate_facts|missing_measures|orphan_foreign_keys|stale_timestamps|value_noise,5,0.06956660150945122,100000
seasonal,6,dimension_drift|duplicate_facts|missing_measures|orphan_foreign_keys|value_noise,dimension_drift|duplicate_facts|missing_measures|orphan_foreign_keys|value_noise,5,0.05800680517561386,100000
seasonal,6,dimension_drift|duplicate_facts|missing_measures|stale_timestamps|value_noise,dimension_drift|duplicate_facts|missing_measures|stale_timestamps|value_noise,5,0.0732977397057332,100000
seasonal,6,dimension_drift|duplicate_facts|missing_measures|orphan_foreign_keys|stale_timestamps,dimension_drift|duplicate_facts|missing_measures|orphan_foreign_keys|stale_timestamps,5,0.06668559587763345,100000
seasonal,6,dimension_drift|duplicate_facts|orphan_foreign_keys|stale_timestamps|value_noise,dimension_drift|duplicate_facts|orphan_foreign_keys|stale_timestamps|value_noise,5,0.09898334964398442,100000
seasonal,6,dimension_drift|duplicate_facts|missing_measures|orphan_foreign_keys|stale_timestamps|value_noise,dimension_drift|duplicate_facts|missing_measures|orphan_foreign_keys|stale_timestamps|value_noise,6,0.07341073629434262,100000
seasonal,7,EMPTY,EMPTY,0,0.0,100000
seasonal,7,missing_measures,missing_measures,1,0.04949267841658324,100000
seasonal,7,value_noise,value_noise,1,0.03910373191347223,100000
seasonal,7,orphan_foreign_keys,orphan_foreign_keys,1,0.013955038029773789,100000
seasonal,7,stale_timestamps,stale_timestamps,1,0.028664181986687215,100000
seasonal,7,dimension_drift,dimension_drift,1,0.006167072618506079,100000
seasonal,7,duplicate_facts,duplicate_facts,1,0.06191407179462872,100000
seasonal,7,missing_measures|value_noise,missing_measures|value_noise,2,0.03585362789782426,100000
seasonal,7,missing_measures|orphan_foreign_keys,missing_measures|orphan_foreign_keys,2,0.06185400740068471,100000
seasonal,7,missing_measures|stale_timestamps,missing_measures|stale_timestamps,2,0.071055745388174,100000
seasonal,7,dimension_drift|missing_measures,dimension_drift|missing_measures,2,0.05300379385240816,100000
seasonal,7,duplicate_facts|missing_measures,duplicate_facts|missing_measures,2,0.024054518690927423,100000
seasonal,7,orphan_foreign_keys|value_noise,orphan_foreign_keys|value_noise,2,0.03839869128618778,100000
seasonal,7,stale_timestamps|value_noise,stale_timestamps|value_noise,2,0.05522398563398241,100000
seasonal,7,dimension_drift|value_noise,dimension_drift|value_noise,2,0.042614847349297186,100000
seasonal,7,duplicate_facts|value_noise,duplicate_facts|value_noise,2,0.10250107358345953,100000
seasonal,7,orphan_foreign_keys|stale_timestamps,orphan_foreign_keys|stale_timestamps,2,0.042619220016461005,100000
seasonal,7,dimension_drift|orphan_foreign_keys,dimension_drift|orphan_foreign_keys,2,0.016666731169937596,100000
seasonal,7,duplicate_facts|orphan_foreign_keys,duplicate_facts|orphan_foreign_keys,2,0.05220989597122542,100000
seasonal,7,dimension_drift|stale_timestamps,dimension_drift|stale_timestamps,2,0.03483125460519329,100000
seasonal,7,duplicate_facts|stale_timestamps,duplicate_facts|stale_timestamps,2,0.06783331175468206,100000
seasonal,7,dimension_drift|duplicate_facts,dimension_drift|duplicate_facts,2,0.0650887912981961,100000
seasonal,7,missing_measures|orphan_foreign_keys|value_noise,missing_measures|orphan_foreign_keys|value_noise,3,0.04890525310480415,100000
seasonal,7,missing_measures|stale_timestamps|value_noise,missing_measures|stale_timestamps|value_noise,3,0.05834092941132808,100000
seasonal,7,dimension_drift|missing_measures|value_noise,dimension_drift|missing_measures|value_noise,3,0.03943988353313082,100000
seasonal,7,duplicate_facts|missing_measures|value_noise,duplicate_facts|missing_measures|value_noise,3,0.05101898979268435,100000
seasonal,7,missing_measures|orphan_foreign_keys|stale_timestamps,missing_measures|orphan_foreign_keys|stale_timestamps,3,0.08341707437227547,100000
seasonal,7,dimension_drift|missing_measures|orphan_foreign_keys,dimension_drift|missing_measures|orphan_foreign_keys,3,0.06456570054084847,100000
seasonal,7,duplicate_facts|missing_measures|orphan_foreign_keys,duplicate_facts|missing_measures|orphan_foreign_keys,3,0.03691317949060749,100000
seasonal,7,dimension_drift|missing_measures|stale_timestamps,dimension_drift|missing_measures|stale_timestamps,3,0.07456686082399891,100000
seasonal,7,duplicate_facts|missing_measures|stale_timestamps,duplicate_facts|missing_measures|stale_timestamps,3,0.04823920643626232,100000
seasonal,7,dimension_drift|duplicate_facts|missing_measures,dimension_drift|duplicate_facts|missing_measures,3,0.028954280329151923,100000
seasonal,7,orphan_foreign_keys|stale_timestamps|value_noise,orphan_foreign_keys|stale_timestamps|value_noise,3,0.05451894500669797,100000
seasonal,7,dimension_drift|orphan_foreign_keys|value_noise,dimension_drift|orphan_foreign_keys|value_noise,3,0.041283277255427304,100000
seasonal,7,duplicate_facts|orphan_foreign_keys|value_noise,duplicate_facts|orphan_foreign_keys|value_noise,3,0.08797383374490106,100000
seasonal,7,dimension_drift|stale_timestamps|value_noise,dimension_drift|stale_timestamps|value_noise,3,0.058735101069807366,100000
seasonal,7,duplicate_facts|stale_timestamps|value_noise,duplicate_facts|stale_timestamps|value_noise,3,0.10491975696854411,100000
seasonal,7,dimension_drift|duplicate_facts|value_noise,dimension_drift|duplicate_facts|value_noise,3,0.10567579308702693,100000
seasonal,7,dimension_drift|orphan_foreign_keys|stale_timestamps,dimension_drift|orphan_foreign_keys|stale_timestamps,3,0.04533091315662481,100000
seasonal,7,duplicate_facts|orphan_foreign_keys|stale_timestamps,duplicate_facts|orphan_foreign_keys|stale_timestamps,3,0.05812913593127876,100000
seasonal,7,dimension_drift|duplicate_facts|orphan_foreign_keys,dimension_drift|duplicate_facts|orphan_foreign_keys,3,0.056844809461565844,100000
seasonal,7,dimension_drift|duplicate_facts|stale_timestamps,dimension_drift|duplicate_facts|stale_timestamps,3,0.07100803125824945,100000
seasonal,7,missing_measures|orphan_foreign_keys|stale_timestamps|value_noise,missing_measures|orphan_foreign_keys|stale_timestamps|value_noise,4,0.07139255461830799,100000
seasonal,7,dimension_drift|missing_measures|orphan_foreign_keys|value_noise,dimension_drift|missing_measures|orphan_foreign_keys|value_noise,4,0.051616946244967904,100000
seasonal,7,duplicate_facts|missing_measures|orphan_foreign_keys|value_noise,duplicate_facts|missing_measures|orphan_foreign_keys|value_noise,4,0.0522887987570936,100000
seasonal,7,dimension_drift|missing_measures|stale_timestamps|value_noise,dimension_drift|missing_measures|stale_timestamps|value_noise,4,0.06192718504663465,100000
seasonal,7,duplicate_facts|missing_measures|stale_timestamps|value_noise,duplicate_facts|missing_measures|stale_timestamps|value_noise,4,0.06872759723699551,100000
seasonal,7,dimension_drift|duplicate_facts|missing_measures|value_noise,dimension_drift|duplicate_facts|missing_measures|value_noise,4,0.054193709296251745,100000
seasonal,7,dimension_drift|missing_measures|orphan_foreign_keys|stale_timestamps,dimension_drift|missing_measures|orphan_foreign_keys|stale_timestamps,4,0.08612876751243922,100000
seasonal,7,duplicate_facts|missing_measures|orphan_foreign_keys|stale_timestamps,duplicate_facts|missing_measures|orphan_foreign_keys|stale_timestamps,4,0.06109786723594239,100000
seasonal,7,dimension_drift|duplicate_facts|missing_measures|orphan_foreign_keys,dimension_drift|duplicate_facts|missing_measures|orphan_foreign_keys,4,0.039792083907082956,100000
seasonal,7,dimension_drift|duplicate_facts|missing_measures|stale_timestamps,dimension_drift|duplicate_facts|missing_measures|stale_timestamps,4,0.053138968074486814,100000
seasonal,7,dimension_drift|orphan_foreign_keys|stale_timestamps|value_noise,dimension_drift|orphan_foreign_keys|stale_timestamps|value_noise,4,0.057403530975937485,100000
seasonal,7,duplicate_facts|orphan_foreign_keys|stale_timestamps|value_noise,duplicate_facts|orphan_foreign_keys|stale_timestamps|value_noise,4,0.09039251712998564,100000
seasonal,7,dimension_drift|duplicate_facts|orphan_foreign_keys|value_noise,dimension_drift|duplicate_facts|orphan_foreign_keys|value_noise,4,0.09085273816137646,100000
seasonal,7,dimension_drift|duplicate_facts|stale_timestamps|value_noise,dimension_drift|duplicate_facts|stale_timestamps|value_noise,4,0.1080944764721115,100000
seasonal,7,dimension_drift|duplicate_facts|orphan_foreign_keys|stale_timestamps,dimension_drift|duplicate_facts|orphan_foreign_keys|stale_timestamps,4,0.06276404942161919,100000
seasonal,7,dimension_drift|missing_measures|orphan_foreign_keys|stale_timestamps|value_noise,dimension_drift|missing_measures|orphan_foreign_keys|stale_timestamps|value_noise,5,0.07410424775847174,100000
seasonal,7,duplicate_facts|missing_measures|orphan_foreign_keys|stale_timestamps|value_noise,duplicate_facts|missing_measures|orphan_foreign_keys|stale_timestamps|value_noise,5,0.06999740620140474,100000
seasonal,7,dimension_drift|duplicate_facts|missing_measures|orphan_foreign_keys|value_noise,dimension_drift|duplicate_facts|missing_measures|orphan_foreign_keys|value_noise,5,0.05516770317356906,100000
seasonal,7,dimension_drift|duplicate_facts|missing_measures|stale_timestamps|value_noise,dimension_drift|duplicate_facts|missing_measures|stale_timestamps|value_noise,5,0.07190231674056288,100000
seasonal,7,dimension_drift|duplicate_facts|missing_measures|orphan_foreign_keys|stale_timestamps,dimension_drift|duplicate_facts|missing_measures|orphan_foreign_keys|stale_timestamps,5,0.06397677165241786,100000
seasonal,7,dimension_drift|duplicate_facts|orphan_foreign_keys|stale_timestamps|value_noise,dimension_drift|duplicate_facts|orphan_foreign_keys|stale_timestamps|value_noise,5,0.09327142154646104,100000
seasonal,7,dimension_drift|duplicate_facts|missing_measures|orphan_foreign_keys|stale_timestamps|value_noise,dimension_drift|duplicate_facts|missing_measures|orphan_foreign_keys|stale_timestamps|value_noise,6,0.0728763106178802,100000
seasonal,8,EMPTY,EMPTY,0,0.0,100000
seasonal,8,missing_measures,missing_measures,1,0.0506334827587971,100000
seasonal,8,value_noise,value_noise,1,0.04109451081454229,100000
seasonal,8,orphan_foreign_keys,orphan_foreign_keys,1,0.013325596986706288,100000
seasonal,8,stale_timestamps,stale_timestamps,1,0.029980479402434493,100000
seasonal,8,dimension_drift,dimension_drift,1,0.007111940261976998,100000
seasonal,8,duplicate_facts,duplicate_facts,1,0.06549717184546766,100000
seasonal,8,missing_measures|value_noise,missing_measures|value_noise,2,0.036427364991914776,100000
seasonal,8,missing_measures|orphan_foreign_keys,missing_measures|orphan_foreign_keys,2,0.06225890482970104,100000
seasonal,8,missing_measures|stale_timestamps,missing_measures|stale_timestamps,2,0.07336896430656967,100000
seasonal,8,dimension_drift|missing_measures,dimension_drift|missing_measures,2,0.054381924574315316,100000
seasonal,8,duplicate_facts|missing_measures,duplicate_facts|missing_measures,2,0.023783044765286365,100000
seasonal,8,orphan_foreign_keys|value_noise,orphan_foreign_keys|value_noise,2,0.03934516102123704,100000
seasonal,8,stale_timestamps|value_noise,stale_timestamps|value_noise,2,0.05754056236591406,100000
seasonal,8,dimension_drift|value_noise,dimension_drift|value_noise,2,0.04484295263006059,100000
seasonal,8,duplicate_facts|value_noise,duplicate_facts|value_noise,2,0.10997302226298888,100000
seasonal,8,orphan_foreign_keys|stale_timestamps,orphan_foreign_keys|stale_timestamps,2,0.04330607638914079,100000
seasonal,8,dimension_drift|orphan_foreign_keys,dimension_drift|orphan_foreign_keys,2,0.017471052918965693,100000
seasonal,8,duplicate_facts|orphan_foreign_keys,duplicate_facts|orphan_foreign_keys,2,0.05447148148625908,100000
seasonal,8,dimension_drift|stale_timestamps,dimension_drift|stale_timestamps,2,0.03709241966441149,100000
seasonal,8,duplicate_facts|stale_timestamps,duplicate_facts|stale_timestamps,2,0.07207290549697215,100000
seasonal,8,dimension_drift|duplicate_facts,dimension_drift|duplicate_facts,2,0.06899286595244367,100000
seasonal,8,missing_measures|orphan_foreign_keys|value_noise,missing_measures|orphan_foreign_keys|value_noise,3,0.04951069170887798,100000
seasonal,8,missing_measures|stale_timestamps|value_noise,missing_measures|stale_timestamps|value_noise,3,0.06008523624566587,100000
seasonal,8,dimension_drift|missing_measures|value_noise,dimension_drift|missing_measures|value_noise,3,0.04017580680743301,100000
seasonal,8,duplicate_facts|missing_measures|value_noise,duplicate_facts|missing_measures|value_noise,3,0.05435033804294659,100000
seasonal,8,missing_measures|orphan_foreign_keys|stale_timestamps,missing_measures|orphan_foreign_keys|stale_timestamps,3,0.0849943863774736,100000
seasonal,8,dimension_drift|missing_measures|orphan_foreign_keys,dimension_drift|missing_measures|orphan_foreign_keys,3,0.06640436076196052,100000
seasonal,8,duplicate_facts|missing_measures|orphan_foreign_keys,duplicate_facts|missing_measures|orphan_foreign_keys,3,0.03718519161295779,100000
seasonal,8,dimension_drift|missing_measures|stale_timestamps,dimension_drift|missing_measures|stale_timestamps,3,0.07711740612208787,100000
seasonal,8,duplicate_facts|missing_measures|stale_timestamps,duplicate_facts|missing_measures|stale_timestamps,3,0.04864808927255841,100000
seasonal,8,dimension_drift|duplicate_facts|missing_measures,dimension_drift|duplicate_facts|missing_measures,3,0.029679043698124137,100000
seasonal,8,orphan_foreign_keys|stale_timestamps|value_noise,orphan_foreign_keys|stale_timestamps|value_noise,3,0.05579121257260881,100000
seasonal,8,dimension_drift|orphan_foreign_keys|value_noise,dimension_drift|orphan_foreign_keys|value_noise,3,0.04354826748733238,100000
seasonal,8,duplicate_facts|orphan_foreign_keys|value_noise,duplicate_facts|orphan_foreign_keys|value_noise,3,0.09667377912802633,100000
seasonal,8,dimension_drift|stale_timestamps|value_noise,dimension_drift|stale_timestamps|value_noise,3,0.06128900418143236,100000
seasonal,8,duplicate_facts|stale_timestamps|value_noise,duplicate_facts|stale_timestamps|value_noise,3,0.11311832006057454,100000
seasonal,8,dimension_drift|duplicate_facts|value_noise,dimension_drift|duplicate_facts|value_noise,3,0.11346871636996499,100000
seasonal,8,dimension_drift|orphan_foreign_keys|stale_timestamps,dimension_drift|orphan_foreign_keys|stale_timestamps,3,0.04745153232140018,100000
seasonal,8,duplicate_facts|orphan_foreign_keys|stale_timestamps,duplicate_facts|orphan_foreign_keys|stale_timestamps,3,0.061047215137763546,100000
seasonal,8,dimension_drift|duplicate_facts|orphan_foreign_keys,dimension_drift|duplicate_facts|orphan_foreign_keys,3,0.06181164633010189,100000
seasonal,8,dimension_drift|duplicate_facts|stale_timestamps,dimension_drift|duplicate_facts|stale_timestamps,3,0.07556859960394814,100000
seasonal,8,missing_measures|orphan_foreign_keys|stale_timestamps|value_noise,missing_measures|orphan_foreign_keys|stale_timestamps|value_noise,4,0.07316856296262907,100000
seasonal,8,dimension_drift|missing_measures|orphan_foreign_keys|value_noise,dimension_drift|missing_measures|orphan_foreign_keys|value_noise,4,0.05365614764113741,100000
seasonal,8,duplicate_facts|missing_measures|orphan_foreign_keys|value_noise,duplicate_facts|missing_measures|orphan_foreign_keys|value_noise,4,0.054653436681673453,100000
seasonal,8,dimension_drift|missing_measures|stale_timestamps|value_noise,dimension_drift|missing_measures|stale_timestamps|value_noise,4,0.06383367806118409,100000
seasonal,8,duplicate_facts|missing_measures|stale_timestamps|value_noise,duplicate_facts|missing_measures|stale_timestamps|value_noise,4,0.07164446556413848,100000
seasonal,8,dimension_drift|duplicate_facts|missing_measures|value_noise,dimension_drift|duplicate_facts|missing_measures|value_noise,4,0.05784603214992261,100000
seasonal,8,dimension_drift|missing_measures|orphan_foreign_keys|stale_timestamps,dimension_drift|missing_measures|orphan_foreign_keys|stale_timestamps,4,0.08913984230973308,100000
seasonal,8,duplicate_facts|missing_measures|orphan_foreign_keys|stale_timestamps,duplicate_facts|missing_measures|orphan_foreign_keys|stale_timestamps,4,0.06205023612022984,100000
seasonal,8,dimension_drift|duplicate_facts|missing_measures|orphan_foreign_keys,dimension_drift|duplicate_facts|missing_measures|orphan_foreign_keys,4,0.04143758607913969,100000
seasonal,8,dimension_drift|duplicate_facts|missing_measures|stale_timestamps,dimension_drift|duplicate_facts|missing_measures|stale_timestamps,4,0.05454408820539618,100000
seasonal,8,dimension_drift|orphan_foreign_keys|stale_timestamps|value_noise,dimension_drift|orphan_foreign_keys|stale_timestamps|value_noise,4,0.05999431903870415,100000
seasonal,8,duplicate_facts|orphan_foreign_keys|stale_timestamps|value_noise,duplicate_facts|orphan_foreign_keys|stale_timestamps|value_noise,4,0.099819076925612,100000
seasonal,8,dimension_drift|duplicate_facts|orphan_foreign_keys|value_noise,dimension_drift|duplicate_facts|orphan_foreign_keys|value_noise,4,0.10114520229468177,100000
seasonal,8,dimension_drift|duplicate_facts|stale_timestamps|value_noise,dimension_drift|duplicate_facts|stale_timestamps|value_noise,4,0.11661401416755066,100000
seasonal,8,dimension_drift|duplicate_facts|orphan_foreign_keys|stale_timestamps,dimension_drift|duplicate_facts|orphan_foreign_keys|stale_timestamps,4,0.06838737998160636,100000
seasonal,8,dimension_drift|missing_measures|orphan_foreign_keys|stale_timestamps|value_noise,dimension_drift|missing_measures|orphan_foreign_keys|stale_timestamps|value_noise,5,0.0773140188948885,100000
seasonal,8,duplicate_facts|missing_measures|orphan_foreign_keys|stale_timestamps|value_noise,duplicate_facts|missing_measures|orphan_foreign_keys|stale_timestamps|value_noise,5,0.07194756420286533,100000
seasonal,8,dimension_drift|duplicate_facts|missing_measures|orphan_foreign_keys|value_noise,dimension_drift|duplicate_facts|missing_measures|orphan_foreign_keys|value_noise,5,0.05890583114785529,100000
seasonal,8,dimension_drift|duplicate_facts|missing_measures|stale_timestamps|value_noise,dimension_drift|duplicate_facts|missing_measures|stale_timestamps|value_noise,5,0.07514015967111448,100000
seasonal,8,dimension_drift|duplicate_facts|missing_measures|orphan_foreign_keys|stale_timestamps,dimension_drift|duplicate_facts|missing_measures|orphan_foreign_keys|stale_timestamps,5,0.06630263058641174,100000
seasonal,8,dimension_drift|duplicate_facts|orphan_foreign_keys|stale_timestamps|value_noise,dimension_drift|duplicate_facts|orphan_foreign_keys|stale_timestamps|value_noise,5,0.10429050009226744,100000
seasonal,8,dimension_drift|duplicate_facts|missing_measures|orphan_foreign_keys|stale_timestamps|value_noise,dimension_drift|duplicate_facts|missing_measures|orphan_foreign_keys|stale_timestamps|value_noise,6,0.07619995866904716,100000
seasonal,9,EMPTY,EMPTY,0,0.0,100000
seasonal,9,missing_measures,missing_measures,1,0.04925741398317103,100000
seasonal,9,value_noise,value_noise,1,0.041913275260695625,100000
seasonal,9,orphan_foreign_keys,orphan_foreign_keys,1,0.013482220746038345,100000
seasonal,9,stale_timestamps,stale_timestamps,1,0.029986482203708628,100000
seasonal,9,dimension_drift,dimension_drift,1,0.008391846047449398,100000
seasonal,9,duplicate_facts,duplicate_facts,1,0.06390723389096101,100000
seasonal,9,missing_measures|value_noise,missing_measures|value_noise,2,0.033281522705482125,100000
seasonal,9,missing_measures|orphan_foreign_keys,missing_measures|orphan_foreign_keys,2,0.061436773584738764,100000
seasonal,9,missing_measures|stale_timestamps,missing_measures|stale_timestamps,2,0.07224893840208083,100000
seasonal,9,dimension_drift|missing_measures,dimension_drift|missing_measures,2,0.053770231547018335,100000
seasonal,9,duplicate_facts|missing_measures,duplicate_facts|missing_measures,2,0.022778317041332135,100000
seasonal,9,orphan_foreign_keys|value_noise,orphan_foreign_keys|value_noise,2,0.03936061537956059,100000
seasonal,9,stale_timestamps|value_noise,stale_timestamps|value_noise,2,0.05593590489178098,100000
seasonal,9,dimension_drift|value_noise,dimension_drift|value_noise,2,0.04642609282454312,100000
seasonal,9,duplicate_facts|value_noise,duplicate_facts|value_noise,2,0.10754119566073886,100000
seasonal,9,orphan_foreign_keys|stale_timestamps,orphan_foreign_keys|stale_timestamps,2,0.04346870294974697,100000
seasonal,9,dimension_drift|orphan_foreign_keys,dimension_drift|orphan_foreign_keys,2,0.01726091066142796,100000
seasonal,9,duplicate_facts|orphan_foreign_keys,duplicate_facts|orphan_foreign_keys,2,0.05329857459784342,100000
seasonal,9,dimension_drift|stale_timestamps,dimension_drift|stale_timestamps,2,0.03837832825115803,100000
seasonal,9,duplicate_facts|stale_timestamps,duplicate_facts|stale_timestamps,2,0.06990790071355993,100000
seasonal,9,dimension_drift|duplicate_facts,dimension_drift|duplicate_facts,2,0.06817296429894636,100000
seasonal,9,missing_measures|orphan_foreign_keys|value_noise,missing_measures|orphan_foreign_keys|value_noise,3,0.04591071883317312,100000
seasonal,9,missing_measures|stale_timestamps|value_noise,missing_measures|stale_timestamps|value_noise,3,0.05724947573962233,100000
seasonal,9,dimension_drift|missing_measures|value_noise,dimension_drift|missing_measures|value_noise,3,0.03825543941510151,100000
seasonal,9,duplicate_facts|missing_measures|value_noise,duplicate_facts|missing_measures|value_noise,3,0.05400374789754544,100000
seasonal,9,missing_measures|orphan_foreign_keys|stale_timestamps,missing_measures|orphan_foreign_keys|stale_timestamps,3,0.08442829800364855,100000
seasonal,9,dimension_drift|missing_measures|orphan_foreign_keys,dimension_drift|missing_measures|orphan_foreign_keys,3,0.06521546350012833,100000
seasonal,9,duplicate_facts|missing_measures|orphan_foreign_keys,duplicate_facts|missing_measures|orphan_foreign_keys,3,0.03625718698710296,100000
seasonal,9,dimension_drift|missing_measures|stale_timestamps,dimension_drift|missing_measures|stale_timestamps,3,0.07676175596592813,100000
seasonal,9,duplicate_facts|missing_measures|stale_timestamps,duplicate_facts|missing_measures|stale_timestamps,3,0.047692091427640866,100000
seasonal,9,dimension_drift|duplicate_facts|missing_measures,dimension_drift|duplicate_facts|missing_measures,3,0.03011194159828683,100000
seasonal,9,orphan_foreign_keys|stale_timestamps|value_noise,orphan_foreign_keys|stale_timestamps|value_noise,3,0.053383245010645945,100000
seasonal,9,dimension_drift|orphan_foreign_keys|value_noise,dimension_drift|orphan_foreign_keys|value_noise,3,0.04372283599775687,100000
seasonal,9,duplicate_facts|orphan_foreign_keys|value_noise,duplicate_facts|orphan_foreign_keys|value_noise,3,0.09369272704146615,100000
seasonal,9,dimension_drift|stale_timestamps|value_noise,dimension_drift|stale_timestamps|value_noise,3,0.06044872245562848,100000
seasonal,9,duplicate_facts|stale_timestamps|value_noise,duplicate_facts|stale_timestamps|value_noise,3,0.11018230112851443,100000
seasonal,9,dimension_drift|duplicate_facts|value_noise,dimension_drift|duplicate_facts|value_noise,3,0.11180692606872429,100000
seasonal,9,dimension_drift|orphan_foreign_keys|stale_timestamps,dimension_drift|orphan_foreign_keys|stale_timestamps,3,0.04724739286513659,100000
seasonal,9,duplicate_facts|orphan_foreign_keys|stale_timestamps,duplicate_facts|orphan_foreign_keys|stale_timestamps,3,0.059299241420442336,100000
seasonal,9,dimension_drift|duplicate_facts|orphan_foreign_keys,dimension_drift|duplicate_facts|orphan_foreign_keys,3,0.06041297350400816,100000
seasonal,9,dimension_drift|duplicate_facts|stale_timestamps,dimension_drift|duplicate_facts|stale_timestamps,3,0.07417363112154528,100000
seasonal,9,missing_measures|orphan_foreign_keys|stale_timestamps|value_noise,missing_measures|orphan_foreign_keys|stale_timestamps|value_noise,4,0.06987867186731334,100000
seasonal,9,dimension_drift|missing_measures|orphan_foreign_keys|value_noise,dimension_drift|missing_measures|orphan_foreign_keys|value_noise,4,0.04968940874856277,100000
seasonal,9,duplicate_facts|missing_measures|orphan_foreign_keys|value_noise,duplicate_facts|missing_measures|orphan_foreign_keys|value_noise,4,0.053201961192598,100000
seasonal,9,dimension_drift|missing_measures|stale_timestamps|value_noise,dimension_drift|missing_measures|stale_timestamps|value_noise,4,0.06222339244924173,100000
seasonal,9,duplicate_facts|missing_measures|stale_timestamps|value_noise,duplicate_facts|missing_measures|stale_timestamps|value_noise,4,0.0694247531651214,100000
seasonal,9,dimension_drift|duplicate_facts|missing_measures|value_noise,dimension_drift|duplicate_facts|missing_measures|value_noise,4,0.05826947830553082,100000
seasonal,9,dimension_drift|missing_measures|orphan_foreign_keys|stale_timestamps,dimension_drift|missing_measures|orphan_foreign_keys|stale_timestamps,4,0.08820698791903811,100000
seasonal,9,duplicate_facts|missing_measures|orphan_foreign_keys|stale_timestamps,duplicate_facts|missing_measures|orphan_foreign_keys|stale_timestamps,4,0.061170961373411686,100000
seasonal,9,dimension_drift|duplicate_facts|missing_measures|orphan_foreign_keys,dimension_drift|duplicate_facts|missing_measures|orphan_foreign_keys,4,0.04002043509104172,100000
seasonal,9,dimension_drift|duplicate_facts|missing_measures|stale_timestamps,dimension_drift|duplicate_facts|missing_measures|stale_timestamps,4,0.05502571598459556,100000
seasonal,9,dimension_drift|orphan_foreign_keys|stale_timestamps|value_noise,dimension_drift|orphan_foreign_keys|stale_timestamps|value_noise,4,0.057745465628842224,100000
seasonal,9,duplicate_facts|orphan_foreign_keys|stale_timestamps|value_noise,duplicate_facts|orphan_foreign_keys|stale_timestamps|value_noise,4,0.09633383250924173,100000
seasonal,9,dimension_drift|duplicate_facts|orphan_foreign_keys|value_noise,dimension_drift|duplicate_facts|orphan_foreign_keys|value_noise,4,0.0974559751454051,100000
seasonal,9,dimension_drift|duplicate_facts|stale_timestamps|value_noise,dimension_drift|duplicate_facts|stale_timestamps|value_noise,4,0.11444803153649985,100000
seasonal,9,dimension_drift|duplicate_facts|orphan_foreign_keys|stale_timestamps,dimension_drift|duplicate_facts|orphan_foreign_keys|stale_timestamps,4,0.06641364032660708,100000
seasonal,9,dimension_drift|missing_measures|orphan_foreign_keys|stale_timestamps|value_noise,dimension_drift|missing_measures|orphan_foreign_keys|stale_timestamps|value_noise,5,0.07365736178270299,100000
seasonal,9,duplicate_facts|missing_measures|orphan_foreign_keys|stale_timestamps|value_noise,duplicate_facts|missing_measures|orphan_foreign_keys|stale_timestamps|value_noise,5,0.06862296646017395,100000
seasonal,9,dimension_drift|duplicate_facts|missing_measures|orphan_foreign_keys|value_noise,dimension_drift|duplicate_facts|missing_measures|orphan_foreign_keys|value_noise,5,0.057168446143724294,100000
seasonal,9,dimension_drift|duplicate_facts|missing_measures|stale_timestamps|value_noise,dimension_drift|duplicate_facts|missing_measures|stale_timestamps|value_noise,5,0.07369048357310677,100000
seasonal,9,dimension_drift|duplicate_facts|missing_measures|orphan_foreign_keys|stale_timestamps,dimension_drift|duplicate_facts|missing_measures|orphan_foreign_keys|stale_timestamps,5,0.06493420947735046,100000
seasonal,9,dimension_drift|duplicate_facts|orphan_foreign_keys|stale_timestamps|value_noise,dimension_drift|duplicate_facts|orphan_foreign_keys|stale_timestamps|value_noise,5,0.10009708061318068,100000
seasonal,9,dimension_drift|duplicate_facts|missing_measures|orphan_foreign_keys|stale_timestamps|value_noise,dimension_drift|duplicate_facts|missing_measures|orphan_foreign_keys|stale_timestamps|value_noise,6,0.07258945141130024,100000
seasonal,10,EMPTY,EMPTY,0,0.0,100000
seasonal,10,missing_measures,missing_measures,1,0.051700065506161824,100000
seasonal,10,value_noise,value_noise,1,0.03935785857002857,100000
seasonal,10,orphan_foreign_keys,orphan_foreign_keys,1,0.014182470119681687,100000
seasonal,10,stale_timestamps,stale_timestamps,1,0.030205383799800818,100000
seasonal,10,dimension_drift,dimension_drift,1,0.005521265145853437,100000
seasonal,10,duplicate_facts,duplicate_facts,1,0.06385116517322953,100000
seasonal,10,missing_measures|value_noise,missing_measures|value_noise,2,0.03586173042594022,100000
seasonal,10,missing_measures|orphan_foreign_keys,missing_measures|orphan_foreign_keys,2,0.06460530190210582,100000
seasonal,10,missing_measures|stale_timestamps,missing_measures|stale_timestamps,2,0.07462942378031262,100000
seasonal,10,dimension_drift|missing_measures,dimension_drift|missing_measures,2,0.055085235200066585,100000
seasonal,10,duplicate_facts|missing_measures,duplicate_facts|missing_measures,2,0.02543528861590185,100000
seasonal,10,orphan_foreign_keys|value_noise,orphan_foreign_keys|value_noise,2,0.038250015034693066,100000
seasonal,10,stale_timestamps|value_noise,stale_timestamps|value_noise,2,0.05490326863715564,100000
seasonal,10,dimension_drift|value_noise,dimension_drift|value_noise,2,0.042743028263933246,100000
seasonal,10,duplicate_facts|value_noise,duplicate_facts|value_noise,2,0.1049666038189196,100000
seasonal,10,orphan_foreign_keys|stale_timestamps,orphan_foreign_keys|stale_timestamps,2,0.04438785391948251,100000
seasonal,10,dimension_drift|orphan_foreign_keys,dimension_drift|orphan_foreign_keys,2,0.01731149032650332,100000
seasonal,10,duplicate_facts|orphan_foreign_keys,duplicate_facts|orphan_foreign_keys,2,0.05331637980041445,100000
seasonal,10,dimension_drift|stale_timestamps,dimension_drift|stale_timestamps,2,0.035726648945654256,100000
seasonal,10,duplicate_facts|stale_timestamps,duplicate_facts|stale_timestamps,2,0.07033946224531842,100000
seasonal,10,dimension_drift|duplicate_facts,dimension_drift|duplicate_facts,2,0.06573650770235456,100000
seasonal,10,missing_measures|orphan_foreign_keys|value_noise,missing_measures|orphan_foreign_keys|value_noise,3,0.048831202843043715,100000
seasonal,10,missing_measures|stale_timestamps|value_noise,missing_measures|stale_timestamps|value_noise,3,0.06032744388853678,100000
seasonal,10,dimension_drift|missing_measures|value_noise,dimension_drift|missing_measures|value_noise,3,0.03924690011984482,100000
seasonal,10,duplicate_facts|missing_measures|value_noise,duplicate_facts|missing_measures|value_noise,3,0.04950851969229221,100000
seasonal,10,missing_measures|orphan_foreign_keys|stale_timestamps,missing_measures|orphan_foreign_keys|stale_timestamps,3,0.08753466017625662,100000
seasonal,10,dimension_drift|missing_measures|orphan_foreign_keys,dimension_drift|missing_measures|orphan_foreign_keys,3,0.06773432210892738,100000
seasonal,10,duplicate_facts|missing_measures|orphan_foreign_keys,duplicate_facts|missing_measures|orphan_foreign_keys,3,0.038702490463284916,100000
seasonal,10,dimension_drift|missing_measures|stale_timestamps,dimension_drift|missing_measures|stale_timestamps,3,0.07801459347421738,100000
seasonal,10,duplicate_facts|missing_measures|stale_timestamps,duplicate_facts|missing_measures|stale_timestamps,3,0.05091215912324965,100000
seasonal,10,dimension_drift|duplicate_facts|missing_measures,dimension_drift|duplicate_facts|missing_measures,3,0.027861023772845966,100000
seasonal,10,orphan_foreign_keys|stale_timestamps|value_noise,orphan_foreign_keys|stale_timestamps|value_noise,3,0.053795425101820143,100000
seasonal,10,dimension_drift|orphan_foreign_keys|value_noise,dimension_drift|orphan_foreign_keys|value_noise,3,0.04137903524151458,100000
seasonal,10,duplicate_facts|orphan_foreign_keys|value_noise,duplicate_facts|orphan_foreign_keys|value_noise,3,0.08968932589208514,100000
seasonal,10,dimension_drift|stale_timestamps|value_noise,dimension_drift|stale_timestamps|value_noise,3,0.058288438331060316,100000
seasonal,10,duplicate_facts|stale_timestamps|value_noise,duplicate_facts|stale_timestamps|value_noise,3,0.1078774792328756,100000
seasonal,10,dimension_drift|duplicate_facts|value_noise,dimension_drift|duplicate_facts|value_noise,3,0.10685194634804474,100000
seasonal,10,dimension_drift|orphan_foreign_keys|stale_timestamps,dimension_drift|orphan_foreign_keys|stale_timestamps,3,0.047516874126304134,100000
seasonal,10,duplicate_facts|orphan_foreign_keys|stale_timestamps,duplicate_facts|orphan_foreign_keys|stale_timestamps,3,0.05980467687250335,100000
seasonal,10,dimension_drift|duplicate_facts|orphan_foreign_keys,dimension_drift|duplicate_facts|orphan_foreign_keys,3,0.056542259167915616,100000
seasonal,10,dimension_drift|duplicate_facts|stale_timestamps,dimension_drift|duplicate_facts|stale_timestamps,3,0.07222480477444347,100000
seasonal,10,missing_measures|orphan_foreign_keys|stale_timestamps|value_noise,missing_measures|orphan_foreign_keys|stale_timestamps|value_noise,4,0.07329691630564027,100000
seasonal,10,dimension_drift|missing_measures|orphan_foreign_keys|value_noise,dimension_drift|missing_measures|orphan_foreign_keys|value_noise,4,0.051960223049865265,100000
seasonal,10,duplicate_facts|missing_measures|orphan_foreign_keys|value_noise,duplicate_facts|missing_measures|orphan_foreign_keys|value_noise,4,0.050949384284389686,100000
seasonal,10,dimension_drift|missing_measures|stale_timestamps|value_noise,dimension_drift|missing_measures|stale_timestamps|value_noise,4,0.06371261358244137,100000
seasonal,10,duplicate_facts|missing_measures|stale_timestamps|value_noise,duplicate_facts|missing_measures|stale_timestamps|value_noise,4,0.0676714959295786,100000
seasonal,10,dimension_drift|duplicate_facts|missing_measures|value_noise,dimension_drift|duplicate_facts|missing_measures|value_noise,4,0.05139386222141746,100000
seasonal,10,dimension_drift|missing_measures|orphan_foreign_keys|stale_timestamps,dimension_drift|missing_measures|orphan_foreign_keys|stale_timestamps,4,0.09066368038307818,100000
seasonal,10,duplicate_facts|missing_measures|orphan_foreign_keys|stale_timestamps,duplicate_facts|missing_measures|orphan_foreign_keys|stale_timestamps,4,0.0641793609706327,100000
seasonal,10,dimension_drift|duplicate_facts|missing_measures|orphan_foreign_keys,dimension_drift|duplicate_facts|missing_measures|orphan_foreign_keys,4,0.041096847214015964,100000
seasonal,10,dimension_drift|duplicate_facts|missing_measures|stale_timestamps,dimension_drift|duplicate_facts|missing_measures|stale_timestamps,4,0.05333789428019377,100000
seasonal,10,dimension_drift|orphan_foreign_keys|stale_timestamps|value_noise,dimension_drift|orphan_foreign_keys|stale_timestamps|value_noise,4,0.05692444530864166,100000
seasonal,10,duplicate_facts|orphan_foreign_keys|stale_timestamps|value_noise,duplicate_facts|orphan_foreign_keys|stale_timestamps|value_noise,4,0.09260020130604114,100000
seasonal,10,dimension_drift|duplicate_facts|orphan_foreign_keys|value_noise,dimension_drift|duplicate_facts|orphan_foreign_keys|value_noise,4,0.09208368264281631,100000
seasonal,10,dimension_drift|duplicate_facts|stale_timestamps|value_noise,dimension_drift|duplicate_facts|stale_timestamps|value_noise,4,0.10976282176200072,100000
seasonal,10,dimension_drift|duplicate_facts|orphan_foreign_keys|stale_timestamps,dimension_drift|duplicate_facts|orphan_foreign_keys|stale_timestamps,4,0.06303055624000452,100000
seasonal,10,dimension_drift|missing_measures|orphan_foreign_keys|stale_timestamps|value_noise,dimension_drift|missing_measures|orphan_foreign_keys|stale_timestamps|value_noise,5,0.07642593651246182,100000
seasonal,10,duplicate_facts|missing_measures|orphan_foreign_keys|stale_timestamps|value_noise,duplicate_facts|missing_measures|orphan_foreign_keys|stale_timestamps|value_noise,5,0.06911236052167608,100000
seasonal,10,dimension_drift|duplicate_facts|missing_measures|orphan_foreign_keys|value_noise,dimension_drift|duplicate_facts|missing_measures|orphan_foreign_keys|value_noise,5,0.05334374103512073,100000
seasonal,10,dimension_drift|duplicate_facts|missing_measures|stale_timestamps|value_noise,dimension_drift|duplicate_facts|missing_measures|stale_timestamps|value_noise,5,0.06955683845870385,100000
seasonal,10,dimension_drift|duplicate_facts|missing_measures|orphan_foreign_keys|stale_timestamps,dimension_drift|duplicate_facts|missing_measures|orphan_foreign_keys|stale_timestamps,5,0.06657371772136376,100000
seasonal,10,dimension_drift|duplicate_facts|orphan_foreign_keys|stale_timestamps|value_noise,dimension_drift|duplicate_facts|orphan_foreign_keys|stale_timestamps|value_noise,5,0.0949945580567723,100000
seasonal,10,dimension_drift|duplicate_facts|missing_measures|orphan_foreign_keys|stale_timestamps|value_noise,dimension_drift|duplicate_facts|missing_measures|orphan_foreign_keys|stale_timestamps|value_noise,6,0.07150671727240712,100000
seasonal,11,EMPTY,EMPTY,0,0.0,100000
seasonal,11,missing_measures,missing_measures,1,0.050485985148912546,100000
seasonal,11,value_noise,value_noise,1,0.03861135275022419,100000
seasonal,11,orphan_foreign_keys,orphan_foreign_keys,1,0.013339143128561017,100000
seasonal,11,stale_timestamps,stale_timestamps,1,0.029208001712578896,100000
seasonal,11,dimension_drift,dimension_drift,1,0.008926795769595267,100000
seasonal,11,duplicate_facts,duplicate_facts,1,0.06266290014332951,100000
seasonal,11,missing_measures|value_noise,missing_measures|value_noise,2,0.03453576249560575,100000
seasonal,11,missing_measures|orphan_foreign_keys,missing_measures|orphan_foreign_keys,2,0.0623241823014946,100000
seasonal,11,missing_measures|stale_timestamps,missing_measures|stale_timestamps,2,0.07282116291342734,100000
seasonal,11,dimension_drift|missing_measures,dimension_drift|missing_measures,2,0.055503146407575976,100000
seasonal,11,duplicate_facts|missing_measures,duplicate_facts|missing_measures,2,0.02351394274961264,100000
seasonal,11,orphan_foreign_keys|value_noise,orphan_foreign_keys|value_noise,2,0.03757439967813292,100000
seasonal,11,stale_timestamps|value_noise,stale_timestamps|value_noise,2,0.05291215443618848,100000
seasonal,11,dimension_drift|value_noise,dimension_drift|value_noise,2,0.04362851400888778,100000
seasonal,11,duplicate_facts|value_noise,duplicate_facts|value_noise,2,0.10360448020952809,100000
seasonal,11,orphan_foreign_keys|stale_timestamps,orphan_foreign_keys|stale_timestamps,2,0.04254714484113991,100000
seasonal,11,dimension_drift|orphan_foreign_keys,dimension_drift|orphan_foreign_keys,2,0.017640162479762533,100000
seasonal,11,duplicate_facts|orphan_foreign_keys,duplicate_facts|orphan_foreign_keys,2,0.051976763077403954,100000
seasonal,11,dimension_drift|stale_timestamps,dimension_drift|stale_timestamps,2,0.03813479748217416,100000
seasonal,11,duplicate_facts|stale_timestamps,duplicate_facts|stale_timestamps,2,0.06809704092663664,100000
seasonal,11,dimension_drift|duplicate_facts,dimension_drift|duplicate_facts,2,0.06702067337298517,100000
seasonal,11,missing_measures|orphan_foreign_keys|value_noise,missing_measures|orphan_foreign_keys|value_noise,3,0.04744676178383633,100000
seasonal,11,missing_measures|stale_timestamps|value_noise,missing_measures|stale_timestamps|value_noise,3,0.05821864935517923,100000
seasonal,11,dimension_drift|missing_measures|value_noise,dimension_drift|missing_measures|value_noise,3,0.039552923754269234,100000
seasonal,11,duplicate_facts|missing_measures|value_noise,duplicate_facts|missing_measures|value_noise,3,0.04939096557004513,100000
seasonal,11,missing_measures|orphan_foreign_keys|stale_timestamps,missing_measures|orphan_foreign_keys|stale_timestamps,3,0.08465936006600938,100000
seasonal,11,dimension_drift|missing_measures|orphan_foreign_keys,dimension_drift|missing_measures|orphan_foreign_keys,3,0.06662520165269613,100000
seasonal,11,duplicate_facts|missing_measures|orphan_foreign_keys,duplicate_facts|missing_measures|orphan_foreign_keys,3,0.036164775740427584,100000
seasonal,11,dimension_drift|missing_measures|stale_timestamps,dimension_drift|missing_measures|stale_timestamps,3,0.07783832417209077,100000
seasonal,11,duplicate_facts|missing_measures|stale_timestamps,duplicate_facts|missing_measures|stale_timestamps,3,0.048386932263305614,100000
seasonal,11,dimension_drift|duplicate_facts|missing_measures,dimension_drift|duplicate_facts|missing_measures,3,0.030538927371657337,100000
seasonal,11,orphan_foreign_keys|stale_timestamps|value_noise,orphan_foreign_keys|stale_timestamps|value_noise,3,0.051875201364097207,100000
seasonal,11,dimension_drift|orphan_foreign_keys|value_noise,dimension_drift|orphan_foreign_keys|value_noise,3,0.041902465736054266,100000
seasonal,11,duplicate_facts|orphan_foreign_keys|value_noise,duplicate_facts|orphan_foreign_keys|value_noise,3,0.08989632426567187,100000
seasonal,11,dimension_drift|stale_timestamps|value_noise,dimension_drift|stale_timestamps|value_noise,3,0.05792931569485207,100000
seasonal,11,duplicate_facts|stale_timestamps|value_noise,duplicate_facts|stale_timestamps|value_noise,3,0.10606144079346017,100000
seasonal,11,dimension_drift|duplicate_facts|value_noise,dimension_drift|duplicate_facts|value_noise,3,0.10796225343918392,100000
seasonal,11,dimension_drift|orphan_foreign_keys|stale_timestamps,dimension_drift|orphan_foreign_keys|stale_timestamps,3,0.046848164192341425,100000
seasonal,11,duplicate_facts|orphan_foreign_keys|stale_timestamps,duplicate_facts|orphan_foreign_keys|stale_timestamps,3,0.05741090386071108,100000
seasonal,11,dimension_drift|duplicate_facts|orphan_foreign_keys,dimension_drift|duplicate_facts|orphan_foreign_keys,3,0.05867841988066663,100000
seasonal,11,dimension_drift|duplicate_facts|stale_timestamps,dimension_drift|duplicate_facts|stale_timestamps,3,0.07245481415629229,100000
seasonal,11,missing_measures|orphan_foreign_keys|stale_timestamps|value_noise,missing_measures|orphan_foreign_keys|stale_timestamps|value_noise,4,0.07112964864340982,100000
seasonal,11,dimension_drift|missing_measures|orphan_foreign_keys|value_noise,dimension_drift|missing_measures|orphan_foreign_keys|value_noise,4,0.05174778113503788,100000
seasonal,11,duplicate_facts|missing_measures|orphan_foreign_keys|value_noise,duplicate_facts|missing_measures|orphan_foreign_keys|value_noise,4,0.050596722466697594,100000
seasonal,11,dimension_drift|missing_measures|stale_timestamps|value_noise,dimension_drift|missing_measures|stale_timestamps|value_noise,4,0.06323581061384272,100000
seasonal,11,duplicate_facts|missing_measures|stale_timestamps|value_noise,duplicate_facts|missing_measures|stale_timestamps|value_noise,4,0.06605731275415391,100000
seasonal,11,dimension_drift|duplicate_facts|missing_measures|value_noise,dimension_drift|duplicate_facts|missing_measures|value_noise,4,0.05401840778657009,100000
seasonal,11,dimension_drift|missing_measures|orphan_foreign_keys|stale_timestamps,dimension_drift|missing_measures|orphan_foreign_keys|stale_timestamps,4,0.08896037941721092,100000
seasonal,11,duplicate_facts|missing_measures|orphan_foreign_keys|stale_timestamps,duplicate_facts|missing_measures|orphan_foreign_keys|stale_timestamps,4,0.061037765254120566,100000
seasonal,11,dimension_drift|duplicate_facts|missing_measures|orphan_foreign_keys,dimension_drift|duplicate_facts|missing_measures|orphan_foreign_keys,4,0.04011441260802283,100000
seasonal,11,dimension_drift|duplicate_facts|missing_measures|stale_timestamps,dimension_drift|duplicate_facts|missing_measures|stale_timestamps,4,0.05541191688535031,100000
seasonal,11,dimension_drift|orphan_foreign_keys|stale_timestamps|value_noise,dimension_drift|orphan_foreign_keys|stale_timestamps|value_noise,4,0.05620326742201855,100000
seasonal,11,duplicate_facts|orphan_foreign_keys|stale_timestamps|value_noise,duplicate_facts|orphan_foreign_keys|stale_timestamps|value_noise,4,0.09235328484960395,100000
seasonal,11,dimension_drift|duplicate_facts|orphan_foreign_keys|value_noise,dimension_drift|duplicate_facts|orphan_foreign_keys|value_noise,4,0.09407954741289955,100000
seasonal,11,dimension_drift|duplicate_facts|stale_timestamps|value_noise,dimension_drift|duplicate_facts|stale_timestamps|value_noise,4,0.11041921402311601,100000
seasonal,11,dimension_drift|duplicate_facts|orphan_foreign_keys|stale_timestamps,dimension_drift|duplicate_facts|orphan_foreign_keys|stale_timestamps,4,0.06411256066397376,100000
seasonal,11,dimension_drift|missing_measures|orphan_foreign_keys|stale_timestamps|value_noise,dimension_drift|missing_measures|orphan_foreign_keys|stale_timestamps|value_noise,5,0.07543066799461137,100000
seasonal,11,duplicate_facts|missing_measures|orphan_foreign_keys|stale_timestamps|value_noise,duplicate_facts|missing_measures|orphan_foreign_keys|stale_timestamps|value_noise,5,0.06726306965080636,100000
seasonal,11,dimension_drift|duplicate_facts|missing_measures|orphan_foreign_keys|value_noise,dimension_drift|duplicate_facts|missing_measures|orphan_foreign_keys|value_noise,5,0.05454635933429285,100000
seasonal,11,dimension_drift|duplicate_facts|missing_measures|stale_timestamps|value_noise,dimension_drift|duplicate_facts|missing_measures|stale_timestamps|value_noise,5,0.07068475497067886,100000
seasonal,11,dimension_drift|duplicate_facts|missing_measures|orphan_foreign_keys|stale_timestamps,dimension_drift|duplicate_facts|missing_measures|orphan_foreign_keys|stale_timestamps,5,0.0649874021217158,100000
seasonal,11,dimension_drift|duplicate_facts|orphan_foreign_keys|stale_timestamps|value_noise,dimension_drift|duplicate_facts|orphan_foreign_keys|stale_timestamps|value_noise,5,0.09653650799683164,100000
seasonal,11,dimension_drift|duplicate_facts|missing_measures|orphan_foreign_keys|stale_timestamps|value_noise,dimension_drift|duplicate_facts|missing_measures|orphan_foreign_keys|stale_timestamps|value_noise,6,0.07121270651840163,100000
