regime,permutations,trial,rmse,max_error,top1,unique_coalitions,coalition_fraction,hoeffding_radius
uniform,2,0,0.006122379038197013,0.012309609048878747,True,12,0.1875,2.3410764454288953
uniform,2,1,0.014122180531346406,0.029680775433569728,False,12,0.1875,2.3410764454288953
uniform,2,2,0.024715975318728305,0.04747561957939735,False,11,0.171875,2.3410764454288953
uniform,2,3,0.02660553943799045,0.05010832306161056,True,11,0.171875,2.3410764454288953
uniform,2,4,0.02413292902207814,0.0445579452580782,False,12,0.1875,2.3410764454288953
uniform,2,5,0.020430520414772217,0.03678670750573136,False,12,0.1875,2.3410764454288953
uniform,2,6,0.026979639643419064,0.047036339075105904,False,10,0.15625,2.3410764454288953
uniform,2,7,0.01158465323351874,0.02535303709390212,True,12,0.1875,2.3410764454288953
uniform,2,8,0.024335708077934514,0.041405426831294945,True,12,0.1875,2.3410764454288953
uniform,2,9,0.026135253511437966,0.04275550133677011,True,12,0.1875,2.3410764454288953
uniform,2,10,0.023598346303786603,0.041872313913716555,False,11,0.171875,2.3410764454288953
uniform,2,11,0.012956891142055633,0.021069926873938476,True,12,0.1875,2.3410764454288953
uniform,2,12,0.0036692297800136877,0.0055640807269226366,False,12,0.1875,2.3410764454288953
uniform,2,13,0.01876890499697375,0.03678670750573136,False,12,0.1875,2.3410764454288953
uniform,2,14,0.018381340920089976,0.030831180192252623,True,12,0.1875,2.3410764454288953
uniform,2,15,0.025612048323553932,0.0445579452580782,False,11,0.171875,2.3410764454288953
uniform,2,16,0.024879532468017666,0.04168291941984811,True,11,0.171875,2.3410764454288953
uniform,2,17,0.02444337082587229,0.04321512958589737,False,12,0.1875,2.3410764454288953
uniform,2,18,0.022698543014083774,0.04080502863091694,True,11,0.171875,2.3410764454288953
uniform,2,19,0.005831594821553674,0.01007294052426895,False,11,0.171875,2.3410764454288953
uniform,2,20,0.005846686680561025,0.01007294052426895,False,11,0.171875,2.3410764454288953
uniform,2,21,0.012573504655417986,0.02576658577061278,False,11,0.171875,2.3410764454288953
uniform,2,22,0.02507548991666645,0.046132803907216524,False,10,0.15625,2.3410764454288953
uniform,2,23,0.008938176913333507,0.014730213630161651,False,12,0.1875,2.3410764454288953
uniform,2,24,0.005305495041688853,0.007684265038510941,False,12,0.1875,2.3410764454288953
uniform,2,25,0.025792025464016637,0.04747561957939735,False,9,0.140625,2.3410764454288953
uniform,2,26,0.02427511798379372,0.04747561957939735,False,11,0.171875,2.3410764454288953
uniform,2,27,0.00892681429427352,0.014841874152485841,False,11,0.171875,2.3410764454288953
uniform,2,28,0.004706420399988347,0.009027080710691773,False,12,0.1875,2.3410764454288953
uniform,2,29,0.014100532662610389,0.025220392329640608,False,10,0.15625,2.3410764454288953
uniform,2,30,0.01975428371753342,0.04080502863091694,True,10,0.15625,2.3410764454288953
uniform,2,31,0.02359545955480658,0.04388514072643322,False,12,0.1875,2.3410764454288953
uniform,2,32,0.017346734210869803,0.032182778475422384,False,11,0.171875,2.3410764454288953
uniform,2,33,0.010897083491444661,0.014949631840526792,False,12,0.1875,2.3410764454288953
uniform,2,34,0.011542706879105278,0.02464329300149179,True,12,0.1875,2.3410764454288953
uniform,2,35,0.01038013970498648,0.019165149903141287,False,12,0.1875,2.3410764454288953
uniform,2,36,0.024082472306556867,0.0445579452580782,False,11,0.171875,2.3410764454288953
uniform,2,37,0.0043827347659532966,0.006236885258567603,False,12,0.1875,2.3410764454288953
uniform,2,38,0.012142689604669056,0.02142099159550282,False,11,0.171875,2.3410764454288953
uniform,2,39,0.017588636178879933,0.030851238860614888,False,12,0.1875,2.3410764454288953
uniform,2,40,0.0069510132347158264,0.009707805033199249,True,12,0.1875,2.3410764454288953
uniform,2,41,0.005065814723777522,0.007684265038510941,True,12,0.1875,2.3410764454288953
uniform,2,42,0.01913028102994376,0.03568701336212836,False,12,0.1875,2.3410764454288953
uniform,2,43,0.02689189242818622,0.04388839681101113,True,10,0.15625,2.3410764454288953
uniform,2,44,0.026176811362839555,0.04680281504775238,False,12,0.1875,2.3410764454288953
uniform,2,45,0.02458388732010408,0.04478998823503569,False,10,0.15625,2.3410764454288953
uniform,2,46,0.02177594043327518,0.036646801013659275,True,12,0.1875,2.3410764454288953
uniform,2,47,0.01629798507566556,0.030691264585406934,False,12,0.1875,2.3410764454288953
uniform,2,48,0.012381681036875532,0.020150092588664053,True,12,0.1875,2.3410764454288953
uniform,2,49,0.020728556426691448,0.03026999979973119,True,12,0.1875,2.3410764454288953
uniform,2,50,0.003960100426361062,0.008240009575790509,True,12,0.1875,2.3410764454288953
uniform,2,51,0.012291873067396184,0.025529367996275275,True,12,0.1875,2.3410764454288953
uniform,2,52,0.004152471703227177,0.008678125412870075,True,12,0.1875,2.3410764454288953
uniform,2,53,0.004223880716813387,0.007297468893760035,False,12,0.1875,2.3410764454288953
uniform,2,54,0.017850918624077533,0.035951485721376325,True,12,0.1875,2.3410764454288953
uniform,2,55,0.0076969639600324,0.013232318481957783,False,12,0.1875,2.3410764454288953
uniform,2,56,0.011439795863176299,0.019346070513690194,False,10,0.15625,2.3410764454288953
uniform,2,57,0.00632254438128794,0.013331145954967226,True,12,0.1875,2.3410764454288953
uniform,2,58,0.016481965059654626,0.030851238860614888,False,12,0.1875,2.3410764454288953
uniform,2,59,0.008534329763659662,0.016394475693432255,False,12,0.1875,2.3410764454288953
uniform,2,60,0.012358042600404077,0.020297724062700133,False,12,0.1875,2.3410764454288953
uniform,2,61,0.002956174224717327,0.005051508795210064,False,12,0.1875,2.3410764454288953
uniform,2,62,0.007844087778040814,0.016864625309400378,False,12,0.1875,2.3410764454288953
uniform,2,63,0.02467995271268685,0.04747561957939735,False,11,0.171875,2.3410764454288953
uniform,2,64,0.016808476782954763,0.03560934534877464,True,12,0.1875,2.3410764454288953
uniform,2,65,0.00687933438881049,0.013926092472431529,True,12,0.1875,2.3410764454288953
uniform,2,66,0.025651072792238768,0.04388514072643322,False,12,0.1875,2.3410764454288953
uniform,2,67,0.01872596275871905,0.031868635857137256,True,12,0.1875,2.3410764454288953
uniform,2,68,0.0035826772223413877,0.005801920714946292,False,12,0.1875,2.3410764454288953
uniform,2,69,0.007694642223560962,0.014374286018548225,False,12,0.1875,2.3410764454288953
uniform,2,70,0.012645599373737985,0.02451581413229681,True,12,0.1875,2.3410764454288953
uniform,2,71,0.0076763819993520875,0.011852706183782827,True,12,0.1875,2.3410764454288953
uniform,2,72,0.02379501709698388,0.0445579452580782,False,12,0.1875,2.3410764454288953
uniform,2,73,0.021127912132546497,0.03560934534877464,True,12,0.1875,2.3410764454288953
uniform,2,74,0.023370446871580824,0.04080502863091694,True,10,0.15625,2.3410764454288953
uniform,2,75,0.019737293751300105,0.04006261115911412,True,12,0.1875,2.3410764454288953
uniform,2,76,0.010457366834690415,0.018949576462285737,False,12,0.1875,2.3410764454288953
uniform,2,77,0.0098562568651293,0.021058822056041974,True,12,0.1875,2.3410764454288953
uniform,2,78,0.02764201976289385,0.04748697711377681,False,11,0.171875,2.3410764454288953
uniform,2,79,0.022296243934277198,0.039184720370182946,True,9,0.140625,2.3410764454288953
uniform,2,80,0.013800076200148986,0.025442054657772082,False,11,0.171875,2.3410764454288953
uniform,2,81,0.013724810691256079,0.025220392329640608,False,11,0.171875,2.3410764454288953
uniform,2,82,0.026170152304730136,0.046132803907216524,False,12,0.1875,2.3410764454288953
uniform,2,83,0.008020447378949086,0.013785187198851523,True,12,0.1875,2.3410764454288953
uniform,2,84,0.005932725276709276,0.008658432597186273,True,12,0.1875,2.3410764454288953
uniform,2,85,0.006242393325072977,0.010032508422778544,True,12,0.1875,2.3410764454288953
uniform,2,86,0.009406406050229948,0.015635957789792536,False,12,0.1875,2.3410764454288953
uniform,2,87,0.005394323230003431,0.009887378093590676,False,12,0.1875,2.3410764454288953
uniform,2,88,0.008118830048080308,0.014722970456290906,False,12,0.1875,2.3410764454288953
uniform,2,89,0.011005471355488562,0.023572462840318262,False,12,0.1875,2.3410764454288953
uniform,2,90,0.014946569323935783,0.02779828959603803,True,9,0.140625,2.3410764454288953
uniform,2,91,0.014686374664471388,0.029421458158013808,False,10,0.15625,2.3410764454288953
uniform,2,92,0.027537113124402247,0.047950293215448886,False,12,0.1875,2.3410764454288953
uniform,2,93,0.019689286307419514,0.02941859785677202,True,11,0.171875,2.3410764454288953
uniform,2,94,0.004632327907406404,0.007469821138895708,False,11,0.171875,2.3410764454288953
uniform,2,95,0.0068437050104838155,0.01467396162714802,True,12,0.1875,2.3410764454288953
uniform,2,96,0.025648403190726574,0.04747561957939735,False,11,0.171875,2.3410764454288953
uniform,2,97,0.005671608674215063,0.008326054884712325,False,12,0.1875,2.3410764454288953
uniform,2,98,0.02738154080246162,0.047962971278450076,False,10,0.15625,2.3410764454288953
uniform,2,99,0.010260545911983028,0.018625409257760225,True,12,0.1875,2.3410764454288953
uniform,2,100,0.0073721591185953355,0.013331145954967226,False,12,0.1875,2.3410764454288953
uniform,2,101,0.01278123237110035,0.027426725332444755,False,12,0.1875,2.3410764454288953
uniform,2,102,0.009455696815643016,0.01574560935016022,False,12,0.1875,2.3410764454288953
uniform,2,103,0.01096846368861338,0.023041894345613538,True,12,0.1875,2.3410764454288953
uniform,2,104,0.009780199427559021,0.01881687768783218,False,12,0.1875,2.3410764454288953
uniform,2,105,0.005515063963049145,0.01007294052426895,False,11,0.171875,2.3410764454288953
uniform,2,106,0.020307329026700262,0.036519322144464295,True,12,0.1875,2.3410764454288953
uniform,2,107,0.020930742161783703,0.04168291941984811,True,12,0.1875,2.3410764454288953
uniform,2,108,0.009752388867106448,0.01800582414475497,False,12,0.1875,2.3410764454288953
uniform,2,109,0.010642627898199817,0.022763807267683654,False,12,0.1875,2.3410764454288953
uniform,2,110,0.025086497897721306,0.046802815047752376,False,12,0.1875,2.3410764454288953
uniform,2,111,0.0042320088748626595,0.00802492019022364,False,12,0.1875,2.3410764454288953
uniform,2,112,0.013369036564353707,0.02289405804346121,True,12,0.1875,2.3410764454288953
uniform,2,113,0.017596915194731506,0.03678670750573136,False,12,0.1875,2.3410764454288953
uniform,2,114,0.00909314111200378,0.014453650183072283,False,12,0.1875,2.3410764454288953
uniform,2,115,0.012800827652869667,0.023782995618592886,False,12,0.1875,2.3410764454288953
uniform,2,116,0.02498181861982028,0.046802815047752376,False,12,0.1875,2.3410764454288953
uniform,2,117,0.01521897102568725,0.02941859785677202,True,12,0.1875,2.3410764454288953
uniform,2,118,0.02470311021150221,0.04747561957939735,False,11,0.171875,2.3410764454288953
uniform,2,119,0.00970980018449675,0.017906996671745525,False,12,0.1875,2.3410764454288953
uniform,2,120,0.011490304358060484,0.021106379635334786,False,11,0.171875,2.3410764454288953
uniform,2,121,0.00606640735457524,0.009154559579886753,False,12,0.1875,2.3410764454288953
uniform,2,122,0.017122850350981374,0.029293979288818828,True,12,0.1875,2.3410764454288953
uniform,2,123,0.01843492512041978,0.03626513026999421,False,12,0.1875,2.3410764454288953
uniform,2,124,0.025671031444967875,0.046802815047752376,False,11,0.171875,2.3410764454288953
uniform,2,125,0.01697445298985637,0.036070965299276364,False,12,0.1875,2.3410764454288953
uniform,2,126,0.009203711446146139,0.018141420019397475,True,12,0.1875,2.3410764454288953
uniform,2,127,0.011190903340550474,0.023041894345613538,True,12,0.1875,2.3410764454288953
uniform,2,128,0.011502870641816019,0.02127262506728981,False,12,0.1875,2.3410764454288953
uniform,2,129,0.022596542329224274,0.035522032010271445,True,12,0.1875,2.3410764454288953
uniform,2,130,0.004934629241220122,0.008354276179046796,True,12,0.1875,2.3410764454288953
uniform,2,131,0.005572676242378398,0.009154559579886753,False,12,0.1875,2.3410764454288953
uniform,2,132,0.01803768249830841,0.03664908220714223,False,12,0.1875,2.3410764454288953
uniform,2,133,0.00637628183731099,0.01007294052426895,False,10,0.15625,2.3410764454288953
uniform,2,134,0.009557143358401205,0.018112441606744443,True,12,0.1875,2.3410764454288953
uniform,2,135,0.0163467480544299,0.028622620347138583,True,12,0.1875,2.3410764454288953
uniform,2,136,0.0029769352974958183,0.005913864980619476,True,12,0.1875,2.3410764454288953
uniform,2,137,0.02543217097401593,0.04747561957939735,False,11,0.171875,2.3410764454288953
uniform,2,138,0.02466213940455112,0.046132803907216524,False,12,0.1875,2.3410764454288953
uniform,2,139,0.0249921084145604,0.046132803907216524,False,12,0.1875,2.3410764454288953
uniform,2,140,0.010898185337001959,0.02289405804346121,True,12,0.1875,2.3410764454288953
uniform,2,141,0.0196983779752897,0.029500511136069767,True,11,0.171875,2.3410764454288953
uniform,2,142,0.011633247059790899,0.019846132946364503,False,11,0.171875,2.3410764454288953
uniform,2,143,0.008471658236780456,0.01574560935016022,False,12,0.1875,2.3410764454288953
uniform,2,144,0.018689546939197284,0.03618576610547015,False,12,0.1875,2.3410764454288953
uniform,2,145,0.010431332682511861,0.01934148080551444,False,12,0.1875,2.3410764454288953
uniform,2,146,0.014123148461481487,0.025220392329640608,False,12,0.1875,2.3410764454288953
uniform,2,147,0.014925269489764324,0.026650783948304776,True,10,0.15625,2.3410764454288953
uniform,2,148,0.017505253599700663,0.031023591105750564,False,12,0.1875,2.3410764454288953
uniform,2,149,0.020509047709052507,0.040112305996256065,True,12,0.1875,2.3410764454288953
uniform,2,150,0.010040544953880511,0.018434253531546166,False,12,0.1875,2.3410764454288953
uniform,2,151,0.017177739072310936,0.036070965299276364,False,12,0.1875,2.3410764454288953
uniform,2,152,0.027631870642749582,0.04747561957939735,False,10,0.15625,2.3410764454288953
uniform,2,153,0.0034048854338688817,0.0051701288410277765,False,12,0.1875,2.3410764454288953
uniform,2,154,0.007470755898618796,0.013380154784110112,False,11,0.171875,2.3410764454288953
uniform,2,155,0.02628086384147851,0.046802815047752376,False,12,0.1875,2.3410764454288953
uniform,2,156,0.027278091124961816,0.04747429905077563,False,11,0.171875,2.3410764454288953
uniform,2,157,0.004353108725846893,0.008658432597186287,True,12,0.1875,2.3410764454288953
uniform,2,158,0.024643051346305404,0.04029466187346912,False,10,0.15625,2.3410764454288953
uniform,2,159,0.010794017238127118,0.02289405804346121,True,12,0.1875,2.3410764454288953
uniform,2,160,0.010579683538646146,0.01921400193631946,False,12,0.1875,2.3410764454288953
uniform,2,161,0.022809203478132457,0.04275550133677011,True,12,0.1875,2.3410764454288953
uniform,2,162,0.018692726372520313,0.035522032010271445,True,10,0.15625,2.3410764454288953
uniform,2,163,0.012524757662178752,0.02290959264698298,False,12,0.1875,2.3410764454288953
uniform,2,164,0.018330692395670107,0.03653428140094845,False,12,0.1875,2.3410764454288953
uniform,2,165,0.017158231888656728,0.032170100412421215,False,12,0.1875,2.3410764454288953
uniform,2,166,0.009440761735780878,0.01800582414475497,True,11,0.171875,2.3410764454288953
uniform,2,167,0.02563054655366779,0.0445579452580782,False,12,0.1875,2.3410764454288953
uniform,2,168,0.020113895663785127,0.035277831532935,True,11,0.171875,2.3410764454288953
uniform,2,169,0.014996990074305609,0.02289405804346121,False,12,0.1875,2.3410764454288953
uniform,2,170,0.012783260331448429,0.023782995618592886,False,12,0.1875,2.3410764454288953
uniform,2,171,0.007810844429595831,0.014189255710411356,False,12,0.1875,2.3410764454288953
uniform,2,172,0.010652260124366781,0.022031701858051797,False,9,0.140625,2.3410764454288953
uniform,2,173,0.013780441586199198,0.025105591523446824,False,10,0.15625,2.3410764454288953
uniform,2,174,0.02547780703007844,0.043885140726433236,False,12,0.1875,2.3410764454288953
uniform,2,175,0.016706050950964176,0.03214734183375265,False,11,0.171875,2.3410764454288953
uniform,2,176,0.02647486789613956,0.04288298020596509,True,12,0.1875,2.3410764454288953
uniform,2,177,0.023803878176027877,0.0445579452580782,False,12,0.1875,2.3410764454288953
uniform,2,178,0.01940127633590691,0.03652744861531749,True,12,0.1875,2.3410764454288953
uniform,2,179,0.014191952254504973,0.02812706529806398,True,12,0.1875,2.3410764454288953
uniform,2,180,0.026154139454156716,0.04747561957939735,False,8,0.125,2.3410764454288953
uniform,2,181,0.018817263789608702,0.035394553141076465,True,9,0.140625,2.3410764454288953
uniform,2,182,0.0269720839012772,0.04749965517677799,False,12,0.1875,2.3410764454288953
uniform,2,183,0.00852214361193932,0.017582829467220035,True,12,0.1875,2.3410764454288953
uniform,2,184,0.02267362188762677,0.04321512958589737,False,12,0.1875,2.3410764454288953
uniform,2,185,0.008880747062690517,0.01657080659580541,False,12,0.1875,2.3410764454288953
uniform,2,186,0.009561956628905488,0.018610584433919317,False,11,0.171875,2.3410764454288953
uniform,2,187,0.0036894024933965064,0.006061701282771805,False,12,0.1875,2.3410764454288953
uniform,2,188,0.004886447436560879,0.00872760934266624,True,12,0.1875,2.3410764454288953
uniform,2,189,0.016462516618719548,0.027260760007650764,False,11,0.171875,2.3410764454288953
uniform,2,190,0.012955506866024803,0.023782995618592886,False,12,0.1875,2.3410764454288953
uniform,2,191,0.008812891273759725,0.013370432684532689,False,12,0.1875,2.3410764454288953
uniform,2,192,0.01493508527496877,0.028118938827210782,False,12,0.1875,2.3410764454288953
uniform,2,193,0.008351264723876208,0.015761379607544923,False,10,0.15625,2.3410764454288953
uniform,2,194,0.007365840930939916,0.013692735369276572,True,12,0.1875,2.3410764454288953
uniform,2,195,0.007537740422643997,0.014528574842211414,False,11,0.171875,2.3410764454288953
uniform,2,196,0.011822180263825192,0.02331705272099615,False,12,0.1875,2.3410764454288953
uniform,2,197,0.012901349556210044,0.022763807267683654,False,11,0.171875,2.3410764454288953
uniform,2,198,0.015236305778282964,0.029166500419623848,False,11,0.171875,2.3410764454288953
uniform,2,199,0.022386396316294403,0.04274737486591691,True,12,0.1875,2.3410764454288953
uniform,4,0,0.0031695500883897857,0.006801275929367847,True,19,0.296875,1.6553910298388703
uniform,4,1,0.0039927099118353135,0.007684265038510941,True,18,0.28125,1.6553910298388703
uniform,4,2,0.00511907684382676,0.00979381196566205,True,16,0.25,1.6553910298388703
uniform,4,3,0.005094006953666473,0.010318417718455191,True,20,0.3125,1.6553910298388703
uniform,4,4,0.006689148676101218,0.012333376553787335,True,21,0.328125,1.6553910298388703
uniform,4,5,0.0083809682173467,0.01795824697559173,False,16,0.25,1.6553910298388703
uniform,4,6,0.0033625193119599436,0.006438542112102236,False,20,0.3125,1.6553910298388703
uniform,4,7,0.022922302786272213,0.041903253822854133,True,17,0.265625,1.6553910298388703
uniform,4,8,0.004965037588142408,0.008902800084134105,False,21,0.328125,1.6553910298388703
uniform,4,9,0.011028737380901411,0.020002899220250822,False,19,0.296875,1.6553910298388703
uniform,4,10,0.013253873291177401,0.023734273051789212,False,20,0.3125,1.6553910298388703
uniform,4,11,0.017570508844070847,0.02922011646889602,True,19,0.296875,1.6553910298388703
uniform,4,12,0.005865582376945587,0.0097845890700561,True,21,0.328125,1.6553910298388703
uniform,4,13,0.008692308485933626,0.012927388370031599,False,18,0.28125,1.6553910298388703
uniform,4,14,0.008920236545192414,0.015204957877545836,False,21,0.328125,1.6553910298388703
uniform,4,15,0.012749796899844651,0.023070818222165758,False,20,0.3125,1.6553910298388703
uniform,4,16,0.006630712339258501,0.013924091138447843,False,20,0.3125,1.6553910298388703
uniform,4,17,0.01920926780013134,0.03727121428603736,False,19,0.296875,1.6553910298388703
uniform,4,18,0.003670367708435057,0.006748982486787783,True,21,0.328125,1.6553910298388703
uniform,4,19,0.007473102191874048,0.01600278202093517,True,20,0.3125,1.6553910298388703
uniform,4,20,0.007271429070504062,0.013163653449846453,True,21,0.328125,1.6553910298388703
uniform,4,21,0.010969913436485876,0.022424283813114516,False,19,0.296875,1.6553910298388703
uniform,4,22,0.01816202381147974,0.03284291128204407,True,16,0.25,1.6553910298388703
uniform,4,23,0.004140754133802687,0.007154434819325527,True,20,0.3125,1.6553910298388703
uniform,4,24,0.007257942010529172,0.013355624301608596,False,19,0.296875,1.6553910298388703
uniform,4,25,0.014198153881618401,0.027978687313819563,False,20,0.3125,1.6553910298388703
uniform,4,26,0.007245757299613331,0.011108075214400066,True,17,0.265625,1.6553910298388703
uniform,4,27,0.015944975101587863,0.02934739336652045,True,16,0.25,1.6553910298388703
uniform,4,28,0.010923500601656947,0.021563775043335023,True,20,0.3125,1.6553910298388703
uniform,4,29,0.02493596795803607,0.046466412781929894,False,18,0.28125,1.6553910298388703
uniform,4,30,0.008280427513678329,0.014478816162929314,False,21,0.328125,1.6553910298388703
uniform,4,31,0.010447324747119173,0.01995118136391292,False,20,0.3125,1.6553910298388703
uniform,4,32,0.004525849770567772,0.008602842005441824,True,19,0.296875,1.6553910298388703
uniform,4,33,0.014699807353379689,0.026821184920388503,True,16,0.25,1.6553910298388703
uniform,4,34,0.004320039494712328,0.005826714941539388,False,22,0.34375,1.6553910298388703
uniform,4,35,0.0015076276168121475,0.002823338337940993,False,21,0.328125,1.6553910298388703
uniform,4,36,0.009049914255500547,0.012233047190047856,False,17,0.265625,1.6553910298388703
uniform,4,37,0.015966413807827255,0.02915231379887193,True,16,0.25,1.6553910298388703
uniform,4,38,0.005059925525048381,0.007371889612443772,True,19,0.296875,1.6553910298388703
uniform,4,39,0.007685909019583817,0.014527535073939751,False,22,0.34375,1.6553910298388703
uniform,4,40,0.009492412401838322,0.020174954286056618,False,18,0.28125,1.6553910298388703
uniform,4,41,0.006364331378468028,0.012092185409313158,True,21,0.328125,1.6553910298388703
uniform,4,42,0.008493238314192565,0.018001419348725733,False,17,0.265625,1.6553910298388703
uniform,4,43,0.007499261805822872,0.014066736713034253,True,21,0.328125,1.6553910298388703
uniform,4,44,0.018255378823102346,0.035098568820858475,True,17,0.265625,1.6553910298388703
uniform,4,45,0.003982935951204514,0.006262816996512571,False,22,0.34375,1.6553910298388703
uniform,4,46,0.008311866485727178,0.01599429938421109,True,20,0.3125,1.6553910298388703
uniform,4,47,0.007203939085228385,0.01324694322967727,True,21,0.328125,1.6553910298388703
uniform,4,48,0.010905517704395263,0.01861960187674047,False,21,0.328125,1.6553910298388703
uniform,4,49,0.019340483155500535,0.036555049454895315,False,19,0.296875,1.6553910298388703
uniform,4,50,0.017572828608451482,0.027778496589205302,True,17,0.265625,1.6553910298388703
uniform,4,51,0.004301190787895989,0.007039564423368061,True,18,0.28125,1.6553910298388703
uniform,4,52,0.014068595519799356,0.026046419303038436,True,21,0.328125,1.6553910298388703
uniform,4,53,0.00795488273172639,0.01708834313831507,False,19,0.296875,1.6553910298388703
uniform,4,54,0.007885802437305437,0.014035743291917096,False,21,0.328125,1.6553910298388703
uniform,4,55,0.0046977745928945755,0.008358825411617752,True,20,0.3125,1.6553910298388703
uniform,4,56,0.008343260611253915,0.01602710894428002,True,21,0.328125,1.6553910298388703
uniform,4,57,0.006384951274521819,0.01365511295688958,True,19,0.296875,1.6553910298388703
uniform,4,58,0.00652623725968299,0.010130292810436668,True,22,0.34375,1.6553910298388703
uniform,4,59,0.0024380755679528393,0.004137313232255628,True,20,0.3125,1.6553910298388703
uniform,4,60,0.00744766718084241,0.011289488344499646,True,19,0.296875,1.6553910298388703
uniform,4,61,0.01927537937506828,0.03291039458383218,True,18,0.28125,1.6553910298388703
uniform,4,62,0.004327304693151862,0.006329891809756353,False,16,0.25,1.6553910298388703
uniform,4,63,0.003654391381754589,0.007041479977202607,False,21,0.328125,1.6553910298388703
uniform,4,64,0.011143755439639696,0.020427803015526585,False,16,0.25,1.6553910298388703
uniform,4,65,0.013181797286080297,0.025673263697583194,False,19,0.296875,1.6553910298388703
uniform,4,66,0.0037498674702665952,0.006766296061067677,True,21,0.328125,1.6553910298388703
uniform,4,67,0.009559409150214138,0.018181095485628296,False,18,0.28125,1.6553910298388703
uniform,4,68,0.005283978868604813,0.010041625415863828,True,20,0.3125,1.6553910298388703
uniform,4,69,0.0033139991078504783,0.004565117135996679,False,20,0.3125,1.6553910298388703
uniform,4,70,0.0026544865089383886,0.005072242991906485,True,17,0.265625,1.6553910298388703
uniform,4,71,0.011688614800508472,0.020195488483159246,False,19,0.296875,1.6553910298388703
uniform,4,72,0.013117022859087247,0.02618484458289206,False,22,0.34375,1.6553910298388703
uniform,4,73,0.005800436618520001,0.012072458451425398,True,20,0.3125,1.6553910298388703
uniform,4,74,0.0054100887800060775,0.009860713889702194,True,21,0.328125,1.6553910298388703
uniform,4,75,0.014123622096046598,0.021384602130080192,False,19,0.296875,1.6553910298388703
uniform,4,76,0.004296090878795988,0.009132771962893043,True,20,0.3125,1.6553910298388703
uniform,4,77,0.020512938808892045,0.03435852993818542,False,21,0.328125,1.6553910298388703
uniform,4,78,0.004356107732763447,0.009383935735484078,True,18,0.28125,1.6553910298388703
uniform,4,79,0.02576565218876829,0.046466412781929894,False,14,0.21875,1.6553910298388703
uniform,4,80,0.015678218802932825,0.02831508957964205,False,18,0.28125,1.6553910298388703
uniform,4,81,0.019116516267880447,0.039994874500549935,True,15,0.234375,1.6553910298388703
uniform,4,82,0.005211784293715904,0.00895165024368847,False,20,0.3125,1.6553910298388703
uniform,4,83,0.017065668470545484,0.03234426621494765,True,17,0.265625,1.6553910298388703
uniform,4,84,0.009680282886243875,0.01636351121010251,False,21,0.328125,1.6553910298388703
uniform,4,85,0.016000525941565435,0.03011730358748984,True,20,0.3125,1.6553910298388703
uniform,4,86,0.010279654737285064,0.020515205297935928,False,20,0.3125,1.6553910298388703
uniform,4,87,0.02268721877607876,0.042395607446037584,False,19,0.296875,1.6553910298388703
uniform,4,88,0.004301427967293161,0.008995192775201737,True,20,0.3125,1.6553910298388703
uniform,4,89,0.008366937506524001,0.015895443989187713,False,20,0.3125,1.6553910298388703
uniform,4,90,0.00828326326634249,0.016931392312840753,False,17,0.265625,1.6553910298388703
uniform,4,91,0.00650779292912711,0.012035858321455248,False,18,0.28125,1.6553910298388703
uniform,4,92,0.015446695065223092,0.025781596887933522,False,21,0.328125,1.6553910298388703
uniform,4,93,0.004804642171429551,0.009216256986798984,False,17,0.265625,1.6553910298388703
uniform,4,94,0.015570644174292254,0.0315430729028121,True,16,0.25,1.6553910298388703
uniform,4,95,0.008326841515905976,0.014906426005060756,False,20,0.3125,1.6553910298388703
uniform,4,96,0.010204614918618753,0.017747210810881073,True,18,0.28125,1.6553910298388703
uniform,4,97,0.00987668961504699,0.02078567411875408,False,18,0.28125,1.6553910298388703
uniform,4,98,0.010800591007222237,0.021460580247990826,True,19,0.296875,1.6553910298388703
uniform,4,99,0.015356491210321552,0.027307279477729148,False,20,0.3125,1.6553910298388703
uniform,4,100,0.004129209797949717,0.007371772987407127,False,20,0.3125,1.6553910298388703
uniform,4,101,0.008878447173751849,0.01823509612229448,False,16,0.25,1.6553910298388703
uniform,4,102,0.006442644269439495,0.01391888348588026,True,20,0.3125,1.6553910298388703
uniform,4,103,0.004861739929242311,0.008149917653924064,True,21,0.328125,1.6553910298388703
uniform,4,104,0.006169847090204766,0.013078944215272427,False,20,0.3125,1.6553910298388703
uniform,4,105,0.007068335890298976,0.011801209846350611,False,17,0.265625,1.6553910298388703
uniform,4,106,0.0077701139328272125,0.014067069386941456,False,20,0.3125,1.6553910298388703
uniform,4,107,0.009040391656811326,0.018393676433233884,False,20,0.3125,1.6553910298388703
uniform,4,108,0.0059120701934975255,0.010667254870633646,True,20,0.3125,1.6553910298388703
uniform,4,109,0.017319072651819742,0.03105148910535417,True,16,0.25,1.6553910298388703
uniform,4,110,0.006006669566283329,0.012109129557746769,False,18,0.28125,1.6553910298388703
uniform,4,111,0.016703742595878156,0.030588278411361594,False,17,0.265625,1.6553910298388703
uniform,4,112,0.015347788619298272,0.027706452085852866,False,19,0.296875,1.6553910298388703
uniform,4,113,0.009578994441861251,0.018230096481739105,False,19,0.296875,1.6553910298388703
uniform,4,114,0.012915136897211466,0.020246836269563882,True,19,0.296875,1.6553910298388703
uniform,4,115,0.005399412803380573,0.009032643531310638,False,21,0.328125,1.6553910298388703
uniform,4,116,0.002123017508145294,0.004479066874618909,False,20,0.3125,1.6553910298388703
uniform,4,117,0.011808097698280076,0.024327373592325993,True,19,0.296875,1.6553910298388703
uniform,4,118,0.016500452978609643,0.028706459058014805,True,21,0.328125,1.6553910298388703
uniform,4,119,0.012624582904353462,0.02370082420958145,True,21,0.328125,1.6553910298388703
uniform,4,120,0.014040558022130323,0.027643681743551637,False,19,0.296875,1.6553910298388703
uniform,4,121,0.0036787901485932474,0.007079505389457241,True,21,0.328125,1.6553910298388703
uniform,4,122,0.00482073867956938,0.009578806893631211,False,18,0.28125,1.6553910298388703
uniform,4,123,0.00947768842005033,0.014966266665224152,False,15,0.234375,1.6553910298388703
uniform,4,124,0.018835481647948408,0.03274894177791976,True,20,0.3125,1.6553910298388703
uniform,4,125,0.021088750731359535,0.035454788732832254,False,18,0.28125,1.6553910298388703
uniform,4,126,0.002136083340842208,0.004188411260532193,True,19,0.296875,1.6553910298388703
uniform,4,127,0.014977783656457772,0.02048178798320624,True,18,0.28125,1.6553910298388703
uniform,4,128,0.010187106435997953,0.02089793922280851,True,17,0.265625,1.6553910298388703
uniform,4,129,0.01684332386578457,0.030870997833793934,False,20,0.3125,1.6553910298388703
uniform,4,130,0.007116515093566417,0.010727660517357206,True,20,0.3125,1.6553910298388703
uniform,4,131,0.012045835233182466,0.02135686138970544,False,17,0.265625,1.6553910298388703
uniform,4,132,0.008419940282421955,0.017992936712001646,False,16,0.25,1.6553910298388703
uniform,4,133,0.012418950630846066,0.02284883372612921,False,21,0.328125,1.6553910298388703
uniform,4,134,0.01350642564496332,0.02764368174355164,False,21,0.328125,1.6553910298388703
uniform,4,135,0.01007813962441831,0.01792855799721068,False,20,0.3125,1.6553910298388703
uniform,4,136,0.019115545521792992,0.0341119033216276,False,18,0.28125,1.6553910298388703
uniform,4,137,0.01311774740359698,0.023028523599894296,True,20,0.3125,1.6553910298388703
uniform,4,138,0.011175587694273983,0.018773880812211586,False,20,0.3125,1.6553910298388703
uniform,4,139,0.01709351350261965,0.02651985015315999,False,18,0.28125,1.6553910298388703
uniform,4,140,0.02092024906938808,0.03837825717614664,True,18,0.28125,1.6553910298388703
uniform,4,141,0.007310809680501103,0.015959183423785203,True,19,0.296875,1.6553910298388703
uniform,4,142,0.009104872746829782,0.01843199175047199,False,19,0.296875,1.6553910298388703
uniform,4,143,0.022342027367707233,0.04080502863091694,True,17,0.265625,1.6553910298388703
uniform,4,144,0.00682047704839955,0.01239030288298736,False,18,0.28125,1.6553910298388703
uniform,4,145,0.005105346726570629,0.007761421270404644,True,21,0.328125,1.6553910298388703
uniform,4,146,0.008663177715273926,0.01690791982008464,False,20,0.3125,1.6553910298388703
uniform,4,147,0.01409157539543277,0.025449697312204166,False,18,0.28125,1.6553910298388703
uniform,4,148,0.020610909049250642,0.03648623680560075,False,19,0.296875,1.6553910298388703
uniform,4,149,0.011056516909836205,0.020935432665437397,True,17,0.265625,1.6553910298388703
uniform,4,150,0.0043022933028240735,0.007985000287639994,False,17,0.265625,1.6553910298388703
uniform,4,151,0.0075945486741419675,0.015287775587694785,False,19,0.296875,1.6553910298388703
uniform,4,152,0.009348199796566571,0.018769480659445687,False,22,0.34375,1.6553910298388703
uniform,4,153,0.008960501481386149,0.014953827319738856,False,20,0.3125,1.6553910298388703
uniform,4,154,0.011818048704922297,0.02013748884936921,True,21,0.328125,1.6553910298388703
uniform,4,155,0.00399313620556094,0.007902446360754066,False,20,0.3125,1.6553910298388703
uniform,4,156,0.00954822973858351,0.01859216010916069,True,20,0.3125,1.6553910298388703
uniform,4,157,0.0030066329933390932,0.0064240959970762275,True,21,0.328125,1.6553910298388703
uniform,4,158,0.009913994910566132,0.01995409067299299,True,20,0.3125,1.6553910298388703
uniform,4,159,0.0033934834559267183,0.006246014050583855,True,22,0.34375,1.6553910298388703
uniform,4,160,0.005464663342889019,0.011350170451630285,False,22,0.34375,1.6553910298388703
uniform,4,161,0.01676943341851113,0.031044760509622876,False,16,0.25,1.6553910298388703
uniform,4,162,0.005007583474271746,0.009154559579886753,False,17,0.265625,1.6553910298388703
uniform,4,163,0.010541166499204434,0.02056796410577407,False,17,0.265625,1.6553910298388703
uniform,4,164,0.00622069651091362,0.011587168429580963,False,20,0.3125,1.6553910298388703
uniform,4,165,0.005161070168875034,0.006888700039295902,False,20,0.3125,1.6553910298388703
uniform,4,166,0.009557260548221222,0.017685108880359533,True,20,0.3125,1.6553910298388703
uniform,4,167,0.012661227786023072,0.018473477968509823,True,20,0.3125,1.6553910298388703
uniform,4,168,0.006164415857525122,0.013016928195148176,True,18,0.28125,1.6553910298388703
uniform,4,169,0.004510740461240575,0.008288663948200645,True,18,0.28125,1.6553910298388703
uniform,4,170,0.002647629276274881,0.004581696058500868,False,22,0.34375,1.6553910298388703
uniform,4,171,0.02049462934815764,0.03924960534257396,False,19,0.296875,1.6553910298388703
uniform,4,172,0.0066215878369761125,0.012074599342041067,False,19,0.296875,1.6553910298388703
uniform,4,173,0.007335816097161702,0.010190894806425238,False,17,0.265625,1.6553910298388703
uniform,4,174,0.011364376015000073,0.018424106621779637,False,19,0.296875,1.6553910298388703
uniform,4,175,0.010396056234330679,0.016222207091193562,False,18,0.28125,1.6553910298388703
uniform,4,176,0.005958543174309801,0.01016903243672275,True,16,0.25,1.6553910298388703
uniform,4,177,0.016578614392417087,0.028580445564837124,False,19,0.296875,1.6553910298388703
uniform,4,178,0.024105934122553012,0.04242770026132822,False,17,0.265625,1.6553910298388703
uniform,4,179,0.007040661363211137,0.01235014341633201,False,18,0.28125,1.6553910298388703
uniform,4,180,0.009604447108496455,0.020070899891893125,True,21,0.328125,1.6553910298388703
uniform,4,181,0.001099098334785928,0.001775617424597524,True,21,0.328125,1.6553910298388703
uniform,4,182,0.008143285415177616,0.015355020108012013,False,21,0.328125,1.6553910298388703
uniform,4,183,0.00850705715944965,0.01669548505658431,False,21,0.328125,1.6553910298388703
uniform,4,184,0.00953526476654072,0.018225424351696138,True,20,0.3125,1.6553910298388703
uniform,4,185,0.003238564312337169,0.006008079354360714,False,19,0.296875,1.6553910298388703
uniform,4,186,0.008917001248078212,0.015301588890010341,False,19,0.296875,1.6553910298388703
uniform,4,187,0.0054903583618205395,0.009054565477671687,False,18,0.28125,1.6553910298388703
uniform,4,188,0.02041191255300476,0.036422497371003275,False,19,0.296875,1.6553910298388703
uniform,4,189,0.012614607777768521,0.02292277729793727,True,21,0.328125,1.6553910298388703
uniform,4,190,0.012697475044792506,0.022170634759094792,False,18,0.28125,1.6553910298388703
uniform,4,191,0.010287305068085877,0.015959183423785203,False,20,0.3125,1.6553910298388703
uniform,4,192,0.009550546109366962,0.0167911905000341,False,19,0.296875,1.6553910298388703
uniform,4,193,0.009302944664816334,0.015946631046882986,True,19,0.296875,1.6553910298388703
uniform,4,194,0.010730916984948975,0.020565007194194518,True,14,0.21875,1.6553910298388703
uniform,4,195,0.009351679642572063,0.01585731523327656,True,22,0.34375,1.6553910298388703
uniform,4,196,0.003959513876010357,0.006967561826126442,True,19,0.296875,1.6553910298388703
uniform,4,197,0.02013869339262244,0.03548186647957966,True,14,0.21875,1.6553910298388703
uniform,4,198,0.008425734644503673,0.012990052286848908,True,19,0.296875,1.6553910298388703
uniform,4,199,0.015004820266958764,0.029371788280793287,False,21,0.328125,1.6553910298388703
uniform,8,0,0.007621368448764091,0.012886494753959123,True,28,0.4375,1.1705382227144476
uniform,8,1,0.0038530420212372495,0.007147039322142272,False,33,0.515625,1.1705382227144476
uniform,8,2,0.0059606255399597815,0.009772609052203993,False,30,0.46875,1.1705382227144476
uniform,8,3,0.0042919806955945905,0.008400871244129773,False,33,0.515625,1.1705382227144476
uniform,8,4,0.00861705934967588,0.018231486314112536,True,33,0.515625,1.1705382227144476
uniform,8,5,0.011070734244115076,0.018467750348074904,True,32,0.5,1.1705382227144476
uniform,8,6,0.003533469933367218,0.007504649826840033,True,32,0.5,1.1705382227144476
uniform,8,7,0.011276054568041887,0.019548223421571132,True,33,0.515625,1.1705382227144476
uniform,8,8,0.002797331966088539,0.005045457903997099,True,32,0.5,1.1705382227144476
uniform,8,9,0.01113438217747104,0.02306929193327727,True,29,0.453125,1.1705382227144476
uniform,8,10,0.00464428873984517,0.00771056630184222,False,32,0.5,1.1705382227144476
uniform,8,11,0.002016122433770216,0.003141604480667192,True,32,0.5,1.1705382227144476
uniform,8,12,0.012012439378375586,0.02067234052055559,False,31,0.484375,1.1705382227144476
uniform,8,13,0.010745784103191767,0.0200057643437445,False,31,0.484375,1.1705382227144476
uniform,8,14,0.010878459664567356,0.017784570042870873,True,27,0.421875,1.1705382227144476
uniform,8,15,0.006039330737056007,0.012969319777839897,True,32,0.5,1.1705382227144476
uniform,8,16,0.014175290664941657,0.0247549466881574,False,30,0.46875,1.1705382227144476
uniform,8,17,0.007178753111967586,0.015198742565635973,True,32,0.5,1.1705382227144476
uniform,8,18,0.009519617408462489,0.016952196052268685,False,30,0.46875,1.1705382227144476
uniform,8,19,0.005741204494463497,0.009330264230035391,True,27,0.421875,1.1705382227144476
uniform,8,20,0.005582267855838641,0.009710477073833573,True,30,0.46875,1.1705382227144476
uniform,8,21,0.0037503998639499244,0.005641340423619544,True,32,0.5,1.1705382227144476
uniform,8,22,0.004607208065740022,0.008190590599513912,True,32,0.5,1.1705382227144476
uniform,8,23,0.010215178240654637,0.0212395167884726,False,26,0.40625,1.1705382227144476
uniform,8,24,0.010366926213413048,0.019235842311557873,False,34,0.53125,1.1705382227144476
uniform,8,25,0.003043650336174783,0.005856347338084869,True,32,0.5,1.1705382227144476
uniform,8,26,0.0037203415481140783,0.005290259423369371,True,35,0.546875,1.1705382227144476
uniform,8,27,0.003550844025955777,0.007056847170277599,True,27,0.421875,1.1705382227144476
uniform,8,28,0.0042069269128136725,0.007510469461950355,True,35,0.546875,1.1705382227144476
uniform,8,29,0.0024685265927239697,0.003870587751397043,True,29,0.453125,1.1705382227144476
uniform,8,30,0.006235563014304775,0.010489682685482948,False,29,0.453125,1.1705382227144476
uniform,8,31,0.008861278209828348,0.014341678532495024,False,28,0.4375,1.1705382227144476
uniform,8,32,0.009226078717917623,0.01705255586312616,False,31,0.484375,1.1705382227144476
uniform,8,33,0.0038124021112390886,0.006241300914992195,False,33,0.515625,1.1705382227144476
uniform,8,34,0.005684337033781303,0.011155346737638502,False,30,0.46875,1.1705382227144476
uniform,8,35,0.005656392314209583,0.011160340009909325,True,31,0.484375,1.1705382227144476
uniform,8,36,0.002350527140151895,0.0038155343894710723,True,31,0.484375,1.1705382227144476
uniform,8,37,0.0016100896004504427,0.0024374633495238378,False,33,0.515625,1.1705382227144476
uniform,8,38,0.0038052848225134683,0.006358489332662795,False,31,0.484375,1.1705382227144476
uniform,8,39,0.009430715984681667,0.013866722820849973,False,27,0.421875,1.1705382227144476
uniform,8,40,0.0072621235663422,0.012903529636561887,True,32,0.5,1.1705382227144476
uniform,8,41,0.0029395316920970997,0.005937583979975555,True,31,0.484375,1.1705382227144476
uniform,8,42,0.017289068621456398,0.03099450519905448,False,32,0.5,1.1705382227144476
uniform,8,43,0.005379092811056683,0.009279585198441548,False,24,0.375,1.1705382227144476
uniform,8,44,0.003911868639108121,0.007270480946333646,True,29,0.453125,1.1705382227144476
uniform,8,45,0.010133331913254218,0.017017087799628263,False,26,0.40625,1.1705382227144476
uniform,8,46,0.004422879150622898,0.008793827506159573,False,31,0.484375,1.1705382227144476
uniform,8,47,0.011096786970686308,0.019704131665281427,True,25,0.390625,1.1705382227144476
uniform,8,48,0.004729941058684198,0.008298123156137902,True,30,0.46875,1.1705382227144476
uniform,8,49,0.004701853506334793,0.00942115159242917,True,31,0.484375,1.1705382227144476
uniform,8,50,0.006719761956814797,0.01197655523504703,True,30,0.46875,1.1705382227144476
uniform,8,51,0.006708370596611996,0.012120812449057695,False,32,0.5,1.1705382227144476
uniform,8,52,0.0069167831316142665,0.012767421810174165,True,27,0.421875,1.1705382227144476
uniform,8,53,0.004821687501319101,0.008505284341202311,False,29,0.453125,1.1705382227144476
uniform,8,54,0.014756122262153483,0.02672220189987807,False,30,0.46875,1.1705382227144476
uniform,8,55,0.00234341668436868,0.003945518751090865,False,31,0.484375,1.1705382227144476
uniform,8,56,0.0018367862774344886,0.0031269512901662584,False,30,0.46875,1.1705382227144476
uniform,8,57,0.004385559778896239,0.009238781711864182,False,31,0.484375,1.1705382227144476
uniform,8,58,0.004082525052036789,0.008554857235189863,True,32,0.5,1.1705382227144476
uniform,8,59,0.007008338566731918,0.01353580508053756,True,26,0.40625,1.1705382227144476
uniform,8,60,0.005084507399995958,0.011103748267990765,False,27,0.421875,1.1705382227144476
uniform,8,61,0.004345262570396262,0.008434268049362276,False,32,0.5,1.1705382227144476
uniform,8,62,0.007321199897057499,0.013370919414912232,True,32,0.5,1.1705382227144476
uniform,8,63,0.0037662566897330983,0.006378943644532879,False,32,0.5,1.1705382227144476
uniform,8,64,0.0027800791522049643,0.0039455222054700645,True,32,0.5,1.1705382227144476
uniform,8,65,0.0016280654358802535,0.002697443680699951,True,30,0.46875,1.1705382227144476
uniform,8,66,0.00358965965957403,0.007501493385895022,True,34,0.53125,1.1705382227144476
uniform,8,67,0.008513601601798215,0.014556229373845358,False,30,0.46875,1.1705382227144476
uniform,8,68,0.01375974589386117,0.02261491094148923,False,27,0.421875,1.1705382227144476
uniform,8,69,0.011545056419449248,0.02002132610331868,False,32,0.5,1.1705382227144476
uniform,8,70,0.0034072036103847125,0.005768547827054724,True,32,0.5,1.1705382227144476
uniform,8,71,0.007774147745902324,0.0133676973042199,True,32,0.5,1.1705382227144476
uniform,8,72,0.00614379573309397,0.011776099689452549,False,30,0.46875,1.1705382227144476
uniform,8,73,0.00575052048830021,0.012449445481804319,True,34,0.53125,1.1705382227144476
uniform,8,74,0.008876286555997839,0.015876375331064573,True,30,0.46875,1.1705382227144476
uniform,8,75,0.0048545643403575655,0.008911102669365619,True,31,0.484375,1.1705382227144476
uniform,8,76,0.009085339365111978,0.0169961670919285,True,30,0.46875,1.1705382227144476
uniform,8,77,0.001504514249730902,0.0020602868659909852,True,30,0.46875,1.1705382227144476
uniform,8,78,0.011763029408649064,0.02185836608525113,False,32,0.5,1.1705382227144476
uniform,8,79,0.009466983632371005,0.017739308752743127,False,31,0.484375,1.1705382227144476
uniform,8,80,0.006846161850953702,0.012610157027400416,True,30,0.46875,1.1705382227144476
uniform,8,81,0.007626281153934432,0.016402440643824144,False,34,0.53125,1.1705382227144476
uniform,8,82,0.012892963961432968,0.02341505691480368,True,27,0.421875,1.1705382227144476
uniform,8,83,0.00832041518542573,0.01515941287885732,False,31,0.484375,1.1705382227144476
uniform,8,84,0.004353632764201158,0.007229525753918565,True,32,0.5,1.1705382227144476
uniform,8,85,0.00895740601040864,0.015609184338524932,False,32,0.5,1.1705382227144476
uniform,8,86,0.00959289525226586,0.017667716804932485,False,28,0.4375,1.1705382227144476
uniform,8,87,0.0021655210206869913,0.004062562897953252,False,33,0.515625,1.1705382227144476
uniform,8,88,0.003502804339153334,0.006696900333515131,True,33,0.515625,1.1705382227144476
uniform,8,89,0.0074161760964721055,0.014984987575131628,False,33,0.515625,1.1705382227144476
uniform,8,90,0.010012101200832279,0.01823361740949215,True,31,0.484375,1.1705382227144476
uniform,8,91,0.0020133224637676294,0.0035366924161353373,True,33,0.515625,1.1705382227144476
uniform,8,92,0.00574377632909818,0.009019789653360977,True,31,0.484375,1.1705382227144476
uniform,8,93,0.005560169106232656,0.00929191920129624,False,34,0.53125,1.1705382227144476
uniform,8,94,0.0018030662717657393,0.003354508104276068,True,34,0.53125,1.1705382227144476
uniform,8,95,0.0032685414932884385,0.005985996584534098,False,30,0.46875,1.1705382227144476
uniform,8,96,0.005326814700562523,0.010203093226037088,True,32,0.5,1.1705382227144476
uniform,8,97,0.005798584765981255,0.009469437016070625,False,33,0.515625,1.1705382227144476
uniform,8,98,0.007928388635752508,0.01366823363372098,True,29,0.453125,1.1705382227144476
uniform,8,99,0.004197271784414449,0.00725359512797067,False,27,0.421875,1.1705382227144476
uniform,8,100,0.0075386134708808885,0.015894105712567975,False,32,0.5,1.1705382227144476
uniform,8,101,0.00245966400351932,0.004145049197229492,True,32,0.5,1.1705382227144476
uniform,8,102,0.009281637986150297,0.015840885724723718,True,30,0.46875,1.1705382227144476
uniform,8,103,0.010519197260336824,0.021019409224471833,True,31,0.484375,1.1705382227144476
uniform,8,104,0.009591649326184747,0.01987593910362808,True,30,0.46875,1.1705382227144476
uniform,8,105,0.00847578042109161,0.01740824887883674,False,33,0.515625,1.1705382227144476
uniform,8,106,0.010787224603291687,0.019103485554262223,False,32,0.5,1.1705382227144476
uniform,8,107,0.00904938554567774,0.01554779167078809,False,33,0.515625,1.1705382227144476
uniform,8,108,0.0071003415737225005,0.01074770219006372,True,30,0.46875,1.1705382227144476
uniform,8,109,0.0026409163076466253,0.004805337435449093,False,27,0.421875,1.1705382227144476
uniform,8,110,0.0010238681347568884,0.002136865131301114,True,30,0.46875,1.1705382227144476
uniform,8,111,0.0075810146623717005,0.013181759800488725,True,29,0.453125,1.1705382227144476
uniform,8,112,0.005150409748481312,0.009202045855567963,False,31,0.484375,1.1705382227144476
uniform,8,113,0.007111043465856014,0.011860139104998814,True,33,0.515625,1.1705382227144476
uniform,8,114,0.006040702823424988,0.011769503779835724,False,30,0.46875,1.1705382227144476
uniform,8,115,0.003347511185479185,0.00684569134555351,False,32,0.5,1.1705382227144476
uniform,8,116,0.012474617342138564,0.021842625574274042,True,30,0.46875,1.1705382227144476
uniform,8,117,0.00654112716799062,0.010518146848699804,False,33,0.515625,1.1705382227144476
uniform,8,118,0.015335074999968336,0.027217399016191038,False,29,0.453125,1.1705382227144476
uniform,8,119,0.0028335170262531197,0.0039784260410866135,True,29,0.453125,1.1705382227144476
uniform,8,120,0.005294428227188806,0.009259828909966291,False,30,0.46875,1.1705382227144476
uniform,8,121,0.003009674094226218,0.004130986966356394,True,33,0.515625,1.1705382227144476
uniform,8,122,0.018401313312635895,0.035229698933730215,True,29,0.453125,1.1705382227144476
uniform,8,123,0.0026493785566568365,0.00465901450221178,True,30,0.46875,1.1705382227144476
uniform,8,124,0.007334405877556092,0.012395385718276232,False,35,0.546875,1.1705382227144476
uniform,8,125,0.008191144136921655,0.014005053203933027,True,30,0.46875,1.1705382227144476
uniform,8,126,0.012160900602878227,0.022097706622617286,True,27,0.421875,1.1705382227144476
uniform,8,127,0.00950991128535039,0.01526724428970768,True,33,0.515625,1.1705382227144476
uniform,8,128,0.010073416604393887,0.016508546781169392,False,30,0.46875,1.1705382227144476
uniform,8,129,0.0013982570830302556,0.0025669420941130386,True,28,0.4375,1.1705382227144476
uniform,8,130,0.008860055463106038,0.016319328224021483,False,29,0.453125,1.1705382227144476
uniform,8,131,0.008265798099534847,0.014590877374261763,True,29,0.453125,1.1705382227144476
uniform,8,132,0.012391741827864556,0.02454898319965189,True,31,0.484375,1.1705382227144476
uniform,8,133,0.012518384339521333,0.023124828218316084,False,27,0.421875,1.1705382227144476
uniform,8,134,0.0057793546979604295,0.01208086390242535,True,25,0.390625,1.1705382227144476
uniform,8,135,0.012400102611761424,0.02109802715620228,False,29,0.453125,1.1705382227144476
uniform,8,136,0.008585771357324233,0.017096948546326707,False,33,0.515625,1.1705382227144476
uniform,8,137,0.015025127362098553,0.026964322478325857,False,30,0.46875,1.1705382227144476
uniform,8,138,0.0036332020962301084,0.006627402694616186,True,30,0.46875,1.1705382227144476
uniform,8,139,0.007635226948160261,0.014236760501236744,False,31,0.484375,1.1705382227144476
uniform,8,140,0.006650092732071563,0.012040308572545611,True,34,0.53125,1.1705382227144476
uniform,8,141,0.005691876970457767,0.009237047752503322,True,32,0.5,1.1705382227144476
uniform,8,142,0.008707321028672608,0.015772119503650296,False,30,0.46875,1.1705382227144476
uniform,8,143,0.005814521366530912,0.00998688120215592,True,31,0.484375,1.1705382227144476
uniform,8,144,0.002397990154095086,0.003562563617426566,False,31,0.484375,1.1705382227144476
uniform,8,145,0.003886130042733322,0.00772288634373978,False,33,0.515625,1.1705382227144476
uniform,8,146,0.006054561191671529,0.010969430563277703,False,33,0.515625,1.1705382227144476
uniform,8,147,0.003804609360844756,0.006826249926960161,True,27,0.421875,1.1705382227144476
uniform,8,148,0.009767240503927088,0.018069628672319305,True,30,0.46875,1.1705382227144476
uniform,8,149,0.0009129542920544337,0.001533300602753731,True,35,0.546875,1.1705382227144476
uniform,8,150,0.009091139639979652,0.014140618194155938,True,31,0.484375,1.1705382227144476
uniform,8,151,0.011938193446103612,0.023425900251500893,False,35,0.546875,1.1705382227144476
uniform,8,152,0.013437670348034033,0.02679424941320271,False,29,0.453125,1.1705382227144476
uniform,8,153,0.0034339671454404874,0.006690061890765847,False,34,0.53125,1.1705382227144476
uniform,8,154,0.0077839377656736325,0.013465776646648667,True,30,0.46875,1.1705382227144476
uniform,8,155,0.003631197305807405,0.006624081548627329,False,35,0.546875,1.1705382227144476
uniform,8,156,0.007534143264883914,0.013997148232398289,False,29,0.453125,1.1705382227144476
uniform,8,157,0.005263961048140173,0.00968512070553829,True,23,0.359375,1.1705382227144476
uniform,8,158,0.006992712146312243,0.011433059765787927,True,29,0.453125,1.1705382227144476
uniform,8,159,0.00952704606771866,0.017254941899249088,False,31,0.484375,1.1705382227144476
uniform,8,160,0.007702524792704611,0.013255062284514646,True,28,0.4375,1.1705382227144476
uniform,8,161,0.004608902336141156,0.009297816347976572,False,30,0.46875,1.1705382227144476
uniform,8,162,0.007310925696213251,0.012867782743731751,True,32,0.5,1.1705382227144476
uniform,8,163,0.002539346478687861,0.0050979301551778225,False,32,0.5,1.1705382227144476
uniform,8,164,0.007471992745474637,0.013655070727449273,False,32,0.5,1.1705382227144476
uniform,8,165,0.004206790590886557,0.006933994487760513,False,29,0.453125,1.1705382227144476
uniform,8,166,0.0026936934807763346,0.00475732470831915,True,26,0.40625,1.1705382227144476
uniform,8,167,0.004879218085923519,0.008400652266092663,False,28,0.4375,1.1705382227144476
uniform,8,168,0.016352044967461184,0.030176959162836525,False,30,0.46875,1.1705382227144476
uniform,8,169,0.011716257746542119,0.02025242908417632,True,32,0.5,1.1705382227144476
uniform,8,170,0.020979062635002613,0.03553284550352569,True,27,0.421875,1.1705382227144476
uniform,8,171,0.0044277238643088,0.008504324088395063,False,23,0.359375,1.1705382227144476
uniform,8,172,0.004346592539572643,0.00943942638563159,True,30,0.46875,1.1705382227144476
uniform,8,173,0.007800596000237511,0.015106595537581775,False,27,0.421875,1.1705382227144476
uniform,8,174,0.016730710732587483,0.030964645664280956,False,28,0.4375,1.1705382227144476
uniform,8,175,0.004869599076725756,0.01004866161711769,False,36,0.5625,1.1705382227144476
uniform,8,176,0.006045035289586205,0.01037385926408987,True,31,0.484375,1.1705382227144476
uniform,8,177,0.006994208282705802,0.013821030977911965,False,30,0.46875,1.1705382227144476
uniform,8,178,0.0020825396182762045,0.0043429751105890715,False,33,0.515625,1.1705382227144476
uniform,8,179,0.005141340726339524,0.008866688829498183,False,27,0.421875,1.1705382227144476
uniform,8,180,0.009425873453440248,0.01758746731577242,True,27,0.421875,1.1705382227144476
uniform,8,181,0.0028687728957849062,0.005726457358287218,True,33,0.515625,1.1705382227144476
uniform,8,182,0.006380837041351721,0.009899987439486682,False,32,0.5,1.1705382227144476
uniform,8,183,0.006258148864100712,0.011330158335781017,False,28,0.4375,1.1705382227144476
uniform,8,184,0.0024686029401843677,0.0035331088673067057,False,30,0.46875,1.1705382227144476
uniform,8,185,0.0030107120869573463,0.005075153109595259,True,33,0.515625,1.1705382227144476
uniform,8,186,0.008654242098095545,0.015272426740662818,True,27,0.421875,1.1705382227144476
uniform,8,187,0.004128336137537479,0.008126215570519272,False,31,0.484375,1.1705382227144476
uniform,8,188,0.0024534755104246345,0.0042714842123875475,False,29,0.453125,1.1705382227144476
uniform,8,189,0.005575602460631296,0.01210156286513122,True,32,0.5,1.1705382227144476
uniform,8,190,0.004790074212538176,0.00800760389076011,True,34,0.53125,1.1705382227144476
uniform,8,191,0.016653876284937,0.02992219694462113,False,29,0.453125,1.1705382227144476
uniform,8,192,0.005793571606423763,0.00912855703133015,True,28,0.4375,1.1705382227144476
uniform,8,193,0.01189885027045345,0.01703982786357137,True,31,0.484375,1.1705382227144476
uniform,8,194,0.01060359316857976,0.019917702485652694,True,31,0.484375,1.1705382227144476
uniform,8,195,0.004228447054997228,0.009235662277557078,True,32,0.5,1.1705382227144476
uniform,8,196,0.00597539849393489,0.012353289598920784,True,31,0.484375,1.1705382227144476
uniform,8,197,0.013197688855589987,0.020992669752894356,False,29,0.453125,1.1705382227144476
uniform,8,198,0.013517270345542079,0.023939925267803225,False,33,0.515625,1.1705382227144476
uniform,8,199,0.01098763328242888,0.021923427020975394,False,25,0.390625,1.1705382227144476
uniform,16,0,0.00623651948655139,0.011641815374879076,False,48,0.75,0.8276955149194352
uniform,16,1,0.008823931075519367,0.01508560155761423,True,46,0.71875,0.8276955149194352
uniform,16,2,0.004182377049208565,0.0087171187083767,True,40,0.625,0.8276955149194352
uniform,16,3,0.002640766195841863,0.003768265950308273,False,46,0.71875,0.8276955149194352
uniform,16,4,0.001992923698624248,0.003052098918420048,False,42,0.65625,0.8276955149194352
uniform,16,5,0.0033236015236666914,0.006139872263036299,False,46,0.71875,0.8276955149194352
uniform,16,6,0.002453594795818653,0.003967506238402807,False,42,0.65625,0.8276955149194352
uniform,16,7,0.012138105972655331,0.018691649871856245,True,44,0.6875,0.8276955149194352
uniform,16,8,0.0028861136088661563,0.005700241174828614,True,42,0.65625,0.8276955149194352
uniform,16,9,0.0029290280271106564,0.0058655308995156225,True,48,0.75,0.8276955149194352
uniform,16,10,0.002905037970924896,0.0057408428593955785,False,45,0.703125,0.8276955149194352
uniform,16,11,0.00400768787599123,0.007778839217508779,False,44,0.6875,0.8276955149194352
uniform,16,12,0.0012159430922643263,0.0021991975011022118,True,44,0.6875,0.8276955149194352
uniform,16,13,0.004038330971637307,0.006796147756710364,False,41,0.640625,0.8276955149194352
uniform,16,14,0.0021885479919049916,0.004787621852833039,False,46,0.71875,0.8276955149194352
uniform,16,15,0.007468509902015623,0.013543992679942583,True,47,0.734375,0.8276955149194352
uniform,16,16,0.004775345337644473,0.009861711218448387,True,43,0.671875,0.8276955149194352
uniform,16,17,0.0032904925156354964,0.004697021149660296,False,46,0.71875,0.8276955149194352
uniform,16,18,0.008618098665150701,0.01514253994490522,True,43,0.671875,0.8276955149194352
uniform,16,19,0.00425895902989527,0.007475725661009167,False,47,0.734375,0.8276955149194352
uniform,16,20,0.001727279614729574,0.0026188258568010554,True,47,0.734375,0.8276955149194352
uniform,16,21,0.0065869253038591076,0.011102357730646568,False,43,0.671875,0.8276955149194352
uniform,16,22,0.0031241527948324345,0.005866637228178921,False,40,0.625,0.8276955149194352
uniform,16,23,0.002686818999468892,0.004369219268598067,True,49,0.765625,0.8276955149194352
uniform,16,24,0.003486146914763377,0.005245128847076952,False,46,0.71875,0.8276955149194352
uniform,16,25,0.005016809566781301,0.009173856212310066,True,47,0.734375,0.8276955149194352
uniform,16,26,0.0024305784387475427,0.004514740301419608,True,45,0.703125,0.8276955149194352
uniform,16,27,0.0068883486528824815,0.012869471739226365,True,42,0.65625,0.8276955149194352
uniform,16,28,0.0018716371994865258,0.002665700778609531,True,50,0.78125,0.8276955149194352
uniform,16,29,0.009473859048989026,0.01582226282885313,True,40,0.625,0.8276955149194352
uniform,16,30,0.0015048246810674946,0.0022199768206236613,True,45,0.703125,0.8276955149194352
uniform,16,31,0.006410779710812894,0.012340501731151539,True,42,0.65625,0.8276955149194352
uniform,16,32,0.002367621979560287,0.004338668179046941,True,44,0.6875,0.8276955149194352
uniform,16,33,0.007466098289770241,0.01407273260884203,True,41,0.640625,0.8276955149194352
uniform,16,34,0.004816077381672284,0.008429024345447012,False,40,0.625,0.8276955149194352
uniform,16,35,0.004082963580034659,0.00559419131347226,True,43,0.671875,0.8276955149194352
uniform,16,36,0.0006965154436791851,0.0010961755836460148,True,50,0.78125,0.8276955149194352
uniform,16,37,0.0045783873716246665,0.008531297245444214,False,43,0.671875,0.8276955149194352
uniform,16,38,0.006080761742321914,0.009409830429041692,False,46,0.71875,0.8276955149194352
uniform,16,39,0.004304516088328722,0.008048992050628234,True,48,0.75,0.8276955149194352
uniform,16,40,0.006769927570042991,0.012888996437617942,True,47,0.734375,0.8276955149194352
uniform,16,41,0.005348020806789947,0.009181331202006725,False,46,0.71875,0.8276955149194352
uniform,16,42,0.004478532461306922,0.007616549672233476,False,46,0.71875,0.8276955149194352
uniform,16,43,0.001987984651859099,0.003610898408804579,True,46,0.71875,0.8276955149194352
uniform,16,44,0.008373793255232314,0.014166650440441755,False,46,0.71875,0.8276955149194352
uniform,16,45,0.0058829789985990946,0.010644885313397356,True,45,0.703125,0.8276955149194352
uniform,16,46,0.002319806029004691,0.0036362913709921812,False,42,0.65625,0.8276955149194352
uniform,16,47,0.0025494909877167233,0.005474549730596115,True,44,0.6875,0.8276955149194352
uniform,16,48,0.0014774120961556715,0.0024202695896071574,False,42,0.65625,0.8276955149194352
uniform,16,49,0.003785134174685589,0.006909843944085326,True,46,0.71875,0.8276955149194352
uniform,16,50,0.0026833820109805283,0.005736176641329641,True,43,0.671875,0.8276955149194352
uniform,16,51,0.010330725498230994,0.017255262630618193,False,44,0.6875,0.8276955149194352
uniform,16,52,0.008100442409362052,0.01522578158915943,True,49,0.765625,0.8276955149194352
uniform,16,53,0.005995856968989241,0.01103746063161333,False,48,0.75,0.8276955149194352
uniform,16,54,0.003753238339021223,0.006943180124538841,True,48,0.75,0.8276955149194352
uniform,16,55,0.0051989023707481406,0.010402638175189716,False,43,0.671875,0.8276955149194352
uniform,16,56,0.0026699852124252954,0.004984437382835168,True,48,0.75,0.8276955149194352
uniform,16,57,0.005152837313484254,0.009701048007594314,True,45,0.703125,0.8276955149194352
uniform,16,58,0.0024110221272669566,0.003701603990955987,True,44,0.6875,0.8276955149194352
uniform,16,59,0.005277095149936667,0.009673817199194936,True,41,0.640625,0.8276955149194352
uniform,16,60,0.009829085972219398,0.01652233185419099,True,49,0.765625,0.8276955149194352
uniform,16,61,0.004139228831261856,0.008838577011183485,False,44,0.6875,0.8276955149194352
uniform,16,62,0.007438415780770742,0.01470335372655926,False,44,0.6875,0.8276955149194352
uniform,16,63,0.00495828136447008,0.00961490256049738,True,44,0.6875,0.8276955149194352
uniform,16,64,0.002384880769639602,0.004412953267151652,True,47,0.734375,0.8276955149194352
uniform,16,65,0.0029133766620052033,0.005226096819264517,True,43,0.671875,0.8276955149194352
uniform,16,66,0.004889814606402653,0.007783289961134667,True,45,0.703125,0.8276955149194352
uniform,16,67,0.0037337468960990205,0.0067940626178965464,False,41,0.640625,0.8276955149194352
uniform,16,68,0.001981086393807105,0.003032464874607524,True,39,0.609375,0.8276955149194352
uniform,16,69,0.005059506855008266,0.009104163480316795,False,42,0.65625,0.8276955149194352
uniform,16,70,0.006418081975118677,0.013355043959875492,False,47,0.734375,0.8276955149194352
uniform,16,71,0.003299897002581493,0.005870993607425358,True,42,0.65625,0.8276955149194352
uniform,16,72,0.0013430737453516601,0.002696477044077955,True,45,0.703125,0.8276955149194352
uniform,16,73,0.007079075012068388,0.011847827735013299,False,40,0.625,0.8276955149194352
uniform,16,74,0.006105091361804931,0.011382422726197588,False,41,0.640625,0.8276955149194352
uniform,16,75,0.0039609085479489475,0.008383148467120051,False,44,0.6875,0.8276955149194352
uniform,16,76,0.0019493345487714407,0.0032807648054874843,False,46,0.71875,0.8276955149194352
uniform,16,77,0.0006654769286517402,0.0011321335719522464,True,47,0.734375,0.8276955149194352
uniform,16,78,0.013258567667356837,0.023788340112151245,False,41,0.640625,0.8276955149194352
uniform,16,79,0.0035510920478505578,0.007412539589666044,True,45,0.703125,0.8276955149194352
uniform,16,80,0.0021266718162048963,0.003559679454892741,False,46,0.71875,0.8276955149194352
uniform,16,81,0.011943562385580852,0.01899983270826361,True,43,0.671875,0.8276955149194352
uniform,16,82,0.0027655350512291554,0.004344411668169101,True,43,0.671875,0.8276955149194352
uniform,16,83,0.001786937144124387,0.0027646281092971736,False,45,0.703125,0.8276955149194352
uniform,16,84,0.006654230515453859,0.012962011668564893,True,46,0.71875,0.8276955149194352
uniform,16,85,0.0035821555264540935,0.007135465188743414,False,45,0.703125,0.8276955149194352
uniform,16,86,0.0072987384786591435,0.011353748629537974,True,42,0.65625,0.8276955149194352
uniform,16,87,0.005818878197074349,0.009689774478245032,False,45,0.703125,0.8276955149194352
uniform,16,88,0.002007693697913004,0.003440313764662282,False,46,0.71875,0.8276955149194352
uniform,16,89,0.007957658719206825,0.014117915301060893,False,42,0.65625,0.8276955149194352
uniform,16,90,0.0030766643793301712,0.005674167385302889,True,46,0.71875,0.8276955149194352
uniform,16,91,0.0022623047312248755,0.003218763665296414,True,41,0.640625,0.8276955149194352
uniform,16,92,0.004334974904866489,0.009268596885710877,True,39,0.609375,0.8276955149194352
uniform,16,93,0.0049469516266906054,0.008995634382281285,False,42,0.65625,0.8276955149194352
uniform,16,94,0.0025361823500094473,0.0034556335349746232,False,48,0.75,0.8276955149194352
uniform,16,95,0.006541928975827215,0.011885535324284296,False,45,0.703125,0.8276955149194352
uniform,16,96,0.005720982461959636,0.009484802782212445,False,48,0.75,0.8276955149194352
uniform,16,97,0.008006617810867409,0.014797819782343173,False,43,0.671875,0.8276955149194352
uniform,16,98,0.0029094045690854077,0.005523944561594687,False,41,0.640625,0.8276955149194352
uniform,16,99,0.005148502456891537,0.009297841923863286,False,47,0.734375,0.8276955149194352
uniform,16,100,0.007770965866979942,0.014043262457546463,False,47,0.734375,0.8276955149194352
uniform,16,101,0.0038728153626259843,0.00760095631720607,False,39,0.609375,0.8276955149194352
uniform,16,102,0.004552213166489015,0.009000333691815568,True,39,0.609375,0.8276955149194352
uniform,16,103,0.006030744191167637,0.00856854749863175,True,46,0.71875,0.8276955149194352
uniform,16,104,0.003078408867000427,0.005512419536778279,True,41,0.640625,0.8276955149194352
uniform,16,105,0.0025028759748802086,0.005001952961356398,True,51,0.796875,0.8276955149194352
uniform,16,106,0.0030350252023261803,0.005840004441998038,True,41,0.640625,0.8276955149194352
uniform,16,107,0.005529261141590528,0.01052420185388451,False,48,0.75,0.8276955149194352
uniform,16,108,0.008090475774272571,0.014999477272568194,False,47,0.734375,0.8276955149194352
uniform,16,109,0.0019749071670031593,0.004165842267860397,True,45,0.703125,0.8276955149194352
uniform,16,110,0.0037713022819180434,0.006395611110600132,True,49,0.765625,0.8276955149194352
uniform,16,111,0.00431517855838762,0.007127300071012543,True,43,0.671875,0.8276955149194352
uniform,16,112,0.005152204915301364,0.010067033776730662,True,45,0.703125,0.8276955149194352
uniform,16,113,0.0031327900201635543,0.004484039462060489,True,42,0.65625,0.8276955149194352
uniform,16,114,0.004944886898782492,0.009866943241607942,True,49,0.765625,0.8276955149194352
uniform,16,115,0.003126776190539984,0.0062575250602006985,True,44,0.6875,0.8276955149194352
uniform,16,116,0.003989973259422359,0.007148325439772627,True,47,0.734375,0.8276955149194352
uniform,16,117,0.007138842930248619,0.01339359661781056,True,40,0.625,0.8276955149194352
uniform,16,118,0.007150805152129755,0.013389678683270612,False,43,0.671875,0.8276955149194352
uniform,16,119,0.001297947957592891,0.0021779811711994065,True,46,0.71875,0.8276955149194352
uniform,16,120,0.0007282753900846312,0.0014664240970266168,True,48,0.75,0.8276955149194352
uniform,16,121,0.004799906526122272,0.008376078608102622,True,45,0.703125,0.8276955149194352
uniform,16,122,0.002530224987566493,0.004783123282174031,True,47,0.734375,0.8276955149194352
uniform,16,123,0.0006498596129147365,0.0010992893370807867,True,46,0.71875,0.8276955149194352
uniform,16,124,0.0047663384150530745,0.008381673119124767,True,36,0.5625,0.8276955149194352
uniform,16,125,0.0033502041859983923,0.0053909628370259095,False,48,0.75,0.8276955149194352
uniform,16,126,0.0019075480071239113,0.003621747099221872,True,45,0.703125,0.8276955149194352
uniform,16,127,0.004926155093955768,0.00895337772734563,False,45,0.703125,0.8276955149194352
uniform,16,128,0.006102790776506581,0.011490678507190294,False,41,0.640625,0.8276955149194352
uniform,16,129,0.0016097425925639594,0.002216602150632206,True,46,0.71875,0.8276955149194352
uniform,16,130,0.011909474948665622,0.020318313985906614,True,43,0.671875,0.8276955149194352
uniform,16,131,0.005199762090068135,0.0096073513487503,True,38,0.59375,0.8276955149194352
uniform,16,132,0.006490185341047965,0.01216716972161951,True,42,0.65625,0.8276955149194352
uniform,16,133,0.002761767943541008,0.0048830552745910034,False,47,0.734375,0.8276955149194352
uniform,16,134,0.006136145057114122,0.011416166260584691,True,42,0.65625,0.8276955149194352
uniform,16,135,0.004486506499102793,0.009018902566593165,False,43,0.671875,0.8276955149194352
uniform,16,136,0.0023479486553423285,0.00450203564091879,True,44,0.6875,0.8276955149194352
uniform,16,137,0.0024060036646656037,0.004403648443722512,True,43,0.671875,0.8276955149194352
uniform,16,138,0.002721980546230811,0.0054061669722197565,True,43,0.671875,0.8276955149194352
uniform,16,139,0.005586626925090016,0.009997076630850588,True,44,0.6875,0.8276955149194352
uniform,16,140,0.0028351309089985873,0.005481506053612188,False,43,0.671875,0.8276955149194352
uniform,16,141,0.00501981309581182,0.008678314931153903,True,49,0.765625,0.8276955149194352
uniform,16,142,0.00824718396537649,0.016541699626854034,True,46,0.71875,0.8276955149194352
uniform,16,143,0.0021514504016475044,0.003211957546873402,True,46,0.71875,0.8276955149194352
uniform,16,144,0.0036812095811628756,0.007839858648651613,True,42,0.65625,0.8276955149194352
uniform,16,145,0.009285405725889382,0.01666506537982835,False,46,0.71875,0.8276955149194352
uniform,16,146,0.0026106153465509634,0.00451675359556051,False,42,0.65625,0.8276955149194352
uniform,16,147,0.007022671035967374,0.012478093144154108,True,43,0.671875,0.8276955149194352
uniform,16,148,0.0011278572422245537,0.0017339096677480448,True,43,0.671875,0.8276955149194352
uniform,16,149,0.005196961510561979,0.01018852262484738,False,42,0.65625,0.8276955149194352
uniform,16,150,0.012381812655989826,0.021982153536465134,False,43,0.671875,0.8276955149194352
uniform,16,151,0.0033108774019031395,0.005582143761016292,False,43,0.671875,0.8276955149194352
uniform,16,152,0.005406990496416888,0.009563188452448038,True,44,0.6875,0.8276955149194352
uniform,16,153,0.006166681471334771,0.012859441230236794,True,44,0.6875,0.8276955149194352
uniform,16,154,0.002449924824410157,0.003785937715966828,False,44,0.6875,0.8276955149194352
uniform,16,155,0.0068178910480051315,0.013489170860860784,False,43,0.671875,0.8276955149194352
uniform,16,156,0.008592282035443032,0.016839494704633744,False,46,0.71875,0.8276955149194352
uniform,16,157,0.001972169924730652,0.0036848991590435953,True,49,0.765625,0.8276955149194352
uniform,16,158,0.0038094905861232975,0.006690371453273944,False,45,0.703125,0.8276955149194352
uniform,16,159,0.003417952786669428,0.006172761875682574,True,48,0.75,0.8276955149194352
uniform,16,160,0.006636845286324354,0.013330587061881602,True,42,0.65625,0.8276955149194352
uniform,16,161,0.00815620141907992,0.012817897055836004,True,45,0.703125,0.8276955149194352
uniform,16,162,0.0023394121164042954,0.004428645690567647,True,42,0.65625,0.8276955149194352
uniform,16,163,0.006447612424905763,0.0106436945833456,False,46,0.71875,0.8276955149194352
uniform,16,164,0.005693522713637947,0.012117351135847013,True,45,0.703125,0.8276955149194352
uniform,16,165,0.00957006909863743,0.017516594195370078,True,45,0.703125,0.8276955149194352
uniform,16,166,0.007071939888348299,0.014960164434973756,True,38,0.59375,0.8276955149194352
uniform,16,167,0.009859957131529703,0.016689856758160496,True,46,0.71875,0.8276955149194352
uniform,16,168,0.005268487680579725,0.008305592963815361,True,44,0.6875,0.8276955149194352
uniform,16,169,0.0021794057442402356,0.003277565598492845,False,45,0.703125,0.8276955149194352
uniform,16,170,0.005481049268682968,0.010492720635579142,True,45,0.703125,0.8276955149194352
uniform,16,171,0.00704640356735547,0.012778214911038664,True,44,0.6875,0.8276955149194352
uniform,16,172,0.007061704168521749,0.012780785368852639,True,49,0.765625,0.8276955149194352
uniform,16,173,0.007942803269296191,0.014613242248512667,False,45,0.703125,0.8276955149194352
uniform,16,174,0.001273727334748922,0.0019421983720002284,False,46,0.71875,0.8276955149194352
uniform,16,175,0.007456136703643378,0.012635566679730797,False,43,0.671875,0.8276955149194352
uniform,16,176,0.0038699552588114935,0.008110448502520698,False,47,0.734375,0.8276955149194352
uniform,16,177,0.005384454518260644,0.009336291991089488,False,47,0.734375,0.8276955149194352
uniform,16,178,0.0021189501637755917,0.003851506090187435,True,46,0.71875,0.8276955149194352
uniform,16,179,0.002035156854477145,0.0031803721039519554,True,39,0.609375,0.8276955149194352
uniform,16,180,0.005984264922346241,0.011205187856966864,True,48,0.75,0.8276955149194352
uniform,16,181,0.004068757496176954,0.007910363571519828,False,39,0.609375,0.8276955149194352
uniform,16,182,0.003528287979539734,0.006949886515070211,False,46,0.71875,0.8276955149194352
uniform,16,183,0.008450529052147295,0.014478982145513974,True,45,0.703125,0.8276955149194352
uniform,16,184,0.0020692746849122405,0.0041216153015603135,False,49,0.765625,0.8276955149194352
uniform,16,185,0.002663247708497072,0.0035395742229338595,False,48,0.75,0.8276955149194352
uniform,16,186,0.006494759097659019,0.011818689734478475,True,40,0.625,0.8276955149194352
uniform,16,187,0.001400588514130886,0.0025845292850209117,False,43,0.671875,0.8276955149194352
uniform,16,188,0.00272095784343308,0.005576023545833288,False,43,0.671875,0.8276955149194352
uniform,16,189,0.004401677943501201,0.00804911702027971,False,46,0.71875,0.8276955149194352
uniform,16,190,0.0027477085075285463,0.005465068461775229,False,47,0.734375,0.8276955149194352
uniform,16,191,0.005734198563499229,0.011741287535606222,True,40,0.625,0.8276955149194352
uniform,16,192,0.003252819052674579,0.0057956220510563625,True,44,0.6875,0.8276955149194352
uniform,16,193,0.008747893452168757,0.01654405375968304,True,44,0.6875,0.8276955149194352
uniform,16,194,0.0053211880654326586,0.009344881853468372,True,43,0.671875,0.8276955149194352
uniform,16,195,0.011898235257423262,0.02119486320687652,False,40,0.625,0.8276955149194352
uniform,16,196,0.00813257147576747,0.0163141634620022,False,44,0.6875,0.8276955149194352
uniform,16,197,0.01028802693285617,0.018174510416536782,False,45,0.703125,0.8276955149194352
uniform,16,198,0.0020503211727355233,0.003345553158584877,True,42,0.65625,0.8276955149194352
uniform,16,199,0.0021304312981483284,0.0038426762535876124,False,47,0.734375,0.8276955149194352
uniform,32,0,0.003522950296468388,0.005641288814612136,True,58,0.90625,0.5852691113572238
uniform,32,1,0.001634470903644871,0.0027400569296851286,True,59,0.921875,0.5852691113572238
uniform,32,2,0.004042583205329797,0.006650262284942095,False,55,0.859375,0.5852691113572238
uniform,32,3,0.0022672737577631393,0.004013024293601664,False,57,0.890625,0.5852691113572238
uniform,32,4,0.002756529600918662,0.005925784543546027,True,58,0.90625,0.5852691113572238
uniform,32,5,0.0013255681275678916,0.001777003600449946,True,60,0.9375,0.5852691113572238
uniform,32,6,0.004148846943449476,0.007252397530364014,True,56,0.875,0.5852691113572238
uniform,32,7,0.00937241769257861,0.015609830197705551,False,48,0.75,0.5852691113572238
uniform,32,8,0.0008364780925233993,0.0013768533144588348,True,59,0.921875,0.5852691113572238
uniform,32,9,0.0031016941316528972,0.006342193767776591,True,53,0.828125,0.5852691113572238
uniform,32,10,0.00396014047593144,0.005625019351785013,False,55,0.859375,0.5852691113572238
uniform,32,11,0.0036292583893192875,0.005365498009004108,False,59,0.921875,0.5852691113572238
uniform,32,12,0.0014965724180050176,0.0023859446322133937,True,57,0.890625,0.5852691113572238
uniform,32,13,0.006966655365899575,0.013052970212562104,True,58,0.90625,0.5852691113572238
uniform,32,14,0.0011010762916791568,0.0023250289464522254,True,57,0.890625,0.5852691113572238
uniform,32,15,0.00134691106955658,0.0025068481716857445,True,58,0.90625,0.5852691113572238
uniform,32,16,0.0040377861945351005,0.007075291798992837,True,60,0.9375,0.5852691113572238
uniform,32,17,0.004421803864026673,0.007749591064903267,False,59,0.921875,0.5852691113572238
uniform,32,18,0.0035634472048423284,0.005660376906939288,False,58,0.90625,0.5852691113572238
uniform,32,19,0.0036074971062035506,0.006587157827034735,True,58,0.90625,0.5852691113572238
uniform,32,20,0.0022975393178470715,0.003977857505320133,True,62,0.96875,0.5852691113572238
uniform,32,21,0.004637566196444912,0.007435563170017787,True,58,0.90625,0.5852691113572238
uniform,32,22,0.004842326783814191,0.009194110263756959,False,60,0.9375,0.5852691113572238
uniform,32,23,0.0022137166794966474,0.0037382110595561673,True,56,0.875,0.5852691113572238
uniform,32,24,0.0076710476848899384,0.015379857469993694,False,59,0.921875,0.5852691113572238
uniform,32,25,0.0020684990270898687,0.00361583054621464,True,59,0.921875,0.5852691113572238
uniform,32,26,0.0019885366925359556,0.0033163597429418587,False,58,0.90625,0.5852691113572238
uniform,32,27,0.010660550732932688,0.018142489633588957,False,55,0.859375,0.5852691113572238
uniform,32,28,0.005110072726550215,0.008386797223677033,False,55,0.859375,0.5852691113572238
uniform,32,29,0.0037441460112695737,0.006333754909281256,True,59,0.921875,0.5852691113572238
uniform,32,30,0.0030898594790462136,0.0058349559697052295,True,52,0.8125,0.5852691113572238
uniform,32,31,0.004550143666097796,0.007762507726878449,False,54,0.84375,0.5852691113572238
uniform,32,32,0.0011313030793028286,0.001992155656496432,True,56,0.875,0.5852691113572238
uniform,32,33,0.0010505935041394917,0.001535278690231158,True,58,0.90625,0.5852691113572238
uniform,32,34,0.0018378623871365182,0.003694617140480142,False,58,0.90625,0.5852691113572238
uniform,32,35,0.003128389888531807,0.006423990231022216,False,58,0.90625,0.5852691113572238
uniform,32,36,0.0030312510041915174,0.004957140169927991,True,60,0.9375,0.5852691113572238
uniform,32,37,0.0017184140487883778,0.002917158814348008,True,60,0.9375,0.5852691113572238
uniform,32,38,0.0018778173671896124,0.0035007833368872173,True,58,0.90625,0.5852691113572238
uniform,32,39,0.003099908667224443,0.004758837874243138,False,56,0.875,0.5852691113572238
uniform,32,40,0.002288954702295842,0.004310984473483229,False,59,0.921875,0.5852691113572238
uniform,32,41,0.0016342651684710724,0.003362561243639944,True,57,0.890625,0.5852691113572238
uniform,32,42,0.0046753773279297195,0.008723868913462305,False,58,0.90625,0.5852691113572238
uniform,32,43,0.0019215755860057411,0.003483532784955834,False,53,0.828125,0.5852691113572238
uniform,32,44,0.003441828175952698,0.0058364173102921245,True,57,0.890625,0.5852691113572238
uniform,32,45,0.004145675145822753,0.007936182639517626,True,56,0.875,0.5852691113572238
uniform,32,46,0.002788765349780996,0.004389078521560372,True,60,0.9375,0.5852691113572238
uniform,32,47,0.004871753090399887,0.008395015951656391,True,58,0.90625,0.5852691113572238
uniform,32,48,0.001310773470869158,0.00264059387664772,True,58,0.90625,0.5852691113572238
uniform,32,49,0.0009698604330965478,0.0017903138167238613,True,59,0.921875,0.5852691113572238
uniform,32,50,0.003548001461298177,0.006093979755429717,False,50,0.78125,0.5852691113572238
uniform,32,51,0.0012874528799296976,0.0024505995947965153,True,58,0.90625,0.5852691113572238
uniform,32,52,0.0009300268573273338,0.001730957421155947,True,59,0.921875,0.5852691113572238
uniform,32,53,0.0040395445342393255,0.008051885006429475,False,64,1.0,0.5852691113572238
uniform,32,54,0.003374877090508895,0.006319969374890517,False,59,0.921875,0.5852691113572238
uniform,32,55,0.009251811668704403,0.01820662549029868,False,56,0.875,0.5852691113572238
uniform,32,56,0.0022764391575276163,0.0038632421983880684,False,55,0.859375,0.5852691113572238
uniform,32,57,0.003645930279045543,0.007393378323964343,True,59,0.921875,0.5852691113572238
uniform,32,58,0.0019329401120785831,0.0029044314292994535,False,54,0.84375,0.5852691113572238
uniform,32,59,0.005570739256978588,0.00947522786622354,True,57,0.890625,0.5852691113572238
uniform,32,60,0.0033458797848136494,0.006138341971090842,False,57,0.890625,0.5852691113572238
uniform,32,61,0.0036949918790575593,0.00594477564655168,True,55,0.859375,0.5852691113572238
uniform,32,62,0.004721230499364727,0.009711814081964854,True,60,0.9375,0.5852691113572238
uniform,32,63,0.0025660121341562502,0.004299649348932795,False,55,0.859375,0.5852691113572238
uniform,32,64,0.00310827299343617,0.006629636988730887,True,56,0.875,0.5852691113572238
uniform,32,65,0.0034430572622872716,0.00720163744194436,False,56,0.875,0.5852691113572238
uniform,32,66,0.0018445311122602867,0.0035184728946636252,True,61,0.953125,0.5852691113572238
uniform,32,67,0.0033674634850364674,0.0064012444094625545,True,57,0.890625,0.5852691113572238
uniform,32,68,0.0023511104691362325,0.005019075021980183,False,57,0.890625,0.5852691113572238
uniform,32,69,0.006156947218437369,0.010136100381262884,True,54,0.84375,0.5852691113572238
uniform,32,70,0.0020577440225061764,0.003539861663631811,True,57,0.890625,0.5852691113572238
uniform,32,71,0.002284766343467998,0.0046087656876862455,False,56,0.875,0.5852691113572238
uniform,32,72,0.0013694084537940038,0.002618864598402236,True,55,0.859375,0.5852691113572238
uniform,32,73,0.003432465096514749,0.006451921175783695,False,57,0.890625,0.5852691113572238
uniform,32,74,0.0014380548298058016,0.0027867991976624,True,61,0.953125,0.5852691113572238
uniform,32,75,0.003141950924394729,0.0060867893830207735,False,56,0.875,0.5852691113572238
uniform,32,76,0.006626097876734064,0.011761657533964742,False,58,0.90625,0.5852691113572238
uniform,32,77,0.0009530047571963563,0.001505012737965418,True,54,0.84375,0.5852691113572238
uniform,32,78,0.003219621972989337,0.006006204673541321,False,58,0.90625,0.5852691113572238
uniform,32,79,0.0014571291799055023,0.0023790778162162407,True,50,0.78125,0.5852691113572238
uniform,32,80,0.0034546432757579563,0.0067442529373457,False,56,0.875,0.5852691113572238
uniform,32,81,0.0031280698337564556,0.006570066959379645,False,55,0.859375,0.5852691113572238
uniform,32,82,0.002334090453115571,0.004833115081834654,True,54,0.84375,0.5852691113572238
uniform,32,83,0.0015406656333618474,0.002448769389906482,True,59,0.921875,0.5852691113572238
uniform,32,84,0.0019144642112568814,0.002605636083545743,True,58,0.90625,0.5852691113572238
uniform,32,85,0.006693621888036788,0.013510272332025662,False,54,0.84375,0.5852691113572238
uniform,32,86,0.0035527323449090747,0.0076672008272811,False,57,0.890625,0.5852691113572238
uniform,32,87,0.0030689610866066284,0.0065109182831356825,True,52,0.8125,0.5852691113572238
uniform,32,88,0.0019436068699282588,0.003577658650902223,True,56,0.875,0.5852691113572238
uniform,32,89,0.002306982429979073,0.004840649114096745,True,56,0.875,0.5852691113572238
uniform,32,90,0.004283855837924791,0.008611152109976636,True,59,0.921875,0.5852691113572238
uniform,32,91,0.008745605903850963,0.014557115447654569,False,52,0.8125,0.5852691113572238
uniform,32,92,0.0034781585842577544,0.006764285373648547,True,59,0.921875,0.5852691113572238
uniform,32,93,0.0015271344090378102,0.0026669866674652667,True,57,0.890625,0.5852691113572238
uniform,32,94,0.0015118817384910507,0.003294060366658011,False,61,0.953125,0.5852691113572238
uniform,32,95,0.00167262645573975,0.002657285021638008,True,59,0.921875,0.5852691113572238
uniform,32,96,0.0016971216608897294,0.003112114074453179,False,58,0.90625,0.5852691113572238
uniform,32,97,0.0034439417682373638,0.005739664733599593,False,55,0.859375,0.5852691113572238
uniform,32,98,0.003184728137040577,0.005631938829068629,False,57,0.890625,0.5852691113572238
uniform,32,99,0.005186232127789581,0.008600944380573853,False,54,0.84375,0.5852691113572238
uniform,32,100,0.0022131890485429778,0.004090944827864395,True,57,0.890625,0.5852691113572238
uniform,32,101,0.005892987331106748,0.012087394855971764,True,59,0.921875,0.5852691113572238
uniform,32,102,0.0010785881005644954,0.001826931857913456,True,57,0.890625,0.5852691113572238
uniform,32,103,0.003484394144644526,0.006120840995495865,True,62,0.96875,0.5852691113572238
uniform,32,104,0.005539991053178901,0.010904755237885547,True,56,0.875,0.5852691113572238
uniform,32,105,0.0014353273132424846,0.0027551961242611757,False,56,0.875,0.5852691113572238
uniform,32,106,0.0028969171661229454,0.005470812483479981,True,61,0.953125,0.5852691113572238
uniform,32,107,0.007266008107519936,0.012500304041396033,True,59,0.921875,0.5852691113572238
uniform,32,108,0.006347928826894525,0.012117076380881931,False,56,0.875,0.5852691113572238
uniform,32,109,0.003921125892277897,0.00719435982529381,True,57,0.890625,0.5852691113572238
uniform,32,110,0.0021022979704186135,0.004140519764505874,True,55,0.859375,0.5852691113572238
uniform,32,111,0.00293051011804968,0.005895631004204463,True,52,0.8125,0.5852691113572238
uniform,32,112,0.0030293218433274653,0.0051424246551944166,True,57,0.890625,0.5852691113572238
uniform,32,113,0.0022431547111009483,0.0037671624667416784,True,57,0.890625,0.5852691113572238
uniform,32,114,0.006236724704344206,0.011791804142211447,False,57,0.890625,0.5852691113572238
uniform,32,115,0.003800798499109996,0.0069496655156628465,False,56,0.875,0.5852691113572238
uniform,32,116,0.003494343995765447,0.0068745527030688,False,59,0.921875,0.5852691113572238
uniform,32,117,0.0024760239844084206,0.004684487447396489,False,58,0.90625,0.5852691113572238
uniform,32,118,0.002567372817911197,0.0052054369983719,False,54,0.84375,0.5852691113572238
uniform,32,119,0.0008573640832377485,0.0014891343693683688,True,60,0.9375,0.5852691113572238
uniform,32,120,0.0019780141352241437,0.003905657491226797,True,56,0.875,0.5852691113572238
uniform,32,121,0.0016312159342382164,0.0024679459874014653,True,60,0.9375,0.5852691113572238
uniform,32,122,0.0058194395155749985,0.00992569738699653,True,59,0.921875,0.5852691113572238
uniform,32,123,0.0008453559743818818,0.0018453780844938025,True,59,0.921875,0.5852691113572238
uniform,32,124,0.005260290882118333,0.010050212722374927,True,53,0.828125,0.5852691113572238
uniform,32,125,0.0020559586719768107,0.004154573284170729,True,59,0.921875,0.5852691113572238
uniform,32,126,0.00252022042876433,0.004608545126400791,True,55,0.859375,0.5852691113572238
uniform,32,127,0.0038727912958941087,0.006849627687248471,True,57,0.890625,0.5852691113572238
uniform,32,128,0.0014536022126392415,0.0030414277062539886,False,56,0.875,0.5852691113572238
uniform,32,129,0.003402730947170377,0.005055775189499373,False,57,0.890625,0.5852691113572238
uniform,32,130,0.0031003543253294054,0.00576598700704805,True,56,0.875,0.5852691113572238
uniform,32,131,0.0012994190757898883,0.0024324390018727535,True,59,0.921875,0.5852691113572238
uniform,32,132,0.0021551009497592817,0.003741799777508402,True,58,0.90625,0.5852691113572238
uniform,32,133,0.004031636006444667,0.007463884815367665,False,59,0.921875,0.5852691113572238
uniform,32,134,0.007306177489702384,0.012960793361137285,False,55,0.859375,0.5852691113572238
uniform,32,135,0.008946770822263308,0.016339643449706006,True,57,0.890625,0.5852691113572238
uniform,32,136,0.002324737319328516,0.004271028266435439,True,59,0.921875,0.5852691113572238
uniform,32,137,0.0024585564289414984,0.0034317030706345897,False,54,0.84375,0.5852691113572238
uniform,32,138,0.0018065410978395267,0.0029879750580967777,True,59,0.921875,0.5852691113572238
uniform,32,139,0.0007299730058911276,0.001494389717316559,True,59,0.921875,0.5852691113572238
uniform,32,140,0.0028765529344845593,0.005180259193092883,True,59,0.921875,0.5852691113572238
uniform,32,141,0.0037874053596711516,0.0059719606393786396,True,58,0.90625,0.5852691113572238
uniform,32,142,0.0009076268393282889,0.001462923477107152,True,61,0.953125,0.5852691113572238
uniform,32,143,0.007284746743089178,0.012405454500279176,False,57,0.890625,0.5852691113572238
uniform,32,144,0.004279043955251339,0.007377656610669571,False,59,0.921875,0.5852691113572238
uniform,32,145,0.003977202560176892,0.007706170318570176,True,53,0.828125,0.5852691113572238
uniform,32,146,0.0019379939068878496,0.0029306809808600544,True,54,0.84375,0.5852691113572238
uniform,32,147,0.007152449936290193,0.013217369867202119,True,52,0.8125,0.5852691113572238
uniform,32,148,0.001973126028011162,0.002844408687249868,True,58,0.90625,0.5852691113572238
uniform,32,149,0.004382239876668059,0.008350725140319135,True,59,0.921875,0.5852691113572238
uniform,32,150,0.002731814086864513,0.005324860576022234,False,55,0.859375,0.5852691113572238
uniform,32,151,0.004747289741988564,0.009315916705139357,True,60,0.9375,0.5852691113572238
uniform,32,152,0.0020597029536833177,0.004329522933805587,True,57,0.890625,0.5852691113572238
uniform,32,153,0.0018087566418652726,0.0033464705892360808,True,58,0.90625,0.5852691113572238
uniform,32,154,0.00521986090095914,0.00974104195703171,False,54,0.84375,0.5852691113572238
uniform,32,155,0.002554560489597986,0.0053117384516038774,True,58,0.90625,0.5852691113572238
uniform,32,156,0.0044857771376796704,0.009609064448110709,True,57,0.890625,0.5852691113572238
uniform,32,157,0.0029819884279857064,0.005767772839703044,True,55,0.859375,0.5852691113572238
uniform,32,158,0.002141201404703292,0.0038464327248372227,True,57,0.890625,0.5852691113572238
uniform,32,159,0.0019248730954249298,0.002655821368536017,False,60,0.9375,0.5852691113572238
uniform,32,160,0.006300228931307787,0.012302518264240156,True,60,0.9375,0.5852691113572238
uniform,32,161,0.0022298196480635387,0.004118261322169186,False,59,0.921875,0.5852691113572238
uniform,32,162,0.0016838363618399967,0.002596100613783719,True,54,0.84375,0.5852691113572238
uniform,32,163,0.0027603813380839555,0.004666612635343202,False,57,0.890625,0.5852691113572238
uniform,32,164,0.0035347826393204423,0.006171027262828394,True,53,0.828125,0.5852691113572238
uniform,32,165,0.0027524476917032328,0.005808635867075942,True,59,0.921875,0.5852691113572238
uniform,32,166,0.002566367759335377,0.005115527190962449,True,57,0.890625,0.5852691113572238
uniform,32,167,0.002709413136601026,0.004198704592735924,True,56,0.875,0.5852691113572238
uniform,32,168,0.004480393708445292,0.007750633344905718,False,54,0.84375,0.5852691113572238
uniform,32,169,0.008279143370341734,0.015625837091517367,False,57,0.890625,0.5852691113572238
uniform,32,170,0.0040499545894322805,0.008123980942897655,True,59,0.921875,0.5852691113572238
uniform,32,171,0.004288872371585319,0.008855277998289468,False,54,0.84375,0.5852691113572238
uniform,32,172,0.0054010420099064385,0.009782981428527633,True,58,0.90625,0.5852691113572238
uniform,32,173,0.0018142809772548477,0.0033130060618828984,False,58,0.90625,0.5852691113572238
uniform,32,174,0.004174262599366047,0.008361017796659577,False,54,0.84375,0.5852691113572238
uniform,32,175,0.004399392264674978,0.007572326222648641,False,56,0.875,0.5852691113572238
uniform,32,176,0.0045587048864958735,0.007827981764560593,False,59,0.921875,0.5852691113572238
uniform,32,177,0.003959181400983892,0.006812573398109787,False,55,0.859375,0.5852691113572238
uniform,32,178,0.009828768876352935,0.018221138550733998,False,52,0.8125,0.5852691113572238
uniform,32,179,0.0019008320493534344,0.003140882962450634,True,54,0.84375,0.5852691113572238
uniform,32,180,0.0024645133675885085,0.004573570043286915,True,56,0.875,0.5852691113572238
uniform,32,181,0.002401541745745884,0.004762205627169492,False,58,0.90625,0.5852691113572238
uniform,32,182,0.006068461201763752,0.01113912278127599,False,50,0.78125,0.5852691113572238
uniform,32,183,0.003377622460209944,0.005106831047213182,True,57,0.890625,0.5852691113572238
uniform,32,184,0.0018039307416148657,0.003098827298787611,True,57,0.890625,0.5852691113572238
uniform,32,185,0.0021854117713197463,0.0038247875886709658,True,57,0.890625,0.5852691113572238
uniform,32,186,0.0038548917855279635,0.007492335716831126,False,58,0.90625,0.5852691113572238
uniform,32,187,0.0026783302389867683,0.004848877579505794,True,56,0.875,0.5852691113572238
uniform,32,188,0.0024033550055084993,0.004161786476164149,False,57,0.890625,0.5852691113572238
uniform,32,189,0.0025192365395264446,0.004173851338834622,True,60,0.9375,0.5852691113572238
uniform,32,190,0.0012774678047944206,0.0022277077974428364,True,57,0.890625,0.5852691113572238
uniform,32,191,0.0016550041985713083,0.0030533438574951305,False,56,0.875,0.5852691113572238
uniform,32,192,0.0020151297039023037,0.0036986030466997846,False,54,0.84375,0.5852691113572238
uniform,32,193,0.0028540464934625203,0.005225772258249045,True,58,0.90625,0.5852691113572238
uniform,32,194,0.0022302649594176395,0.004643984999327135,True,56,0.875,0.5852691113572238
uniform,32,195,0.0023243085134752074,0.00415146291914683,True,56,0.875,0.5852691113572238
uniform,32,196,0.004777395122697856,0.008281553513817177,False,58,0.90625,0.5852691113572238
uniform,32,197,0.0030154354062766953,0.005304125169649472,False,58,0.90625,0.5852691113572238
uniform,32,198,0.0028520278820229603,0.0042939897006446705,False,59,0.921875,0.5852691113572238
uniform,32,199,0.0022998240662288074,0.004857586399315977,True,56,0.875,0.5852691113572238
uniform,64,0,0.0024647958305390447,0.004861822317315478,True,58,0.90625,0.4138477574597176
uniform,64,1,0.005820286398533824,0.010141775221328343,True,64,1.0,0.4138477574597176
uniform,64,2,0.003841084744739041,0.00696778279201662,False,62,0.96875,0.4138477574597176
uniform,64,3,0.0012067500891634734,0.002322120425490428,True,64,1.0,0.4138477574597176
uniform,64,4,0.0025491600770770374,0.004091830973299369,True,63,0.984375,0.4138477574597176
uniform,64,5,0.0057738283651151195,0.010189531493142001,False,63,0.984375,0.4138477574597176
uniform,64,6,0.0018380159461290765,0.0038201565794691444,False,64,1.0,0.4138477574597176
uniform,64,7,0.0012879655829612523,0.0023094221049686278,True,64,1.0,0.4138477574597176
uniform,64,8,0.002315396804302951,0.004966064146102253,True,63,0.984375,0.4138477574597176
uniform,64,9,0.002356423135564507,0.004346843148101485,True,64,1.0,0.4138477574597176
uniform,64,10,0.002904315815980617,0.005355400894552581,True,63,0.984375,0.4138477574597176
uniform,64,11,0.001143320246879853,0.0017421621095753603,True,63,0.984375,0.4138477574597176
uniform,64,12,0.0014236447620143888,0.002632244026425312,True,64,1.0,0.4138477574597176
uniform,64,13,0.001302256197709204,0.0018503424340646085,True,61,0.953125,0.4138477574597176
uniform,64,14,0.0033473386349937933,0.005944343645128966,False,64,1.0,0.4138477574597176
uniform,64,15,0.0022241722550435596,0.003717636771598344,True,61,0.953125,0.4138477574597176
uniform,64,16,0.0019359810642921918,0.003387481649410048,False,63,0.984375,0.4138477574597176
uniform,64,17,0.0035986568352038904,0.006440613995457594,True,63,0.984375,0.4138477574597176
uniform,64,18,0.001810658190941663,0.0031170162246124643,False,63,0.984375,0.4138477574597176
uniform,64,19,0.0010936864325506001,0.0016964811745330648,True,63,0.984375,0.4138477574597176
uniform,64,20,0.0037714013774579665,0.006609871807000547,False,63,0.984375,0.4138477574597176
uniform,64,21,0.0036595699384526065,0.006302117606038035,False,62,0.96875,0.4138477574597176
uniform,64,22,0.0008773958759732471,0.0017695980789481543,True,64,1.0,0.4138477574597176
uniform,64,23,0.0023578924318274092,0.004835565047291862,True,64,1.0,0.4138477574597176
uniform,64,24,0.001117733046909975,0.0020254944274920826,True,64,1.0,0.4138477574597176
uniform,64,25,0.0024864892765256354,0.005207463411357793,True,62,0.96875,0.4138477574597176
uniform,64,26,0.0007630877032492595,0.0013373162751865175,True,64,1.0,0.4138477574597176
uniform,64,27,0.003092562246180158,0.005391095540066823,False,62,0.96875,0.4138477574597176
uniform,64,28,0.0016576770780852375,0.003385204084051345,False,64,1.0,0.4138477574597176
uniform,64,29,0.0006029532490317223,0.0010204561230061325,True,63,0.984375,0.4138477574597176
uniform,64,30,0.0007836435781234522,0.0014299541683376119,True,62,0.96875,0.4138477574597176
uniform,64,31,0.0012169525733651003,0.0022896627047888415,True,63,0.984375,0.4138477574597176
uniform,64,32,0.0011273121418733743,0.0017952086223951397,True,63,0.984375,0.4138477574597176
uniform,64,33,0.0012890460173137857,0.00228131135071186,True,63,0.984375,0.4138477574597176
uniform,64,34,0.0012062370162656863,0.002329760921630685,True,64,1.0,0.4138477574597176
uniform,64,35,0.0012213069686166501,0.0016264627664715793,True,63,0.984375,0.4138477574597176
uniform,64,36,0.001441456485335323,0.0025574880972449587,True,61,0.953125,0.4138477574597176
uniform,64,37,0.0012962527268797698,0.0023778341062897883,True,64,1.0,0.4138477574597176
uniform,64,38,0.0024551292689741428,0.0051765146669060375,True,62,0.96875,0.4138477574597176
uniform,64,39,0.0026592324217197616,0.004545648553249899,False,63,0.984375,0.4138477574597176
uniform,64,40,0.003901577225708597,0.006838552744569383,False,61,0.953125,0.4138477574597176
uniform,64,41,0.0042895752995422065,0.00846592192145991,True,63,0.984375,0.4138477574597176
uniform,64,42,0.0011524658320088287,0.002214565201082274,True,64,1.0,0.4138477574597176
uniform,64,43,0.001430985287437213,0.0023880535487852787,True,63,0.984375,0.4138477574597176
uniform,64,44,0.002056803456399507,0.0039537375793438564,False,62,0.96875,0.4138477574597176
uniform,64,45,0.001422364613135082,0.002503407706538348,True,63,0.984375,0.4138477574597176
uniform,64,46,0.0017801230802042655,0.0038334526736464635,True,64,1.0,0.4138477574597176
uniform,64,47,0.0026341749523514984,0.0048421247756329985,False,63,0.984375,0.4138477574597176
uniform,64,48,0.0012109897646133362,0.0018390540806087338,True,62,0.96875,0.4138477574597176
uniform,64,49,0.00460876675356972,0.008839838883011437,True,62,0.96875,0.4138477574597176
uniform,64,50,0.0018030220205266362,0.0034645520754287484,True,63,0.984375,0.4138477574597176
uniform,64,51,0.001544531053722657,0.002848355384430062,True,62,0.96875,0.4138477574597176
uniform,64,52,0.001744286005458305,0.0027900982395627494,True,64,1.0,0.4138477574597176
uniform,64,53,0.0018003384193765902,0.0030940443254670325,True,61,0.953125,0.4138477574597176
uniform,64,54,0.0013651579566892813,0.0018469213333936405,True,64,1.0,0.4138477574597176
uniform,64,55,0.0005599734795091265,0.0008112565729559897,True,63,0.984375,0.4138477574597176
uniform,64,56,0.0009651402919568863,0.0020007639132677744,True,64,1.0,0.4138477574597176
uniform,64,57,0.002845060596539833,0.0049602304636675275,False,60,0.9375,0.4138477574597176
uniform,64,58,0.002017303808616742,0.0035974796394303288,True,62,0.96875,0.4138477574597176
uniform,64,59,0.0006322440660098957,0.0011728401140623911,True,63,0.984375,0.4138477574597176
uniform,64,60,0.0024491219402249334,0.004810531705834099,True,60,0.9375,0.4138477574597176
uniform,64,61,0.0006525957091780443,0.0012600973313363142,True,63,0.984375,0.4138477574597176
uniform,64,62,0.0035893126263403644,0.006631541997112292,True,63,0.984375,0.4138477574597176
uniform,64,63,0.0014762598077238587,0.002326699718292632,True,63,0.984375,0.4138477574597176
uniform,64,64,0.0004171556555755016,0.0007727195924689852,True,64,1.0,0.4138477574597176
uniform,64,65,0.0010914395578954864,0.002095195605966587,True,63,0.984375,0.4138477574597176
uniform,64,66,0.004542143528933592,0.007436464571171523,False,64,1.0,0.4138477574597176
uniform,64,67,0.006920950498751014,0.012908010907209506,False,63,0.984375,0.4138477574597176
uniform,64,68,0.0012971457212098668,0.002410431385451224,False,62,0.96875,0.4138477574597176
uniform,64,69,0.0014611265090157008,0.002683509070834051,True,63,0.984375,0.4138477574597176
uniform,64,70,0.0010694500245591442,0.0016774951812847981,True,61,0.953125,0.4138477574597176
uniform,64,71,0.0027605610829355837,0.005439744118812918,False,63,0.984375,0.4138477574597176
uniform,64,72,0.0022875193102009175,0.004010653054800032,True,64,1.0,0.4138477574597176
uniform,64,73,0.001880799659121315,0.003476676218022806,True,63,0.984375,0.4138477574597176
uniform,64,74,0.0015568006397194188,0.002878611059534353,True,63,0.984375,0.4138477574597176
uniform,64,75,0.0009548406372544792,0.001859157327282937,True,62,0.96875,0.4138477574597176
uniform,64,76,0.0037759304477954963,0.007880364454011177,True,63,0.984375,0.4138477574597176
uniform,64,77,0.002155711495575596,0.004008410042742222,True,64,1.0,0.4138477574597176
uniform,64,78,0.003858879745035337,0.00699014140560642,True,62,0.96875,0.4138477574597176
uniform,64,79,0.0016220072626884163,0.0029082261141745724,True,64,1.0,0.4138477574597176
uniform,64,80,0.001772151420335052,0.003689596204298008,True,64,1.0,0.4138477574597176
uniform,64,81,0.0037890089238155097,0.006109023801054315,True,63,0.984375,0.4138477574597176
uniform,64,82,0.0019264582036186146,0.0038624307846717105,True,62,0.96875,0.4138477574597176
uniform,64,83,0.005484165410312257,0.009345920246412027,False,61,0.953125,0.4138477574597176
uniform,64,84,0.0018920817050413917,0.003779503698110042,False,62,0.96875,0.4138477574597176
uniform,64,85,0.005949290235416782,0.010489512911979661,False,63,0.984375,0.4138477574597176
uniform,64,86,0.0018278186618126862,0.002907637565149227,True,63,0.984375,0.4138477574597176
uniform,64,87,0.0020156608937939645,0.0037656470668786615,True,63,0.984375,0.4138477574597176
uniform,64,88,0.002950362829956915,0.005382869399612296,False,62,0.96875,0.4138477574597176
uniform,64,89,0.001150193838699252,0.0017893011808100164,True,61,0.953125,0.4138477574597176
uniform,64,90,0.002932669986140068,0.006125268944511465,True,63,0.984375,0.4138477574597176
uniform,64,91,0.0029540822033925344,0.005233011312017539,True,63,0.984375,0.4138477574597176
uniform,64,92,0.0014969521130138834,0.002466195573212711,False,64,1.0,0.4138477574597176
uniform,64,93,0.0016552123096293813,0.0026293478842548575,True,62,0.96875,0.4138477574597176
uniform,64,94,0.0012810899665910633,0.0019569971320083333,False,60,0.9375,0.4138477574597176
uniform,64,95,0.0012899181582563192,0.0026096394336911632,True,63,0.984375,0.4138477574597176
uniform,64,96,0.003114932211406219,0.004926117266698723,True,63,0.984375,0.4138477574597176
uniform,64,97,0.0014089012914466404,0.002572644707033782,True,63,0.984375,0.4138477574597176
uniform,64,98,0.0013998096602570317,0.0026208483881566165,True,62,0.96875,0.4138477574597176
uniform,64,99,0.0013827466989627644,0.0024639868195006666,True,64,1.0,0.4138477574597176
uniform,64,100,0.0014770928575572682,0.0018657202171795508,True,62,0.96875,0.4138477574597176
uniform,64,101,0.0025672019266329026,0.004843228363411195,False,63,0.984375,0.4138477574597176
uniform,64,102,0.0023084792126558964,0.004429656049598936,True,63,0.984375,0.4138477574597176
uniform,64,103,0.0007238167817394404,0.0012717173587377256,True,63,0.984375,0.4138477574597176
uniform,64,104,0.002765626377389588,0.005370840914301057,True,63,0.984375,0.4138477574597176
uniform,64,105,0.0035350761461395972,0.0073225306177812175,True,62,0.96875,0.4138477574597176
uniform,64,106,0.0023038614573692765,0.00444963476204446,False,63,0.984375,0.4138477574597176
uniform,64,107,0.0013701552836134815,0.002646329794189887,True,64,1.0,0.4138477574597176
uniform,64,108,0.0030632812926000394,0.005134490629198737,True,64,1.0,0.4138477574597176
uniform,64,109,0.0027369941000229595,0.004819619638334712,True,64,1.0,0.4138477574597176
uniform,64,110,0.002814053741194315,0.004858710707858761,True,63,0.984375,0.4138477574597176
uniform,64,111,0.003053196467591191,0.005738898033583347,False,64,1.0,0.4138477574597176
uniform,64,112,0.003242594488700421,0.00665787853993419,False,64,1.0,0.4138477574597176
uniform,64,113,0.003076650026809862,0.006017465991828494,False,64,1.0,0.4138477574597176
uniform,64,114,0.000811240583680351,0.0011278076202705135,True,64,1.0,0.4138477574597176
uniform,64,115,0.002079093560073397,0.003788445694282646,True,63,0.984375,0.4138477574597176
uniform,64,116,0.002415477279310727,0.004201528791517695,False,64,1.0,0.4138477574597176
uniform,64,117,0.0011366922801242976,0.0022099670145903933,True,64,1.0,0.4138477574597176
uniform,64,118,0.003203127351243674,0.005217560808210327,False,63,0.984375,0.4138477574597176
uniform,64,119,0.0038488066084561494,0.0065681524071750305,False,64,1.0,0.4138477574597176
uniform,64,120,0.0008496468955724884,0.001558961738019735,True,63,0.984375,0.4138477574597176
uniform,64,121,0.008300909558091214,0.014686553157334237,True,60,0.9375,0.4138477574597176
uniform,64,122,0.002515176854911014,0.004540410044361995,False,62,0.96875,0.4138477574597176
uniform,64,123,0.004354014262857544,0.007949602522058966,True,64,1.0,0.4138477574597176
uniform,64,124,0.004986684767677403,0.00792009178061718,False,61,0.953125,0.4138477574597176
uniform,64,125,0.005416068871775915,0.010069081637930539,True,63,0.984375,0.4138477574597176
uniform,64,126,0.0032192295460855736,0.00596253755666833,False,63,0.984375,0.4138477574597176
uniform,64,127,0.002100345230721245,0.004520190520052078,True,63,0.984375,0.4138477574597176
uniform,64,128,0.0008866868772311662,0.001362459375086715,True,63,0.984375,0.4138477574597176
uniform,64,129,0.002387785626998111,0.004496236792415966,True,62,0.96875,0.4138477574597176
uniform,64,130,0.0007415141160473678,0.001281463353706637,True,64,1.0,0.4138477574597176
uniform,64,131,0.0019458904802975745,0.00300517617372756,True,62,0.96875,0.4138477574597176
uniform,64,132,0.002587789435766368,0.00484478482276742,True,63,0.984375,0.4138477574597176
uniform,64,133,0.0011786538763690266,0.002575114803689889,True,62,0.96875,0.4138477574597176
uniform,64,134,0.004587936637984419,0.00831383585487707,True,64,1.0,0.4138477574597176
uniform,64,135,0.0009426135306372319,0.0015473580361262604,True,62,0.96875,0.4138477574597176
uniform,64,136,0.00465310265867692,0.008117663941100157,False,63,0.984375,0.4138477574597176
uniform,64,137,0.004402166416024519,0.007813219039951115,True,63,0.984375,0.4138477574597176
uniform,64,138,0.003496901033733486,0.006937136164052961,True,63,0.984375,0.4138477574597176
uniform,64,139,0.0006667808942813906,0.001230739953775227,True,63,0.984375,0.4138477574597176
uniform,64,140,0.002232217829667974,0.004762415806343582,True,62,0.96875,0.4138477574597176
uniform,64,141,0.0033397377682942903,0.007133918368363641,True,64,1.0,0.4138477574597176
uniform,64,142,0.001649419370985415,0.003561983306710359,True,62,0.96875,0.4138477574597176
uniform,64,143,0.003261844318139049,0.00609579859140346,True,63,0.984375,0.4138477574597176
uniform,64,144,0.00313440826272211,0.005902974516835069,True,62,0.96875,0.4138477574597176
uniform,64,145,0.0017767361498599878,0.003028593491269451,True,63,0.984375,0.4138477574597176
uniform,64,146,0.0032101837482383364,0.006417431100530453,False,63,0.984375,0.4138477574597176
uniform,64,147,0.0017331028876930378,0.0031526144912628964,False,64,1.0,0.4138477574597176
uniform,64,148,0.003196004827760231,0.005266676001099576,False,61,0.953125,0.4138477574597176
uniform,64,149,0.003870535773197869,0.006815782781871823,False,63,0.984375,0.4138477574597176
uniform,64,150,0.0024341600014459496,0.003507041950959404,True,62,0.96875,0.4138477574597176
uniform,64,151,0.0015842587422757071,0.0029005502514249173,False,63,0.984375,0.4138477574597176
uniform,64,152,0.0024530592708416326,0.003982709006704527,True,64,1.0,0.4138477574597176
uniform,64,153,0.0025997178966584693,0.005043117133164042,False,64,1.0,0.4138477574597176
uniform,64,154,0.0010569165567402956,0.0021220303400125845,True,62,0.96875,0.4138477574597176
uniform,64,155,0.00464708220712344,0.007894856778509315,False,64,1.0,0.4138477574597176
uniform,64,156,0.0062311836919527975,0.010850179391424412,False,62,0.96875,0.4138477574597176
uniform,64,157,0.0008892526050205234,0.0014659689530242548,True,64,1.0,0.4138477574597176
uniform,64,158,0.004381044350963872,0.008655586071605667,False,60,0.9375,0.4138477574597176
uniform,64,159,0.0030939659861941825,0.005625004751136715,False,63,0.984375,0.4138477574597176
uniform,64,160,0.0007440556672334066,0.0009993796288496302,True,64,1.0,0.4138477574597176
uniform,64,161,0.0024715713524462715,0.004230478797946788,True,63,0.984375,0.4138477574597176
uniform,64,162,0.0017624665283984316,0.0037340847893815067,False,63,0.984375,0.4138477574597176
uniform,64,163,0.0026963161201595995,0.004696471334193711,False,64,1.0,0.4138477574597176
uniform,64,164,0.001185687230999739,0.0018442674998576146,True,61,0.953125,0.4138477574597176
uniform,64,165,0.0030309602175151284,0.005639405775618296,False,61,0.953125,0.4138477574597176
uniform,64,166,0.001101674609480374,0.002283833616679446,True,63,0.984375,0.4138477574597176
uniform,64,167,0.003350569652102318,0.005936062023124362,True,64,1.0,0.4138477574597176
uniform,64,168,0.003938991887042782,0.007225949360397325,True,63,0.984375,0.4138477574597176
uniform,64,169,0.0010868977931974926,0.0019066205090432532,True,63,0.984375,0.4138477574597176
uniform,64,170,0.0022883134328348606,0.0042574622555424,True,62,0.96875,0.4138477574597176
uniform,64,171,0.0021342297151400783,0.004106329450826287,True,63,0.984375,0.4138477574597176
uniform,64,172,0.001714501159546742,0.003244822603445715,False,62,0.96875,0.4138477574597176
uniform,64,173,0.0019230071324097611,0.0030882150040490537,True,61,0.953125,0.4138477574597176
uniform,64,174,0.004271073099130427,0.007512593144083635,False,63,0.984375,0.4138477574597176
uniform,64,175,0.003165791780103904,0.0053292395080345115,True,63,0.984375,0.4138477574597176
uniform,64,176,0.002929634145088503,0.0060699598834670285,False,62,0.96875,0.4138477574597176
uniform,64,177,0.0037647579728056846,0.007200265960489414,False,63,0.984375,0.4138477574597176
uniform,64,178,0.005515563892322149,0.00983588443720769,True,63,0.984375,0.4138477574597176
uniform,64,179,0.0032123415088497883,0.0059932031004077645,False,62,0.96875,0.4138477574597176
uniform,64,180,0.0011505684900452158,0.002267994245486415,True,61,0.953125,0.4138477574597176
uniform,64,181,0.0019278741980863921,0.0029152183976994227,True,64,1.0,0.4138477574597176
uniform,64,182,0.0012023297630864935,0.0023178647504137765,True,64,1.0,0.4138477574597176
uniform,64,183,0.0010898637605218193,0.0018775988243192633,True,63,0.984375,0.4138477574597176
uniform,64,184,0.0009478387107810336,0.001438683834403003,True,63,0.984375,0.4138477574597176
uniform,64,185,0.0024450977266283567,0.004852003198846973,True,63,0.984375,0.4138477574597176
uniform,64,186,0.004121607686255987,0.0078256787966879,False,62,0.96875,0.4138477574597176
uniform,64,187,0.0017762847323113417,0.0033477111621423293,True,63,0.984375,0.4138477574597176
uniform,64,188,0.0005913888767402731,0.001054326281546121,True,63,0.984375,0.4138477574597176
uniform,64,189,0.001746750948541773,0.0032949898021514337,True,64,1.0,0.4138477574597176
uniform,64,190,0.001866170564034555,0.002638958217833491,True,63,0.984375,0.4138477574597176
uniform,64,191,0.0021642462895336695,0.0039213754364007414,False,64,1.0,0.4138477574597176
uniform,64,192,0.0017476117530667698,0.0036388902995439405,True,63,0.984375,0.4138477574597176
uniform,64,193,0.0020492103878500295,0.0029661045047758676,True,61,0.953125,0.4138477574597176
uniform,64,194,0.0013859530600755442,0.0023710246688799196,True,61,0.953125,0.4138477574597176
uniform,64,195,0.0021795637367243315,0.0038463841019787696,True,64,1.0,0.4138477574597176
uniform,64,196,0.003174177751677804,0.005476566896619483,True,63,0.984375,0.4138477574597176
uniform,64,197,0.003923892084682292,0.007267121526629113,False,63,0.984375,0.4138477574597176
uniform,64,198,0.0014481478269803957,0.002483814476365316,True,64,1.0,0.4138477574597176
uniform,64,199,0.0020607359044589064,0.003929163433172047,True,63,0.984375,0.4138477574597176
uniform,128,0,0.0006451052941110017,0.0011488029584795292,True,64,1.0,0.2926345556786119
uniform,128,1,0.0009067100525344117,0.0014580974444810182,True,64,1.0,0.2926345556786119
uniform,128,2,0.003765224552483547,0.006225271661167698,True,64,1.0,0.2926345556786119
uniform,128,3,0.0013984345288352927,0.0026858675072898575,False,64,1.0,0.2926345556786119
uniform,128,4,0.0016197834424013075,0.003204241717837897,False,63,0.984375,0.2926345556786119
uniform,128,5,0.0012279108263257678,0.0019865118067409065,True,64,1.0,0.2926345556786119
uniform,128,6,0.0031986728264167636,0.006650852084693432,False,64,1.0,0.2926345556786119
uniform,128,7,0.001448240413820658,0.0026430107195699326,False,64,1.0,0.2926345556786119
uniform,128,8,0.0006815570351584452,0.0013231266020772674,True,64,1.0,0.2926345556786119
uniform,128,9,0.0010791984369919938,0.001780972290795945,True,64,1.0,0.2926345556786119
uniform,128,10,0.0019010681614368028,0.0034588622277797153,True,64,1.0,0.2926345556786119
uniform,128,11,0.000791367823231726,0.0015103359934616296,True,64,1.0,0.2926345556786119
uniform,128,12,0.0020509902149616196,0.0036229398917327817,True,64,1.0,0.2926345556786119
uniform,128,13,0.00040702290727763024,0.0007085627788701769,True,64,1.0,0.2926345556786119
uniform,128,14,0.0035916619731746592,0.00602229213860515,True,64,1.0,0.2926345556786119
uniform,128,15,0.0010860872121263331,0.001871272423055739,True,64,1.0,0.2926345556786119
uniform,128,16,0.001057715487609342,0.002045991952961731,True,64,1.0,0.2926345556786119
uniform,128,17,0.0014753337401370093,0.002484641808025167,True,64,1.0,0.2926345556786119
uniform,128,18,0.0007626744341688565,0.00145898368501691,True,64,1.0,0.2926345556786119
uniform,128,19,0.001285845128953072,0.0025153548426716226,True,64,1.0,0.2926345556786119
uniform,128,20,0.0020087877323036406,0.004181251378768451,True,64,1.0,0.2926345556786119
uniform,128,21,0.0005312937546257055,0.0008902013765727931,True,64,1.0,0.2926345556786119
uniform,128,22,0.0010684727090786216,0.0020400946344123344,True,64,1.0,0.2926345556786119
uniform,128,23,0.002188399741081418,0.003819080212195106,True,64,1.0,0.2926345556786119
uniform,128,24,0.0032987296032261793,0.005014303575697078,True,64,1.0,0.2926345556786119
uniform,128,25,0.0010237670552927008,0.002190313573530895,True,64,1.0,0.2926345556786119
uniform,128,26,0.0014191802506319459,0.002194369127782654,True,64,1.0,0.2926345556786119
uniform,128,27,0.0020923055621603704,0.004130821930611773,True,64,1.0,0.2926345556786119
uniform,128,28,0.0008597175015918505,0.0017475231918981232,True,64,1.0,0.2926345556786119
uniform,128,29,0.002436718432967903,0.003866125148130314,True,64,1.0,0.2926345556786119
uniform,128,30,0.0015616328154340658,0.002830783510102519,True,64,1.0,0.2926345556786119
uniform,128,31,0.0009373166043868346,0.001998646016268639,True,64,1.0,0.2926345556786119
uniform,128,32,0.0017476219850617032,0.003229891786881653,True,64,1.0,0.2926345556786119
uniform,128,33,0.0019697685817443673,0.0035679513312809018,False,64,1.0,0.2926345556786119
uniform,128,34,0.0038739304843275583,0.006683788017408213,True,64,1.0,0.2926345556786119
uniform,128,35,0.0008482119248300139,0.0014957235977801457,True,64,1.0,0.2926345556786119
uniform,128,36,0.001402135152101585,0.002890378219523624,True,64,1.0,0.2926345556786119
uniform,128,37,0.0015348466787328298,0.0031932152653744855,False,64,1.0,0.2926345556786119
uniform,128,38,0.0006718566517211501,0.0013899328102582216,True,64,1.0,0.2926345556786119
uniform,128,39,0.001736855081705778,0.002780323451873668,True,64,1.0,0.2926345556786119
uniform,128,40,0.0017241580412223835,0.0031295141110964653,True,64,1.0,0.2926345556786119
uniform,128,41,0.0012255135677582425,0.002598340340949766,False,64,1.0,0.2926345556786119
uniform,128,42,0.001753385779802907,0.0029500827571621972,True,64,1.0,0.2926345556786119
uniform,128,43,0.0005917351820123321,0.0010414099725439031,True,64,1.0,0.2926345556786119
uniform,128,44,0.0007409233807593477,0.0011379719929127015,True,64,1.0,0.2926345556786119
uniform,128,45,0.0017473351060433907,0.003352628382702519,True,64,1.0,0.2926345556786119
uniform,128,46,0.0020525579767100978,0.0038608689286400225,True,64,1.0,0.2926345556786119
uniform,128,47,0.0015649962410941721,0.003049569779743154,False,64,1.0,0.2926345556786119
uniform,128,48,0.0009317709382336958,0.0016898302927999672,True,64,1.0,0.2926345556786119
uniform,128,49,0.0013040400060052018,0.0020773943803933347,True,64,1.0,0.2926345556786119
uniform,128,50,0.0028297432593249474,0.005768205117719256,False,64,1.0,0.2926345556786119
uniform,128,51,0.0004223211644736341,0.0007778894149075739,True,64,1.0,0.2926345556786119
uniform,128,52,0.0013148566266084926,0.0021692820584794416,True,64,1.0,0.2926345556786119
uniform,128,53,0.001707958478092745,0.0027527873469960357,True,64,1.0,0.2926345556786119
uniform,128,54,0.002023502634756166,0.004024934382631598,True,64,1.0,0.2926345556786119
uniform,128,55,0.0006867987537322746,0.0012985355166795151,True,64,1.0,0.2926345556786119
uniform,128,56,0.0008431721654029782,0.0014449279535939386,True,64,1.0,0.2926345556786119
uniform,128,57,0.0015877114002946586,0.002904780604674645,True,64,1.0,0.2926345556786119
uniform,128,58,0.001988530890252755,0.0040283248776494425,True,64,1.0,0.2926345556786119
uniform,128,59,0.0031826228323556713,0.0056662831294901385,False,64,1.0,0.2926345556786119
uniform,128,60,0.0009534534675084676,0.0016944292837292457,True,64,1.0,0.2926345556786119
uniform,128,61,0.0017695233377836665,0.003695885988147192,True,64,1.0,0.2926345556786119
uniform,128,62,0.0010148432822167245,0.0017375944970734643,True,64,1.0,0.2926345556786119
uniform,128,63,0.00018475238965738773,0.00022678723120563102,True,64,1.0,0.2926345556786119
uniform,128,64,0.0010272009413102123,0.0018594205393366592,True,64,1.0,0.2926345556786119
uniform,128,65,0.0010422759589422015,0.001764350617303877,True,64,1.0,0.2926345556786119
uniform,128,66,0.0013897483524108103,0.0024849214042425944,True,64,1.0,0.2926345556786119
uniform,128,67,0.0007595512186703502,0.0012765522421767771,True,64,1.0,0.2926345556786119
uniform,128,68,0.0008935258736194447,0.0017813093045934173,True,64,1.0,0.2926345556786119
uniform,128,69,0.001897630874805217,0.003722790543629389,True,64,1.0,0.2926345556786119
uniform,128,70,0.001271816937472531,0.0026650259068944603,True,64,1.0,0.2926345556786119
uniform,128,71,0.0015821380813332874,0.003281313351426604,True,64,1.0,0.2926345556786119
uniform,128,72,0.0025958762194359035,0.003983005315428807,False,64,1.0,0.2926345556786119
uniform,128,73,0.002213380413221487,0.003227904748685069,True,64,1.0,0.2926345556786119
uniform,128,74,0.0019551888967273452,0.003378661014097827,True,64,1.0,0.2926345556786119
uniform,128,75,0.0007964473358439734,0.0015311224331243586,True,64,1.0,0.2926345556786119
uniform,128,76,0.00043351517873025416,0.000691872541158621,True,64,1.0,0.2926345556786119
uniform,128,77,0.0018611233176461222,0.0033483837341273365,True,64,1.0,0.2926345556786119
uniform,128,78,0.0010515632678609562,0.0019978451784987772,True,64,1.0,0.2926345556786119
uniform,128,79,0.0008173702964734968,0.0013606127683085216,True,64,1.0,0.2926345556786119
uniform,128,80,0.0019069861022656264,0.00316115067369847,True,64,1.0,0.2926345556786119
uniform,128,81,0.0011779013102219819,0.0018670769689039662,True,64,1.0,0.2926345556786119
uniform,128,82,0.0015775855794311858,0.002638610635287979,True,64,1.0,0.2926345556786119
uniform,128,83,0.0018660751028400737,0.0038272508414482417,True,64,1.0,0.2926345556786119
uniform,128,84,0.0005111926397732056,0.0007127415641990415,True,64,1.0,0.2926345556786119
uniform,128,85,0.0004901809485760682,0.000751622844271143,True,64,1.0,0.2926345556786119
uniform,128,86,0.0045606835265082305,0.007756550290576809,False,64,1.0,0.2926345556786119
uniform,128,87,0.0018676419474974427,0.0035045481708697026,True,64,1.0,0.2926345556786119
uniform,128,88,0.0035578215714796683,0.006447278344735394,True,64,1.0,0.2926345556786119
uniform,128,89,0.002288977338586963,0.003997108950157106,False,64,1.0,0.2926345556786119
uniform,128,90,0.00025582413235518436,0.0004453782888624541,True,64,1.0,0.2926345556786119
uniform,128,91,0.002818480480074771,0.004774421406287783,False,64,1.0,0.2926345556786119
uniform,128,92,0.0037462953728744576,0.007351111197206615,False,64,1.0,0.2926345556786119
uniform,128,93,0.0013262083252885476,0.002253911063516155,True,64,1.0,0.2926345556786119
uniform,128,94,0.0017467366038454374,0.0030668215251689933,True,64,1.0,0.2926345556786119
uniform,128,95,0.00123226890895669,0.0021911558752991927,True,64,1.0,0.2926345556786119
uniform,128,96,0.0012736547921328948,0.0024023467621442224,True,64,1.0,0.2926345556786119
uniform,128,97,0.0014727390699727635,0.0028025621754583173,True,64,1.0,0.2926345556786119
uniform,128,98,0.0036346555738933526,0.006052492918009183,False,64,1.0,0.2926345556786119
uniform,128,99,0.0013966040323572125,0.0027075236314634057,False,64,1.0,0.2926345556786119
uniform,128,100,0.0026526494408202054,0.005006265876230702,True,64,1.0,0.2926345556786119
uniform,128,101,0.000675305820195832,0.0009943347889867227,True,64,1.0,0.2926345556786119
uniform,128,102,0.0010003148617015842,0.002080196832645289,True,64,1.0,0.2926345556786119
uniform,128,103,0.0013622716010124318,0.0024712034228601756,True,64,1.0,0.2926345556786119
uniform,128,104,0.00269974436742523,0.005184377375919751,True,64,1.0,0.2926345556786119
uniform,128,105,0.0010115695925791031,0.0020575583731436003,True,64,1.0,0.2926345556786119
uniform,128,106,0.0008888992391788629,0.0015860670555820564,True,64,1.0,0.2926345556786119
uniform,128,107,0.0013347347972983105,0.0023594680245706753,False,64,1.0,0.2926345556786119
uniform,128,108,0.0025974412886931885,0.0048613398643826446,False,64,1.0,0.2926345556786119
uniform,128,109,0.0035901531855838937,0.0067967039900079865,True,64,1.0,0.2926345556786119
uniform,128,110,0.0022780918116138606,0.004715778817018693,False,64,1.0,0.2926345556786119
uniform,128,111,0.0007208135710417188,0.0014091329279513091,True,64,1.0,0.2926345556786119
uniform,128,112,0.0007832297767800764,0.0015948657654714232,True,64,1.0,0.2926345556786119
uniform,128,113,0.0006394019612703053,0.001099737622977024,True,64,1.0,0.2926345556786119
uniform,128,114,0.0012104797229591318,0.002265869113008318,True,64,1.0,0.2926345556786119
uniform,128,115,0.0009990040802873629,0.0021193275212316558,True,64,1.0,0.2926345556786119
uniform,128,116,0.0006515244206509189,0.0010973260637151538,True,64,1.0,0.2926345556786119
uniform,128,117,0.001655681102792375,0.0034286467814471366,False,64,1.0,0.2926345556786119
uniform,128,118,0.002137771363961467,0.004410878805239628,True,64,1.0,0.2926345556786119
uniform,128,119,0.0012344972751697763,0.0023473779948966593,True,64,1.0,0.2926345556786119
uniform,128,120,0.0013597108235677171,0.002153469542420707,False,64,1.0,0.2926345556786119
uniform,128,121,0.0030492135373083027,0.005560211004320331,True,64,1.0,0.2926345556786119
uniform,128,122,0.0017572913840288563,0.0028107355371626737,True,64,1.0,0.2926345556786119
uniform,128,123,0.0015573988459851433,0.0024287996236139996,True,64,1.0,0.2926345556786119
uniform,128,124,0.0016391618714182705,0.003365145560719096,True,64,1.0,0.2926345556786119
uniform,128,125,0.0009103738274474615,0.001452494096827149,True,64,1.0,0.2926345556786119
uniform,128,126,0.0008056508357189584,0.0013326068137089024,True,64,1.0,0.2926345556786119
uniform,128,127,0.0012203347502851044,0.0025052032658956073,True,64,1.0,0.2926345556786119
uniform,128,128,0.002393186207750462,0.004145421577785199,True,64,1.0,0.2926345556786119
uniform,128,129,0.0012451163788012266,0.002620470309723868,True,64,1.0,0.2926345556786119
uniform,128,130,0.003958300965345306,0.006913916374880466,True,64,1.0,0.2926345556786119
uniform,128,131,0.0038214798624513968,0.006830947724842957,True,64,1.0,0.2926345556786119
uniform,128,132,0.0020929443939820785,0.004408309097199073,True,64,1.0,0.2926345556786119
uniform,128,133,0.001468189405952778,0.0029200835628995087,True,64,1.0,0.2926345556786119
uniform,128,134,0.002325991438349485,0.005001055293693088,False,64,1.0,0.2926345556786119
uniform,128,135,0.0003208697093218547,0.0005627084397338594,True,64,1.0,0.2926345556786119
uniform,128,136,0.0016457270250334712,0.0033269100159291796,True,64,1.0,0.2926345556786119
uniform,128,137,0.0037577771967223137,0.0065002176894343455,False,64,1.0,0.2926345556786119
uniform,128,138,0.004370315039147463,0.008100214594573052,False,64,1.0,0.2926345556786119
uniform,128,139,0.0012919989213409676,0.0025951461566525447,True,64,1.0,0.2926345556786119
uniform,128,140,0.0007895500787491198,0.0014709578778599307,True,64,1.0,0.2926345556786119
uniform,128,141,0.0031054913974768164,0.0059358651650195035,False,64,1.0,0.2926345556786119
uniform,128,142,0.0005736551218733244,0.0009288570527184771,True,64,1.0,0.2926345556786119
uniform,128,143,0.00264639567725934,0.005306913887503015,True,64,1.0,0.2926345556786119
uniform,128,144,0.002921949940503122,0.005125713797722003,True,64,1.0,0.2926345556786119
uniform,128,145,0.0015246221911983965,0.0029577010598099093,True,64,1.0,0.2926345556786119
uniform,128,146,0.0006709330135403962,0.0010134708904908016,True,64,1.0,0.2926345556786119
uniform,128,147,0.0029042589937418027,0.0053923480028630465,True,64,1.0,0.2926345556786119
uniform,128,148,0.005540875021168097,0.009505936177977518,True,64,1.0,0.2926345556786119
uniform,128,149,0.0019042405835589906,0.0038941084265211997,True,64,1.0,0.2926345556786119
uniform,128,150,0.002241450509500174,0.004453757020718735,True,64,1.0,0.2926345556786119
uniform,128,151,0.0031442464212497784,0.005481088294158433,False,64,1.0,0.2926345556786119
uniform,128,152,0.0008464993221877403,0.0013332559096328883,True,64,1.0,0.2926345556786119
uniform,128,153,0.0006065884160355587,0.0011543139587880161,True,64,1.0,0.2926345556786119
uniform,128,154,0.0010709513028152777,0.0021625806713675283,True,64,1.0,0.2926345556786119
uniform,128,155,0.0008457245864514838,0.001617847669046029,True,64,1.0,0.2926345556786119
uniform,128,156,0.0032111552426654453,0.00511784963009047,False,64,1.0,0.2926345556786119
uniform,128,157,0.0019945273273201123,0.0032732238389218543,True,64,1.0,0.2926345556786119
uniform,128,158,0.0015330963451621515,0.003078910858088313,True,64,1.0,0.2926345556786119
uniform,128,159,0.0007719237720182233,0.0012779874495445604,True,64,1.0,0.2926345556786119
uniform,128,160,0.0010649186687186434,0.0018221307167368209,True,64,1.0,0.2926345556786119
uniform,128,161,0.0023801068559658844,0.00473212612050131,True,64,1.0,0.2926345556786119
uniform,128,162,0.0023576705951937295,0.00447374215544844,True,64,1.0,0.2926345556786119
uniform,128,163,0.0024673462808064628,0.004436844178280133,True,64,1.0,0.2926345556786119
uniform,128,164,0.0014359005927550108,0.0026869263906353913,False,64,1.0,0.2926345556786119
uniform,128,165,0.0021584760860488992,0.00374838197417065,True,64,1.0,0.2926345556786119
uniform,128,166,0.0005642522549950772,0.000904266092429204,True,64,1.0,0.2926345556786119
uniform,128,167,0.001322787197520937,0.0025689936746203304,True,64,1.0,0.2926345556786119
uniform,128,168,0.0017571658508934418,0.003252216515682269,True,64,1.0,0.2926345556786119
uniform,128,169,0.0018605571108230817,0.003583144638014943,False,64,1.0,0.2926345556786119
uniform,128,170,0.001419341122526712,0.0028571816888447073,True,64,1.0,0.2926345556786119
uniform,128,171,0.0015434056188466882,0.0029935224533243045,True,64,1.0,0.2926345556786119
uniform,128,172,0.001841963045827495,0.003202813661051864,True,64,1.0,0.2926345556786119
uniform,128,173,0.0023499004994546853,0.004424267197942936,True,64,1.0,0.2926345556786119
uniform,128,174,0.000989384229672503,0.0019231008891168848,True,64,1.0,0.2926345556786119
uniform,128,175,0.002151600228552131,0.004394491321508837,False,64,1.0,0.2926345556786119
uniform,128,176,0.0007134793422148422,0.00118347229817022,True,64,1.0,0.2926345556786119
uniform,128,177,0.0011192303549062681,0.0022400332847634895,True,64,1.0,0.2926345556786119
uniform,128,178,0.0018841628752838885,0.0032174634433970424,True,64,1.0,0.2926345556786119
uniform,128,179,0.0022756143037415406,0.004471464875884917,True,64,1.0,0.2926345556786119
uniform,128,180,0.0011455999815899566,0.0018285300411330814,True,64,1.0,0.2926345556786119
uniform,128,181,0.0006821916589336858,0.0009887167488062953,True,64,1.0,0.2926345556786119
uniform,128,182,0.00263459089905461,0.004633228404402508,False,64,1.0,0.2926345556786119
uniform,128,183,0.0017182933257458232,0.003196823505425956,False,64,1.0,0.2926345556786119
uniform,128,184,0.0006410930319647852,0.0012383636547622714,True,64,1.0,0.2926345556786119
uniform,128,185,0.0008471500929806258,0.0017468760595488464,True,64,1.0,0.2926345556786119
uniform,128,186,0.001268366002841311,0.002455145721162448,True,64,1.0,0.2926345556786119
uniform,128,187,0.0010388991849411336,0.0018471446588301643,True,64,1.0,0.2926345556786119
uniform,128,188,0.0022295229652870806,0.004593551093325231,True,64,1.0,0.2926345556786119
uniform,128,189,0.001147549124424292,0.0020668130270050204,True,64,1.0,0.2926345556786119
uniform,128,190,0.00044562668046645946,0.0008356457590203113,True,64,1.0,0.2926345556786119
uniform,128,191,0.000735304908377769,0.0011950048017232533,True,64,1.0,0.2926345556786119
uniform,128,192,0.0013375559101616579,0.0025848729992457506,True,64,1.0,0.2926345556786119
uniform,128,193,0.002240217961212745,0.003932880521995091,True,64,1.0,0.2926345556786119
uniform,128,194,0.002011819811479562,0.0040153362842788596,True,64,1.0,0.2926345556786119
uniform,128,195,0.001013283862066701,0.0017979772713011628,True,64,1.0,0.2926345556786119
uniform,128,196,0.002868516781073003,0.005311894884686257,False,64,1.0,0.2926345556786119
uniform,128,197,0.0018628511655502224,0.0039254794626316925,False,64,1.0,0.2926345556786119
uniform,128,198,0.0019500082632886492,0.0035880813196490086,False,64,1.0,0.2926345556786119
uniform,128,199,0.0026515879084754563,0.004867444600096997,True,64,1.0,0.2926345556786119
skewed,2,0,0.006349266900487493,0.01328610850270129,True,12,0.1875,2.3410764454288953
skewed,2,1,0.013730309402891615,0.02808023406059488,False,12,0.1875,2.3410764454288953
skewed,2,2,0.024820069515079726,0.048285575196479684,False,11,0.171875,2.3410764454288953
skewed,2,3,0.025203306571527053,0.04795409998278907,True,11,0.171875,2.3410764454288953
skewed,2,4,0.024166339042420115,0.04535695612346019,False,12,0.1875,2.3410764454288953
skewed,2,5,0.019408181777486804,0.035644963240706484,False,12,0.1875,2.3410764454288953
skewed,2,6,0.025588914192530267,0.044864777568546725,False,10,0.15625,2.3410764454288953
skewed,2,7,0.01114314235496304,0.02440212048427355,True,12,0.1875,2.3410764454288953
skewed,2,8,0.02331002492560486,0.03891085589370372,True,12,0.1875,2.3410764454288953
skewed,2,9,0.025801427076371595,0.04277860404279478,True,12,0.1875,2.3410764454288953
skewed,2,10,0.022015464840062452,0.038191789750933916,False,11,0.171875,2.3410764454288953
skewed,2,11,0.012621003112232328,0.020950461174664314,True,12,0.1875,2.3410764454288953
skewed,2,12,0.004031156925026945,0.005874177589787725,False,12,0.1875,2.3410764454288953
skewed,2,13,0.018495538272589,0.035644963240706484,False,12,0.1875,2.3410764454288953
skewed,2,14,0.01861648770488446,0.032392592193794256,True,12,0.1875,2.3410764454288953
skewed,2,15,0.02542823751356672,0.04535695612346019,False,11,0.171875,2.3410764454288953
skewed,2,16,0.024384895945882484,0.040826637046223836,True,11,0.171875,2.3410764454288953
skewed,2,17,0.022973003712542645,0.04177437293719705,False,12,0.1875,2.3410764454288953
skewed,2,18,0.021840558521787307,0.039840327611601466,True,11,0.171875,2.3410764454288953
skewed,2,19,0.006735376557383833,0.010011041561305462,False,11,0.171875,2.3410764454288953
skewed,2,20,0.006191850439958188,0.010703994603296716,False,11,0.171875,2.3410764454288953
skewed,2,21,0.013151063361221214,0.026969139913441582,False,11,0.171875,2.3410764454288953
skewed,2,22,0.02368009686896279,0.04470299201021655,False,10,0.15625,2.3410764454288953
skewed,2,23,0.007891383962956805,0.013373800115017046,False,12,0.1875,2.3410764454288953
skewed,2,24,0.005397131929896094,0.006905781242737944,False,12,0.1875,2.3410764454288953
skewed,2,25,0.02511171701506666,0.048285575196479684,False,9,0.140625,2.3410764454288953
skewed,2,26,0.024450579033621474,0.048285575196479684,False,11,0.171875,2.3410764454288953
skewed,2,27,0.008553567605037008,0.01445685810174138,False,11,0.171875,2.3410764454288953
skewed,2,28,0.0054447487454409825,0.009572450014229896,False,12,0.1875,2.3410764454288953
skewed,2,29,0.013497076296854189,0.02410982860596827,False,10,0.15625,2.3410764454288953
skewed,2,30,0.019066637526771086,0.039840327611601466,True,10,0.15625,2.3410764454288953
skewed,2,31,0.02319212740119134,0.042860886242104074,False,12,0.1875,2.3410764454288953
skewed,2,32,0.017585533251668325,0.031712068107326574,False,11,0.171875,2.3410764454288953
skewed,2,33,0.009591403456295151,0.014056140479538291,False,12,0.1875,2.3410764454288953
skewed,2,34,0.01258348600113514,0.026478329721400955,True,12,0.1875,2.3410764454288953
skewed,2,35,0.009807968678385466,0.01848785801188025,True,12,0.1875,2.3410764454288953
skewed,2,36,0.024424400567664126,0.04535695612346019,False,11,0.171875,2.3410764454288953
skewed,2,37,0.004896933863514155,0.006622275439001424,False,12,0.1875,2.3410764454288953
skewed,2,38,0.01059526367239698,0.017705504774318467,False,11,0.171875,2.3410764454288953
skewed,2,39,0.017094350820626967,0.02918533797730548,False,12,0.1875,2.3410764454288953
skewed,2,40,0.006943538487258,0.010825915893845964,True,12,0.1875,2.3410764454288953
skewed,2,41,0.004524690170567212,0.0060392174765857495,True,12,0.1875,2.3410764454288953
skewed,2,42,0.01845032479388474,0.032537436095714724,False,12,0.1875,2.3410764454288953
skewed,2,43,0.02650425205095851,0.043386215767305794,True,10,0.15625,2.3410764454288953
skewed,2,44,0.02507251678138162,0.04578950531512356,False,12,0.1875,2.3410764454288953
skewed,2,45,0.022765468246979975,0.0411204088239534,False,10,0.15625,2.3410764454288953
skewed,2,46,0.02081942338905209,0.034337726610223177,True,12,0.1875,2.3410764454288953
skewed,2,47,0.016301504727106505,0.030095681829282055,False,12,0.1875,2.3410764454288953
skewed,2,48,0.010882084624326186,0.017776867786500186,True,12,0.1875,2.3410764454288953
skewed,2,49,0.020040499291906797,0.029262829044066463,True,12,0.1875,2.3410764454288953
skewed,2,50,0.003192295510736275,0.005965334147511053,True,12,0.1875,2.3410764454288953
skewed,2,51,0.012085369128837373,0.02482439360868563,True,12,0.1875,2.3410764454288953
skewed,2,52,0.003890469154530725,0.007590687011741935,True,12,0.1875,2.3410764454288953
skewed,2,53,0.00377170530169256,0.00707186343760075,False,12,0.1875,2.3410764454288953
skewed,2,54,0.01759324043087989,0.03489389711680093,True,12,0.1875,2.3410764454288953
skewed,2,55,0.0075654665150740085,0.012786249138603578,False,12,0.1875,2.3410764454288953
skewed,2,56,0.010644027356839019,0.018182928866277932,False,10,0.15625,2.3410764454288953
skewed,2,57,0.006256440634771361,0.0129570696918641,True,12,0.1875,2.3410764454288953
skewed,2,58,0.01573566101419718,0.02918533797730548,False,12,0.1875,2.3410764454288953
skewed,2,59,0.007924338005758105,0.015348827984540755,False,12,0.1875,2.3410764454288953
skewed,2,60,0.012709979608081812,0.020496218814627244,False,12,0.1875,2.3410764454288953
skewed,2,61,0.0037357420049956734,0.005919471808115567,False,12,0.1875,2.3410764454288953
skewed,2,62,0.009178544179995383,0.019643244452157455,False,12,0.1875,2.3410764454288953
skewed,2,63,0.0248896659192532,0.048285575196479684,False,11,0.171875,2.3410764454288953
skewed,2,64,0.016332338338948163,0.035054937640413196,True,12,0.1875,2.3410764454288953
skewed,2,65,0.006414660604033499,0.013197567970750727,True,12,0.1875,2.3410764454288953
skewed,2,66,0.024983154568467163,0.042860886242104074,False,12,0.1875,2.3410764454288953
skewed,2,67,0.018691158872984844,0.03167538116360424,True,12,0.1875,2.3410764454288953
skewed,2,68,0.0033643136394323945,0.005272608932938402,False,12,0.1875,2.3410764454288953
skewed,2,69,0.007363972410014493,0.01373568471085293,False,12,0.1875,2.3410764454288953
skewed,2,70,0.013675225091125995,0.026499885223609937,True,12,0.1875,2.3410764454288953
skewed,2,71,0.007772857924585625,0.01287483430498751,True,12,0.1875,2.3410764454288953
skewed,2,72,0.02381986518537125,0.04535695612346019,False,12,0.1875,2.3410764454288953
skewed,2,73,0.020719794569838693,0.035054937640413196,True,12,0.1875,2.3410764454288953
skewed,2,74,0.022626877990635248,0.039840327611601466,True,10,0.15625,2.3410764454288953
skewed,2,75,0.018838471844815095,0.037534260639265384,True,12,0.1875,2.3410764454288953
skewed,2,76,0.010284519399026292,0.018423416434021386,False,12,0.1875,2.3410764454288953
skewed,2,77,0.01093356501039175,0.023144160577510217,True,12,0.1875,2.3410764454288953
skewed,2,78,0.027792210059896006,0.04753747734726599,False,11,0.171875,2.3410764454288953
skewed,2,79,0.021232719102660703,0.036547951204643006,True,9,0.140625,2.3410764454288953
skewed,2,80,0.013805762079205709,0.025425289711424298,False,11,0.171875,2.3410764454288953
skewed,2,81,0.01382365971354852,0.02410982860596827,False,11,0.171875,2.3410764454288953
skewed,2,82,0.02506249868443278,0.04470299201021655,False,12,0.1875,2.3410764454288953
skewed,2,83,0.008576623295183765,0.015442049677337614,True,12,0.1875,2.3410764454288953
skewed,2,84,0.006188454404583466,0.008982424413936603,True,12,0.1875,2.3410764454288953
skewed,2,85,0.006395194447447776,0.009197947140879507,True,12,0.1875,2.3410764454288953
skewed,2,86,0.008836599695852095,0.014777351473682258,False,12,0.1875,2.3410764454288953
skewed,2,87,0.005232238687481768,0.011372239530710372,True,12,0.1875,2.3410764454288953
skewed,2,88,0.008224063614989544,0.014638120252566,False,12,0.1875,2.3410764454288953
skewed,2,89,0.011362258864500785,0.024451303073050726,False,12,0.1875,2.3410764454288953
skewed,2,90,0.01545463231343429,0.027332004898248746,True,9,0.140625,2.3410764454288953
skewed,2,91,0.014504125417414965,0.029140675168019894,False,10,0.15625,2.3410764454288953
skewed,2,92,0.026964217738766328,0.047297291675034374,False,12,0.1875,2.3410764454288953
skewed,2,93,0.0198694896121946,0.030624381305207206,True,11,0.171875,2.3410764454288953
skewed,2,94,0.005446330649465324,0.009549342707153295,False,11,0.171875,2.3410764454288953
skewed,2,95,0.007130988453118051,0.015263718367315146,True,12,0.1875,2.3410764454288953
skewed,2,96,0.0256570305801809,0.048285575196479684,False,11,0.171875,2.3410764454288953
skewed,2,97,0.005856649781720494,0.008959848115965435,False,12,0.1875,2.3410764454288953
skewed,2,98,0.025678822696893415,0.045700984709736506,False,10,0.15625,2.3410764454288953
skewed,2,99,0.010201046764816726,0.018175115813143242,True,12,0.1875,2.3410764454288953
skewed,2,100,0.007288429453846843,0.0129570696918641,False,12,0.1875,2.3410764454288953
skewed,2,101,0.013553143597976483,0.02857836439721781,False,12,0.1875,2.3410764454288953
skewed,2,102,0.009593639509488572,0.014808879940239581,False,12,0.1875,2.3410764454288953
skewed,2,103,0.010127035452035828,0.020694081153921965,True,12,0.1875,2.3410764454288953
skewed,2,104,0.009499668594456495,0.017770593446785395,False,12,0.1875,2.3410764454288953
skewed,2,105,0.0058141519044940275,0.010011041561305462,False,11,0.171875,2.3410764454288953
skewed,2,106,0.019334632971678027,0.03435928211243216,True,12,0.1875,2.3410764454288953
skewed,2,107,0.020453616406060245,0.040826637046223836,True,12,0.1875,2.3410764454288953
skewed,2,108,0.010812118871927609,0.019248473943890478,False,12,0.1875,2.3410764454288953
skewed,2,109,0.010343159757778431,0.02128808796058161,False,12,0.1875,2.3410764454288953
skewed,2,110,0.02565240563442754,0.04753747734726599,False,12,0.1875,2.3410764454288953
skewed,2,111,0.004892790927113783,0.00946861231271162,False,12,0.1875,2.3410764454288953
skewed,2,112,0.012104228302527156,0.021148858715410588,True,12,0.1875,2.3410764454288953
skewed,2,113,0.01714697697344787,0.035644963240706484,False,12,0.1875,2.3410764454288953
skewed,2,114,0.008197454449926185,0.013321096201025066,False,12,0.1875,2.3410764454288953
skewed,2,115,0.01301467447974929,0.024678540204920482,False,12,0.1875,2.3410764454288953
skewed,2,116,0.02474945624032219,0.04753747734726599,False,12,0.1875,2.3410764454288953
skewed,2,117,0.016097907377407537,0.030624381305207206,True,12,0.1875,2.3410764454288953
skewed,2,118,0.02513339072649847,0.048285575196479684,False,11,0.171875,2.3410764454288953
skewed,2,119,0.010742561538194532,0.01907765339062995,False,12,0.1875,2.3410764454288953
skewed,2,120,0.011401909219477672,0.0207451560387123,False,11,0.171875,2.3410764454288953
skewed,2,121,0.006640820304458587,0.009550894512020914,False,12,0.1875,2.3410764454288953
skewed,2,122,0.017097538859896413,0.029162230670228877,True,12,0.1875,2.3410764454288953
skewed,2,123,0.01817166388230655,0.03518988948854963,False,12,0.1875,2.3410764454288953
skewed,2,124,0.02544984567382477,0.04753747734726599,False,11,0.171875,2.3410764454288953
skewed,2,125,0.01569479563728203,0.03337012817613749,False,12,0.1875,2.3410764454288953
skewed,2,126,0.008704716745707101,0.016979719641930374,True,12,0.1875,2.3410764454288953
skewed,2,127,0.010148667300710018,0.020694081153921965,True,12,0.1875,2.3410764454288953
skewed,2,128,0.011541555498240447,0.020899458892279423,False,12,0.1875,2.3410764454288953
skewed,2,129,0.022343995825100663,0.035655833743151864,True,12,0.1875,2.3410764454288953
skewed,2,130,0.005226527065310478,0.008824352165016204,True,12,0.1875,2.3410764454288953
skewed,2,131,0.005350559127483861,0.009550894512020914,False,12,0.1875,2.3410764454288953
skewed,2,132,0.0175358655133613,0.036022581568972395,False,12,0.1875,2.3410764454288953
skewed,2,133,0.0065226250510736815,0.010011041561305462,False,10,0.15625,2.3410764454288953
skewed,2,134,0.008915820090213685,0.017417843442336017,True,12,0.1875,2.3410764454288953
skewed,2,135,0.016021434360426867,0.02761283125958266,True,12,0.1875,2.3410764454288953
skewed,2,136,0.0036529265647931774,0.005575177584293666,True,12,0.1875,2.3410764454288953
skewed,2,137,0.025433795040801472,0.048285575196479684,False,11,0.171875,2.3410764454288953
skewed,2,138,0.024159347363858063,0.04470299201021655,False,12,0.1875,2.3410764454288953
skewed,2,139,0.024261962026788188,0.04470299201021655,False,12,0.1875,2.3410764454288953
skewed,2,140,0.010331557501095242,0.021148858715410588,True,12,0.1875,2.3410764454288953
skewed,2,141,0.01940978952731426,0.02918378617243786,True,11,0.171875,2.3410764454288953
skewed,2,142,0.01042029272350336,0.018359468887562118,False,11,0.171875,2.3410764454288953
skewed,2,143,0.007884080462863648,0.014808879940239581,False,12,0.1875,2.3410764454288953
skewed,2,144,0.01828745922249134,0.0356044779983775,False,12,0.1875,2.3410764454288953
skewed,2,145,0.010027513336430628,0.01891013113629233,False,12,0.1875,2.3410764454288953
skewed,2,146,0.014049720810683973,0.02410982860596827,False,12,0.1875,2.3410764454288953
skewed,2,147,0.014768881959478954,0.0260016451406804,True,10,0.15625,2.3410764454288953
skewed,2,148,0.017507825293551913,0.031662817246858016,False,12,0.1875,2.3410764454288953
skewed,2,149,0.020066004886980245,0.03961801851324631,True,12,0.1875,2.3410764454288953
skewed,2,150,0.009590591837815696,0.017306924164601334,False,12,0.1875,2.3410764454288953
skewed,2,151,0.016297750850492274,0.03337012817613749,False,12,0.1875,2.3410764454288953
skewed,2,152,0.02691839278460037,0.048285575196479684,False,10,0.15625,2.3410764454288953
skewed,2,153,0.0037230478459570862,0.005919471808115567,False,12,0.1875,2.3410764454288953
skewed,2,154,0.0069665008034367195,0.012331471577114955,False,11,0.171875,2.3410764454288953
skewed,2,155,0.026368594922641438,0.04753747734726599,False,12,0.1875,2.3410764454288953
skewed,2,156,0.02781247111866152,0.04847549506973735,False,11,0.171875,2.3410764454288953
skewed,2,157,0.004705179370260927,0.008763837995161818,False,12,0.1875,2.3410764454288953
skewed,2,158,0.024631358362873144,0.040932141352013306,False,10,0.15625,2.3410764454288953
skewed,2,159,0.01087219927592995,0.021148858715410588,True,12,0.1875,2.3410764454288953
skewed,2,160,0.010592152161921683,0.01893168663850131,False,12,0.1875,2.3410764454288953
skewed,2,161,0.022532612494688256,0.04277860404279478,True,12,0.1875,2.3410764454288953
skewed,2,162,0.018581721723606105,0.035655833743151864,True,10,0.15625,2.3410764454288953
skewed,2,163,0.012726020347533817,0.022479462373854866,False,12,0.1875,2.3410764454288953
skewed,2,164,0.017086381231568065,0.033788231746732386,False,12,0.1875,2.3410764454288953
skewed,2,165,0.017793277518083996,0.033308375072624435,False,12,0.1875,2.3410764454288953
skewed,2,166,0.010010470754118874,0.019248473943890478,True,11,0.171875,2.3410764454288953
skewed,2,167,0.025751812409811604,0.04535695612346019,False,12,0.1875,2.3410764454288953
skewed,2,168,0.01982327915426908,0.0345496078086441,True,11,0.171875,2.3410764454288953
skewed,2,169,0.013535608382295023,0.021148858715410588,False,12,0.1875,2.3410764454288953
skewed,2,170,0.01285681659084749,0.024678540204920482,False,12,0.1875,2.3410764454288953
skewed,2,171,0.007463703192900627,0.013514110765749376,False,12,0.1875,2.3410764454288953
skewed,2,172,0.010641649115269032,0.02149315293923249,False,9,0.140625,2.3410764454288953
skewed,2,173,0.012699292959805653,0.02187547878372826,False,10,0.15625,2.3410764454288953
skewed,2,174,0.025564685483938865,0.044608858274246495,False,12,0.1875,2.3410764454288953
skewed,2,175,0.014927747082852216,0.029063129775258722,False,11,0.171875,2.3410764454288953
skewed,2,176,0.02614599960961881,0.042757048540585804,True,12,0.1875,2.3410764454288953
skewed,2,177,0.024397779764276335,0.04535695612346019,False,12,0.1875,2.3410764454288953
skewed,2,178,0.019179810268851995,0.036285000969871826,True,12,0.1875,2.3410764454288953
skewed,2,179,0.013773883653238509,0.027650958349895213,True,12,0.1875,2.3410764454288953
skewed,2,180,0.025520642228098685,0.048285575196479684,False,8,0.125,2.3410764454288953
skewed,2,181,0.019213674632275225,0.03567738924536085,True,9,0.140625,2.3410764454288953
skewed,2,182,0.026345242814523228,0.04535695612346019,False,12,0.1875,2.3410764454288953
skewed,2,183,0.008838506238571346,0.0188293527697518,True,12,0.1875,2.3410764454288953
skewed,2,184,0.021682373872265678,0.04177437293719705,False,12,0.1875,2.3410764454288953
skewed,2,185,0.008320778941757782,0.015771101108952836,False,12,0.1875,2.3410764454288953
skewed,2,186,0.009922309564841747,0.019477169321155847,False,11,0.171875,2.3410764454288953
skewed,2,187,0.0032431409285222606,0.005120400022805043,False,12,0.1875,2.3410764454288953
skewed,2,188,0.005442534446880566,0.00996873384855898,True,12,0.1875,2.3410764454288953
skewed,2,189,0.014315223228308055,0.023760649022929868,False,11,0.171875,2.3410764454288953
skewed,2,190,0.01369248385777656,0.024678540204920482,False,12,0.1875,2.3410764454288953
skewed,2,191,0.008288093793352413,0.011975432709471528,True,12,0.1875,2.3410764454288953
skewed,2,192,0.01394889177851633,0.02572523949245554,False,12,0.1875,2.3410764454288953
skewed,2,193,0.008574387691244889,0.015157824901086327,False,10,0.15625,2.3410764454288953
skewed,2,194,0.006530569910124605,0.01267497433138693,True,12,0.1875,2.3410764454288953
skewed,2,195,0.007691836503749322,0.01407603298063001,False,11,0.171875,2.3410764454288953
skewed,2,196,0.011861173532338362,0.02256310934240666,False,12,0.1875,2.3410764454288953
skewed,2,197,0.012273025038748421,0.02128808796058161,False,11,0.171875,2.3410764454288953
skewed,2,198,0.014867129703982093,0.02918378617243786,False,11,0.171875,2.3410764454288953
skewed,2,199,0.021571661119286142,0.040852885185355105,True,12,0.1875,2.3410764454288953
skewed,4,0,0.0031816519061631894,0.006361433154354636,True,19,0.296875,1.6553910298388703
skewed,4,1,0.0032389670472866535,0.005989866827966756,True,18,0.28125,1.6553910298388703
skewed,4,2,0.005264479181510379,0.009811454448342062,True,16,0.25,1.6553910298388703
skewed,4,3,0.0049321956906015815,0.010106648918429833,True,20,0.3125,1.6553910298388703
skewed,4,4,0.007052897470123621,0.013189297580046914,True,21,0.328125,1.6553910298388703
skewed,4,5,0.0074138260696892415,0.01593062622420592,False,16,0.25,1.6553910298388703
skewed,4,6,0.003154413800723966,0.006175730905981322,False,20,0.3125,1.6553910298388703
skewed,4,7,0.022424676410125032,0.04095318622941488,True,17,0.265625,1.6553910298388703
skewed,4,8,0.005432049371685501,0.00994461154772858,False,21,0.328125,1.6553910298388703
skewed,4,9,0.0110618508277269,0.019368116244663197,False,19,0.296875,1.6553910298388703
skewed,4,10,0.013015487063531495,0.02328054474309376,False,20,0.3125,1.6553910298388703
skewed,4,11,0.01721256276017658,0.030101820632231484,True,19,0.296875,1.6553910298388703
skewed,4,12,0.005938348031871126,0.009887838674946657,True,21,0.328125,1.6553910298388703
skewed,4,13,0.0075594920628579915,0.011425888646876041,False,18,0.28125,1.6553910298388703
skewed,4,14,0.008189974848986845,0.013857725585610875,False,21,0.328125,1.6553910298388703
skewed,4,15,0.012384650988721928,0.022415832188147487,False,20,0.3125,1.6553910298388703
skewed,4,16,0.006159534556444708,0.011785307120311938,False,20,0.3125,1.6553910298388703
skewed,4,17,0.018597878407754957,0.03651427672796833,False,19,0.296875,1.6553910298388703
skewed,4,18,0.004261780332588343,0.008422395036162536,True,21,0.328125,1.6553910298388703
skewed,4,19,0.007457414413424752,0.015253293695129098,True,20,0.3125,1.6553910298388703
skewed,4,20,0.007222930658908826,0.012762799315300631,True,21,0.328125,1.6553910298388703
skewed,4,21,0.010925039130893112,0.022500078944451603,False,19,0.296875,1.6553910298388703
skewed,4,22,0.01760947491336454,0.031771534142435005,True,16,0.25,1.6553910298388703
skewed,4,23,0.0044751747486579795,0.008032260035149844,True,20,0.3125,1.6553910298388703
skewed,4,24,0.00730137681876058,0.012407120676749334,False,19,0.296875,1.6553910298388703
skewed,4,25,0.014265929693466885,0.028544185929643452,False,20,0.3125,1.6553910298388703
skewed,4,26,0.006903338188231391,0.011059250541739974,True,17,0.265625,1.6553910298388703
skewed,4,27,0.014792431618555823,0.027129808349787024,True,16,0.25,1.6553910298388703
skewed,4,28,0.011182206607305137,0.02176601611129035,True,20,0.3125,1.6553910298388703
skewed,4,29,0.02423142918175095,0.04541545639051671,False,18,0.28125,1.6553910298388703
skewed,4,30,0.007981871024590236,0.013886042993393393,False,21,0.328125,1.6553910298388703
skewed,4,31,0.010193076424939457,0.019078594109589557,False,20,0.3125,1.6553910298388703
skewed,4,32,0.0038362676687282702,0.007441339281020261,True,19,0.296875,1.6553910298388703
skewed,4,33,0.014418291240803982,0.026583471647602323,True,16,0.25,1.6553910298388703
skewed,4,34,0.0041670109193794255,0.005464221037078231,False,22,0.34375,1.6553910298388703
skewed,4,35,0.001367229377182275,0.0018834754311469748,True,21,0.328125,1.6553910298388703
skewed,4,36,0.008612261713053921,0.012640816789808882,False,17,0.265625,1.6553910298388703
skewed,4,37,0.015928925776281487,0.02914973895461613,True,16,0.25,1.6553910298388703
skewed,4,38,0.005094794833701437,0.008204956748187324,True,19,0.296875,1.6553910298388703
skewed,4,39,0.007027852584469407,0.013432249884981286,False,22,0.34375,1.6553910298388703
skewed,4,40,0.00912970831023822,0.01911317341446363,False,18,0.28125,1.6553910298388703
skewed,4,41,0.006456641674882789,0.012842757167818743,True,21,0.328125,1.6553910298388703
skewed,4,42,0.008288056617247479,0.01667160279314187,False,17,0.265625,1.6553910298388703
skewed,4,43,0.007103337689973436,0.012727437306018578,True,21,0.328125,1.6553910298388703
skewed,4,44,0.0177526124774532,0.03405842361052278,True,17,0.265625,1.6553910298388703
skewed,4,45,0.004456311003322522,0.007115327639291534,False,22,0.34375,1.6553910298388703
skewed,4,46,0.008100008428139526,0.015707434330081857,True,20,0.3125,1.6553910298388703
skewed,4,47,0.006069450139219366,0.010873727993030909,True,21,0.328125,1.6553910298388703
skewed,4,48,0.010040015252544558,0.017074588538928716,False,21,0.328125,1.6553910298388703
skewed,4,49,0.018920009968854654,0.03543591145540903,False,19,0.296875,1.6553910298388703
skewed,4,50,0.016599441428090993,0.026434347813260692,True,17,0.265625,1.6553910298388703
skewed,4,51,0.0043103625216225835,0.007336236210457377,True,18,0.28125,1.6553910298388703
skewed,4,52,0.013426199346816492,0.025713467426052322,True,21,0.328125,1.6553910298388703
skewed,4,53,0.007445423611453203,0.0160449790581733,False,19,0.296875,1.6553910298388703
skewed,4,54,0.008022202215060425,0.013665793007995697,False,21,0.328125,1.6553910298388703
skewed,4,55,0.00458388772339164,0.008355915319641985,True,20,0.3125,1.6553910298388703
skewed,4,56,0.008653432891020333,0.01662704986792897,True,21,0.328125,1.6553910298388703
skewed,4,57,0.00620509427715803,0.012751305246411168,True,19,0.296875,1.6553910298388703
skewed,4,58,0.005718462925567778,0.007517043925661306,True,22,0.34375,1.6553910298388703
skewed,4,59,0.002493336736718168,0.004144600475254553,True,20,0.3125,1.6553910298388703
skewed,4,60,0.007273843708546537,0.012816202387265475,True,19,0.296875,1.6553910298388703
skewed,4,61,0.0183054437281364,0.030332756062802106,True,18,0.28125,1.6553910298388703
skewed,4,62,0.004821843936712572,0.007171995415844075,False,16,0.25,1.6553910298388703
skewed,4,63,0.004022073985986661,0.007190786301290376,False,21,0.328125,1.6553910298388703
skewed,4,64,0.01097298545686585,0.019773435116428026,False,16,0.25,1.6553910298388703
skewed,4,65,0.013366963477356806,0.02556731697938797,False,19,0.296875,1.6553910298388703
skewed,4,66,0.0035710367385644605,0.00602660662773806,True,21,0.328125,1.6553910298388703
skewed,4,67,0.008498075074706327,0.016136793933952183,False,18,0.28125,1.6553910298388703
skewed,4,68,0.004375428792519094,0.0077450444073785,True,20,0.3125,1.6553910298388703
skewed,4,69,0.003251083488245341,0.005172214099933832,False,20,0.3125,1.6553910298388703
skewed,4,70,0.0029789589086616263,0.004873792896573088,True,17,0.265625,1.6553910298388703
skewed,4,71,0.01105773946476184,0.01910575353975878,False,19,0.296875,1.6553910298388703
skewed,4,72,0.013101289619288473,0.025662633724608988,False,22,0.34375,1.6553910298388703
skewed,4,73,0.005557620646039135,0.011650717360819466,True,20,0.3125,1.6553910298388703
skewed,4,74,0.005376632350557403,0.009692742280427585,True,21,0.328125,1.6553910298388703
skewed,4,75,0.013989811298825686,0.022153832870555598,False,19,0.296875,1.6553910298388703
skewed,4,76,0.004124878395463769,0.008321818767145547,True,20,0.3125,1.6553910298388703
skewed,4,77,0.02025603937770273,0.03444489170676704,False,21,0.328125,1.6553910298388703
skewed,4,78,0.003907011736876063,0.007988691903907604,True,18,0.28125,1.6553910298388703
skewed,4,79,0.02427667111097728,0.044541470374445495,False,14,0.21875,1.6553910298388703
skewed,4,80,0.01606150810209611,0.028918234854250296,False,18,0.28125,1.6553910298388703
skewed,4,81,0.018506412801456158,0.03819413940812223,True,15,0.234375,1.6553910298388703
skewed,4,82,0.005060134585347926,0.00815594834112893,False,20,0.3125,1.6553910298388703
skewed,4,83,0.01704788034313242,0.03241980995779484,True,17,0.265625,1.6553910298388703
skewed,4,84,0.010209374042815087,0.01700109879253582,False,21,0.328125,1.6553910298388703
skewed,4,85,0.01574721122080295,0.029810835540506328,True,20,0.3125,1.6553910298388703
skewed,4,86,0.010479983006438558,0.02056349498772444,False,20,0.3125,1.6553910298388703
skewed,4,87,0.022877077495692025,0.042320653683898146,False,19,0.296875,1.6553910298388703
skewed,4,88,0.003580398146640216,0.007387304672903199,True,20,0.3125,1.6553910298388703
skewed,4,89,0.007897352755676155,0.015430268987405753,False,20,0.3125,1.6553910298388703
skewed,4,90,0.008657436910534541,0.017660502394347306,False,17,0.265625,1.6553910298388703
skewed,4,91,0.007274127957068479,0.013956857979576536,False,18,0.28125,1.6553910298388703
skewed,4,92,0.01464089210757484,0.024964805409520535,False,21,0.328125,1.6553910298388703
skewed,4,93,0.00473151091876993,0.009200318094650876,False,17,0.265625,1.6553910298388703
skewed,4,94,0.014404624762968981,0.029233232345463885,True,16,0.25,1.6553910298388703
skewed,4,95,0.0085245006538266,0.013710585611488952,False,20,0.3125,1.6553910298388703
skewed,4,96,0.009532864255167884,0.01627804470473556,True,18,0.28125,1.6553910298388703
skewed,4,97,0.009763202185370724,0.020910852648712525,False,18,0.28125,1.6553910298388703
skewed,4,98,0.010469582026386199,0.021134178374821067,True,19,0.296875,1.6553910298388703
skewed,4,99,0.014641148628108627,0.026752894336511887,False,20,0.3125,1.6553910298388703
skewed,4,100,0.0035192278922996593,0.006475863905932969,False,20,0.3125,1.6553910298388703
skewed,4,101,0.009399212019672346,0.018402297587023674,False,16,0.25,1.6553910298388703
skewed,4,102,0.0068036930495937314,0.014832983457592527,True,20,0.3125,1.6553910298388703
skewed,4,103,0.004868145958771852,0.008517688554987732,True,21,0.328125,1.6553910298388703
skewed,4,104,0.006300782931197946,0.01333231392341393,False,20,0.3125,1.6553910298388703
skewed,4,105,0.007135746626773442,0.012528790307396277,False,17,0.265625,1.6553910298388703
skewed,4,106,0.008144697311050844,0.01468772203009368,False,20,0.3125,1.6553910298388703
skewed,4,107,0.008942680684860479,0.01725758456918103,False,20,0.3125,1.6553910298388703
skewed,4,108,0.006813591759201177,0.012536549634238156,True,20,0.3125,1.6553910298388703
skewed,4,109,0.01642846326372634,0.028292831956164048,True,16,0.25,1.6553910298388703
skewed,4,110,0.004955464114151186,0.010247646935574992,False,18,0.28125,1.6553910298388703
skewed,4,111,0.015815068248545266,0.027622803479932876,False,17,0.265625,1.6553910298388703
skewed,4,112,0.014261312523717672,0.025569234266293782,False,19,0.296875,1.6553910298388703
skewed,4,113,0.009467879813329765,0.017905289153356152,False,19,0.296875,1.6553910298388703
skewed,4,114,0.011870012076826008,0.019271845797735457,True,19,0.296875,1.6553910298388703
skewed,4,115,0.0057016606842971345,0.00715477743654383,False,21,0.328125,1.6553910298388703
skewed,4,116,0.0022628822938439833,0.004417218222749226,False,20,0.3125,1.6553910298388703
skewed,4,117,0.011714812297591323,0.02441137601276904,True,19,0.296875,1.6553910298388703
skewed,4,118,0.016034451994928412,0.02744373508134223,True,21,0.328125,1.6553910298388703
skewed,4,119,0.011897556438521003,0.022382081546703708,True,21,0.328125,1.6553910298388703
skewed,4,120,0.013643654797603004,0.02712694326111873,False,19,0.296875,1.6553910298388703
skewed,4,121,0.004130514286486796,0.008166931164990086,True,21,0.328125,1.6553910298388703
skewed,4,122,0.005101681544493093,0.009497583592413946,False,18,0.28125,1.6553910298388703
skewed,4,123,0.00970233079439588,0.015182464780913594,False,15,0.234375,1.6553910298388703
skewed,4,124,0.018243660728797306,0.03175538249801104,True,20,0.3125,1.6553910298388703
skewed,4,125,0.020262158769660192,0.03504451053310735,False,18,0.28125,1.6553910298388703
skewed,4,126,0.0014729557821603811,0.002731287697660149,True,19,0.296875,1.6553910298388703
skewed,4,127,0.014140964207119733,0.02035446132229478,True,18,0.28125,1.6553910298388703
skewed,4,128,0.010084810251366675,0.02046043206329798,True,17,0.265625,1.6553910298388703
skewed,4,129,0.016525220420357464,0.02974718365899926,False,20,0.3125,1.6553910298388703
skewed,4,130,0.0074077794362277846,0.010090132782523874,True,20,0.3125,1.6553910298388703
skewed,4,131,0.012598075015237159,0.022029630563232934,False,17,0.265625,1.6553910298388703
skewed,4,132,0.008035009143022449,0.017590770138601,False,16,0.25,1.6553910298388703
skewed,4,133,0.012091967117637391,0.021524142579866942,False,21,0.328125,1.6553910298388703
skewed,4,134,0.013415035139474576,0.027126943261118724,False,21,0.328125,1.6553910298388703
skewed,4,135,0.009455868067032394,0.015783985835759167,False,20,0.3125,1.6553910298388703
skewed,4,136,0.018512371383082177,0.03262149106079223,False,18,0.28125,1.6553910298388703
skewed,4,137,0.013212254260880546,0.023107457838309926,True,20,0.3125,1.6553910298388703
skewed,4,138,0.01135949752591075,0.019453089902306334,False,20,0.3125,1.6553910298388703
skewed,4,139,0.016582656348256144,0.026205890377062495,False,18,0.28125,1.6553910298388703
skewed,4,140,0.02018461852459098,0.0373671123642012,True,18,0.28125,1.6553910298388703
skewed,4,141,0.007187739772919238,0.015419491236301262,True,19,0.296875,1.6553910298388703
skewed,4,142,0.009055301796580748,0.016570446896881842,False,19,0.296875,1.6553910298388703
skewed,4,143,0.021387085383337487,0.039840327611601466,True,17,0.265625,1.6553910298388703
skewed,4,144,0.006488445162527892,0.01139940115156906,False,18,0.28125,1.6553910298388703
skewed,4,145,0.005143469471454725,0.008612701188868248,True,21,0.328125,1.6553910298388703
skewed,4,146,0.007923470901921888,0.015656790557014404,False,20,0.3125,1.6553910298388703
skewed,4,147,0.013443658873967848,0.023882119882581904,False,18,0.28125,1.6553910298388703
skewed,4,148,0.02017944570674634,0.03562472061954199,False,19,0.296875,1.6553910298388703
skewed,4,149,0.010711304363921011,0.020545541003269538,True,17,0.265625,1.6553910298388703
skewed,4,150,0.004413163013345712,0.008186376458213723,False,17,0.265625,1.6553910298388703
skewed,4,151,0.007068749783709049,0.013628199643169693,False,19,0.296875,1.6553910298388703
skewed,4,152,0.00988980592185331,0.019703174975459765,False,22,0.34375,1.6553910298388703
skewed,4,153,0.009548425424399374,0.01655479837293257,False,20,0.3125,1.6553910298388703
skewed,4,154,0.011268839268664083,0.018829284412563263,True,21,0.328125,1.6553910298388703
skewed,4,155,0.0041809904646698355,0.00829038457008833,False,20,0.3125,1.6553910298388703
skewed,4,156,0.008937671680612814,0.016712796971824463,True,20,0.3125,1.6553910298388703
skewed,4,157,0.0033234706913493586,0.006999794809945935,True,21,0.328125,1.6553910298388703
skewed,4,158,0.009734839956304375,0.018597348821759258,True,20,0.3125,1.6553910298388703
skewed,4,159,0.003363638304674601,0.006505480287277125,True,22,0.34375,1.6553910298388703
skewed,4,160,0.005350787941151439,0.011347766413409175,False,22,0.34375,1.6553910298388703
skewed,4,161,0.01696895971692578,0.031841792884898815,False,16,0.25,1.6553910298388703
skewed,4,162,0.005068857750694916,0.009550894512020914,False,17,0.265625,1.6553910298388703
skewed,4,163,0.010872042553765431,0.02159320095707106,False,17,0.265625,1.6553910298388703
skewed,4,164,0.006339292874467382,0.011166895432619511,False,20,0.3125,1.6553910298388703
skewed,4,165,0.004554648543435254,0.0065179767732523024,False,20,0.3125,1.6553910298388703
skewed,4,166,0.009780535866758698,0.018581391557310055,True,20,0.3125,1.6553910298388703
skewed,4,167,0.011981260357023535,0.017511017830396373,True,20,0.3125,1.6553910298388703
skewed,4,168,0.0062092576031547875,0.01310575905198637,True,18,0.28125,1.6553910298388703
skewed,4,169,0.004998387286012327,0.009475579131247795,True,18,0.28125,1.6553910298388703
skewed,4,170,0.003007187715328581,0.004839783439049675,False,22,0.34375,1.6553910298388703
skewed,4,171,0.02031858700669198,0.039974196221668847,False,19,0.296875,1.6553910298388703
skewed,4,172,0.006443014411151544,0.011716482415758945,False,19,0.296875,1.6553910298388703
skewed,4,173,0.007053399073396628,0.011222714579383937,False,17,0.265625,1.6553910298388703
skewed,4,174,0.010774062929528282,0.017238297395975852,False,19,0.296875,1.6553910298388703
skewed,4,175,0.009795468540366507,0.014731248722972061,False,18,0.28125,1.6553910298388703
skewed,4,176,0.0056434322114305895,0.009705312998466928,True,16,0.25,1.6553910298388703
skewed,4,177,0.015757375138780196,0.026474752017056354,False,19,0.296875,1.6553910298388703
skewed,4,178,0.02367650264679921,0.042101354993818875,False,17,0.265625,1.6553910298388703
skewed,4,179,0.00756979244458088,0.013410362504802036,False,18,0.28125,1.6553910298388703
skewed,4,180,0.009500057510432187,0.01963241934810564,True,21,0.328125,1.6553910298388703
skewed,4,181,0.001448241631953441,0.0026058986315141645,True,21,0.328125,1.6553910298388703
skewed,4,182,0.007882667448568472,0.014692784599195489,False,21,0.328125,1.6553910298388703
skewed,4,183,0.008310018598420175,0.015515232685846658,False,21,0.328125,1.6553910298388703
skewed,4,184,0.009911455772178895,0.018987390387064706,True,20,0.3125,1.6553910298388703
skewed,4,185,0.0032819072170809428,0.005693462264223712,False,19,0.296875,1.6553910298388703
skewed,4,186,0.00826071363313438,0.01481411996448995,False,19,0.296875,1.6553910298388703
skewed,4,187,0.004663537313683685,0.008002332859356719,False,18,0.28125,1.6553910298388703
skewed,4,188,0.019994148542219294,0.03530569919107092,False,19,0.296875,1.6553910298388703
skewed,4,189,0.012560188580298209,0.022600656162293974,True,21,0.328125,1.6553910298388703
skewed,4,190,0.012312427252021115,0.021996058541780432,False,18,0.28125,1.6553910298388703
skewed,4,191,0.009566634783624118,0.015419491236301262,False,20,0.3125,1.6553910298388703
skewed,4,192,0.0099368626703506,0.017732666134475925,True,19,0.296875,1.6553910298388703
skewed,4,193,0.008885867602562414,0.015139034714023898,True,19,0.296875,1.6553910298388703
skewed,4,194,0.009606048177517562,0.019458502046095803,True,14,0.21875,1.6553910298388703
skewed,4,195,0.008664306611770287,0.01598411211021166,True,22,0.34375,1.6553910298388703
skewed,4,196,0.004231875155385687,0.006953148371528328,True,19,0.296875,1.6553910298388703
skewed,4,197,0.01971546381934708,0.03507649314262218,True,14,0.21875,1.6553910298388703
skewed,4,198,0.007921000255601216,0.012045116182427894,True,19,0.296875,1.6553910298388703
skewed,4,199,0.014805288577451375,0.028638648594307797,False,21,0.328125,1.6553910298388703
skewed,8,0,0.00780835415956389,0.01260244498350033,True,28,0.4375,1.1705382227144476
skewed,8,1,0.003671159851637546,0.006897352077788345,False,33,0.515625,1.1705382227144476
skewed,8,2,0.0064029065650599015,0.010825434286058718,True,30,0.46875,1.1705382227144476
skewed,8,3,0.004705137284560205,0.009298111787932387,False,33,0.515625,1.1705382227144476
skewed,8,4,0.008618458107066601,0.018360490234777732,True,33,0.515625,1.1705382227144476
skewed,8,5,0.010790466730043765,0.018635285263362195,True,32,0.5,1.1705382227144476
skewed,8,6,0.0033111388233566753,0.007197002498551061,True,32,0.5,1.1705382227144476
skewed,8,7,0.010634046279144469,0.018838407913586035,True,33,0.515625,1.1705382227144476
skewed,8,8,0.0026668371029390328,0.004634351507364645,True,32,0.5,1.1705382227144476
skewed,8,9,0.0108000491101805,0.022431237242131467,True,29,0.453125,1.1705382227144476
skewed,8,10,0.004276133645609923,0.00671094549204361,True,32,0.5,1.1705382227144476
skewed,8,11,0.0013524086108562831,0.0020963987962002136,True,32,0.5,1.1705382227144476
skewed,8,12,0.011687787736983738,0.020354728941761224,False,31,0.484375,1.1705382227144476
skewed,8,13,0.01088851637828036,0.02046364628820544,False,31,0.484375,1.1705382227144476
skewed,8,14,0.010414885376170652,0.016795999022065383,True,27,0.421875,1.1705382227144476
skewed,8,15,0.006045255720355174,0.01307458364594944,True,32,0.5,1.1705382227144476
skewed,8,16,0.01462453049218366,0.025778447023398196,False,30,0.46875,1.1705382227144476
skewed,8,17,0.007174308150746729,0.015425410490221938,True,32,0.5,1.1705382227144476
skewed,8,18,0.009348613500146924,0.016326598378498536,False,30,0.46875,1.1705382227144476
skewed,8,19,0.005229586299362853,0.008969736692601253,True,27,0.421875,1.1705382227144476
skewed,8,20,0.006124803485258381,0.01081751488932099,True,30,0.46875,1.1705382227144476
skewed,8,21,0.0035153180137446963,0.0047420392385632525,True,32,0.5,1.1705382227144476
skewed,8,22,0.004770105870634342,0.008438046387557754,True,32,0.5,1.1705382227144476
skewed,8,23,0.0101410846143866,0.020812690806681876,False,26,0.40625,1.1705382227144476
skewed,8,24,0.009605655634230485,0.01770501058880667,False,34,0.53125,1.1705382227144476
skewed,8,25,0.00327669872726095,0.006262486062106771,True,32,0.5,1.1705382227144476
skewed,8,26,0.0036814308575785844,0.004819407127937429,True,35,0.546875,1.1705382227144476
skewed,8,27,0.0036403774528993306,0.007161126117476158,True,27,0.421875,1.1705382227144476
skewed,8,28,0.0039508714808782625,0.007094997267093275,True,35,0.546875,1.1705382227144476
skewed,8,29,0.0023415094679160426,0.003345418372001495,True,29,0.453125,1.1705382227144476
skewed,8,30,0.005947932475733416,0.009920981442959654,False,29,0.453125,1.1705382227144476
skewed,8,31,0.008779960413617638,0.015496844056495184,False,28,0.4375,1.1705382227144476
skewed,8,32,0.00882812204065909,0.016304898282903817,False,31,0.484375,1.1705382227144476
skewed,8,33,0.0034613349254301196,0.0060268918048259346,False,33,0.515625,1.1705382227144476
skewed,8,34,0.0049939035796109435,0.009609357368662367,False,30,0.46875,1.1705382227144476
skewed,8,35,0.006384174342664447,0.012618876440664966,True,31,0.484375,1.1705382227144476
skewed,8,36,0.0020159272445594255,0.003229350696327569,True,31,0.484375,1.1705382227144476
skewed,8,37,0.0017593684003056388,0.0025692556188807412,True,33,0.515625,1.1705382227144476
skewed,8,38,0.003495022743213596,0.00573132545893908,False,31,0.484375,1.1705382227144476
skewed,8,39,0.008870877856093324,0.013284480623577505,False,27,0.421875,1.1705382227144476
skewed,8,40,0.0073190950213361475,0.012595004768803155,True,32,0.5,1.1705382227144476
skewed,8,41,0.0024660744773846843,0.004647771500023858,True,31,0.484375,1.1705382227144476
skewed,8,42,0.016518920898614002,0.030176738411716086,False,32,0.5,1.1705382227144476
skewed,8,43,0.005410202300017119,0.009366326095569264,False,24,0.375,1.1705382227144476
skewed,8,44,0.0036264706462885528,0.005969864296552007,True,29,0.453125,1.1705382227144476
skewed,8,45,0.009689520987024528,0.016022487143249046,False,26,0.40625,1.1705382227144476
skewed,8,46,0.003917347396894372,0.007051464548005945,False,31,0.484375,1.1705382227144476
skewed,8,47,0.010923269494276624,0.019636693408996396,True,25,0.390625,1.1705382227144476
skewed,8,48,0.00438542432804291,0.008001192514871979,True,30,0.46875,1.1705382227144476
skewed,8,49,0.004963190136347532,0.009983863974478193,True,31,0.484375,1.1705382227144476
skewed,8,50,0.006669355964695069,0.011585825019818155,True,30,0.46875,1.1705382227144476
skewed,8,51,0.006641269317789786,0.011360657486686184,False,32,0.5,1.1705382227144476
skewed,8,52,0.006743983171153344,0.0123561383349719,True,27,0.421875,1.1705382227144476
skewed,8,53,0.004507160979495682,0.00780868564608482,False,29,0.453125,1.1705382227144476
skewed,8,54,0.013867799576370349,0.025438139029095454,False,30,0.46875,1.1705382227144476
skewed,8,55,0.0025040158914038046,0.003910229182847787,False,31,0.484375,1.1705382227144476
skewed,8,56,0.0020734400824598373,0.0033070331034428767,False,30,0.46875,1.1705382227144476
skewed,8,57,0.0043558179968408665,0.00877534910443908,False,31,0.484375,1.1705382227144476
skewed,8,58,0.00400083908004809,0.00805778946548097,True,32,0.5,1.1705382227144476
skewed,8,59,0.006812234671335513,0.01318415166652332,True,26,0.40625,1.1705382227144476
skewed,8,60,0.004708494602336428,0.010416309022878774,False,27,0.421875,1.1705382227144476
skewed,8,61,0.004059035854277004,0.007730578454062628,False,32,0.5,1.1705382227144476
skewed,8,62,0.007601643948132076,0.014470964174381047,True,32,0.5,1.1705382227144476
skewed,8,63,0.0033637807109367416,0.006205878833326893,True,32,0.5,1.1705382227144476
skewed,8,64,0.002211353608875428,0.0033231089230763167,True,32,0.5,1.1705382227144476
skewed,8,65,0.001980249201498196,0.002623509388435953,True,30,0.46875,1.1705382227144476
skewed,8,66,0.003400883255917578,0.006611016178988783,True,34,0.53125,1.1705382227144476
skewed,8,67,0.008242136880741088,0.013672698325170016,False,30,0.46875,1.1705382227144476
skewed,8,68,0.012930800058529398,0.02138408975838392,False,27,0.421875,1.1705382227144476
skewed,8,69,0.011486913367752389,0.01940987343590679,False,32,0.5,1.1705382227144476
skewed,8,70,0.0027928264102582787,0.00454936904419688,True,32,0.5,1.1705382227144476
skewed,8,71,0.007453309368557692,0.013150268706778297,True,32,0.5,1.1705382227144476
skewed,8,72,0.0059867945001885435,0.011200687621848851,False,30,0.46875,1.1705382227144476
skewed,8,73,0.005656307519238778,0.012416295014067847,True,34,0.53125,1.1705382227144476
skewed,8,74,0.00928309791548988,0.01668707572006893,True,30,0.46875,1.1705382227144476
skewed,8,75,0.004502371265410852,0.008627431252463161,True,31,0.484375,1.1705382227144476
skewed,8,76,0.008895648809334824,0.016458462328883094,True,30,0.46875,1.1705382227144476
skewed,8,77,0.0018901024856542044,0.0032168861611441765,True,30,0.46875,1.1705382227144476
skewed,8,78,0.011901653974641234,0.022527213813689127,False,32,0.5,1.1705382227144476
skewed,8,79,0.009719135317654275,0.018103593324384215,True,31,0.484375,1.1705382227144476
skewed,8,80,0.006801236814694285,0.01285826727119319,True,30,0.46875,1.1705382227144476
skewed,8,81,0.007737761328144147,0.01682216214794228,False,34,0.53125,1.1705382227144476
skewed,8,82,0.012283069126906562,0.021567071984207424,True,27,0.421875,1.1705382227144476
skewed,8,83,0.008206403856804004,0.014768884432455035,False,31,0.484375,1.1705382227144476
skewed,8,84,0.004118635240307611,0.006705982668970486,True,32,0.5,1.1705382227144476
skewed,8,85,0.009223096915649624,0.016494754567926526,False,32,0.5,1.1705382227144476
skewed,8,86,0.009659737490072703,0.017404342333058084,True,28,0.4375,1.1705382227144476
skewed,8,87,0.0024616395044791267,0.003950009833278721,False,33,0.515625,1.1705382227144476
skewed,8,88,0.0034172521003832126,0.0063098105703167165,True,33,0.515625,1.1705382227144476
skewed,8,89,0.006858006911333762,0.013590791144887432,False,33,0.515625,1.1705382227144476
skewed,8,90,0.009501626741164072,0.01739543934996568,True,31,0.484375,1.1705382227144476
skewed,8,91,0.002236260421565806,0.004272273040563353,True,33,0.515625,1.1705382227144476
skewed,8,92,0.005169208341755788,0.008638573652847922,True,31,0.484375,1.1705382227144476
skewed,8,93,0.00539217502751755,0.008869678717273836,False,34,0.53125,1.1705382227144476
skewed,8,94,0.0016188040098191437,0.002510440852490966,True,34,0.53125,1.1705382227144476
skewed,8,95,0.00337792861192811,0.006582376842593006,False,30,0.46875,1.1705382227144476
skewed,8,96,0.005136062930198911,0.00985926782044386,True,32,0.5,1.1705382227144476
skewed,8,97,0.005879539659462781,0.010002101086762959,False,33,0.515625,1.1705382227144476
skewed,8,98,0.00753514659518715,0.013382506966328638,True,29,0.453125,1.1705382227144476
skewed,8,99,0.003796545177874972,0.005886956783999267,False,27,0.421875,1.1705382227144476
skewed,8,100,0.007240985737855381,0.015410516722078297,False,32,0.5,1.1705382227144476
skewed,8,101,0.002425498525798282,0.004273921458854447,True,32,0.5,1.1705382227144476
skewed,8,102,0.009130826426516922,0.015821457905827854,True,30,0.46875,1.1705382227144476
skewed,8,103,0.009675606139504885,0.01961319202899712,True,31,0.484375,1.1705382227144476
skewed,8,104,0.009439017523085829,0.01922736909772057,True,30,0.46875,1.1705382227144476
skewed,8,105,0.00815021161912386,0.01647182064709956,False,33,0.515625,1.1705382227144476
skewed,8,106,0.010469368457919653,0.018681995052653493,False,32,0.5,1.1705382227144476
skewed,8,107,0.008769091414945598,0.015034871213097193,False,33,0.515625,1.1705382227144476
skewed,8,108,0.006789063973182704,0.010352528978686649,True,30,0.46875,1.1705382227144476
skewed,8,109,0.0028943051895680767,0.0056680773555068745,False,27,0.421875,1.1705382227144476
skewed,8,110,0.0016594551129831842,0.0021989574796299066,True,30,0.46875,1.1705382227144476
skewed,8,111,0.007188859694669648,0.012351593488192458,True,29,0.453125,1.1705382227144476
skewed,8,112,0.005549825300412313,0.009647673238944927,False,31,0.484375,1.1705382227144476
skewed,8,113,0.0068659812878168365,0.013070233686014912,True,33,0.515625,1.1705382227144476
skewed,8,114,0.006848106942735399,0.01349677667696814,False,30,0.46875,1.1705382227144476
skewed,8,115,0.003720372205756038,0.007434317786402175,False,32,0.5,1.1705382227144476
skewed,8,116,0.011405226107096485,0.01913437722275803,True,30,0.46875,1.1705382227144476
skewed,8,117,0.006583744808233388,0.011214703299934884,True,33,0.515625,1.1705382227144476
skewed,8,118,0.015292365853925368,0.027380427028905217,False,29,0.453125,1.1705382227144476
skewed,8,119,0.00332872537720829,0.005016459853929459,True,29,0.453125,1.1705382227144476
skewed,8,120,0.005019302001605449,0.009727009352652766,False,30,0.46875,1.1705382227144476
skewed,8,121,0.0027126691352427693,0.003924935272752086,True,33,0.515625,1.1705382227144476
skewed,8,122,0.0184349511032211,0.035792562520302766,True,29,0.453125,1.1705382227144476
skewed,8,123,0.0024005024363230256,0.004286820088394223,True,30,0.46875,1.1705382227144476
skewed,8,124,0.007132603293994268,0.012106317537351563,False,35,0.546875,1.1705382227144476
skewed,8,125,0.008302278440194563,0.014070184276665558,True,30,0.46875,1.1705382227144476
skewed,8,126,0.012051297076887787,0.02180812872101407,True,27,0.421875,1.1705382227144476
skewed,8,127,0.009084885332385013,0.014854149551743715,True,33,0.515625,1.1705382227144476
skewed,8,128,0.009353060735164651,0.015418417209314653,False,30,0.46875,1.1705382227144476
skewed,8,129,0.0011039007523014983,0.0016604848595966996,True,28,0.4375,1.1705382227144476
skewed,8,130,0.009074364321109224,0.016733391574541914,False,29,0.453125,1.1705382227144476
skewed,8,131,0.007916907290737348,0.014124618750926153,True,29,0.453125,1.1705382227144476
skewed,8,132,0.011792714804223111,0.023233153417201946,True,31,0.484375,1.1705382227144476
skewed,8,133,0.011981553835357841,0.02264869298473885,False,27,0.421875,1.1705382227144476
skewed,8,134,0.005931481874889273,0.012749127617665655,True,25,0.390625,1.1705382227144476
skewed,8,135,0.011981751865230183,0.020221605102311448,False,29,0.453125,1.1705382227144476
skewed,8,136,0.0082731449368223,0.016392132381270817,False,33,0.515625,1.1705382227144476
skewed,8,137,0.014244456881875527,0.025430334617621078,False,30,0.46875,1.1705382227144476
skewed,8,138,0.003124500639019621,0.006035522823737512,True,30,0.46875,1.1705382227144476
skewed,8,139,0.007184243401618365,0.013696637325174269,False,31,0.484375,1.1705382227144476
skewed,8,140,0.006497659973513309,0.011760754316011394,True,34,0.53125,1.1705382227144476
skewed,8,141,0.005286168546249254,0.008264547467954186,True,32,0.5,1.1705382227144476
skewed,8,142,0.00868880703212671,0.01572422017014168,False,30,0.46875,1.1705382227144476
skewed,8,143,0.005520596582067009,0.009618401722418783,True,31,0.484375,1.1705382227144476
skewed,8,144,0.002168994075899123,0.003438068068849427,True,31,0.484375,1.1705382227144476
skewed,8,145,0.0037684390441587753,0.007319220597996369,False,33,0.515625,1.1705382227144476
skewed,8,146,0.006026665577769619,0.010405474317686984,False,33,0.515625,1.1705382227144476
skewed,8,147,0.0034963188053065315,0.006558333373226928,True,27,0.421875,1.1705382227144476
skewed,8,148,0.009959439791029348,0.018386173635312864,True,30,0.46875,1.1705382227144476
skewed,8,149,0.0010369451724894425,0.001957383865754992,True,35,0.546875,1.1705382227144476
skewed,8,150,0.00843810954771475,0.013383241006132465,True,31,0.484375,1.1705382227144476
skewed,8,151,0.01182899936514148,0.023083849209414087,False,35,0.546875,1.1705382227144476
skewed,8,152,0.012797943371727447,0.025414368255740394,False,29,0.453125,1.1705382227144476
skewed,8,153,0.0033325995409614366,0.006273203092789954,False,34,0.53125,1.1705382227144476
skewed,8,154,0.007516572329894667,0.013366166531682174,True,30,0.46875,1.1705382227144476
skewed,8,155,0.003712106171518998,0.006495875672301749,False,35,0.546875,1.1705382227144476
skewed,8,156,0.007425901315437412,0.0126060471415247,False,29,0.453125,1.1705382227144476
skewed,8,157,0.005264524316092167,0.009176237750211882,True,23,0.359375,1.1705382227144476
skewed,8,158,0.006927139556026223,0.01155488369443006,True,29,0.453125,1.1705382227144476
skewed,8,159,0.009306111988593827,0.016761456275262293,False,31,0.484375,1.1705382227144476
skewed,8,160,0.007382778822380422,0.012624121751700473,True,28,0.4375,1.1705382227144476
skewed,8,161,0.004326703743930322,0.00886792217574409,False,30,0.46875,1.1705382227144476
skewed,8,162,0.006927558257263743,0.011937985711910765,True,32,0.5,1.1705382227144476
skewed,8,163,0.0022792014360206976,0.004508804564091421,False,32,0.5,1.1705382227144476
skewed,8,164,0.007303110230405339,0.013665882779392895,False,32,0.5,1.1705382227144476
skewed,8,165,0.0041509833910221075,0.006668436772339932,False,29,0.453125,1.1705382227144476
skewed,8,166,0.002460652893385629,0.004235184726716822,True,26,0.40625,1.1705382227144476
skewed,8,167,0.004802548895692758,0.008379209472701326,False,28,0.4375,1.1705382227144476
skewed,8,168,0.01617891704263523,0.03042479480832299,False,30,0.46875,1.1705382227144476
skewed,8,169,0.011229137420718916,0.01946334484161897,True,32,0.5,1.1705382227144476
skewed,8,170,0.0198616612876983,0.03458705648656645,True,27,0.421875,1.1705382227144476
skewed,8,171,0.00472939383576417,0.009636965091945547,False,23,0.359375,1.1705382227144476
skewed,8,172,0.0037572434558620447,0.008168752292528968,True,30,0.46875,1.1705382227144476
skewed,8,173,0.006540838346582186,0.012781672219937803,False,27,0.421875,1.1705382227144476
skewed,8,174,0.01658822009067349,0.03047038384975613,False,28,0.4375,1.1705382227144476
skewed,8,175,0.004587579539289648,0.009588576131769003,False,36,0.5625,1.1705382227144476
skewed,8,176,0.006075435328998281,0.010442764619369344,True,31,0.484375,1.1705382227144476
skewed,8,177,0.007547742849512095,0.014819899915794217,False,30,0.46875,1.1705382227144476
skewed,8,178,0.0021255474657937605,0.00439575637759191,False,33,0.515625,1.1705382227144476
skewed,8,179,0.005039806499403329,0.008305052866535182,False,27,0.421875,1.1705382227144476
skewed,8,180,0.008708010220822519,0.016654385190413668,True,27,0.421875,1.1705382227144476
skewed,8,181,0.0029638386524464453,0.0058558505495389015,True,33,0.515625,1.1705382227144476
skewed,8,182,0.006366978946498531,0.010881902736028435,False,32,0.5,1.1705382227144476
skewed,8,183,0.005871959502947105,0.010710517513826406,False,28,0.4375,1.1705382227144476
skewed,8,184,0.0022328892822625003,0.0033486169323288526,False,30,0.46875,1.1705382227144476
skewed,8,185,0.002707559316616752,0.0037200597601965554,True,33,0.515625,1.1705382227144476
skewed,8,186,0.008557368945588268,0.014834577311049512,True,27,0.421875,1.1705382227144476
skewed,8,187,0.00409335213526646,0.007583741306798494,False,31,0.484375,1.1705382227144476
skewed,8,188,0.002355906560649024,0.004310217789169915,False,29,0.453125,1.1705382227144476
skewed,8,189,0.0053360521793557976,0.011292603382996773,True,32,0.5,1.1705382227144476
skewed,8,190,0.004366540446774531,0.007017146859876066,True,34,0.53125,1.1705382227144476
skewed,8,191,0.015842120100383338,0.028997399890264265,False,29,0.453125,1.1705382227144476
skewed,8,192,0.005230018471063074,0.00872120881371817,True,28,0.4375,1.1705382227144476
skewed,8,193,0.011386770926614016,0.01735042618783987,True,31,0.484375,1.1705382227144476
skewed,8,194,0.010274547434043178,0.019500208330799407,True,31,0.484375,1.1705382227144476
skewed,8,195,0.004280450236186999,0.009330626222795051,True,32,0.5,1.1705382227144476
skewed,8,196,0.006119453049881234,0.012833207600205974,True,31,0.484375,1.1705382227144476
skewed,8,197,0.012703180368764087,0.02072819838822134,False,29,0.453125,1.1705382227144476
skewed,8,198,0.013331283546576686,0.024105301441608065,False,33,0.515625,1.1705382227144476
skewed,8,199,0.010930802050523443,0.021787137867890403,True,25,0.390625,1.1705382227144476
skewed,16,0,0.005857571150405187,0.01133831417782295,False,48,0.75,0.8276955149194352
skewed,16,1,0.008571619922783562,0.014515815339359292,True,46,0.71875,0.8276955149194352
skewed,16,2,0.0037262386408259273,0.007882211786933505,True,40,0.625,0.8276955149194352
skewed,16,3,0.0022968149449260665,0.0032028596150422035,True,46,0.71875,0.8276955149194352
skewed,16,4,0.0021446152424635556,0.0029934714763555116,False,42,0.65625,0.8276955149194352
skewed,16,5,0.0032760280121667037,0.0061990381006208715,False,46,0.71875,0.8276955149194352
skewed,16,6,0.00243284943951799,0.003999517398484385,True,42,0.65625,0.8276955149194352
skewed,16,7,0.011711265617256118,0.01872386941945329,True,44,0.6875,0.8276955149194352
skewed,16,8,0.002892902842854148,0.0058043054908333575,True,42,0.65625,0.8276955149194352
skewed,16,9,0.0030111549161688476,0.0060381652087301025,True,48,0.75,0.8276955149194352
skewed,16,10,0.0028079329136427213,0.005620793711720758,False,45,0.703125,0.8276955149194352
skewed,16,11,0.003876116935641785,0.007493138988209674,False,44,0.6875,0.8276955149194352
skewed,16,12,0.0010048247489044492,0.0017648737738037955,True,44,0.6875,0.8276955149194352
skewed,16,13,0.0041129998757721605,0.006927667326412489,False,41,0.640625,0.8276955149194352
skewed,16,14,0.0022071685552136695,0.004781940204709002,False,46,0.71875,0.8276955149194352
skewed,16,15,0.00722052969637062,0.01331361210460434,True,47,0.734375,0.8276955149194352
skewed,16,16,0.004745875390397227,0.009925578955400577,True,43,0.671875,0.8276955149194352
skewed,16,17,0.0031381157786967875,0.0044972083057391,False,46,0.71875,0.8276955149194352
skewed,16,18,0.008245771099600726,0.01522851773809142,True,43,0.671875,0.8276955149194352
skewed,16,19,0.00406649361957144,0.007437310465417062,False,47,0.734375,0.8276955149194352
skewed,16,20,0.0019810667471168884,0.002702634291355501,True,47,0.734375,0.8276955149194352
skewed,16,21,0.006648979758777513,0.011249496927081595,False,43,0.671875,0.8276955149194352
skewed,16,22,0.0033563246397371542,0.0057292244544138275,False,40,0.625,0.8276955149194352
skewed,16,23,0.0030340149062825688,0.004783513663157732,True,49,0.765625,0.8276955149194352
skewed,16,24,0.003244781669609282,0.005106710507398981,False,46,0.71875,0.8276955149194352
skewed,16,25,0.0048814981399669805,0.008824732942137422,True,47,0.734375,0.8276955149194352
skewed,16,26,0.0023807804195871253,0.004348300351077122,True,45,0.703125,0.8276955149194352
skewed,16,27,0.007107859515122265,0.013432302930149567,True,42,0.65625,0.8276955149194352
skewed,16,28,0.0018649610291142909,0.0027183946346458245,True,50,0.78125,0.8276955149194352
skewed,16,29,0.008884374107464971,0.014413878471100863,True,40,0.625,0.8276955149194352
skewed,16,30,0.0012067508220438307,0.001655006617608128,True,45,0.703125,0.8276955149194352
skewed,16,31,0.0060673093031665985,0.011773135474154919,True,42,0.65625,0.8276955149194352
skewed,16,32,0.0024277930086985347,0.004718784886097737,True,44,0.6875,0.8276955149194352
skewed,16,33,0.007288293696437755,0.013799758666882829,True,41,0.640625,0.8276955149194352
skewed,16,34,0.004608450673835511,0.008175427288577248,False,40,0.625,0.8276955149194352
skewed,16,35,0.003945381678785484,0.0056498702387875535,True,43,0.671875,0.8276955149194352
skewed,16,36,0.0007878716503880267,0.0013591312251673227,True,50,0.78125,0.8276955149194352
skewed,16,37,0.0044378514469107545,0.008092866855091026,False,43,0.671875,0.8276955149194352
skewed,16,38,0.0057881080700429854,0.009081406780884704,True,46,0.71875,0.8276955149194352
skewed,16,39,0.0042276718968995005,0.007849596378803643,True,48,0.75,0.8276955149194352
skewed,16,40,0.007020433222583052,0.013206273224095129,True,47,0.734375,0.8276955149194352
skewed,16,41,0.0049036518808438494,0.008595806136481357,False,46,0.71875,0.8276955149194352
skewed,16,42,0.004289719496838656,0.0076424130231782204,False,46,0.71875,0.8276955149194352
skewed,16,43,0.0019727054264136144,0.003673315440218884,True,46,0.71875,0.8276955149194352
skewed,16,44,0.0077391326807729685,0.013360458571758922,False,46,0.71875,0.8276955149194352
skewed,16,45,0.005404012770905668,0.009994974693763918,True,45,0.703125,0.8276955149194352
skewed,16,46,0.0021193891694703967,0.003413229432693607,False,42,0.65625,0.8276955149194352
skewed,16,47,0.0024652338018321873,0.0048925746236156455,True,44,0.6875,0.8276955149194352
skewed,16,48,0.0021860082752111244,0.0038821386343923557,False,42,0.65625,0.8276955149194352
skewed,16,49,0.003693365963056038,0.00650146746639136,True,46,0.71875,0.8276955149194352
skewed,16,50,0.002491143993219987,0.0054095153988367554,True,43,0.671875,0.8276955149194352
skewed,16,51,0.009740534940093247,0.016516495383385905,False,44,0.6875,0.8276955149194352
skewed,16,52,0.007784369021240107,0.0142741550260706,True,49,0.765625,0.8276955149194352
skewed,16,53,0.0058516583169707535,0.011038828976270407,False,48,0.75,0.8276955149194352
skewed,16,54,0.003766108290323829,0.0069358016271563565,True,48,0.75,0.8276955149194352
skewed,16,55,0.0046752905484150715,0.009576672590692486,False,43,0.671875,0.8276955149194352
skewed,16,56,0.002831275324817529,0.005234061155231184,True,48,0.75,0.8276955149194352
skewed,16,57,0.0049836182563552335,0.009539690923242949,True,45,0.703125,0.8276955149194352
skewed,16,58,0.00274116681197559,0.004410500237129065,True,44,0.6875,0.8276955149194352
skewed,16,59,0.00487300073898916,0.008876889439949676,True,41,0.640625,0.8276955149194352
skewed,16,60,0.009367824947817982,0.015973637774169387,True,49,0.765625,0.8276955149194352
skewed,16,61,0.004647141121115386,0.009923133138198533,False,44,0.6875,0.8276955149194352
skewed,16,62,0.006894578261027628,0.01376046547654788,False,44,0.6875,0.8276955149194352
skewed,16,63,0.004904424508369318,0.009639478858947198,True,44,0.6875,0.8276955149194352
skewed,16,64,0.0022351419605299095,0.004017796411285572,True,47,0.734375,0.8276955149194352
skewed,16,65,0.002911235998802722,0.005722907956504136,True,43,0.671875,0.8276955149194352
skewed,16,66,0.0043496085362688145,0.0069602732725938385,True,45,0.703125,0.8276955149194352
skewed,16,67,0.0036930768692184928,0.0065853827821526455,False,41,0.640625,0.8276955149194352
skewed,16,68,0.0018483517496755341,0.002408008308964954,True,39,0.609375,0.8276955149194352
skewed,16,69,0.0048975644136660685,0.00866387871701,False,42,0.65625,0.8276955149194352
skewed,16,70,0.006290768243344826,0.01280144953604524,False,47,0.734375,0.8276955149194352
skewed,16,71,0.0028855940171062526,0.00503023070316511,True,42,0.65625,0.8276955149194352
skewed,16,72,0.0014374369983017937,0.002512781937686806,True,45,0.703125,0.8276955149194352
skewed,16,73,0.006870925008116685,0.01123449787158481,False,40,0.625,0.8276955149194352
skewed,16,74,0.006255577314259687,0.011550097589103022,False,41,0.640625,0.8276955149194352
skewed,16,75,0.0038567373173828013,0.008166339977037737,False,44,0.6875,0.8276955149194352
skewed,16,76,0.002068050974659645,0.0035987319607026294,False,46,0.71875,0.8276955149194352
skewed,16,77,0.0006261002342830832,0.0011235012756512786,True,47,0.734375,0.8276955149194352
skewed,16,78,0.012789433006530305,0.023366906704834628,False,41,0.640625,0.8276955149194352
skewed,16,79,0.0030333894963979527,0.006642434322141528,True,45,0.703125,0.8276955149194352
skewed,16,80,0.0019778691930779075,0.0033597359180467558,True,46,0.71875,0.8276955149194352
skewed,16,81,0.011474781188821899,0.0186816695028328,True,43,0.671875,0.8276955149194352
skewed,16,82,0.0024530659489631784,0.0039623635048807535,True,43,0.671875,0.8276955149194352
skewed,16,83,0.0019244638865425585,0.0027989048990909697,False,45,0.703125,0.8276955149194352
skewed,16,84,0.0064465112379596,0.012569817653898509,True,46,0.71875,0.8276955149194352
skewed,16,85,0.003471065845757838,0.006280647886079994,False,45,0.703125,0.8276955149194352
skewed,16,86,0.006985930452419765,0.01075846732602208,True,42,0.65625,0.8276955149194352
skewed,16,87,0.00580226592987205,0.009706313907095029,False,45,0.703125,0.8276955149194352
skewed,16,88,0.0022924023864553337,0.0042391623187951165,False,46,0.71875,0.8276955149194352
skewed,16,89,0.007741293387406196,0.01414971334197135,False,42,0.65625,0.8276955149194352
skewed,16,90,0.0026675660035425843,0.005174667061657147,True,46,0.71875,0.8276955149194352
skewed,16,91,0.0021578601072053303,0.0028878234834482444,True,41,0.640625,0.8276955149194352
skewed,16,92,0.004306778930225399,0.0092004387592046,True,39,0.609375,0.8276955149194352
skewed,16,93,0.004545546847828034,0.008187783020216284,False,42,0.65625,0.8276955149194352
skewed,16,94,0.0023845107839163605,0.00343867889358555,False,48,0.75,0.8276955149194352
skewed,16,95,0.006631120602393258,0.01206094029062141,True,45,0.703125,0.8276955149194352
skewed,16,96,0.00595006742766441,0.010283508546467807,False,48,0.75,0.8276955149194352
skewed,16,97,0.007820800741786782,0.014556648666963172,False,43,0.671875,0.8276955149194352
skewed,16,98,0.0027880256694637322,0.005235163226567096,False,41,0.640625,0.8276955149194352
skewed,16,99,0.005312885438677888,0.009270653668896386,False,47,0.734375,0.8276955149194352
skewed,16,100,0.007390630501289633,0.013444468654853608,False,47,0.734375,0.8276955149194352
skewed,16,101,0.004229143114234993,0.008159730901227855,True,39,0.609375,0.8276955149194352
skewed,16,102,0.004338883238321176,0.008792526426415538,True,39,0.609375,0.8276955149194352
skewed,16,103,0.0056473111766381255,0.008006905234017224,True,46,0.71875,0.8276955149194352
skewed,16,104,0.0028667110266430195,0.00544396892035752,True,41,0.640625,0.8276955149194352
skewed,16,105,0.0025697336734594807,0.0046603882273895305,True,51,0.796875,0.8276955149194352
skewed,16,106,0.002850644669514533,0.005423988280090046,True,41,0.640625,0.8276955149194352
skewed,16,107,0.004977317272927011,0.009690873510531694,False,48,0.75,0.8276955149194352
skewed,16,108,0.00762728970956841,0.013872984339486765,False,47,0.734375,0.8276955149194352
skewed,16,109,0.001857615291251142,0.0037839110293427965,True,45,0.703125,0.8276955149194352
skewed,16,110,0.0036801515999714683,0.006306560036429572,True,49,0.765625,0.8276955149194352
skewed,16,111,0.0039299490904611155,0.006439749132945427,True,43,0.671875,0.8276955149194352
skewed,16,112,0.004912483022577387,0.009537975036482758,True,45,0.703125,0.8276955149194352
skewed,16,113,0.0031076100849100744,0.00448418804842609,True,42,0.65625,0.8276955149194352
skewed,16,114,0.005088965788664404,0.010031842739633302,True,49,0.765625,0.8276955149194352
skewed,16,115,0.0032104414951207973,0.006564321571825335,True,44,0.6875,0.8276955149194352
skewed,16,116,0.004024337348882161,0.006861536187286918,True,47,0.734375,0.8276955149194352
skewed,16,117,0.007102275005205165,0.013264751835001453,True,40,0.625,0.8276955149194352
skewed,16,118,0.006852505508846198,0.012740399583377068,False,43,0.671875,0.8276955149194352
skewed,16,119,0.0014441859765998665,0.0023229865935154408,True,46,0.71875,0.8276955149194352
skewed,16,120,0.0006809229248264746,0.0013814054180557069,True,48,0.75,0.8276955149194352
skewed,16,121,0.004423878104794151,0.008122994265423006,True,45,0.703125,0.8276955149194352
skewed,16,122,0.002353393412162757,0.004527395322840189,True,47,0.734375,0.8276955149194352
skewed,16,123,0.0009061533381501508,0.0014038726051149655,True,46,0.71875,0.8276955149194352
skewed,16,124,0.004299419317268585,0.007288791785724294,True,36,0.5625,0.8276955149194352
skewed,16,125,0.0032149973518062792,0.004668836212961911,False,48,0.75,0.8276955149194352
skewed,16,126,0.0020716988403596186,0.00366710923188146,True,45,0.703125,0.8276955149194352
skewed,16,127,0.005085306895289023,0.0087499855390901,False,45,0.703125,0.8276955149194352
skewed,16,128,0.005906088633665517,0.010605027456925672,False,41,0.640625,0.8276955149194352
skewed,16,129,0.0016709199175639524,0.0027581749364014255,True,46,0.71875,0.8276955149194352
skewed,16,130,0.012002018503245726,0.020830177857518783,True,43,0.671875,0.8276955149194352
skewed,16,131,0.004791721753505368,0.00880664060441043,True,38,0.59375,0.8276955149194352
skewed,16,132,0.005854896271917993,0.010521296029359988,True,42,0.65625,0.8276955149194352
skewed,16,133,0.0025919809488107676,0.004592010538569058,False,47,0.734375,0.8276955149194352
skewed,16,134,0.00632405346652809,0.012051407336267193,True,42,0.65625,0.8276955149194352
skewed,16,135,0.004375824415294474,0.008772635766110315,False,43,0.671875,0.8276955149194352
skewed,16,136,0.002260379707056453,0.004427446250240561,True,44,0.6875,0.8276955149194352
skewed,16,137,0.002087038268521211,0.003845087230561232,True,43,0.671875,0.8276955149194352
skewed,16,138,0.002647264691100166,0.005356947920351017,True,43,0.671875,0.8276955149194352
skewed,16,139,0.005319954657186392,0.009649041343759594,True,44,0.6875,0.8276955149194352
skewed,16,140,0.0026945546603603402,0.005108446358706845,False,43,0.671875,0.8276955149194352
skewed,16,141,0.004671840241132027,0.008178135842378316,True,49,0.765625,0.8276955149194352
skewed,16,142,0.007576095450529415,0.015210505249780813,True,46,0.71875,0.8276955149194352
skewed,16,143,0.001913915568134581,0.0029260308893489517,True,46,0.71875,0.8276955149194352
skewed,16,144,0.003589409406316512,0.007690449156172173,True,42,0.65625,0.8276955149194352
skewed,16,145,0.009262820079274038,0.0164571629527116,False,46,0.71875,0.8276955149194352
skewed,16,146,0.0031297194427111577,0.005607984006704963,False,42,0.65625,0.8276955149194352
skewed,16,147,0.0069454741118120805,0.012513587615439468,True,43,0.671875,0.8276955149194352
skewed,16,148,0.0011719216592951138,0.0015019569827682865,True,43,0.671875,0.8276955149194352
skewed,16,149,0.004448677590827591,0.009157651989583236,False,42,0.65625,0.8276955149194352
skewed,16,150,0.012090085249425134,0.021441417113553834,False,43,0.671875,0.8276955149194352
skewed,16,151,0.003193711900204219,0.0054931189981866566,False,43,0.671875,0.8276955149194352
skewed,16,152,0.005180085299966187,0.009321518177734037,True,44,0.6875,0.8276955149194352
skewed,16,153,0.005833611321455159,0.012262433207227608,True,44,0.6875,0.8276955149194352
skewed,16,154,0.0026424952467169476,0.004244910312580161,False,44,0.6875,0.8276955149194352
skewed,16,155,0.006905294075126216,0.01377574540908953,False,43,0.671875,0.8276955149194352
skewed,16,156,0.008128262932152337,0.01612890340382686,False,46,0.71875,0.8276955149194352
skewed,16,157,0.0018410676414771711,0.003194545850162069,True,49,0.765625,0.8276955149194352
skewed,16,158,0.003594090938150812,0.006138018475624198,False,45,0.703125,0.8276955149194352
skewed,16,159,0.0035343640551585244,0.005830178106427809,True,48,0.75,0.8276955149194352
skewed,16,160,0.006887084124148635,0.013794980938869933,True,42,0.65625,0.8276955149194352
skewed,16,161,0.007650313480580927,0.012253170543427788,True,45,0.703125,0.8276955149194352
skewed,16,162,0.00231577772162307,0.004531035800976881,True,42,0.65625,0.8276955149194352
skewed,16,163,0.006341951545275682,0.010201079218729467,False,46,0.71875,0.8276955149194352
skewed,16,164,0.005774054381867982,0.01237821417964348,True,45,0.703125,0.8276955149194352
skewed,16,165,0.008674471550738088,0.01579335166774057,True,45,0.703125,0.8276955149194352
skewed,16,166,0.006681909947229971,0.014232249228937614,True,38,0.59375,0.8276955149194352
skewed,16,167,0.009674643798360026,0.016373123976296387,True,46,0.71875,0.8276955149194352
skewed,16,168,0.0050360145417212236,0.007634710163084469,True,44,0.6875,0.8276955149194352
skewed,16,169,0.0019378811950651865,0.0032621978281173747,True,45,0.703125,0.8276955149194352
skewed,16,170,0.005398274335631353,0.010670835877962949,True,45,0.703125,0.8276955149194352
skewed,16,171,0.006930058213773079,0.013125642266549971,True,44,0.6875,0.8276955149194352
skewed,16,172,0.006771461090644926,0.01225432459150403,True,49,0.765625,0.8276955149194352
skewed,16,173,0.00783330147924263,0.014647469886519675,False,45,0.703125,0.8276955149194352
skewed,16,174,0.001424705593340276,0.0019000844761388573,True,46,0.71875,0.8276955149194352
skewed,16,175,0.007511130744907777,0.012738299541894987,False,43,0.671875,0.8276955149194352
skewed,16,176,0.003353957852571518,0.0069366664436148265,False,47,0.734375,0.8276955149194352
skewed,16,177,0.00475385906413934,0.008260607587030346,False,47,0.734375,0.8276955149194352
skewed,16,178,0.001943575995575581,0.0036649324817241355,True,46,0.71875,0.8276955149194352
skewed,16,179,0.0020123137605280537,0.0026100356553425373,True,39,0.609375,0.8276955149194352
skewed,16,180,0.006024235016980413,0.011433027649743053,True,48,0.75,0.8276955149194352
skewed,16,181,0.004403317449579533,0.008405505696030309,False,39,0.609375,0.8276955149194352
skewed,16,182,0.003246946389876322,0.006632185315187049,False,46,0.71875,0.8276955149194352
skewed,16,183,0.008270099311072285,0.014484198102346427,True,45,0.703125,0.8276955149194352
skewed,16,184,0.0021437604107726934,0.0042317610677098175,False,49,0.765625,0.8276955149194352
skewed,16,185,0.0027399724832332536,0.004240459114840823,False,48,0.75,0.8276955149194352
skewed,16,186,0.006568694132662784,0.011914446237522304,True,40,0.625,0.8276955149194352
skewed,16,187,0.0014636341514613046,0.0026762323634887918,True,43,0.671875,0.8276955149194352
skewed,16,188,0.0024865459822418796,0.005277636715572961,False,43,0.671875,0.8276955149194352
skewed,16,189,0.003686609732427218,0.006789391798544795,False,46,0.71875,0.8276955149194352
skewed,16,190,0.0027968885742393618,0.005335083416456488,False,47,0.734375,0.8276955149194352
skewed,16,191,0.006467868054617889,0.01315381616818667,True,40,0.625,0.8276955149194352
skewed,16,192,0.003413418662157598,0.006347762308638429,True,44,0.6875,0.8276955149194352
skewed,16,193,0.008425453873171158,0.015968231328504216,True,44,0.6875,0.8276955149194352
skewed,16,194,0.005021405482738655,0.008691099273506697,True,43,0.671875,0.8276955149194352
skewed,16,195,0.011478990352423774,0.020922549517731932,False,40,0.625,0.8276955149194352
skewed,16,196,0.007499374162339907,0.014881160879386422,False,44,0.6875,0.8276955149194352
skewed,16,197,0.00996457710875762,0.017708692606451575,False,45,0.703125,0.8276955149194352
skewed,16,198,0.0022467915169357565,0.0031346692006665317,True,42,0.65625,0.8276955149194352
skewed,16,199,0.0022261863655929936,0.0038319223879898986,False,47,0.734375,0.8276955149194352
skewed,32,0,0.0033879261770288845,0.0053428555951727085,True,58,0.90625,0.5852691113572238
skewed,32,1,0.0017460700212479135,0.002787516387986237,True,59,0.921875,0.5852691113572238
skewed,32,2,0.003771029782718464,0.005980456038790924,False,55,0.859375,0.5852691113572238
skewed,32,3,0.002239330067258837,0.00407461121424639,False,57,0.890625,0.5852691113572238
skewed,32,4,0.0026361917934323736,0.005579264168129122,True,58,0.90625,0.5852691113572238
skewed,32,5,0.001044633643853868,0.001525513388781926,True,60,0.9375,0.5852691113572238
skewed,32,6,0.004284566447284496,0.007359594612157003,True,56,0.875,0.5852691113572238
skewed,32,7,0.00920902280297104,0.01570719029701892,False,48,0.75,0.5852691113572238
skewed,32,8,0.0010078232798996676,0.0016093559671203038,True,59,0.921875,0.5852691113572238
skewed,32,9,0.0031167832716045172,0.0062769149102450735,True,53,0.828125,0.5852691113572238
skewed,32,10,0.0036791365246536725,0.005086614797478728,False,55,0.859375,0.5852691113572238
skewed,32,11,0.0037052265102996023,0.005533940408595381,False,59,0.921875,0.5852691113572238
skewed,32,12,0.0018073714367137386,0.0027737521793281643,True,57,0.890625,0.5852691113572238
skewed,32,13,0.006575105765951126,0.012478200517450464,True,58,0.90625,0.5852691113572238
skewed,32,14,0.0013187278591072031,0.002685834247109265,True,57,0.890625,0.5852691113572238
skewed,32,15,0.0013450631838710498,0.0024601503983367884,True,58,0.90625,0.5852691113572238
skewed,32,16,0.004396500290146461,0.007991048254384436,True,60,0.9375,0.5852691113572238
skewed,32,17,0.004345437966530253,0.007679610118456633,False,59,0.921875,0.5852691113572238
skewed,32,18,0.003667994034961476,0.005877643796856305,False,58,0.90625,0.5852691113572238
skewed,32,19,0.0031633692422204226,0.005756317139142129,True,58,0.90625,0.5852691113572238
skewed,32,20,0.0023053046343748627,0.00410323734103278,True,62,0.96875,0.5852691113572238
skewed,32,21,0.0046393089701853565,0.007676372405176983,True,58,0.90625,0.5852691113572238
skewed,32,22,0.004784127561547647,0.009021766800867472,False,60,0.9375,0.5852691113572238
skewed,32,23,0.001857395973166175,0.0031653272027015456,True,56,0.875,0.5852691113572238
skewed,32,24,0.00775526669494289,0.015750314666485986,False,59,0.921875,0.5852691113572238
skewed,32,25,0.002100235845101192,0.0038111381628515052,True,59,0.921875,0.5852691113572238
skewed,32,26,0.0020756401562691935,0.0037143737445258958,False,58,0.90625,0.5852691113572238
skewed,32,27,0.010368896292619457,0.018067612693355307,False,55,0.859375,0.5852691113572238
skewed,32,28,0.005235872747048884,0.009045948260977087,False,55,0.859375,0.5852691113572238
skewed,32,29,0.003644653913370609,0.005918901918061081,True,59,0.921875,0.5852691113572238
skewed,32,30,0.003082853247208655,0.006235875190801373,True,52,0.8125,0.5852691113572238
skewed,32,31,0.004491278388038177,0.007971742697065201,False,54,0.84375,0.5852691113572238
skewed,32,32,0.001377394732595701,0.002627760608733879,True,56,0.875,0.5852691113572238
skewed,32,33,0.001179262044081212,0.0019685794221963177,True,58,0.90625,0.5852691113572238
skewed,32,34,0.0017584685725709269,0.003400792961226945,False,58,0.90625,0.5852691113572238
skewed,32,35,0.0032639695930143458,0.0067266717158031425,False,58,0.90625,0.5852691113572238
skewed,32,36,0.003144214104940324,0.005254925808347896,True,60,0.9375,0.5852691113572238
skewed,32,37,0.0017244538977452984,0.0029517776958618708,True,60,0.9375,0.5852691113572238
skewed,32,38,0.0014713970293301264,0.002736443961016832,True,58,0.90625,0.5852691113572238
skewed,32,39,0.0026052114339482715,0.004248922043962261,True,56,0.875,0.5852691113572238
skewed,32,40,0.0024020664215668192,0.004772090377992911,False,59,0.921875,0.5852691113572238
skewed,32,41,0.001661849224556453,0.003122212821999604,True,57,0.890625,0.5852691113572238
skewed,32,42,0.004525401901934872,0.008251733195149137,False,58,0.90625,0.5852691113572238
skewed,32,43,0.001829226415807414,0.002947963923431364,False,53,0.828125,0.5852691113572238
skewed,32,44,0.0036146973482943153,0.005971901947201709,True,57,0.890625,0.5852691113572238
skewed,32,45,0.003967815643706066,0.007590862662410703,True,56,0.875,0.5852691113572238
skewed,32,46,0.002693390828867686,0.004179294369262242,True,60,0.9375,0.5852691113572238
skewed,32,47,0.004446560979305764,0.007619797014852301,True,58,0.90625,0.5852691113572238
skewed,32,48,0.001235889010949617,0.0024465079847425727,True,58,0.90625,0.5852691113572238
skewed,32,49,0.0011157581279446604,0.0018158483031072694,True,59,0.921875,0.5852691113572238
skewed,32,50,0.0034416074582092862,0.006031525618588234,False,50,0.78125,0.5852691113572238
skewed,32,51,0.0011604187950848117,0.002210505754078062,True,58,0.90625,0.5852691113572238
skewed,32,52,0.0010989247815446283,0.001526249578295012,True,59,0.921875,0.5852691113572238
skewed,32,53,0.004293063502047824,0.008587232735574355,False,64,1.0,0.5852691113572238
skewed,32,54,0.0035891937352342984,0.006745978677084943,False,59,0.921875,0.5852691113572238
skewed,32,55,0.009317915787751527,0.0184848454087021,False,56,0.875,0.5852691113572238
skewed,32,56,0.0021868324854845225,0.0036104316686899713,True,55,0.859375,0.5852691113572238
skewed,32,57,0.0033960884895076664,0.00683304361178259,True,59,0.921875,0.5852691113572238
skewed,32,58,0.0018744442502304896,0.00300872883346734,False,54,0.84375,0.5852691113572238
skewed,32,59,0.005422162094088506,0.009312058019625343,True,57,0.890625,0.5852691113572238
skewed,32,60,0.0031499330683955546,0.005829913355894511,False,57,0.890625,0.5852691113572238
skewed,32,61,0.0035850794043819044,0.005733565408140443,True,55,0.859375,0.5852691113572238
skewed,32,62,0.004418062432200922,0.009162140067827937,True,60,0.9375,0.5852691113572238
skewed,32,63,0.0024767833017032867,0.003927663957529286,False,55,0.859375,0.5852691113572238
skewed,32,64,0.0030185966933915743,0.006423052625226355,True,56,0.875,0.5852691113572238
skewed,32,65,0.003082846475077991,0.006392439493165793,False,56,0.875,0.5852691113572238
skewed,32,66,0.0018676290987023776,0.003727638179092047,True,61,0.953125,0.5852691113572238
skewed,32,67,0.0033203359867348126,0.006146422905034497,True,57,0.890625,0.5852691113572238
skewed,32,68,0.0021631198263004515,0.004548367797317127,False,57,0.890625,0.5852691113572238
skewed,32,69,0.006168633309682175,0.009858010429065756,True,54,0.84375,0.5852691113572238
skewed,32,70,0.002235429693636839,0.0037369365178265,True,57,0.890625,0.5852691113572238
skewed,32,71,0.0021274073249453523,0.004305527214636819,False,56,0.875,0.5852691113572238
skewed,32,72,0.0012964034864052397,0.0024980657849083925,True,55,0.859375,0.5852691113572238
skewed,32,73,0.0031338776321803196,0.00594073081246759,True,57,0.890625,0.5852691113572238
skewed,32,74,0.001337598767399986,0.0025148124784402856,True,61,0.953125,0.5852691113572238
skewed,32,75,0.0031089045860616896,0.005696657259605973,False,56,0.875,0.5852691113572238
skewed,32,76,0.0065378032971067585,0.011397709628119588,False,58,0.90625,0.5852691113572238
skewed,32,77,0.0012576576699197654,0.0015418628285375833,True,54,0.84375,0.5852691113572238
skewed,32,78,0.003041385773878472,0.005614833941565513,False,58,0.90625,0.5852691113572238
skewed,32,79,0.0016285320190915851,0.002803644207478224,True,50,0.78125,0.5852691113572238
skewed,32,80,0.0033320823900597537,0.006601889913834931,False,56,0.875,0.5852691113572238
skewed,32,81,0.003421216431570327,0.007293167287811278,False,55,0.859375,0.5852691113572238
skewed,32,82,0.002282399106066386,0.004412418382908897,True,54,0.84375,0.5852691113572238
skewed,32,83,0.0015689000492009578,0.0022995096629492527,True,59,0.921875,0.5852691113572238
skewed,32,84,0.001881447727393956,0.0027850134677799253,True,58,0.90625,0.5852691113572238
skewed,32,85,0.006607860184891554,0.01337107215321083,False,54,0.84375,0.5852691113572238
skewed,32,86,0.00331625472956803,0.007172122265320248,False,57,0.890625,0.5852691113572238
skewed,32,87,0.002910795080635021,0.006091615942308356,True,52,0.8125,0.5852691113572238
skewed,32,88,0.001800701241859075,0.003137686833124827,True,56,0.875,0.5852691113572238
skewed,32,89,0.002447646939539675,0.005197376937556411,True,56,0.875,0.5852691113572238
skewed,32,90,0.004507942107889819,0.00902812832328885,True,59,0.921875,0.5852691113572238
skewed,32,91,0.008465947796986594,0.014272531288652324,False,52,0.8125,0.5852691113572238
skewed,32,92,0.003364989394619874,0.006392294407778328,True,59,0.921875,0.5852691113572238
skewed,32,93,0.0012287254048015228,0.0018496647267418143,True,57,0.890625,0.5852691113572238
skewed,32,94,0.0015506575144186056,0.0032328063986309524,True,61,0.953125,0.5852691113572238
skewed,32,95,0.0017869805568501932,0.002390247887377406,True,59,0.921875,0.5852691113572238
skewed,32,96,0.0016315197461464095,0.00312097582340793,True,58,0.90625,0.5852691113572238
skewed,32,97,0.0034735649705180845,0.0057145969585661125,False,55,0.859375,0.5852691113572238
skewed,32,98,0.0032703014118772022,0.005681955610395976,False,57,0.890625,0.5852691113572238
skewed,32,99,0.005409608867723944,0.009513296906566633,True,54,0.84375,0.5852691113572238
skewed,32,100,0.002064984671567138,0.0042351283929573285,True,57,0.890625,0.5852691113572238
skewed,32,101,0.005772246381361083,0.011908638750520303,True,59,0.921875,0.5852691113572238
skewed,32,102,0.0011758368439643337,0.0020549097404735893,True,57,0.890625,0.5852691113572238
skewed,32,103,0.0033603404196006032,0.006019556627560447,True,62,0.96875,0.5852691113572238
skewed,32,104,0.005286530514098582,0.010451809841038764,True,56,0.875,0.5852691113572238
skewed,32,105,0.001464436270028124,0.002691998862857845,False,56,0.875,0.5852691113572238
skewed,32,106,0.0028671253055722896,0.005338859353015615,True,61,0.953125,0.5852691113572238
skewed,32,107,0.007034027000476008,0.012233829831924179,True,59,0.921875,0.5852691113572238
skewed,32,108,0.006042839481675568,0.011499082165143797,False,56,0.875,0.5852691113572238
skewed,32,109,0.0035144189540384746,0.006104183505763139,True,57,0.890625,0.5852691113572238
skewed,32,110,0.0020739207398938436,0.004165258568226873,True,55,0.859375,0.5852691113572238
skewed,32,111,0.002582460245177286,0.004927645715402339,True,52,0.8125,0.5852691113572238
skewed,32,112,0.0031547714014744242,0.005449046702311581,True,57,0.890625,0.5852691113572238
skewed,32,113,0.0025431085232875596,0.004465364928495403,True,57,0.890625,0.5852691113572238
skewed,32,114,0.006148436752048775,0.011518903351108604,False,57,0.890625,0.5852691113572238
skewed,32,115,0.0034940477296700346,0.0058479367632049105,False,56,0.875,0.5852691113572238
skewed,32,116,0.0033613337209139225,0.0066066247268126675,False,59,0.921875,0.5852691113572238
skewed,32,117,0.0024303739048206394,0.004281061433262876,False,58,0.90625,0.5852691113572238
skewed,32,118,0.002060955770888964,0.004195154707687873,False,54,0.84375,0.5852691113572238
skewed,32,119,0.0007186156666810384,0.0015033364960502851,True,60,0.9375,0.5852691113572238
skewed,32,120,0.0019792382816603495,0.004155476022665133,True,56,0.875,0.5852691113572238
skewed,32,121,0.001575237432848357,0.002642711772084934,True,60,0.9375,0.5852691113572238
skewed,32,122,0.0054723011299870694,0.009214189668293633,True,59,0.921875,0.5852691113572238
skewed,32,123,0.0010876331503192787,0.002046808343381088,True,59,0.921875,0.5852691113572238
skewed,32,124,0.005069804959456708,0.0097720322282678,True,53,0.828125,0.5852691113572238
skewed,32,125,0.002210392052780574,0.004532957595072809,True,59,0.921875,0.5852691113572238
skewed,32,126,0.0026900512167202244,0.004982010384572806,True,55,0.859375,0.5852691113572238
skewed,32,127,0.003520526893960399,0.005906643274159928,True,57,0.890625,0.5852691113572238
skewed,32,128,0.0016244274125181198,0.0030571039017932983,True,56,0.875,0.5852691113572238
skewed,32,129,0.003396021762519981,0.004703565534322829,False,57,0.890625,0.5852691113572238
skewed,32,130,0.003105738253017233,0.005694198948752626,True,56,0.875,0.5852691113572238
skewed,32,131,0.0013131509297393525,0.00244894603872221,True,59,0.921875,0.5852691113572238
skewed,32,132,0.0023934281844686365,0.004132138324213521,True,58,0.90625,0.5852691113572238
skewed,32,133,0.004139919845811638,0.007679400860656795,False,59,0.921875,0.5852691113572238
skewed,32,134,0.006983563658264466,0.012360398405060353,False,55,0.859375,0.5852691113572238
skewed,32,135,0.008533432733240295,0.01596445436335537,True,57,0.890625,0.5852691113572238
skewed,32,136,0.0023056171353076005,0.0043243944357686005,True,59,0.921875,0.5852691113572238
skewed,32,137,0.002384834045292804,0.0031981374463961564,False,54,0.84375,0.5852691113572238
skewed,32,138,0.0019459896598218846,0.0029317384230771286,True,59,0.921875,0.5852691113572238
skewed,32,139,0.0008573861410997237,0.0015295978750205184,True,59,0.921875,0.5852691113572238
skewed,32,140,0.0028442207949393823,0.005399942876656332,True,59,0.921875,0.5852691113572238
skewed,32,141,0.003682400829192288,0.005799574762070821,True,58,0.90625,0.5852691113572238
skewed,32,142,0.0010973865771804936,0.0018318710788840262,True,61,0.953125,0.5852691113572238
skewed,32,143,0.0073406435040837105,0.012406816936982498,False,57,0.890625,0.5852691113572238
skewed,32,144,0.004188193836921134,0.0074678365827399625,False,59,0.921875,0.5852691113572238
skewed,32,145,0.003904909597801011,0.007549305714711666,True,53,0.828125,0.5852691113572238
skewed,32,146,0.0019526226850123056,0.002786479252395703,True,54,0.84375,0.5852691113572238
skewed,32,147,0.007007760745395469,0.013134236282776046,True,52,0.8125,0.5852691113572238
skewed,32,148,0.0019475991201623045,0.0027808681496974096,True,58,0.90625,0.5852691113572238
skewed,32,149,0.004438446506732759,0.008532023749387404,True,59,0.921875,0.5852691113572238
skewed,32,150,0.0028133404690612023,0.00540465980010018,False,55,0.859375,0.5852691113572238
skewed,32,151,0.0045097661262263325,0.008985104821115936,True,60,0.9375,0.5852691113572238
skewed,32,152,0.0018392755789133465,0.0037668289768255474,True,57,0.890625,0.5852691113572238
skewed,32,153,0.0017788830616912278,0.0032002675376332675,True,58,0.90625,0.5852691113572238
skewed,32,154,0.005235926151669578,0.010114195392354556,False,54,0.84375,0.5852691113572238
skewed,32,155,0.0027619818408269755,0.005720814802679568,True,58,0.90625,0.5852691113572238
skewed,32,156,0.00409947247263161,0.008638261264223401,True,57,0.890625,0.5852691113572238
skewed,32,157,0.002682904308107154,0.00525371426053009,True,55,0.859375,0.5852691113572238
skewed,32,158,0.0020656758883181906,0.0035144818434804694,True,57,0.890625,0.5852691113572238
skewed,32,159,0.0018218950784152598,0.0026118802921279707,False,60,0.9375,0.5852691113572238
skewed,32,160,0.006098020892048248,0.012019856297132718,True,60,0.9375,0.5852691113572238
skewed,32,161,0.002176606557053291,0.00421390051422274,True,59,0.921875,0.5852691113572238
skewed,32,162,0.001535067231728399,0.0022963264326933876,True,54,0.84375,0.5852691113572238
skewed,32,163,0.00263063067384083,0.0044706785321262585,False,57,0.890625,0.5852691113572238
skewed,32,164,0.003389390844945602,0.005887716938004892,True,53,0.828125,0.5852691113572238
skewed,32,165,0.0025019669993468397,0.005210786130879219,True,59,0.921875,0.5852691113572238
skewed,32,166,0.0024761100548957244,0.005117052675989317,True,57,0.890625,0.5852691113572238
skewed,32,167,0.0027788484674018546,0.004739077886144593,True,56,0.875,0.5852691113572238
skewed,32,168,0.004155538761484257,0.007106726831147915,False,54,0.84375,0.5852691113572238
skewed,32,169,0.007999910425511608,0.015128074451883978,False,57,0.890625,0.5852691113572238
skewed,32,170,0.004021851524976343,0.008086413484993726,True,59,0.921875,0.5852691113572238
skewed,32,171,0.0045491311243260205,0.009372688700898359,False,54,0.84375,0.5852691113572238
skewed,32,172,0.005328647429489107,0.009863513179875123,True,58,0.90625,0.5852691113572238
skewed,32,173,0.0016483326574467186,0.003030598966000546,False,58,0.90625,0.5852691113572238
skewed,32,174,0.004025062131456,0.007627173330077258,False,54,0.84375,0.5852691113572238
skewed,32,175,0.004463847470501014,0.007631518953093632,False,56,0.875,0.5852691113572238
skewed,32,176,0.004463494483303164,0.007895438192866693,False,59,0.921875,0.5852691113572238
skewed,32,177,0.003902633978655101,0.006582520099157978,False,55,0.859375,0.5852691113572238
skewed,32,178,0.00975015407381591,0.018304239525924394,False,52,0.8125,0.5852691113572238
skewed,32,179,0.0019518760935977818,0.00346634274775081,True,54,0.84375,0.5852691113572238
skewed,32,180,0.0024259406781285365,0.0043828877723744615,True,56,0.875,0.5852691113572238
skewed,32,181,0.002497142139223539,0.0047877524408426915,True,58,0.90625,0.5852691113572238
skewed,32,182,0.006099265345001748,0.011010575596760106,False,50,0.78125,0.5852691113572238
skewed,32,183,0.003277193148243427,0.0053114633103708685,True,57,0.890625,0.5852691113572238
skewed,32,184,0.0017634963694484257,0.0033472530738710912,True,57,0.890625,0.5852691113572238
skewed,32,185,0.0022488416068123093,0.0037904197801664884,True,57,0.890625,0.5852691113572238
skewed,32,186,0.0038641373635998604,0.007659229916449246,True,58,0.90625,0.5852691113572238
skewed,32,187,0.002669941751453335,0.0046472807331507954,True,56,0.875,0.5852691113572238
skewed,32,188,0.0022855278215156375,0.00416761883230728,True,57,0.890625,0.5852691113572238
skewed,32,189,0.0025719201260277886,0.004448044537892671,True,60,0.9375,0.5852691113572238
skewed,32,190,0.0012438031507613627,0.0018893520679828073,True,57,0.890625,0.5852691113572238
skewed,32,191,0.0016055074300141577,0.003118151229086843,True,56,0.875,0.5852691113572238
skewed,32,192,0.001799443437894028,0.003068446106513901,False,54,0.84375,0.5852691113572238
skewed,32,193,0.0025267716704321023,0.004757167679007588,True,58,0.90625,0.5852691113572238
skewed,32,194,0.002120591918796368,0.004363926682815818,True,56,0.875,0.5852691113572238
skewed,32,195,0.0023467249799768463,0.004169535651519805,True,56,0.875,0.5852691113572238
skewed,32,196,0.0046689716411802236,0.007963996087824263,False,58,0.90625,0.5852691113572238
skewed,32,197,0.0029022850552386254,0.004809135289714685,False,58,0.90625,0.5852691113572238
skewed,32,198,0.002692044094602833,0.004020296464921766,False,59,0.921875,0.5852691113572238
skewed,32,199,0.0020527632657251337,0.004337850625502883,True,56,0.875,0.5852691113572238
skewed,64,0,0.002323845746232795,0.004580362707436154,True,58,0.90625,0.4138477574597176
skewed,64,1,0.005494123030687032,0.00935120880311005,True,64,1.0,0.4138477574597176
skewed,64,2,0.003532132069955575,0.006500105169534736,False,62,0.96875,0.4138477574597176
skewed,64,3,0.001132241596819717,0.002213775664497524,True,64,1.0,0.4138477574597176
skewed,64,4,0.0023886958405276316,0.003751074802901093,True,63,0.984375,0.4138477574597176
skewed,64,5,0.005620158659198194,0.010101230209148139,False,63,0.984375,0.4138477574597176
skewed,64,6,0.0018089098451020034,0.0037242291094592705,False,64,1.0,0.4138477574597176
skewed,64,7,0.0011387458813163951,0.0020019505542891204,True,64,1.0,0.4138477574597176
skewed,64,8,0.002541199401700487,0.00540020873354759,True,63,0.984375,0.4138477574597176
skewed,64,9,0.002169295839615784,0.004120790353141381,True,64,1.0,0.4138477574597176
skewed,64,10,0.002950746730728921,0.005476339281423975,True,63,0.984375,0.4138477574597176
skewed,64,11,0.0011375410752543585,0.0014292356430544613,True,63,0.984375,0.4138477574597176
skewed,64,12,0.00120938127779179,0.0023388167713648544,True,64,1.0,0.4138477574597176
skewed,64,13,0.001126175804422337,0.0017176488003487513,True,61,0.953125,0.4138477574597176
skewed,64,14,0.0032249608462872835,0.00596320664842423,True,64,1.0,0.4138477574597176
skewed,64,15,0.0019842787969636534,0.003272946699205174,True,61,0.953125,0.4138477574597176
skewed,64,16,0.0019846316486966465,0.0034777281211562094,False,63,0.984375,0.4138477574597176
skewed,64,17,0.003588547178929782,0.006512781483663828,True,63,0.984375,0.4138477574597176
skewed,64,18,0.0016657684870211155,0.0029003616554685308,True,63,0.984375,0.4138477574597176
skewed,64,19,0.0011006039011906736,0.0015819630631765148,True,63,0.984375,0.4138477574597176
skewed,64,20,0.0036752743732845717,0.006668699239869411,False,63,0.984375,0.4138477574597176
skewed,64,21,0.0032511860826100894,0.005696931328370281,False,62,0.96875,0.4138477574597176
skewed,64,22,0.000901958721568061,0.0019078243424271342,True,64,1.0,0.4138477574597176
skewed,64,23,0.0024686711487572907,0.0048310262037387615,True,64,1.0,0.4138477574597176
skewed,64,24,0.001181679452811022,0.002048020784118084,True,64,1.0,0.4138477574597176
skewed,64,25,0.0023714384219897604,0.004860486013705566,True,62,0.96875,0.4138477574597176
skewed,64,26,0.0006951840012219922,0.001251460922600308,True,64,1.0,0.4138477574597176
skewed,64,27,0.0031497410247223936,0.0054847323910397535,False,62,0.96875,0.4138477574597176
skewed,64,28,0.0016102006440289944,0.0032212268321621072,False,64,1.0,0.4138477574597176
skewed,64,29,0.0007831681853003701,0.001372548141730134,True,63,0.984375,0.4138477574597176
skewed,64,30,0.0008111274200054932,0.001254640967287557,True,62,0.96875,0.4138477574597176
skewed,64,31,0.0012115680240471069,0.002125139775592999,True,63,0.984375,0.4138477574597176
skewed,64,32,0.0010089198141231702,0.0017120157222894786,True,63,0.984375,0.4138477574597176
skewed,64,33,0.001258457198559851,0.0022178502306310606,True,63,0.984375,0.4138477574597176
skewed,64,34,0.0011818437557189186,0.0024133299843283017,True,64,1.0,0.4138477574597176
skewed,64,35,0.0012382508869714934,0.0016571738020598747,True,63,0.984375,0.4138477574597176
skewed,64,36,0.0012848241455767015,0.002183717868232595,True,61,0.953125,0.4138477574597176
skewed,64,37,0.0012515299316828803,0.002275578633629434,True,64,1.0,0.4138477574597176
skewed,64,38,0.0023531679112790563,0.004969464436434593,True,62,0.96875,0.4138477574597176
skewed,64,39,0.0026303094504007384,0.004437440013280909,True,63,0.984375,0.4138477574597176
skewed,64,40,0.00378543582789402,0.006332718649547781,False,61,0.953125,0.4138477574597176
skewed,64,41,0.0041976669666001125,0.008167056751883464,True,63,0.984375,0.4138477574597176
skewed,64,42,0.0012569272328478937,0.002085058886717326,True,64,1.0,0.4138477574597176
skewed,64,43,0.0014841095579258543,0.0024847734437240844,True,63,0.984375,0.4138477574597176
skewed,64,44,0.0020279199368059522,0.0038532965384692995,False,62,0.96875,0.4138477574597176
skewed,64,45,0.0015077927783513742,0.002671695013790897,True,63,0.984375,0.4138477574597176
skewed,64,46,0.0017180781827406506,0.0035244300294534243,True,64,1.0,0.4138477574597176
skewed,64,47,0.002522942357260768,0.004403021055098655,False,63,0.984375,0.4138477574597176
skewed,64,48,0.0013258700296253645,0.002160780829806211,True,62,0.96875,0.4138477574597176
skewed,64,49,0.0044016373263096285,0.008508515541573718,True,62,0.96875,0.4138477574597176
skewed,64,50,0.0019272465792469404,0.0036346977050915183,True,63,0.984375,0.4138477574597176
skewed,64,51,0.0017444605554801766,0.00318031221855891,True,62,0.96875,0.4138477574597176
skewed,64,52,0.0017308585267309055,0.0025900032084522386,True,64,1.0,0.4138477574597176
skewed,64,53,0.0017048520621516503,0.0029444245437418755,True,61,0.953125,0.4138477574597176
skewed,64,54,0.0012155561929938989,0.0015869575159836481,True,64,1.0,0.4138477574597176
skewed,64,55,0.0006230922637136088,0.0012343687194173087,True,63,0.984375,0.4138477574597176
skewed,64,56,0.001059851686489536,0.002153337765028264,True,64,1.0,0.4138477574597176
skewed,64,57,0.0024711918911785,0.004304077383210439,True,60,0.9375,0.4138477574597176
skewed,64,58,0.0017982370164083532,0.003262462137089246,True,62,0.96875,0.4138477574597176
skewed,64,59,0.0007266589075889318,0.0014666809002495812,True,63,0.984375,0.4138477574597176
skewed,64,60,0.0024525449246657217,0.004957725470876519,True,60,0.9375,0.4138477574597176
skewed,64,61,0.000746327291109768,0.001055800387967567,True,63,0.984375,0.4138477574597176
skewed,64,62,0.003565557281423433,0.006624303088722295,True,63,0.984375,0.4138477574597176
skewed,64,63,0.0015219928245927736,0.0024864513670321262,True,63,0.984375,0.4138477574597176
skewed,64,64,0.0004901718396663859,0.0008728098071600562,True,64,1.0,0.4138477574597176
skewed,64,65,0.0009786148092531246,0.0015794873875256202,True,63,0.984375,0.4138477574597176
skewed,64,66,0.0046084012015002685,0.007504185122609926,False,64,1.0,0.4138477574597176
skewed,64,67,0.0068194911623518945,0.013026052073109499,False,63,0.984375,0.4138477574597176
skewed,64,68,0.001399762715373515,0.0025908131028251173,True,62,0.96875,0.4138477574597176
skewed,64,69,0.0016070990238349144,0.002624026917945027,True,63,0.984375,0.4138477574597176
skewed,64,70,0.001076163770856994,0.001778959228816282,True,61,0.953125,0.4138477574597176
skewed,64,71,0.002747836809355524,0.005442189993896673,False,63,0.984375,0.4138477574597176
skewed,64,72,0.002138256378128169,0.0036637610827194855,True,64,1.0,0.4138477574597176
skewed,64,73,0.0017502940534332443,0.003013453040976378,True,63,0.984375,0.4138477574597176
skewed,64,74,0.0015512561968628242,0.0028842128435547405,True,63,0.984375,0.4138477574597176
skewed,64,75,0.0010422070238231018,0.002108117750802987,True,62,0.96875,0.4138477574597176
skewed,64,76,0.0036805196329156723,0.00776049405253575,True,63,0.984375,0.4138477574597176
skewed,64,77,0.002366062300181955,0.004328771357883608,True,64,1.0,0.4138477574597176
skewed,64,78,0.003714710357029864,0.006746926526714491,True,62,0.96875,0.4138477574597176
skewed,64,79,0.0015854206765631446,0.002784935748882309,True,64,1.0,0.4138477574597176
skewed,64,80,0.001912825913547869,0.004001438941800247,True,64,1.0,0.4138477574597176
skewed,64,81,0.0037641536995155454,0.006445579081098581,True,63,0.984375,0.4138477574597176
skewed,64,82,0.0016468073527874992,0.003349803375634691,True,62,0.96875,0.4138477574597176
skewed,64,83,0.005269612492239523,0.009220746662069887,False,61,0.953125,0.4138477574597176
skewed,64,84,0.001851207872607904,0.0037095891722813135,True,62,0.96875,0.4138477574597176
skewed,64,85,0.0059695534090885806,0.01060987884559187,False,63,0.984375,0.4138477574597176
skewed,64,86,0.0018440033006189985,0.0030287227839340385,True,63,0.984375,0.4138477574597176
skewed,64,87,0.002078616801264673,0.0038033199636479326,True,63,0.984375,0.4138477574597176
skewed,64,88,0.002859948453105691,0.005110846587439949,False,62,0.96875,0.4138477574597176
skewed,64,89,0.001054049864418498,0.0016081856597384668,True,61,0.953125,0.4138477574597176
skewed,64,90,0.0027176800552467283,0.005662000568875839,True,63,0.984375,0.4138477574597176
skewed,64,91,0.0028084703397194895,0.005054627270175314,True,63,0.984375,0.4138477574597176
skewed,64,92,0.0014544430571466448,0.00251777077414728,False,64,1.0,0.4138477574597176
skewed,64,93,0.0015916374650360924,0.0024270134970537766,True,62,0.96875,0.4138477574597176
skewed,64,94,0.001189900321292307,0.0019265895838665517,True,60,0.9375,0.4138477574597176
skewed,64,95,0.0012321926977683236,0.0023078977019383995,True,63,0.984375,0.4138477574597176
skewed,64,96,0.0028709182917108795,0.004691529862700904,True,63,0.984375,0.4138477574597176
skewed,64,97,0.0012975387274451636,0.002474147274163344,True,63,0.984375,0.4138477574597176
skewed,64,98,0.0012825176935929617,0.0024294898636425914,True,62,0.96875,0.4138477574597176
skewed,64,99,0.00134319278177983,0.0024030225549109517,True,64,1.0,0.4138477574597176
skewed,64,100,0.001542554748043002,0.0021716999917637233,True,62,0.96875,0.4138477574597176
skewed,64,101,0.0026271604999798374,0.004852255858494518,False,63,0.984375,0.4138477574597176
skewed,64,102,0.002251263386897613,0.004324440112933052,True,63,0.984375,0.4138477574597176
skewed,64,103,0.0008192928422963872,0.0012704138322630482,True,63,0.984375,0.4138477574597176
skewed,64,104,0.0026430853364964027,0.005084110997668468,True,63,0.984375,0.4138477574597176
skewed,64,105,0.003566523435546122,0.0075606725586489405,True,62,0.96875,0.4138477574597176
skewed,64,106,0.0021993843241961838,0.00415390867209936,False,63,0.984375,0.4138477574597176
skewed,64,107,0.0013074755426464772,0.002419450382041447,True,64,1.0,0.4138477574597176
skewed,64,108,0.00310786968435632,0.005300214557158258,True,64,1.0,0.4138477574597176
skewed,64,109,0.0027202909093037627,0.0046475484319972275,True,64,1.0,0.4138477574597176
skewed,64,110,0.0028351707140118598,0.005073593707364945,True,63,0.984375,0.4138477574597176
skewed,64,111,0.0031155184562761777,0.005713671213416708,False,64,1.0,0.4138477574597176
skewed,64,112,0.0030655426623190647,0.006215235965457869,False,64,1.0,0.4138477574597176
skewed,64,113,0.00306327142405193,0.0058822593566544255,False,64,1.0,0.4138477574597176
skewed,64,114,0.0008697565785482734,0.0012381233892072609,True,64,1.0,0.4138477574597176
skewed,64,115,0.002046262430970029,0.0037274455778887336,True,63,0.984375,0.4138477574597176
skewed,64,116,0.0023442823926580502,0.004267407367203126,True,64,1.0,0.4138477574597176
skewed,64,117,0.0012771837720896592,0.002182815781006265,True,64,1.0,0.4138477574597176
skewed,64,118,0.0033591432603627533,0.005533044213314837,False,63,0.984375,0.4138477574597176
skewed,64,119,0.0036243351593045325,0.006006738668969258,False,64,1.0,0.4138477574597176
skewed,64,120,0.0009747803831445554,0.0018056661558154795,True,63,0.984375,0.4138477574597176
skewed,64,121,0.008224166512792706,0.014802247918313537,True,60,0.9375,0.4138477574597176
skewed,64,122,0.0023890309402710766,0.004352670242486006,False,62,0.96875,0.4138477574597176
skewed,64,123,0.004371981457530513,0.007853497563520995,True,64,1.0,0.4138477574597176
skewed,64,124,0.004989211203733992,0.008068385851320378,False,61,0.953125,0.4138477574597176
skewed,64,125,0.005279401896921774,0.009744503153061954,True,63,0.984375,0.4138477574597176
skewed,64,126,0.0032495538637574576,0.006266608463629173,False,63,0.984375,0.4138477574597176
skewed,64,127,0.0019381440874948997,0.004257212267528843,True,63,0.984375,0.4138477574597176
skewed,64,128,0.0008591918041705929,0.0013218904698352255,True,63,0.984375,0.4138477574597176
skewed,64,129,0.002187708913197626,0.0039789145873342265,True,62,0.96875,0.4138477574597176
skewed,64,130,0.0008108445758243743,0.0012933569223467917,True,64,1.0,0.4138477574597176
skewed,64,131,0.002112588528829581,0.003377692759823814,True,62,0.96875,0.4138477574597176
skewed,64,132,0.002625129675404385,0.004693533228681764,True,63,0.984375,0.4138477574597176
skewed,64,133,0.0011381776595083398,0.002414430479959942,True,62,0.96875,0.4138477574597176
skewed,64,134,0.004490873601433798,0.008117960802666635,True,64,1.0,0.4138477574597176
skewed,64,135,0.000853693539981028,0.001570602294182561,True,62,0.96875,0.4138477574597176
skewed,64,136,0.004587083618376244,0.007883724488641174,False,63,0.984375,0.4138477574597176
skewed,64,137,0.004235095278071403,0.007869446191331217,True,63,0.984375,0.4138477574597176
skewed,64,138,0.0034590711158976107,0.006813225856264886,True,63,0.984375,0.4138477574597176
skewed,64,139,0.0008335852258458217,0.0012790714441119067,True,63,0.984375,0.4138477574597176
skewed,64,140,0.0020783184829104313,0.004399995424966107,True,62,0.96875,0.4138477574597176
skewed,64,141,0.003330358290887874,0.0070875319223381306,True,64,1.0,0.4138477574597176
skewed,64,142,0.0016905055502991011,0.003683498978977441,True,62,0.96875,0.4138477574597176
skewed,64,143,0.003139530547151923,0.006063696118617241,True,63,0.984375,0.4138477574597176
skewed,64,144,0.0032705590507336084,0.00644588563106651,True,62,0.96875,0.4138477574597176
skewed,64,145,0.0019058253772255942,0.003184808029516007,True,63,0.984375,0.4138477574597176
skewed,64,146,0.0033399099272109376,0.0066830299769996375,False,63,0.984375,0.4138477574597176
skewed,64,147,0.0017678732970044322,0.0031141520237640656,False,64,1.0,0.4138477574597176
skewed,64,148,0.003301929701446916,0.005615095373058555,False,61,0.953125,0.4138477574597176
skewed,64,149,0.003781320723896045,0.006663286169342758,False,63,0.984375,0.4138477574597176
skewed,64,150,0.0022254804058744236,0.0029255927767598395,True,62,0.96875,0.4138477574597176
skewed,64,151,0.001560559702718889,0.0026217734264273145,False,63,0.984375,0.4138477574597176
skewed,64,152,0.002395399220810329,0.004069048741845896,True,64,1.0,0.4138477574597176
skewed,64,153,0.00238863984207909,0.004714180884755618,False,64,1.0,0.4138477574597176
skewed,64,154,0.0011958240229063856,0.0025471265704163667,True,62,0.96875,0.4138477574597176
skewed,64,155,0.004582289485412097,0.00788978635466275,False,64,1.0,0.4138477574597176
skewed,64,156,0.006127617884827679,0.010697446885377567,False,62,0.96875,0.4138477574597176
skewed,64,157,0.0008593747143117073,0.0012910549433297024,True,64,1.0,0.4138477574597176
skewed,64,158,0.0041071390410442775,0.00811126764724128,False,60,0.9375,0.4138477574597176
skewed,64,159,0.0029238413422698626,0.005285150576441723,False,63,0.984375,0.4138477574597176
skewed,64,160,0.0007628925142732335,0.001193347520221686,True,64,1.0,0.4138477574597176
skewed,64,161,0.002227136532379656,0.004188395813437047,True,63,0.984375,0.4138477574597176
skewed,64,162,0.0016580800726443434,0.003396238737829592,True,63,0.984375,0.4138477574597176
skewed,64,163,0.0026716609562398314,0.004681449875504963,True,64,1.0,0.4138477574597176
skewed,64,164,0.001048403812005011,0.0016222942379275794,True,61,0.953125,0.4138477574597176
skewed,64,165,0.003257046017866878,0.006255040047736344,True,61,0.953125,0.4138477574597176
skewed,64,166,0.001174190745348908,0.0024313176012971116,True,63,0.984375,0.4138477574597176
skewed,64,167,0.003435943527467453,0.005903082849293969,True,64,1.0,0.4138477574597176
skewed,64,168,0.003825301219164295,0.007231171152498013,True,63,0.984375,0.4138477574597176
skewed,64,169,0.0010092500569367341,0.0018970828726836038,True,63,0.984375,0.4138477574597176
skewed,64,170,0.0023746588716100536,0.004418888400690449,True,62,0.96875,0.4138477574597176
skewed,64,171,0.0018210718256266045,0.003479260012791612,True,63,0.984375,0.4138477574597176
skewed,64,172,0.0016603008102949715,0.0033334101616889107,True,62,0.96875,0.4138477574597176
skewed,64,173,0.0018600486160792993,0.0029107761863798884,True,61,0.953125,0.4138477574597176
skewed,64,174,0.004182775578499215,0.007181924646902496,False,63,0.984375,0.4138477574597176
skewed,64,175,0.0030133912855208485,0.0054485534016641135,True,63,0.984375,0.4138477574597176
skewed,64,176,0.00261942833913464,0.005484157302324093,False,62,0.96875,0.4138477574597176
skewed,64,177,0.003793373419093954,0.0073172518816348505,False,63,0.984375,0.4138477574597176
skewed,64,178,0.005340018255649319,0.00938696181058847,True,63,0.984375,0.4138477574597176
skewed,64,179,0.0031274520217587946,0.005620710369791088,False,62,0.96875,0.4138477574597176
skewed,64,180,0.0012090746020524527,0.0022392396242379917,True,61,0.953125,0.4138477574597176
skewed,64,181,0.001885390245207927,0.0030242890405671394,True,64,1.0,0.4138477574597176
skewed,64,182,0.0013882094629446497,0.0026865255282087835,True,64,1.0,0.4138477574597176
skewed,64,183,0.0011093974196701663,0.0019869883326249305,True,63,0.984375,0.4138477574597176
skewed,64,184,0.0011283378953986698,0.0019013975103887477,True,63,0.984375,0.4138477574597176
skewed,64,185,0.0022552178663056287,0.004569021714382822,True,63,0.984375,0.4138477574597176
skewed,64,186,0.004025855013929462,0.0076089768148186535,False,62,0.96875,0.4138477574597176
skewed,64,187,0.0018695138422632188,0.003550980794950793,True,63,0.984375,0.4138477574597176
skewed,64,188,0.000561984482915225,0.0010562201598802688,True,63,0.984375,0.4138477574597176
skewed,64,189,0.0016662555821326727,0.0032246961541382846,True,64,1.0,0.4138477574597176
skewed,64,190,0.001692949008256306,0.0023558641469106807,True,63,0.984375,0.4138477574597176
skewed,64,191,0.0019248856890668913,0.00335870983431737,True,64,1.0,0.4138477574597176
skewed,64,192,0.0017274681457111983,0.0036379360884581033,True,63,0.984375,0.4138477574597176
skewed,64,193,0.0018054699563226796,0.002715602555919523,True,61,0.953125,0.4138477574597176
skewed,64,194,0.0015171842859773121,0.0024779440833898915,True,61,0.953125,0.4138477574597176
skewed,64,195,0.002197527415919009,0.004131435993700815,True,64,1.0,0.4138477574597176
skewed,64,196,0.0029630218450723855,0.005254765410461743,True,63,0.984375,0.4138477574597176
skewed,64,197,0.003805580124728373,0.007014694558637159,False,63,0.984375,0.4138477574597176
skewed,64,198,0.0013846929289695,0.00230304436556417,True,64,1.0,0.4138477574597176
skewed,64,199,0.0020834585563759616,0.003962131152559723,True,63,0.984375,0.4138477574597176
skewed,128,0,0.0004542803058479632,0.0007892559889038676,True,64,1.0,0.2926345556786119
skewed,128,1,0.0009775561831279235,0.0015110919156067514,True,64,1.0,0.2926345556786119
skewed,128,2,0.0036807798778995915,0.006149386023853273,True,64,1.0,0.2926345556786119
skewed,128,3,0.0015015644219116503,0.00293542738634521,True,64,1.0,0.2926345556786119
skewed,128,4,0.0015560140035918541,0.00309402842453527,False,63,0.984375,0.2926345556786119
skewed,128,5,0.0012318059027011578,0.002082199552177687,True,64,1.0,0.2926345556786119
skewed,128,6,0.0030059625129446673,0.006272380435520104,False,64,1.0,0.2926345556786119
skewed,128,7,0.0014777689220919527,0.002794831960316567,True,64,1.0,0.2926345556786119
skewed,128,8,0.0007614956683796432,0.0015349942085607776,True,64,1.0,0.2926345556786119
skewed,128,9,0.0010491001386396838,0.0017160871564617548,True,64,1.0,0.2926345556786119
skewed,128,10,0.001798396037884241,0.0031853880297957674,True,64,1.0,0.2926345556786119
skewed,128,11,0.0007120642024368234,0.0014164837868525359,True,64,1.0,0.2926345556786119
skewed,128,12,0.0019620162975468865,0.0034248891121549715,True,64,1.0,0.2926345556786119
skewed,128,13,0.0005302717464486255,0.0010058875560732617,True,64,1.0,0.2926345556786119
skewed,128,14,0.0035369325699205556,0.00600214000286203,True,64,1.0,0.2926345556786119
skewed,128,15,0.0010392421180534701,0.0017044137487645765,True,64,1.0,0.2926345556786119
skewed,128,16,0.0010984966053527588,0.0020152895196316536,True,64,1.0,0.2926345556786119
skewed,128,17,0.0013368629517379188,0.0022967570868671627,True,64,1.0,0.2926345556786119
skewed,128,18,0.0008290354768302139,0.0015401126792707097,True,64,1.0,0.2926345556786119
skewed,128,19,0.0011791906141872144,0.0023585399137413254,True,64,1.0,0.2926345556786119
skewed,128,20,0.0018729029738613007,0.003892998623291219,True,64,1.0,0.2926345556786119
skewed,128,21,0.000521356320536101,0.0008064748899299298,True,64,1.0,0.2926345556786119
skewed,128,22,0.0010379654391537102,0.001968425694110383,True,64,1.0,0.2926345556786119
skewed,128,23,0.0021111983180784745,0.0038010277424596244,True,64,1.0,0.2926345556786119
skewed,128,24,0.0031756801620200243,0.004916467144034398,True,64,1.0,0.2926345556786119
skewed,128,25,0.0011270085072733252,0.002411613639934183,True,64,1.0,0.2926345556786119
skewed,128,26,0.001342158749018673,0.002063557126427419,True,64,1.0,0.2926345556786119
skewed,128,27,0.0020084577995431083,0.004023626362076685,True,64,1.0,0.2926345556786119
skewed,128,28,0.0008804631526203229,0.0015597110488828336,True,64,1.0,0.2926345556786119
skewed,128,29,0.0022723699410572484,0.0037871290739896297,True,64,1.0,0.2926345556786119
skewed,128,30,0.0015438131272164435,0.0028431944923797605,True,64,1.0,0.2926345556786119
skewed,128,31,0.0008208353613485634,0.001675270434308384,True,64,1.0,0.2926345556786119
skewed,128,32,0.0016672634268726592,0.003093467879123924,True,64,1.0,0.2926345556786119
skewed,128,33,0.0017661324080085162,0.003251793608241252,True,64,1.0,0.2926345556786119
skewed,128,34,0.003672868097698764,0.0062787686419466145,True,64,1.0,0.2926345556786119
skewed,128,35,0.0007906504459834742,0.0012104826285339147,True,64,1.0,0.2926345556786119
skewed,128,36,0.0013326623818835299,0.002808129689839043,True,64,1.0,0.2926345556786119
skewed,128,37,0.0014836997556474912,0.0030073632563067873,True,64,1.0,0.2926345556786119
skewed,128,38,0.0005775272902454775,0.001113135959830449,True,64,1.0,0.2926345556786119
skewed,128,39,0.0018195011519178124,0.002731542304829696,True,64,1.0,0.2926345556786119
skewed,128,40,0.001715780345154342,0.0031789379708878664,True,64,1.0,0.2926345556786119
skewed,128,41,0.0013291476409770324,0.0028516639407115824,True,64,1.0,0.2926345556786119
skewed,128,42,0.0017686700231440485,0.0030471748208662037,True,64,1.0,0.2926345556786119
skewed,128,43,0.0006134184782348181,0.001053139854798886,True,64,1.0,0.2926345556786119
skewed,128,44,0.0007306593081082761,0.0010697710891910896,True,64,1.0,0.2926345556786119
skewed,128,45,0.0017096079003934206,0.003285064255749818,True,64,1.0,0.2926345556786119
skewed,128,46,0.0020623147521912225,0.0037200507557717116,True,64,1.0,0.2926345556786119
skewed,128,47,0.001495604682641624,0.002960304484240499,False,64,1.0,0.2926345556786119
skewed,128,48,0.0008181296384617798,0.0014597970076935512,True,64,1.0,0.2926345556786119
skewed,128,49,0.0011861877461892376,0.0019289926713424964,True,64,1.0,0.2926345556786119
skewed,128,50,0.002800750397267898,0.00567700236703134,False,64,1.0,0.2926345556786119
skewed,128,51,0.0005546351835306597,0.0010623309933128974,True,64,1.0,0.2926345556786119
skewed,128,52,0.0012518054812497943,0.0021579077002905657,True,64,1.0,0.2926345556786119
skewed,128,53,0.0016339620695811532,0.002645115226015092,True,64,1.0,0.2926345556786119
skewed,128,54,0.0018603349795469175,0.0036606638686914683,True,64,1.0,0.2926345556786119
skewed,128,55,0.0006727345506400682,0.0011941854532436617,True,64,1.0,0.2926345556786119
skewed,128,56,0.0007391751604570348,0.0012202445625822123,True,64,1.0,0.2926345556786119
skewed,128,57,0.0015455361951965522,0.0028904148275529554,True,64,1.0,0.2926345556786119
skewed,128,58,0.0019815408531741303,0.004025155582655204,True,64,1.0,0.2926345556786119
skewed,128,59,0.0032132745099023004,0.00565513550251864,False,64,1.0,0.2926345556786119
skewed,128,60,0.0009328345040484362,0.001635620544366282,True,64,1.0,0.2926345556786119
skewed,128,61,0.0016548145867545762,0.0033306150543880473,True,64,1.0,0.2926345556786119
skewed,128,62,0.0011072726752431655,0.0018896158689325863,True,64,1.0,0.2926345556786119
skewed,128,63,0.0003331556641254099,0.0006766613719133459,True,64,1.0,0.2926345556786119
skewed,128,64,0.0009822869817943905,0.0017274794280229579,True,64,1.0,0.2926345556786119
skewed,128,65,0.0009750880806504688,0.0016989883300079218,True,64,1.0,0.2926345556786119
skewed,128,66,0.001310918786105959,0.0023032497658562086,True,64,1.0,0.2926345556786119
skewed,128,67,0.000735628134413584,0.001402965929262861,True,64,1.0,0.2926345556786119
skewed,128,68,0.0008587845363206835,0.0017819938158880931,True,64,1.0,0.2926345556786119
skewed,128,69,0.0018967391718912041,0.003643114343241294,True,64,1.0,0.2926345556786119
skewed,128,70,0.0011864514684116476,0.002480870814098611,True,64,1.0,0.2926345556786119
skewed,128,71,0.0016357578394717554,0.0032790616340477377,True,64,1.0,0.2926345556786119
skewed,128,72,0.002613029367033659,0.00416653251495693,True,64,1.0,0.2926345556786119
skewed,128,73,0.0020840784173410693,0.0030638888987526737,True,64,1.0,0.2926345556786119
skewed,128,74,0.001789743910765658,0.0031941497089813834,True,64,1.0,0.2926345556786119
skewed,128,75,0.0007606725806862324,0.0014334259084079586,True,64,1.0,0.2926345556786119
skewed,128,76,0.00046539903172250697,0.0008606271288055592,True,64,1.0,0.2926345556786119
skewed,128,77,0.0016844100230530709,0.0032375494973613623,True,64,1.0,0.2926345556786119
skewed,128,78,0.0010469762616865906,0.0019214800609865012,True,64,1.0,0.2926345556786119
skewed,128,79,0.0008642451849243188,0.0013702942581236659,True,64,1.0,0.2926345556786119
skewed,128,80,0.0018833065613921684,0.0031667173053938277,True,64,1.0,0.2926345556786119
skewed,128,81,0.001231835732275934,0.0019057607663560058,True,64,1.0,0.2926345556786119
skewed,128,82,0.0016060815176351204,0.002704272945731313,True,64,1.0,0.2926345556786119
skewed,128,83,0.0018552301307845182,0.003821867143112402,True,64,1.0,0.2926345556786119
skewed,128,84,0.0005424401612336725,0.0008404215233299454,True,64,1.0,0.2926345556786119
skewed,128,85,0.0003863145815550633,0.0005886886231185884,True,64,1.0,0.2926345556786119
skewed,128,86,0.004391490652013253,0.0074826189213598095,False,64,1.0,0.2926345556786119
skewed,128,87,0.0017248598096719831,0.003209187583194175,True,64,1.0,0.2926345556786119
skewed,128,88,0.0034891034247763277,0.006065905181046712,True,64,1.0,0.2926345556786119
skewed,128,89,0.0021346917192631857,0.0038730343331630033,True,64,1.0,0.2926345556786119
skewed,128,90,0.00015563135237796878,0.0002967805924004507,True,64,1.0,0.2926345556786119
skewed,128,91,0.0027022110251983156,0.004635223119366865,True,64,1.0,0.2926345556786119
skewed,128,92,0.003831742084770383,0.007656625842640534,True,64,1.0,0.2926345556786119
skewed,128,93,0.001227838707343627,0.002085832580484292,True,64,1.0,0.2926345556786119
skewed,128,94,0.0017399364610043416,0.0031010826449629596,True,64,1.0,0.2926345556786119
skewed,128,95,0.001245286117322214,0.0021131669683935334,True,64,1.0,0.2926345556786119
skewed,128,96,0.0012874857826977908,0.0025281323646741648,True,64,1.0,0.2926345556786119
skewed,128,97,0.0013257941062003536,0.0025675727619761087,True,64,1.0,0.2926345556786119
skewed,128,98,0.003543130123856702,0.006029634555587285,False,64,1.0,0.2926345556786119
skewed,128,99,0.0013468522414100484,0.002689658683078737,True,64,1.0,0.2926345556786119
skewed,128,100,0.0026630609531053625,0.005000533902066622,True,64,1.0,0.2926345556786119
skewed,128,101,0.0005984865181573942,0.0007600224329654647,True,64,1.0,0.2926345556786119
skewed,128,102,0.001077433791726914,0.0020855661098095647,True,64,1.0,0.2926345556786119
skewed,128,103,0.0013292896100544783,0.00243516159639642,True,64,1.0,0.2926345556786119
skewed,128,104,0.002705099252860969,0.005288700916351858,True,64,1.0,0.2926345556786119
skewed,128,105,0.0009592327990300265,0.0019146317723089529,True,64,1.0,0.2926345556786119
skewed,128,106,0.0008976846732822149,0.0014958568635352956,True,64,1.0,0.2926345556786119
skewed,128,107,0.0011949399056895443,0.002105853777406314,True,64,1.0,0.2926345556786119
skewed,128,108,0.0024583438186948268,0.004746238807963939,False,64,1.0,0.2926345556786119
skewed,128,109,0.0034830184972810957,0.006641989131546386,True,64,1.0,0.2926345556786119
skewed,128,110,0.0022942475092753776,0.004754991503840442,False,64,1.0,0.2926345556786119
skewed,128,111,0.0008132152474540702,0.0014398823145520285,True,64,1.0,0.2926345556786119
skewed,128,112,0.0008147742503006407,0.0016858593908068223,True,64,1.0,0.2926345556786119
skewed,128,113,0.0006285766684641734,0.001101707458981565,True,64,1.0,0.2926345556786119
skewed,128,114,0.0011226562233608965,0.0022121976851808937,True,64,1.0,0.2926345556786119
skewed,128,115,0.0010676351351699461,0.002124269791842534,True,64,1.0,0.2926345556786119
skewed,128,116,0.0007733261765181086,0.0010534363169936063,True,64,1.0,0.2926345556786119
skewed,128,117,0.001609722528620474,0.0033242683615917687,True,64,1.0,0.2926345556786119
skewed,128,118,0.0019804594092870473,0.004090052081576508,True,64,1.0,0.2926345556786119
skewed,128,119,0.0012947893043721884,0.0022925716557391403,True,64,1.0,0.2926345556786119
skewed,128,120,0.0012565685136680328,0.0019130173053326129,True,64,1.0,0.2926345556786119
skewed,128,121,0.0029958820292249172,0.0056617383434212085,True,64,1.0,0.2926345556786119
skewed,128,122,0.001829099183798912,0.002990308428238851,True,64,1.0,0.2926345556786119
skewed,128,123,0.0014955986791648902,0.0023369976740327293,True,64,1.0,0.2926345556786119
skewed,128,124,0.0016006663780827378,0.0032891516172029525,True,64,1.0,0.2926345556786119
skewed,128,125,0.0009361237885503646,0.0015431894896752903,True,64,1.0,0.2926345556786119
skewed,128,126,0.0008906058791116161,0.0014834219323661474,True,64,1.0,0.2926345556786119
skewed,128,127,0.001282697244960205,0.002651466890669001,True,64,1.0,0.2926345556786119
skewed,128,128,0.0024668999423539803,0.004263617531963434,True,64,1.0,0.2926345556786119
skewed,128,129,0.0011677643266275837,0.0023900060254559317,True,64,1.0,0.2926345556786119
skewed,128,130,0.003923732406119981,0.006679807264580677,True,64,1.0,0.2926345556786119
skewed,128,131,0.003765322187161946,0.006633093827372587,True,64,1.0,0.2926345556786119
skewed,128,132,0.0019310759585686942,0.004091526824703361,True,64,1.0,0.2926345556786119
skewed,128,133,0.0013639067660362147,0.002655703888786099,True,64,1.0,0.2926345556786119
skewed,128,134,0.002340229875716048,0.0050434594474798,False,64,1.0,0.2926345556786119
skewed,128,135,0.0003580753301592774,0.0005962699124999367,True,64,1.0,0.2926345556786119
skewed,128,136,0.001615516174135409,0.0030732959737651165,True,64,1.0,0.2926345556786119
skewed,128,137,0.0037049101893381294,0.006299463084273954,False,64,1.0,0.2926345556786119
skewed,128,138,0.004408243882184205,0.008204312753335738,False,64,1.0,0.2926345556786119
skewed,128,139,0.0013270809136321688,0.002708044852013664,True,64,1.0,0.2926345556786119
skewed,128,140,0.0007620260571162326,0.001419705178155145,True,64,1.0,0.2926345556786119
skewed,128,141,0.0029183950357793273,0.005659179431116473,False,64,1.0,0.2926345556786119
skewed,128,142,0.0003781332190363197,0.0006067390296950171,True,64,1.0,0.2926345556786119
skewed,128,143,0.0027080985214558814,0.005412188145455119,True,64,1.0,0.2926345556786119
skewed,128,144,0.002930405231097773,0.005160135126804279,True,64,1.0,0.2926345556786119
skewed,128,145,0.0015295335680102795,0.0029696050287539412,True,64,1.0,0.2926345556786119
skewed,128,146,0.000713386268036185,0.001151195265555103,True,64,1.0,0.2926345556786119
skewed,128,147,0.0027481930522883346,0.005019333194793328,True,64,1.0,0.2926345556786119
skewed,128,148,0.005470162614724207,0.009506846442564634,True,64,1.0,0.2926345556786119
skewed,128,149,0.0019610056776087756,0.00405720654463911,True,64,1.0,0.2926345556786119
skewed,128,150,0.0021249877513887243,0.004317377741463411,True,64,1.0,0.2926345556786119
skewed,128,151,0.0030564046107592084,0.005460059592914526,False,64,1.0,0.2926345556786119
skewed,128,152,0.0008810809478339352,0.0014420276947934088,True,64,1.0,0.2926345556786119
skewed,128,153,0.0005565944103848408,0.0010623462964577312,True,64,1.0,0.2926345556786119
skewed,128,154,0.0011153147647342179,0.002259677857841532,True,64,1.0,0.2926345556786119
skewed,128,155,0.0008501474835676444,0.001483507717718796,True,64,1.0,0.2926345556786119
skewed,128,156,0.0032134865833372424,0.005153135582297239,False,64,1.0,0.2926345556786119
skewed,128,157,0.0020203684928917064,0.003275549747457921,True,64,1.0,0.2926345556786119
skewed,128,158,0.0014022259054942204,0.002938585114597339,True,64,1.0,0.2926345556786119
skewed,128,159,0.0008109679856857269,0.001306847311178548,True,64,1.0,0.2926345556786119
skewed,128,160,0.0010221720605337074,0.0017883122752721144,True,64,1.0,0.2926345556786119
skewed,128,161,0.002323872125108448,0.004638532081777292,True,64,1.0,0.2926345556786119
skewed,128,162,0.0022202775977120544,0.004286163034563928,True,64,1.0,0.2926345556786119
skewed,128,163,0.0025603105738627495,0.004620526370644245,True,64,1.0,0.2926345556786119
skewed,128,164,0.0014029152010306715,0.0026793781290672704,False,64,1.0,0.2926345556786119
skewed,128,165,0.0021236987551074868,0.003768487675277081,True,64,1.0,0.2926345556786119
skewed,128,166,0.0006127721014121034,0.001056173003667977,True,64,1.0,0.2926345556786119
skewed,128,167,0.0012884784280906647,0.002575587491871773,True,64,1.0,0.2926345556786119
skewed,128,168,0.001724849922353421,0.003181056781443722,True,64,1.0,0.2926345556786119
skewed,128,169,0.0016286341064898468,0.0032210256291753357,False,64,1.0,0.2926345556786119
skewed,128,170,0.0014852398184990747,0.002780076710617238,True,64,1.0,0.2926345556786119
skewed,128,171,0.0016196466741657716,0.003315581991600986,True,64,1.0,0.2926345556786119
skewed,128,172,0.0016721526468944528,0.003042958332122043,True,64,1.0,0.2926345556786119
skewed,128,173,0.002364995386250832,0.004386792813078451,True,64,1.0,0.2926345556786119
skewed,128,174,0.0009789457881260507,0.001795642368422258,True,64,1.0,0.2926345556786119
skewed,128,175,0.002190036831385055,0.004491307821549738,False,64,1.0,0.2926345556786119
skewed,128,176,0.0008035030536767013,0.0014616947328702857,True,64,1.0,0.2926345556786119
skewed,128,177,0.0011635787278668024,0.0022327719997965005,True,64,1.0,0.2926345556786119
skewed,128,178,0.0017979883742850922,0.0031699025758525007,True,64,1.0,0.2926345556786119
skewed,128,179,0.002208783652738178,0.004337205452263189,True,64,1.0,0.2926345556786119
skewed,128,180,0.00120471693941073,0.0018824236899308124,True,64,1.0,0.2926345556786119
skewed,128,181,0.0007176012888334022,0.0009520860034936234,True,64,1.0,0.2926345556786119
skewed,128,182,0.002576493624615891,0.004504327384375596,False,64,1.0,0.2926345556786119
skewed,128,183,0.001734166853698319,0.0031385640363935305,True,64,1.0,0.2926345556786119
skewed,128,184,0.0006336484382362855,0.0011478662682005737,True,64,1.0,0.2926345556786119
skewed,128,185,0.0008313533794684989,0.0015890251128600208,True,64,1.0,0.2926345556786119
skewed,128,186,0.001293255747922358,0.0024768563402023623,True,64,1.0,0.2926345556786119
skewed,128,187,0.001099361650337447,0.0019842466477954694,True,64,1.0,0.2926345556786119
skewed,128,188,0.002268536167267023,0.00462281679772104,True,64,1.0,0.2926345556786119
skewed,128,189,0.0011525669823613611,0.0020928805457851793,True,64,1.0,0.2926345556786119
skewed,128,190,0.00046817356751565844,0.0008977776611325226,True,64,1.0,0.2926345556786119
skewed,128,191,0.0007606609071984053,0.0013697787595385903,True,64,1.0,0.2926345556786119
skewed,128,192,0.0012254690410679195,0.002263557876610034,True,64,1.0,0.2926345556786119
skewed,128,193,0.002273674935743357,0.004029113218645017,True,64,1.0,0.2926345556786119
skewed,128,194,0.0018430520762253337,0.0036008402536257126,True,64,1.0,0.2926345556786119
skewed,128,195,0.000779084275583709,0.0013768168555083804,True,64,1.0,0.2926345556786119
skewed,128,196,0.0028491600142192012,0.005231172636721683,True,64,1.0,0.2926345556786119
skewed,128,197,0.0017848049969173818,0.00380084711850048,True,64,1.0,0.2926345556786119
skewed,128,198,0.0017803365198477891,0.003231642212120873,True,64,1.0,0.2926345556786119
skewed,128,199,0.002581106967292468,0.004767746095969649,True,64,1.0,0.2926345556786119
seasonal,2,0,0.005960531858922815,0.011754556836526377,True,12,0.1875,2.3410764454288953
seasonal,2,1,0.01424745184670398,0.029913778226079463,False,12,0.1875,2.3410764454288953
seasonal,2,2,0.024636338456665102,0.04762973668107951,False,11,0.171875,2.3410764454288953
seasonal,2,3,0.02668257813288725,0.050317526343621036,True,11,0.171875,2.3410764454288953
seasonal,2,4,0.023789214726442624,0.04403330701916214,False,12,0.1875,2.3410764454288953
seasonal,2,5,0.020680762413389574,0.03711124372266941,False,12,0.1875,2.3410764454288953
seasonal,2,6,0.026533454538953852,0.04617175215748307,False,10,0.15625,2.3410764454288953
seasonal,2,7,0.011534509398796227,0.02520977670235964,True,12,0.1875,2.3410764454288953
seasonal,2,8,0.024448755000648463,0.041815357249428954,True,12,0.1875,2.3410764454288953
seasonal,2,9,0.026315835058623296,0.043005499032516846,True,12,0.1875,2.3410764454288953
seasonal,2,10,0.02319242482733382,0.04125972806793779,False,11,0.171875,2.3410764454288953
seasonal,2,11,0.012887730795087777,0.020934083646443433,True,12,0.1875,2.3410764454288953
seasonal,2,12,0.0034634287561030224,0.004945539248882587,False,12,0.1875,2.3410764454288953
seasonal,2,13,0.01896635042066796,0.03711124372266941,False,12,0.1875,2.3410764454288953
seasonal,2,14,0.018576033276289743,0.03134324711435437,True,12,0.1875,2.3410764454288953
seasonal,2,15,0.0253485706808488,0.04403330701916214,False,11,0.171875,2.3410764454288953
seasonal,2,16,0.025005651924484066,0.0421374161057814,True,11,0.171875,2.3410764454288953
seasonal,2,17,0.024316056242115906,0.042646517543549964,False,12,0.1875,2.3410764454288953
seasonal,2,18,0.02281869600251252,0.04100657349298189,True,11,0.171875,2.3410764454288953
seasonal,2,19,0.005888661490288354,0.010464281743319124,False,11,0.171875,2.3410764454288953
seasonal,2,20,0.006090067830477202,0.010464281743319124,False,11,0.171875,2.3410764454288953
seasonal,2,21,0.012496899885602833,0.025628562710568268,False,11,0.171875,2.3410764454288953
seasonal,2,22,0.02520631632893639,0.04624294720546733,False,10,0.15625,2.3410764454288953
seasonal,2,23,0.008922726247755978,0.014584867259452624,False,12,0.1875,2.3410764454288953
seasonal,2,24,0.005467639852108175,0.007898836505213353,False,12,0.1875,2.3410764454288953
seasonal,2,25,0.025889137771051663,0.04762973668107951,False,9,0.140625,2.3410764454288953
seasonal,2,26,0.02420467379026497,0.04762973668107951,False,11,0.171875,2.3410764454288953
seasonal,2,27,0.008631833802387844,0.014331114363322052,False,11,0.171875,2.3410764454288953
seasonal,2,28,0.004813980124407656,0.009285625980825534,False,12,0.1875,2.3410764454288953
seasonal,2,29,0.014091486815751241,0.025306660213187955,False,10,0.15625,2.3410764454288953
seasonal,2,30,0.01985128704238649,0.04100657349298189,True,10,0.15625,2.3410764454288953
seasonal,2,31,0.023292836991920387,0.043300040704674865,False,12,0.1875,2.3410764454288953
seasonal,2,32,0.01734967930111808,0.031959211026561754,False,11,0.171875,2.3410764454288953
seasonal,2,33,0.010938742417115767,0.015360194833173458,False,12,0.1875,2.3410764454288953
seasonal,2,34,0.011596133625283896,0.024779099815752735,True,12,0.1875,2.3410764454288953
seasonal,2,35,0.01023201844762225,0.018645629403758003,False,12,0.1875,2.3410764454288953
seasonal,2,36,0.023756991106779125,0.04403330701916214,False,11,0.171875,2.3410764454288953
seasonal,2,37,0.0041219417312079315,0.005828604006777315,False,12,0.1875,2.3410764454288953
seasonal,2,38,0.012304831556901805,0.021481297513189865,False,11,0.171875,2.3410764454288953
seasonal,2,39,0.017641451348770786,0.03123593804717706,False,12,0.1875,2.3410764454288953
seasonal,2,40,0.006988708524892814,0.009530033155725044,True,12,0.1875,2.3410764454288953
seasonal,2,41,0.005151233515751608,0.007898836505213353,True,12,0.1875,2.3410764454288953
seasonal,2,42,0.01901771859921732,0.03549990408518505,False,12,0.1875,2.3410764454288953
seasonal,2,43,0.02698948784264425,0.04372579326828585,True,10,0.15625,2.3410764454288953
seasonal,2,44,0.026091934125232703,0.04689647036659224,False,12,0.1875,2.3410764454288953
seasonal,2,45,0.024530480049097244,0.04485615772985515,False,10,0.15625,2.3410764454288953
seasonal,2,46,0.021691499566112108,0.03638090278607095,True,12,0.1875,2.3410764454288953
seasonal,2,47,0.016413688382506765,0.03090972862286673,False,12,0.1875,2.3410764454288953
seasonal,2,48,0.012366875040401177,0.020243401405244155,True,12,0.1875,2.3410764454288953
seasonal,2,49,0.020658459418384303,0.030308537926129094,True,12,0.1875,2.3410764454288953
seasonal,2,50,0.003856275531528834,0.007814668278743869,False,12,0.1875,2.3410764454288953
seasonal,2,51,0.01213021554527368,0.02526808665507533,True,12,0.1875,2.3410764454288953
seasonal,2,52,0.004037597525525108,0.008497337990679529,True,12,0.1875,2.3410764454288953
seasonal,2,53,0.004074178524850511,0.0070539337541006344,False,12,0.1875,2.3410764454288953
seasonal,2,54,0.01791896679334699,0.036180219020748645,True,12,0.1875,2.3410764454288953
seasonal,2,55,0.0076465893689555255,0.013044177364607149,False,12,0.1875,2.3410764454288953
seasonal,2,56,0.011397824940679346,0.019459497427864063,False,10,0.15625,2.3410764454288953
seasonal,2,57,0.0063544951819515735,0.013482177845446449,True,12,0.1875,2.3410764454288953
seasonal,2,58,0.016622559740504608,0.03123593804717706,False,12,0.1875,2.3410764454288953
seasonal,2,59,0.008382672259433815,0.015906700598058834,False,12,0.1875,2.3410764454288953
seasonal,2,60,0.012279304464740997,0.020119105261184347,False,12,0.1875,2.3410764454288953
seasonal,2,61,0.002894942395108153,0.004866680418059367,False,12,0.1875,2.3410764454288953
seasonal,2,62,0.008113475558281175,0.017439411017490636,False,12,0.1875,2.3410764454288953
seasonal,2,63,0.024605296722077723,0.04762973668107951,False,11,0.171875,2.3410764454288953
seasonal,2,64,0.016808694016322904,0.03562263201803008,True,12,0.1875,2.3410764454288953
seasonal,2,65,0.0068804848107095525,0.01391345139774797,True,12,0.1875,2.3410764454288953
seasonal,2,66,0.025486534972767528,0.043300040704674865,False,12,0.1875,2.3410764454288953
seasonal,2,67,0.01891178854193903,0.03210151788239524,True,12,0.1875,2.3410764454288953
seasonal,2,68,0.003581290300739036,0.005989054828892747,False,12,0.1875,2.3410764454288953
seasonal,2,69,0.007582789373348618,0.013831445727156447,False,12,0.1875,2.3410764454288953
seasonal,2,70,0.012785412151980698,0.02478949057129104,True,12,0.1875,2.3410764454288953
seasonal,2,71,0.007589896939578541,0.01152406707124922,True,12,0.1875,2.3410764454288953
seasonal,2,72,0.023531196857564086,0.04403330701916214,False,12,0.1875,2.3410764454288953
seasonal,2,73,0.021252472163793504,0.03587503780950659,True,12,0.1875,2.3410764454288953
seasonal,2,74,0.023452684557193015,0.04100657349298189,True,10,0.15625,2.3410764454288953
seasonal,2,75,0.01987150538771677,0.04042856777381681,True,12,0.1875,2.3410764454288953
seasonal,2,76,0.010305710799550916,0.018763205018450274,False,12,0.1875,2.3410764454288953
seasonal,2,77,0.00983518309907437,0.021044796210627017,True,12,0.1875,2.3410764454288953
seasonal,2,78,0.027553682331414246,0.047128026814661286,False,11,0.171875,2.3410764454288953
seasonal,2,79,0.022339204431626056,0.039297725161017295,True,9,0.140625,2.3410764454288953
seasonal,2,80,0.013669216914906376,0.025317299395133375,False,11,0.171875,2.3410764454288953
seasonal,2,81,0.013791838088815754,0.025306660213187955,False,11,0.171875,2.3410764454288953
seasonal,2,82,0.02627225850984962,0.04624294720546733,False,12,0.1875,2.3410764454288953
seasonal,2,83,0.007941755200589776,0.013672319951678554,True,12,0.1875,2.3410764454288953
seasonal,2,84,0.006080121561771028,0.008895850610562906,True,12,0.1875,2.3410764454288953
seasonal,2,85,0.006392244108663858,0.010324805374421094,True,12,0.1875,2.3410764454288953
seasonal,2,86,0.009362779403874946,0.015436401958937303,False,12,0.1875,2.3410764454288953
seasonal,2,87,0.005469008013436804,0.00999341950693065,False,12,0.1875,2.3410764454288953
seasonal,2,88,0.008109785181774493,0.014733262948499793,False,12,0.1875,2.3410764454288953
seasonal,2,89,0.011104907036593078,0.023802085686340534,False,12,0.1875,2.3410764454288953
seasonal,2,90,0.015157962491075561,0.02796939423130993,True,9,0.140625,2.3410764454288953
seasonal,2,91,0.014537379400062783,0.029058484719428443,False,10,0.15625,2.3410764454288953
seasonal,2,92,0.02761150265673863,0.048198654401227156,False,12,0.1875,2.3410764454288953
seasonal,2,93,0.019798195251689577,0.02967824256327453,True,11,0.171875,2.3410764454288953
seasonal,2,94,0.0044139705727258005,0.007118563408615223,False,11,0.171875,2.3410764454288953
seasonal,2,95,0.00688828471959844,0.014868967321058576,True,12,0.1875,2.3410764454288953
seasonal,2,96,0.025568114265181022,0.04762973668107951,False,11,0.171875,2.3410764454288953
seasonal,2,97,0.005683930320514489,0.008509385783540891,False,12,0.1875,2.3410764454288953
seasonal,2,98,0.027495957651306236,0.04831300733061482,False,10,0.15625,2.3410764454288953
seasonal,2,99,0.010198915129339048,0.01840259895745401,True,12,0.1875,2.3410764454288953
seasonal,2,100,0.007454893009818499,0.013482177845446449,False,12,0.1875,2.3410764454288953
seasonal,2,101,0.012961560789666874,0.027878539383384214,False,12,0.1875,2.3410764454288953
seasonal,2,102,0.00942881217735235,0.016179840601324283,False,12,0.1875,2.3410764454288953
seasonal,2,103,0.01089190493914907,0.022626574485684833,True,12,0.1875,2.3410764454288953
seasonal,2,104,0.009841599668728595,0.01909036482658213,False,12,0.1875,2.3410764454288953
seasonal,2,105,0.005541056938529635,0.010464281743319124,False,11,0.171875,2.3410764454288953
seasonal,2,106,0.020318280563364623,0.036391293541609256,True,12,0.1875,2.3410764454288953
seasonal,2,107,0.02111612778147406,0.0421374161057814,True,12,0.1875,2.3410764454288953
seasonal,2,108,0.009779469215972692,0.017764377978636187,False,12,0.1875,2.3410764454288953
seasonal,2,109,0.010689143465670884,0.022868086988802046,False,12,0.1875,2.3410764454288953
seasonal,2,110,0.025003878003769967,0.04689647036659224,False,12,0.1875,2.3410764454288953
seasonal,2,111,0.004496701281506888,0.00898069355312921,False,12,0.1875,2.3410764454288953
seasonal,2,112,0.013254284918846943,0.022324278377404316,True,12,0.1875,2.3410764454288953
seasonal,2,113,0.01778436505346119,0.03711124372266941,False,12,0.1875,2.3410764454288953
seasonal,2,114,0.009244866919719867,0.014609828849861074,False,12,0.1875,2.3410764454288953
seasonal,2,115,0.012964589717439709,0.02407130628964762,False,12,0.1875,2.3410764454288953
seasonal,2,116,0.02478633671739965,0.04689647036659224,False,12,0.1875,2.3410764454288953
seasonal,2,117,0.01536366746855224,0.02967824256327453,True,12,0.1875,2.3410764454288953
seasonal,2,118,0.024705735561793094,0.04762973668107951,False,11,0.171875,2.3410764454288953
seasonal,2,119,0.009593837011818783,0.017326377497796894,False,12,0.1875,2.3410764454288953
seasonal,2,120,0.011421321178224468,0.02103424500121839,False,11,0.171875,2.3410764454288953
seasonal,2,121,0.00599539775764403,0.00927523522528723,False,12,0.1875,2.3410764454288953
seasonal,2,122,0.017135738304802587,0.029068875474966747,True,12,0.1875,2.3410764454288953
seasonal,2,123,0.018565588698214376,0.036464646944329375,False,12,0.1875,2.3410764454288953
seasonal,2,124,0.025736322276835914,0.04689647036659224,False,11,0.171875,2.3410764454288953
seasonal,2,125,0.016920370319229876,0.035792148549046277,False,12,0.1875,2.3410764454288953
seasonal,2,126,0.009030199821780568,0.017846247185276554,True,12,0.1875,2.3410764454288953
seasonal,2,127,0.01097976096727974,0.022626574485684833,True,12,0.1875,2.3410764454288953
seasonal,2,128,0.01143747426980072,0.021149305138275603,False,12,0.1875,2.3410764454288953
seasonal,2,129,0.02274234674045105,0.03571491418310877,True,12,0.1875,2.3410764454288953
seasonal,2,130,0.004976141524843666,0.008552359666338258,False,12,0.1875,2.3410764454288953
seasonal,2,131,0.005665713684521831,0.00927523522528723,False,12,0.1875,2.3410764454288953
seasonal,2,132,0.018132105925539252,0.03675689140819062,False,12,0.1875,2.3410764454288953
seasonal,2,133,0.0062869154849188825,0.010464281743319124,False,10,0.15625,2.3410764454288953
seasonal,2,134,0.009474188640319629,0.0179805152903156,True,12,0.1875,2.3410764454288953
seasonal,2,135,0.016472793209104306,0.02885859679512371,True,12,0.1875,2.3410764454288953
seasonal,2,136,0.002945495660645155,0.0055129231903774285,True,12,0.1875,2.3410764454288953
seasonal,2,137,0.02539057819086776,0.04762973668107951,False,11,0.171875,2.3410764454288953
seasonal,2,138,0.02472924470132068,0.04624294720546733,False,12,0.1875,2.3410764454288953
seasonal,2,139,0.024872296466628408,0.04624294720546733,False,12,0.1875,2.3410764454288953
seasonal,2,140,0.010748910261082545,0.022324278377404316,True,12,0.1875,2.3410764454288953
seasonal,2,141,0.019841630926740555,0.029989439407923223,True,11,0.171875,2.3410764454288953
seasonal,2,142,0.011344723777742233,0.019271657326884677,False,11,0.171875,2.3410764454288953
seasonal,2,143,0.008713068591147604,0.016179840601324283,False,12,0.1875,2.3410764454288953
seasonal,2,144,0.01841125335539416,0.03568626382162475,False,12,0.1875,2.3410764454288953
seasonal,2,145,0.01013517776953178,0.018703939356473694,False,12,0.1875,2.3410764454288953
seasonal,2,146,0.014028703842604223,0.025306660213187955,False,12,0.1875,2.3410764454288953
seasonal,2,147,0.014833772966764209,0.026319555913729274,True,10,0.15625,2.3410764454288953
seasonal,2,148,0.01763830149523283,0.03130056770169165,False,12,0.1875,2.3410764454288953
seasonal,2,149,0.02052374100991878,0.04025617947127937,True,12,0.1875,2.3410764454288953
seasonal,2,150,0.010314073897696773,0.018906905029293014,False,12,0.1875,2.3410764454288953
seasonal,2,151,0.01712757921840099,0.035792148549046277,False,12,0.1875,2.3410764454288953
seasonal,2,152,0.027632651310744615,0.04762973668107951,False,10,0.15625,2.3410764454288953
seasonal,2,153,0.0033281688619888725,0.005242005926361946,False,12,0.1875,2.3410764454288953
seasonal,2,154,0.007499045188390528,0.013346473472887666,False,11,0.171875,2.3410764454288953
seasonal,2,155,0.026113512773795006,0.04689647036659224,False,12,0.1875,2.3410764454288953
seasonal,2,156,0.026983486045664643,0.047013673885273624,False,11,0.171875,2.3410764454288953
seasonal,2,157,0.0043803605321349305,0.008895850610562903,True,12,0.1875,2.3410764454288953
seasonal,2,158,0.02411847530673118,0.038970344728270226,False,10,0.15625,2.3410764454288953
seasonal,2,159,0.010534255334362917,0.022324278377404316,True,12,0.1875,2.3410764454288953
seasonal,2,160,0.010345735195587926,0.018714330112011998,False,12,0.1875,2.3410764454288953
seasonal,2,161,0.022971114799995578,0.043005499032516846,True,12,0.1875,2.3410764454288953
seasonal,2,162,0.018793277508254408,0.03567184475808813,True,10,0.15625,2.3410764454288953
seasonal,2,163,0.012461953807780764,0.022808878217885766,False,12,0.1875,2.3410764454288953
seasonal,2,164,0.018531106490246297,0.036862776135612146,False,12,0.1875,2.3410764454288953
seasonal,2,165,0.01715181183153932,0.03184485809717409,False,12,0.1875,2.3410764454288953
seasonal,2,166,0.009346979945489137,0.017764377978636187,True,11,0.171875,2.3410764454288953
seasonal,2,167,0.025331257824995197,0.04403330701916214,False,12,0.1875,2.3410764454288953
seasonal,2,168,0.020271133475133544,0.03571491418310877,True,11,0.171875,2.3410764454288953
seasonal,2,169,0.014905543600972,0.022324278377404316,False,12,0.1875,2.3410764454288953
seasonal,2,170,0.01292495863594939,0.02407130628964762,False,12,0.1875,2.3410764454288953
seasonal,2,171,0.007670408985172286,0.013671322100758637,False,12,0.1875,2.3410764454288953
seasonal,2,172,0.010519897280930368,0.021678035605086254,False,9,0.140625,2.3410764454288953
seasonal,2,173,0.013756209536082229,0.02541254494060948,False,10,0.15625,2.3410764454288953
seasonal,2,174,0.02515629733874568,0.04330004070467487,False,12,0.1875,2.3410764454288953
seasonal,2,175,0.01704692511388741,0.03284347887668789,False,11,0.171875,2.3410764454288953
seasonal,2,176,0.026623784840397225,0.04299510827697854,True,12,0.1875,2.3410764454288953
seasonal,2,177,0.023496922919423714,0.04403330701916214,False,12,0.1875,2.3410764454288953
seasonal,2,178,0.019396403133634135,0.03640252974939545,True,12,0.1875,2.3410764454288953
seasonal,2,179,0.01417958213572973,0.028209427968156457,True,12,0.1875,2.3410764454288953
seasonal,2,180,0.025980222108613008,0.04762973668107951,False,8,0.125,2.3410764454288953
seasonal,2,181,0.019004295395476118,0.035682235513626426,True,9,0.140625,2.3410764454288953
seasonal,2,182,0.026759144270285588,0.04724237974404895,False,12,0.1875,2.3410764454288953
seasonal,2,183,0.008403991637553794,0.016965771436800642,True,12,0.1875,2.3410764454288953
seasonal,2,184,0.02248611727846142,0.042646517543549964,False,12,0.1875,2.3410764454288953
seasonal,2,185,0.008580730624685387,0.015965010550774525,False,12,0.1875,2.3410764454288953
seasonal,2,186,0.009808330458203276,0.018965214982008698,False,11,0.171875,2.3410764454288953
seasonal,2,187,0.0035329114763618208,0.0058152192986579455,False,12,0.1875,2.3410764454288953
seasonal,2,188,0.004965293993126688,0.008927856888985716,True,12,0.1875,2.3410764454288953
seasonal,2,189,0.016390058452857195,0.026906242070772413,False,11,0.171875,2.3410764454288953
seasonal,2,190,0.013037217431692555,0.02407130628964762,False,12,0.1875,2.3410764454288953
seasonal,2,191,0.008618539272508208,0.012759991955244406,False,12,0.1875,2.3410764454288953
seasonal,2,192,0.01491925916137523,0.028198191760370243,False,12,0.1875,2.3410764454288953
seasonal,2,193,0.008297221608299314,0.015801193616674647,False,10,0.15625,2.3410764454288953
seasonal,2,194,0.007350073519037013,0.013750061788931622,True,12,0.1875,2.3410764454288953
seasonal,2,195,0.00762778649474402,0.0144114675119029,False,11,0.171875,2.3410764454288953
seasonal,2,196,0.011859637116699373,0.02312288491923986,False,12,0.1875,2.3410764454288953
seasonal,2,197,0.012946667192408466,0.022868086988802046,False,11,0.171875,2.3410764454288953
seasonal,2,198,0.015148482484208697,0.029079266230505052,False,11,0.171875,2.3410764454288953
seasonal,2,199,0.02251557791372174,0.042994262824730636,True,12,0.1875,2.3410764454288953
seasonal,4,0,0.003121097126320677,0.006553193130260747,True,19,0.296875,1.6553910298388703
seasonal,4,1,0.004088702656565995,0.007898836505213353,True,18,0.28125,1.6553910298388703
seasonal,4,2,0.005079732710228457,0.009713483037428465,True,16,0.25,1.6553910298388703
seasonal,4,3,0.0050310659335189665,0.01012309306943861,True,20,0.3125,1.6553910298388703
seasonal,4,4,0.006548548386072138,0.011961995174898786,True,21,0.328125,1.6553910298388703
seasonal,4,5,0.008627655105118887,0.0185244020885328,False,16,0.25,1.6553910298388703
seasonal,4,6,0.0032778484032806986,0.00624203642173235,False,20,0.3125,1.6553910298388703
seasonal,4,7,0.023073387018352372,0.04217896933542954,True,17,0.265625,1.6553910298388703
seasonal,4,8,0.004968767336347031,0.00888829649436548,False,21,0.328125,1.6553910298388703
seasonal,4,9,0.011063276848243628,0.020255586636232146,False,19,0.296875,1.6553910298388703
seasonal,4,10,0.01309085617449858,0.02345668366231507,False,20,0.3125,1.6553910298388703
seasonal,4,11,0.01754212603068893,0.02924076137198439,True,19,0.296875,1.6553910298388703
seasonal,4,12,0.005824647064747665,0.00967785354841006,True,21,0.328125,1.6553910298388703
seasonal,4,13,0.0087401758032047,0.012929063083357745,False,18,0.28125,1.6553910298388703
seasonal,4,14,0.008972525437464265,0.015351048611350546,False,21,0.328125,1.6553910298388703
seasonal,4,15,0.012482847838685298,0.02265939174285791,False,20,0.3125,1.6553910298388703
seasonal,4,16,0.006585398602454915,0.013838841909952364,False,20,0.3125,1.6553910298388703
seasonal,4,17,0.019211768920883845,0.03741433733178595,False,19,0.296875,1.6553910298388703
seasonal,4,18,0.003514337512027688,0.006432893917152691,True,21,0.328125,1.6553910298388703
seasonal,4,19,0.007408874522001652,0.015874536215170838,True,20,0.3125,1.6553910298388703
seasonal,4,20,0.0072740296920661635,0.013178893774140577,True,21,0.328125,1.6553910298388703
seasonal,4,21,0.011006114567628487,0.022540874026797664,False,19,0.296875,1.6553910298388703
seasonal,4,22,0.01817041345214404,0.03273527988605715,True,16,0.25,1.6553910298388703
seasonal,4,23,0.004103206087912384,0.006871994663744283,True,20,0.3125,1.6553910298388703
seasonal,4,24,0.0070986817735631275,0.013067002669106025,False,19,0.296875,1.6553910298388703
seasonal,4,25,0.01413860282905813,0.028085852795939732,False,20,0.3125,1.6553910298388703
seasonal,4,26,0.007217048000385167,0.01114320827366044,True,17,0.265625,1.6553910298388703
seasonal,4,27,0.015810698793385453,0.029066955786216445,True,16,0.25,1.6553910298388703
seasonal,4,28,0.011074439720712224,0.02175596422964749,True,20,0.3125,1.6553910298388703
seasonal,4,29,0.02499942000635869,0.046529837209348605,False,18,0.28125,1.6553910298388703
seasonal,4,30,0.008212987011754566,0.014408367556611342,False,21,0.328125,1.6553910298388703
seasonal,4,31,0.010440639215717128,0.019846916527460002,False,20,0.3125,1.6553910298388703
seasonal,4,32,0.0045757236314775745,0.008796575256643908,True,19,0.296875,1.6553910298388703
seasonal,4,33,0.014872284675555932,0.027156976515313243,True,16,0.25,1.6553910298388703
seasonal,4,34,0.0042724103628561305,0.005758639717572827,False,22,0.34375,1.6553910298388703
seasonal,4,35,0.00143072453055329,0.002451794419085364,False,21,0.328125,1.6553910298388703
seasonal,4,36,0.00901857070522815,0.012383671076800749,False,17,0.265625,1.6553910298388703
seasonal,4,37,0.01600832084332361,0.029240338645860432,True,16,0.25,1.6553910298388703
seasonal,4,38,0.004984539457999683,0.00695605686665148,True,19,0.296875,1.6553910298388703
seasonal,4,39,0.007618643545824701,0.014432673821244548,False,22,0.34375,1.6553910298388703
seasonal,4,40,0.009679039863984025,0.02057155381306776,False,18,0.28125,1.6553910298388703
seasonal,4,41,0.006449061033168302,0.012101340688590945,True,21,0.328125,1.6553910298388703
seasonal,4,42,0.008455068558478489,0.017867086198864134,False,17,0.265625,1.6553910298388703
seasonal,4,43,0.007573497193398594,0.014247626621345454,True,21,0.328125,1.6553910298388703
seasonal,4,44,0.01826170031654136,0.035092134403155735,True,17,0.265625,1.6553910298388703
seasonal,4,45,0.004094140030269135,0.006540980868962754,False,22,0.34375,1.6553910298388703
seasonal,4,46,0.00813523756200886,0.015655493300872795,True,20,0.3125,1.6553910298388703
seasonal,4,47,0.0072951243121115285,0.013487488544606097,True,21,0.328125,1.6553910298388703
seasonal,4,48,0.01073208536405913,0.01841584713830464,False,21,0.328125,1.6553910298388703
seasonal,4,49,0.019342252408458598,0.03657592992938648,False,19,0.296875,1.6553910298388703
seasonal,4,50,0.017446234834771635,0.02752365685045278,True,17,0.265625,1.6553910298388703
seasonal,4,51,0.0043190476905159555,0.006942590110203907,True,18,0.28125,1.6553910298388703
seasonal,4,52,0.013926071606566039,0.025818427654431327,True,21,0.328125,1.6553910298388703
seasonal,4,53,0.007886563831768934,0.016948909497055804,False,19,0.296875,1.6553910298388703
seasonal,4,54,0.007900873778098788,0.01407131258679561,False,21,0.328125,1.6553910298388703
seasonal,4,55,0.0046287720746767125,0.0081636560349079,True,20,0.3125,1.6553910298388703
seasonal,4,56,0.008378139860350199,0.016172027298570243,True,21,0.328125,1.6553910298388703
seasonal,4,57,0.006408020938120953,0.013626802584418398,True,19,0.296875,1.6553910298388703
seasonal,4,58,0.006521177386951533,0.010308641358555685,True,22,0.34375,1.6553910298388703
seasonal,4,59,0.002657871243995053,0.004158017258033243,True,20,0.3125,1.6553910298388703
seasonal,4,60,0.007401473977583371,0.011244946054520314,True,19,0.296875,1.6553910298388703
seasonal,4,61,0.019304827369308435,0.03321233050945965,True,18,0.28125,1.6553910298388703
seasonal,4,62,0.004270037172920989,0.006184693644365358,False,16,0.25,1.6553910298388703
seasonal,4,63,0.0035123416639722327,0.0066496350507747,False,21,0.328125,1.6553910298388703
seasonal,4,64,0.011087441953255265,0.020339333628901377,False,16,0.25,1.6553910298388703
seasonal,4,65,0.01327551200985268,0.025768071795279575,False,19,0.296875,1.6553910298388703
seasonal,4,66,0.0037742513170368314,0.006854027947172062,True,21,0.328125,1.6553910298388703
seasonal,4,67,0.00987893931554611,0.018708968389173762,False,18,0.28125,1.6553910298388703
seasonal,4,68,0.0052396814772400265,0.009871000506220974,True,20,0.3125,1.6553910298388703
seasonal,4,69,0.0033265780351330386,0.004384954859771487,False,20,0.3125,1.6553910298388703
seasonal,4,70,0.002567712936213428,0.005019319025486701,True,17,0.265625,1.6553910298388703
seasonal,4,71,0.011680475950705009,0.020014379020665298,False,19,0.296875,1.6553910298388703
seasonal,4,72,0.013025459876154324,0.025960876384418595,False,22,0.34375,1.6553910298388703
seasonal,4,73,0.005798105152849475,0.012020142025254074,True,20,0.3125,1.6553910298388703
seasonal,4,74,0.005478167874321049,0.010056649830023358,True,21,0.328125,1.6553910298388703
seasonal,4,75,0.013952511304659332,0.020833409478470264,False,19,0.296875,1.6553910298388703
seasonal,4,76,0.004249788341190556,0.009128102250590247,True,20,0.3125,1.6553910298388703
seasonal,4,77,0.020393710465036116,0.03441099358108695,False,21,0.328125,1.6553910298388703
seasonal,4,78,0.004247121486487249,0.009050694281606405,True,18,0.28125,1.6553910298388703
seasonal,4,79,0.025751047886195002,0.04652983720934861,False,14,0.21875,1.6553910298388703
seasonal,4,80,0.015617938999646334,0.028452485953183372,False,18,0.28125,1.6553910298388703
seasonal,4,81,0.01918619754696208,0.040152149326999585,True,15,0.234375,1.6553910298388703
seasonal,4,82,0.005162502944435495,0.008723031651523928,False,20,0.3125,1.6553910298388703
seasonal,4,83,0.01711015422982468,0.03237555549429659,True,17,0.265625,1.6553910298388703
seasonal,4,84,0.009719977305442228,0.01653866045581388,False,21,0.328125,1.6553910298388703
seasonal,4,85,0.016004096535496302,0.030129010811574004,True,20,0.3125,1.6553910298388703
seasonal,4,86,0.010354702871352173,0.020557596794221332,False,20,0.3125,1.6553910298388703
seasonal,4,87,0.02275483035801566,0.04242527932041644,False,19,0.296875,1.6553910298388703
seasonal,4,88,0.004238575170293731,0.008879947033812733,True,20,0.3125,1.6553910298388703
seasonal,4,89,0.008411082693395489,0.01607685648481379,False,20,0.3125,1.6553910298388703
seasonal,4,90,0.008377037864581018,0.017011023191957776,False,17,0.265625,1.6553910298388703
seasonal,4,91,0.006501467381528214,0.012156918611697006,False,18,0.28125,1.6553910298388703
seasonal,4,92,0.015327382217118013,0.025597606487219076,False,21,0.328125,1.6553910298388703
seasonal,4,93,0.004750354004881704,0.009042683512529893,False,17,0.265625,1.6553910298388703
seasonal,4,94,0.015399233323769539,0.03120882548236273,True,16,0.25,1.6553910298388703
seasonal,4,95,0.008244617070309544,0.014824042374164813,False,20,0.3125,1.6553910298388703
seasonal,4,96,0.010300122003755527,0.017909258380790653,True,18,0.28125,1.6553910298388703
seasonal,4,97,0.00998320140269085,0.02099888121571294,False,18,0.28125,1.6553910298388703
seasonal,4,98,0.010749338980024229,0.021284910992882277,True,19,0.296875,1.6553910298388703
seasonal,4,99,0.015392025679113717,0.02739245805813364,False,20,0.3125,1.6553910298388703
seasonal,4,100,0.004091527127777077,0.007386260205679767,False,20,0.3125,1.6553910298388703
seasonal,4,101,0.008705051926663088,0.017880234623218177,False,16,0.25,1.6553910298388703
seasonal,4,102,0.006437836144869094,0.013886504126437388,True,20,0.3125,1.6553910298388703
seasonal,4,103,0.0050021107528217205,0.008201406154409736,True,21,0.328125,1.6553910298388703
seasonal,4,104,0.006140910862895651,0.012950462709638882,False,20,0.3125,1.6553910298388703
seasonal,4,105,0.0071591657829688515,0.012066863490811234,False,17,0.265625,1.6553910298388703
seasonal,4,106,0.007857737703308967,0.014462898662302909,False,20,0.3125,1.6553910298388703
seasonal,4,107,0.00892635833914524,0.018223707313785146,False,20,0.3125,1.6553910298388703
seasonal,4,108,0.006010156839773479,0.01076210075966349,True,20,0.3125,1.6553910298388703
seasonal,4,109,0.017337900631873182,0.03097010883507452,True,16,0.25,1.6553910298388703
seasonal,4,110,0.006031341322636447,0.01213404073889853,False,18,0.28125,1.6553910298388703
seasonal,4,111,0.01673106680756628,0.03060234674482788,False,17,0.265625,1.6553910298388703
seasonal,4,112,0.015565275909742897,0.028015014549807482,False,19,0.296875,1.6553910298388703
seasonal,4,113,0.009512385384338254,0.018128248853056268,False,19,0.296875,1.6553910298388703
seasonal,4,114,0.013036697488000052,0.02052763159852603,True,19,0.296875,1.6553910298388703
seasonal,4,115,0.005417254543822345,0.008971392082712026,False,21,0.328125,1.6553910298388703
seasonal,4,116,0.0020267929207708826,0.004293702370361009,False,20,0.3125,1.6553910298388703
seasonal,4,117,0.011853216320988241,0.024401793884584043,True,19,0.296875,1.6553910298388703
seasonal,4,118,0.016443309270982965,0.028633533617668495,True,21,0.328125,1.6553910298388703
seasonal,4,119,0.012627650828249121,0.0236494385087969,True,21,0.328125,1.6553910298388703
seasonal,4,120,0.014041447134420836,0.027759091215377278,False,19,0.296875,1.6553910298388703
seasonal,4,121,0.0036779672997864416,0.0069728989652367394,True,21,0.328125,1.6553910298388703
seasonal,4,122,0.0048227155584679125,0.009569341403003319,False,18,0.28125,1.6553910298388703
seasonal,4,123,0.00937867429165609,0.01492346749515695,False,15,0.234375,1.6553910298388703
seasonal,4,124,0.018888299650819954,0.03296896805941234,True,20,0.3125,1.6553910298388703
seasonal,4,125,0.02109718271091674,0.03544821003659378,False,18,0.28125,1.6553910298388703
seasonal,4,126,0.0021407658718457425,0.004250921244359876,True,19,0.296875,1.6553910298388703
seasonal,4,127,0.014934420599909574,0.02025301248887866,True,18,0.28125,1.6553910298388703
seasonal,4,128,0.010127062785535993,0.020890713055594864,True,17,0.265625,1.6553910298388703
seasonal,4,129,0.016911447930819896,0.031027541709706223,False,20,0.3125,1.6553910298388703
seasonal,4,130,0.007063989193146672,0.010746985465673063,True,20,0.3125,1.6553910298388703
seasonal,4,131,0.012288878096673169,0.021826583840356104,False,17,0.265625,1.6553910298388703
seasonal,4,132,0.008297304347428253,0.017648043284566064,False,16,0.25,1.6553910298388703
seasonal,4,133,0.01249554622110166,0.023073908505623353,False,21,0.328125,1.6553910298388703
seasonal,4,134,0.013522919173327484,0.027759091215377278,False,21,0.328125,1.6553910298388703
seasonal,4,135,0.010137909223129318,0.01792243999728084,False,20,0.3125,1.6553910298388703
seasonal,4,136,0.01901083672497658,0.03418888393989105,False,18,0.28125,1.6553910298388703
seasonal,4,137,0.013339719886917737,0.023468101186736187,True,20,0.3125,1.6553910298388703
seasonal,4,138,0.011256842102676209,0.018889369802242185,False,20,0.3125,1.6553910298388703
seasonal,4,139,0.016984163849215743,0.02628763796498105,False,18,0.28125,1.6553910298388703
seasonal,4,140,0.02101913805807949,0.03859339625686527,True,18,0.28125,1.6553910298388703
seasonal,4,141,0.0074016143184022195,0.016071661107044638,True,19,0.296875,1.6553910298388703
seasonal,4,142,0.00920197218776178,0.018743342881110556,False,19,0.296875,1.6553910298388703
seasonal,4,143,0.022477797007380344,0.04100657349298189,True,17,0.265625,1.6553910298388703
seasonal,4,144,0.006893281822334708,0.01280573566079553,False,18,0.28125,1.6553910298388703
seasonal,4,145,0.004946206959712562,0.00730247793263159,True,21,0.328125,1.6553910298388703
seasonal,4,146,0.008673344551539846,0.016687568771696318,False,20,0.3125,1.6553910298388703
seasonal,4,147,0.014006680126612409,0.025272677024381664,False,18,0.28125,1.6553910298388703
seasonal,4,148,0.020498697126521904,0.03639875377214708,False,19,0.296875,1.6553910298388703
seasonal,4,149,0.011126302721627502,0.021254129166291165,True,17,0.265625,1.6553910298388703
seasonal,4,150,0.004313632991855322,0.007931408153214154,False,17,0.265625,1.6553910298388703
seasonal,4,151,0.00763399569116853,0.015378266369238548,False,19,0.296875,1.6553910298388703
seasonal,4,152,0.009156758152617045,0.018399148520680975,False,22,0.34375,1.6553910298388703
seasonal,4,153,0.008941530019466872,0.01483367297697865,False,20,0.3125,1.6553910298388703
seasonal,4,154,0.011769889418957437,0.019869990086301505,True,21,0.328125,1.6553910298388703
seasonal,4,155,0.003898227666579735,0.0076161842082716445,False,20,0.3125,1.6553910298388703
seasonal,4,156,0.009594632199528557,0.01873012262773483,True,20,0.3125,1.6553910298388703
seasonal,4,157,0.0030660092668051676,0.006544607470204656,True,21,0.328125,1.6553910298388703
seasonal,4,158,0.009987605595428488,0.020136392071253367,True,20,0.3125,1.6553910298388703
seasonal,4,159,0.0033891759018599152,0.0061944924526272024,True,22,0.34375,1.6553910298388703
seasonal,4,160,0.005422485657719614,0.011170415755348677,False,22,0.34375,1.6553910298388703
seasonal,4,161,0.016768661380864205,0.031064373131559617,False,16,0.25,1.6553910298388703
seasonal,4,162,0.004902005661603589,0.00927523522528723,False,17,0.265625,1.6553910298388703
seasonal,4,163,0.010389728782190702,0.020285327316135963,False,17,0.265625,1.6553910298388703
seasonal,4,164,0.00624443358225305,0.011652133868378427,False,20,0.3125,1.6553910298388703
seasonal,4,165,0.005204630920081363,0.006879200053795553,False,20,0.3125,1.6553910298388703
seasonal,4,166,0.009642072167735998,0.01791332023643262,True,20,0.3125,1.6553910298388703
seasonal,4,167,0.012859169041324062,0.018922989220783108,True,20,0.3125,1.6553910298388703
seasonal,4,168,0.005932543890342576,0.012543244780217889,True,18,0.28125,1.6553910298388703
seasonal,4,169,0.004380050463580152,0.008362435582585957,True,18,0.28125,1.6553910298388703
seasonal,4,170,0.002555150394918519,0.004175535752767856,False,22,0.34375,1.6553910298388703
seasonal,4,171,0.020668874601786902,0.039465152191385584,False,19,0.296875,1.6553910298388703
seasonal,4,172,0.0064944408616512935,0.011905613789150789,False,19,0.296875,1.6553910298388703
seasonal,4,173,0.0073005659446634084,0.009696029368319781,False,17,0.265625,1.6553910298388703
seasonal,4,174,0.011382292441809988,0.018932666373435374,False,19,0.296875,1.6553910298388703
seasonal,4,175,0.010212603751263783,0.01582530555941248,False,18,0.28125,1.6553910298388703
seasonal,4,176,0.005942501603950847,0.010179394033766269,True,16,0.25,1.6553910298388703
seasonal,4,177,0.016613669540268234,0.028681643882602543,False,19,0.296875,1.6553910298388703
seasonal,4,178,0.023679013361196807,0.041541697450397375,False,17,0.265625,1.6553910298388703
seasonal,4,179,0.006925671378930828,0.012152389805005642,False,18,0.28125,1.6553910298388703
seasonal,4,180,0.009545281856039426,0.019900507228165564,True,21,0.328125,1.6553910298388703
seasonal,4,181,0.0011574956465653682,0.001993012630457966,True,21,0.328125,1.6553910298388703
seasonal,4,182,0.008231723325452923,0.015365350946535395,False,21,0.328125,1.6553910298388703
seasonal,4,183,0.008415151646969527,0.016522199720513404,False,21,0.328125,1.6553910298388703
seasonal,4,184,0.00948680205739866,0.018181094080358985,True,20,0.3125,1.6553910298388703
seasonal,4,185,0.0031880660878248735,0.005895658029630626,False,19,0.296875,1.6553910298388703
seasonal,4,186,0.008833880796020337,0.015013844067531961,False,19,0.296875,1.6553910298388703
seasonal,4,187,0.005416797197638332,0.008899647010601381,False,18,0.28125,1.6553910298388703
seasonal,4,188,0.020361620665847575,0.03639451967116401,False,19,0.296875,1.6553910298388703
seasonal,4,189,0.01244709081351313,0.022566681191069325,True,21,0.328125,1.6553910298388703
seasonal,4,190,0.012562117463854014,0.02189835799494167,False,18,0.28125,1.6553910298388703
seasonal,4,191,0.010361084561253363,0.016071661107044638,False,20,0.3125,1.6553910298388703
seasonal,4,192,0.00946288822986646,0.016758071248681942,True,19,0.296875,1.6553910298388703
seasonal,4,193,0.009449402986439684,0.016380401364027818,True,19,0.296875,1.6553910298388703
seasonal,4,194,0.010647330292947527,0.020403823556000157,True,14,0.21875,1.6553910298388703
seasonal,4,195,0.009356247741422604,0.015841525139821337,True,22,0.34375,1.6553910298388703
seasonal,4,196,0.0038709047353795243,0.006498486996634457,True,19,0.296875,1.6553910298388703
seasonal,4,197,0.02026319907018965,0.03563302277356838,True,14,0.21875,1.6553910298388703
seasonal,4,198,0.008461923547749318,0.013109426554323615,True,19,0.296875,1.6553910298388703
seasonal,4,199,0.015079575362243153,0.02956670932619966,False,21,0.328125,1.6553910298388703
seasonal,8,0,0.007687932688729081,0.013115365160456804,True,28,0.4375,1.1705382227144476
seasonal,8,1,0.0038330639128019007,0.007154796352278285,False,33,0.515625,1.1705382227144476
seasonal,8,2,0.006068055399863337,0.010041060116019018,False,30,0.46875,1.1705382227144476
seasonal,8,3,0.004289057346070409,0.008390015291174984,False,33,0.515625,1.1705382227144476
seasonal,8,4,0.008661037549989559,0.01834733429631189,True,33,0.515625,1.1705382227144476
seasonal,8,5,0.010989715789706962,0.018331826064807783,True,32,0.5,1.1705382227144476
seasonal,8,6,0.003489716331411579,0.007378057255600803,True,32,0.5,1.1705382227144476
seasonal,8,7,0.011177743060823446,0.01944658731517987,True,33,0.515625,1.1705382227144476
seasonal,8,8,0.0027435165668305093,0.005058930293368971,True,32,0.5,1.1705382227144476
seasonal,8,9,0.011026818011243984,0.022912513517449194,True,29,0.453125,1.1705382227144476
seasonal,8,10,0.004466825787598563,0.007466882883271872,False,32,0.5,1.1705382227144476
seasonal,8,11,0.0020462034279733416,0.003221935099097837,True,32,0.5,1.1705382227144476
seasonal,8,12,0.011921000489826339,0.02047462579005266,False,31,0.484375,1.1705382227144476
seasonal,8,13,0.010720671473806391,0.020094940361771306,False,31,0.484375,1.1705382227144476
seasonal,8,14,0.011061402432831104,0.01823618763376602,True,27,0.421875,1.1705382227144476
seasonal,8,15,0.006109754889623779,0.013141939781920312,True,32,0.5,1.1705382227144476
seasonal,8,16,0.014112432223392356,0.02490658316821987,False,30,0.46875,1.1705382227144476
seasonal,8,17,0.007151289225753274,0.015122240568464378,True,32,0.5,1.1705382227144476
seasonal,8,18,0.009632895680589615,0.017207221441965445,False,30,0.46875,1.1705382227144476
seasonal,8,19,0.005797983353746859,0.009279849372350935,True,27,0.421875,1.1705382227144476
seasonal,8,20,0.00541283350189106,0.009546191185363883,True,30,0.46875,1.1705382227144476
seasonal,8,21,0.0037034476424053966,0.00553716299200108,True,32,0.5,1.1705382227144476
seasonal,8,22,0.004491028536016418,0.008308392050353233,True,32,0.5,1.1705382227144476
seasonal,8,23,0.010143464996936451,0.02117964953601284,False,26,0.40625,1.1705382227144476
seasonal,8,24,0.010383973662459895,0.01932573653825744,False,34,0.53125,1.1705382227144476
seasonal,8,25,0.003046679317317794,0.0058001797565230195,True,32,0.5,1.1705382227144476
seasonal,8,26,0.003704424979392244,0.005314852016946104,True,35,0.546875,1.1705382227144476
seasonal,8,27,0.003574880714949127,0.007100360803130149,True,27,0.421875,1.1705382227144476
seasonal,8,28,0.004038613113518289,0.007089249598041102,True,35,0.546875,1.1705382227144476
seasonal,8,29,0.0024217328830844105,0.00382236444609637,True,29,0.453125,1.1705382227144476
seasonal,8,30,0.006158048730012776,0.010307993429367206,False,29,0.453125,1.1705382227144476
seasonal,8,31,0.008887611901717433,0.014418582559093462,False,28,0.4375,1.1705382227144476
seasonal,8,32,0.009174644257447143,0.017033792214484225,False,31,0.484375,1.1705382227144476
seasonal,8,33,0.003681091256162637,0.006129053777989068,False,33,0.515625,1.1705382227144476
seasonal,8,34,0.0056400554888190076,0.011061010224539914,False,30,0.46875,1.1705382227144476
seasonal,8,35,0.005580003393305481,0.010997022227867847,True,31,0.484375,1.1705382227144476
seasonal,8,36,0.0024069565375292997,0.003864668536466412,True,31,0.484375,1.1705382227144476
seasonal,8,37,0.0015993065651169185,0.002451443644586767,True,33,0.515625,1.1705382227144476
seasonal,8,38,0.003780951105852765,0.006253183802030816,False,31,0.484375,1.1705382227144476
seasonal,8,39,0.009399216963009502,0.013539657656507524,False,27,0.421875,1.1705382227144476
seasonal,8,40,0.007276504726521609,0.012960096599102001,True,32,0.5,1.1705382227144476
seasonal,8,41,0.00289669089970091,0.005869116031731169,True,31,0.484375,1.1705382227144476
seasonal,8,42,0.017237595956333597,0.03076794367289607,False,32,0.5,1.1705382227144476
seasonal,8,43,0.00527855757612459,0.009086422661669293,False,24,0.375,1.1705382227144476
seasonal,8,44,0.003904640967809954,0.0072080150146471185,True,29,0.453125,1.1705382227144476
seasonal,8,45,0.010057020247338818,0.016845426950065433,False,26,0.40625,1.1705382227144476
seasonal,8,46,0.004557569742601464,0.009043741076471299,False,31,0.484375,1.1705382227144476
seasonal,8,47,0.011021615881263849,0.019631647106105248,True,25,0.390625,1.1705382227144476
seasonal,8,48,0.004777980784215,0.00837925767862862,True,30,0.46875,1.1705382227144476
seasonal,8,49,0.004745440107484068,0.00959900590298819,True,31,0.484375,1.1705382227144476
seasonal,8,50,0.006690461996468106,0.01187791689167108,True,30,0.46875,1.1705382227144476
seasonal,8,51,0.006587092747372306,0.011883943891556649,False,32,0.5,1.1705382227144476
seasonal,8,52,0.0068933552700045165,0.012573419721327084,True,27,0.421875,1.1705382227144476
seasonal,8,53,0.004756901860102818,0.008402793929439174,False,29,0.453125,1.1705382227144476
seasonal,8,54,0.014628777333933463,0.026546742882621474,False,30,0.46875,1.1705382227144476
seasonal,8,55,0.002398074146125266,0.003912604499913663,False,31,0.484375,1.1705382227144476
seasonal,8,56,0.0019434036223241237,0.003417356717655872,False,30,0.46875,1.1705382227144476
seasonal,8,57,0.004362686769442377,0.009169487731461291,False,31,0.484375,1.1705382227144476
seasonal,8,58,0.004227778519638548,0.008829204931288552,True,32,0.5,1.1705382227144476
seasonal,8,59,0.007188915994893875,0.013833286514831428,True,26,0.40625,1.1705382227144476
seasonal,8,60,0.0052234977033409685,0.011427085036920198,False,27,0.421875,1.1705382227144476
seasonal,8,61,0.004331028567176149,0.00843306622243208,True,32,0.5,1.1705382227144476
seasonal,8,62,0.007299042859564071,0.01329530436699787,True,32,0.5,1.1705382227144476
seasonal,8,63,0.0037604670474282896,0.006454920610969897,False,32,0.5,1.1705382227144476
seasonal,8,64,0.0026963295565423004,0.003915662922751827,True,32,0.5,1.1705382227144476
seasonal,8,65,0.001508141551342485,0.002406919733760296,True,30,0.46875,1.1705382227144476
seasonal,8,66,0.003605601714800266,0.007549070119722379,True,34,0.53125,1.1705382227144476
seasonal,8,67,0.008408572483318328,0.014273334091616876,False,30,0.46875,1.1705382227144476
seasonal,8,68,0.013663717598590405,0.022443887212643468,False,27,0.421875,1.1705382227144476
seasonal,8,69,0.011539178921780661,0.02003564149173035,False,32,0.5,1.1705382227144476
seasonal,8,70,0.0034471370618405135,0.00591242495075691,True,32,0.5,1.1705382227144476
seasonal,8,71,0.00783275930254897,0.013522696936423547,True,32,0.5,1.1705382227144476
seasonal,8,72,0.006159266561302879,0.011759193988774518,False,30,0.46875,1.1705382227144476
seasonal,8,73,0.005854656869680556,0.012669284358164855,True,34,0.53125,1.1705382227144476
seasonal,8,74,0.00894054376492801,0.016077481242715363,True,30,0.46875,1.1705382227144476
seasonal,8,75,0.004832582016644313,0.008799527414904031,True,31,0.484375,1.1705382227144476
seasonal,8,76,0.009026393575939854,0.017063699201636973,True,30,0.46875,1.1705382227144476
seasonal,8,77,0.001577310149746054,0.002341855486316602,True,30,0.46875,1.1705382227144476
seasonal,8,78,0.011739681298684551,0.021861930792567347,False,32,0.5,1.1705382227144476
seasonal,8,79,0.009387419375792478,0.017400471593157732,False,31,0.484375,1.1705382227144476
seasonal,8,80,0.006807482001583674,0.012592207241446062,True,30,0.46875,1.1705382227144476
seasonal,8,81,0.007669391847753771,0.01646029353351045,False,34,0.53125,1.1705382227144476
seasonal,8,82,0.012898030451709208,0.023384061519770634,True,27,0.421875,1.1705382227144476
seasonal,8,83,0.008229582257475863,0.01506174877259155,False,31,0.484375,1.1705382227144476
seasonal,8,84,0.0044052601293554285,0.007107608225029587,False,32,0.5,1.1705382227144476
seasonal,8,85,0.008898758001140957,0.015434482514807491,False,32,0.5,1.1705382227144476
seasonal,8,86,0.009549751295329806,0.017577904783628723,True,28,0.4375,1.1705382227144476
seasonal,8,87,0.0022041053876884187,0.004165920437257612,False,33,0.515625,1.1705382227144476
seasonal,8,88,0.003503279120636818,0.006656892114654436,True,33,0.515625,1.1705382227144476
seasonal,8,89,0.00745623660999344,0.01501351319488372,False,33,0.515625,1.1705382227144476
seasonal,8,90,0.010052982776505948,0.018277723913950904,True,31,0.484375,1.1705382227144476
seasonal,8,91,0.0020720829733684803,0.0037876985315492117,True,33,0.515625,1.1705382227144476
seasonal,8,92,0.005612940620414815,0.008830515375395332,True,31,0.484375,1.1705382227144476
seasonal,8,93,0.005528620274100252,0.009208485475591444,False,34,0.53125,1.1705382227144476
seasonal,8,94,0.0019000765835000492,0.0034850760579529854,True,34,0.53125,1.1705382227144476
seasonal,8,95,0.003200147974213366,0.005883127548596899,False,30,0.46875,1.1705382227144476
seasonal,8,96,0.0051792356495417285,0.00989266082803653,True,32,0.5,1.1705382227144476
seasonal,8,97,0.005802348176683966,0.009513037873547014,False,33,0.515625,1.1705382227144476
seasonal,8,98,0.007979267728915225,0.013821285171766791,True,29,0.453125,1.1705382227144476
seasonal,8,99,0.004128696779908165,0.007018092159699394,False,27,0.421875,1.1705382227144476
seasonal,8,100,0.007525202415469222,0.015860732899385444,False,32,0.5,1.1705382227144476
seasonal,8,101,0.002442001566512737,0.00406671094953473,True,32,0.5,1.1705382227144476
seasonal,8,102,0.009375482598927112,0.015914807888380456,True,30,0.46875,1.1705382227144476
seasonal,8,103,0.010502332174351882,0.021073766501097865,True,31,0.484375,1.1705382227144476
seasonal,8,104,0.00964774537826719,0.02004164881450992,True,30,0.46875,1.1705382227144476
seasonal,8,105,0.008453180710624668,0.017428490746763406,False,33,0.515625,1.1705382227144476
seasonal,8,106,0.01071927125732056,0.01875278347330668,False,32,0.5,1.1705382227144476
seasonal,8,107,0.009075089420291284,0.015565607288522642,False,33,0.515625,1.1705382227144476
seasonal,8,108,0.007246925540118924,0.011092234171302385,True,30,0.46875,1.1705382227144476
seasonal,8,109,0.0025154014794452778,0.0044500706125693325,False,27,0.421875,1.1705382227144476
seasonal,8,110,0.001087117979643419,0.0022511556130390444,True,30,0.46875,1.1705382227144476
seasonal,8,111,0.007595769326433392,0.013267049389884475,True,29,0.453125,1.1705382227144476
seasonal,8,112,0.005107482983015107,0.009124379901496317,False,31,0.484375,1.1705382227144476
seasonal,8,113,0.007164774965578229,0.011944406520490017,True,33,0.515625,1.1705382227144476
seasonal,8,114,0.005833943593283404,0.011416283316017871,False,30,0.46875,1.1705382227144476
seasonal,8,115,0.003404375721384218,0.00696753817933168,False,32,0.5,1.1705382227144476
seasonal,8,116,0.012448924083558195,0.021839890047330703,True,30,0.46875,1.1705382227144476
seasonal,8,117,0.006526202214620901,0.010571348415433189,False,33,0.515625,1.1705382227144476
seasonal,8,118,0.015269015859083355,0.027189343069344972,False,29,0.453125,1.1705382227144476
seasonal,8,119,0.0029690169412743893,0.0043202168405023465,True,29,0.453125,1.1705382227144476
seasonal,8,120,0.005256114512573209,0.009047226507431198,False,30,0.46875,1.1705382227144476
seasonal,8,121,0.003053425744593763,0.004314332698891799,True,33,0.515625,1.1705382227144476
seasonal,8,122,0.018503235616905336,0.03549213070336501,True,29,0.453125,1.1705382227144476
seasonal,8,123,0.002623417847016684,0.004603387129346933,True,30,0.46875,1.1705382227144476
seasonal,8,124,0.007196402722762479,0.012142049961215415,False,35,0.546875,1.1705382227144476
seasonal,8,125,0.008148920593340813,0.014044259274473586,True,30,0.46875,1.1705382227144476
seasonal,8,126,0.01220528009013445,0.022336291004596893,True,27,0.421875,1.1705382227144476
seasonal,8,127,0.009474596670094709,0.01504012798909889,True,33,0.515625,1.1705382227144476
seasonal,8,128,0.010118528224343169,0.01663500391278768,False,30,0.46875,1.1705382227144476
seasonal,8,129,0.0014412568451399159,0.0026240612995427773,True,28,0.4375,1.1705382227144476
seasonal,8,130,0.008862654181287526,0.016195309395904814,False,29,0.453125,1.1705382227144476
seasonal,8,131,0.008239919615921125,0.014646407649460215,True,29,0.453125,1.1705382227144476
seasonal,8,132,0.012363029806475303,0.024507464956861583,True,31,0.484375,1.1705382227144476
seasonal,8,133,0.012718517022413174,0.023445741031711417,False,27,0.421875,1.1705382227144476
seasonal,8,134,0.00574474078869341,0.012081097272535882,True,25,0.390625,1.1705382227144476
seasonal,8,135,0.012220790589804072,0.020744117799815665,False,29,0.453125,1.1705382227144476
seasonal,8,136,0.008429292138110056,0.016658599099391574,False,33,0.515625,1.1705382227144476
seasonal,8,137,0.014857062457315136,0.026442606431793976,False,30,0.46875,1.1705382227144476
seasonal,8,138,0.0036810055633312356,0.006748500746644629,True,30,0.46875,1.1705382227144476
seasonal,8,139,0.007606596123605202,0.014310318780630445,False,31,0.484375,1.1705382227144476
seasonal,8,140,0.006789550094271969,0.012421235176370806,True,34,0.53125,1.1705382227144476
seasonal,8,141,0.005657590838252354,0.009218514621164992,True,32,0.5,1.1705382227144476
seasonal,8,142,0.0086128595492485,0.015512309601692333,False,30,0.46875,1.1705382227144476
seasonal,8,143,0.0057835064465482965,0.009929229535609818,True,31,0.484375,1.1705382227144476
seasonal,8,144,0.0025494543513648747,0.00372740644905741,False,31,0.484375,1.1705382227144476
seasonal,8,145,0.003974379397418752,0.007916857476535368,False,33,0.515625,1.1705382227144476
seasonal,8,146,0.006120605956789846,0.0111587474484156,False,33,0.515625,1.1705382227144476
seasonal,8,147,0.0038095135528609693,0.006896649271009032,True,27,0.421875,1.1705382227144476
seasonal,8,148,0.009694498582206558,0.01790650477557494,True,30,0.46875,1.1705382227144476
seasonal,8,149,0.000870182082361757,0.0014140950926411645,True,35,0.546875,1.1705382227144476
seasonal,8,150,0.0089841287322145,0.01394551108561229,True,31,0.484375,1.1705382227144476
seasonal,8,151,0.01198763792949903,0.023474369292495863,False,35,0.546875,1.1705382227144476
seasonal,8,152,0.013349978317806563,0.026822399137611766,False,29,0.453125,1.1705382227144476
seasonal,8,153,0.0033969798482075763,0.0066630640861689155,False,34,0.53125,1.1705382227144476
seasonal,8,154,0.0077715632577489355,0.013358697641372357,True,30,0.46875,1.1705382227144476
seasonal,8,155,0.0035293031192433657,0.006412831107089831,False,35,0.546875,1.1705382227144476
seasonal,8,156,0.00748448620651261,0.013842508103850685,False,29,0.453125,1.1705382227144476
seasonal,8,157,0.0052070867419875795,0.009595019958885575,True,23,0.359375,1.1705382227144476
seasonal,8,158,0.006954514393223827,0.01133217781531423,True,29,0.453125,1.1705382227144476
seasonal,8,159,0.009319738970626367,0.016731342860808875,False,31,0.484375,1.1705382227144476
seasonal,8,160,0.007657220638297203,0.01307247030433989,True,28,0.4375,1.1705382227144476
seasonal,8,161,0.004633728553972691,0.009327820511300686,False,30,0.46875,1.1705382227144476
seasonal,8,162,0.007267605521095816,0.01287137943018616,True,32,0.5,1.1705382227144476
seasonal,8,163,0.0026126643514190976,0.005273664751382998,False,32,0.5,1.1705382227144476
seasonal,8,164,0.007480496574450553,0.013747611732604671,False,32,0.5,1.1705382227144476
seasonal,8,165,0.004262240926081466,0.006905261635736793,False,29,0.453125,1.1705382227144476
seasonal,8,166,0.002740714103021273,0.004924234271690579,True,26,0.40625,1.1705382227144476
seasonal,8,167,0.004975037126395328,0.008476004142828371,False,28,0.4375,1.1705382227144476
seasonal,8,168,0.016277284673445216,0.02998665573107115,False,30,0.46875,1.1705382227144476
seasonal,8,169,0.011679407683287627,0.02023118699060968,True,32,0.5,1.1705382227144476
seasonal,8,170,0.021051032018380017,0.03562630873102074,True,27,0.421875,1.1705382227144476
seasonal,8,171,0.004358014831464463,0.008367341854147222,False,23,0.359375,1.1705382227144476
seasonal,8,172,0.004382548798646535,0.009532489411088904,True,30,0.46875,1.1705382227144476
seasonal,8,173,0.00795634316271955,0.015371497732376022,False,27,0.421875,1.1705382227144476
seasonal,8,174,0.016668371882943102,0.030644228692169283,False,28,0.4375,1.1705382227144476
seasonal,8,175,0.004741334479004142,0.009737388897896847,False,36,0.5625,1.1705382227144476
seasonal,8,176,0.006077387207605132,0.010517799973282362,True,31,0.484375,1.1705382227144476
seasonal,8,177,0.006989404398766331,0.013779048453108986,False,30,0.46875,1.1705382227144476
seasonal,8,178,0.0022314273677945403,0.004668719742375434,False,33,0.515625,1.1705382227144476
seasonal,8,179,0.005076225258641746,0.008748668779470135,False,27,0.421875,1.1705382227144476
seasonal,8,180,0.00935898444827973,0.017565942449864848,True,27,0.421875,1.1705382227144476
seasonal,8,181,0.0028559164523099738,0.0057297931056962455,True,33,0.515625,1.1705382227144476
seasonal,8,182,0.006250119091298822,0.00972104000224483,False,32,0.5,1.1705382227144476
seasonal,8,183,0.006261864807543116,0.011387382174486626,False,28,0.4375,1.1705382227144476
seasonal,8,184,0.0025441794755604896,0.003560186232996602,False,30,0.46875,1.1705382227144476
seasonal,8,185,0.0029306814836248924,0.004923850643129099,True,33,0.515625,1.1705382227144476
seasonal,8,186,0.008818891943572096,0.0155755317835495,True,27,0.421875,1.1705382227144476
seasonal,8,187,0.004281068816556262,0.008399903677727642,False,31,0.484375,1.1705382227144476
seasonal,8,188,0.0024589866222575274,0.004387594181880481,False,29,0.453125,1.1705382227144476
seasonal,8,189,0.005626105776073173,0.012211493763218926,True,32,0.5,1.1705382227144476
seasonal,8,190,0.004667368394402712,0.0077521294905198886,True,34,0.53125,1.1705382227144476
seasonal,8,191,0.01650377607886976,0.029622119216405028,False,29,0.453125,1.1705382227144476
seasonal,8,192,0.005737568817131183,0.008946622919866906,True,28,0.4375,1.1705382227144476
seasonal,8,193,0.011884415155769277,0.016922875071846484,True,31,0.484375,1.1705382227144476
seasonal,8,194,0.010579023081165345,0.019837696502370307,True,31,0.484375,1.1705382227144476
seasonal,8,195,0.004273209713558218,0.009333947293530336,True,32,0.5,1.1705382227144476
seasonal,8,196,0.006103950825836347,0.012580625213417497,True,31,0.484375,1.1705382227144476
seasonal,8,197,0.013100108257476794,0.020850339419618565,False,29,0.453125,1.1705382227144476
seasonal,8,198,0.013524875888329973,0.02396877763243685,False,33,0.515625,1.1705382227144476
seasonal,8,199,0.010842538256390259,0.021718079586718547,True,25,0.390625,1.1705382227144476
seasonal,16,0,0.006208067690001188,0.011627452265001717,False,48,0.75,0.8276955149194352
seasonal,16,1,0.008815936274410349,0.014991399874869173,True,46,0.71875,0.8276955149194352
seasonal,16,2,0.004221092489883749,0.008771071898831265,True,40,0.625,0.8276955149194352
seasonal,16,3,0.002667108088939579,0.003639283490018132,False,46,0.71875,0.8276955149194352
seasonal,16,4,0.0019461976239177532,0.002990001302388197,False,42,0.65625,0.8276955149194352
seasonal,16,5,0.003241243312788695,0.0059702984026793506,False,46,0.71875,0.8276955149194352
seasonal,16,6,0.0024697592711512596,0.0040455966787130565,False,42,0.65625,0.8276955149194352
seasonal,16,7,0.012150540469008871,0.018757502381886823,True,44,0.6875,0.8276955149194352
seasonal,16,8,0.0028763283363999878,0.005744558750225885,True,42,0.65625,0.8276955149194352
seasonal,16,9,0.0029272809935110616,0.005873369074321309,True,48,0.75,0.8276955149194352
seasonal,16,10,0.002893455195370297,0.005754653976181315,False,45,0.703125,0.8276955149194352
seasonal,16,11,0.003981931725840216,0.007702430676923406,False,44,0.6875,0.8276955149194352
seasonal,16,12,0.0012921339258967924,0.002308586699248775,True,44,0.6875,0.8276955149194352
seasonal,16,13,0.00400608455790894,0.006607238675681047,False,41,0.640625,0.8276955149194352
seasonal,16,14,0.0021586890599517915,0.004714224248515024,False,46,0.71875,0.8276955149194352
seasonal,16,15,0.007445151922570643,0.0135291424471959,True,47,0.734375,0.8276955149194352
seasonal,16,16,0.004773368846394322,0.009902733102916473,False,43,0.671875,0.8276955149194352
seasonal,16,17,0.00330005620672375,0.004706927242579396,False,46,0.71875,0.8276955149194352
seasonal,16,18,0.008699340841667427,0.015331624403194893,True,43,0.671875,0.8276955149194352
seasonal,16,19,0.004208218228896655,0.0074222557907394834,False,47,0.734375,0.8276955149194352
seasonal,16,20,0.0017390812489963018,0.0027108473127787913,True,47,0.734375,0.8276955149194352
seasonal,16,21,0.006491398834514382,0.010842920751812268,False,43,0.671875,0.8276955149194352
seasonal,16,22,0.003128136116851429,0.005738956629810138,False,40,0.625,0.8276955149194352
seasonal,16,23,0.002612464268510959,0.0041877126705144275,True,49,0.765625,0.8276955149194352
seasonal,16,24,0.003445515359459032,0.005183119055913524,False,46,0.71875,0.8276955149194352
seasonal,16,25,0.00498315464556419,0.00914902079504201,True,47,0.734375,0.8276955149194352
seasonal,16,26,0.002465775165568775,0.004589851232296126,True,45,0.703125,0.8276955149194352
seasonal,16,27,0.006706876507866605,0.012574459977019259,True,42,0.65625,0.8276955149194352
seasonal,16,28,0.001800499908545463,0.0025235610722979807,True,50,0.78125,0.8276955149194352
seasonal,16,29,0.009489546300965136,0.01597519648947516,True,40,0.625,0.8276955149194352
seasonal,16,30,0.0015498119394261678,0.002245937180481203,True,45,0.703125,0.8276955149194352
seasonal,16,31,0.00638706284507501,0.012309623310607334,True,42,0.65625,0.8276955149194352
seasonal,16,32,0.0023601594168048586,0.00429736424469369,True,44,0.6875,0.8276955149194352
seasonal,16,33,0.007589451726781839,0.014260689482475018,True,41,0.640625,0.8276955149194352
seasonal,16,34,0.0048331969027171524,0.008343345013017615,False,40,0.625,0.8276955149194352
seasonal,16,35,0.0041348504090918,0.005445523976713574,True,43,0.671875,0.8276955149194352
seasonal,16,36,0.000677625557333827,0.0010983848461212052,True,50,0.78125,0.8276955149194352
seasonal,16,37,0.004607070953909936,0.00859208163504045,False,43,0.671875,0.8276955149194352
seasonal,16,38,0.006080757692846946,0.009411468242513005,True,46,0.71875,0.8276955149194352
seasonal,16,39,0.004254888985046613,0.007985783553470368,True,48,0.75,0.8276955149194352
seasonal,16,40,0.006745907703957427,0.012827829608446487,True,47,0.734375,0.8276955149194352
seasonal,16,41,0.005457798519275759,0.009347727535651296,False,46,0.71875,0.8276955149194352
seasonal,16,42,0.004557321273528339,0.0076204916532102915,False,46,0.71875,0.8276955149194352
seasonal,16,43,0.0019088021220093074,0.003424320299128397,True,46,0.71875,0.8276955149194352
seasonal,16,44,0.008436185833897637,0.014297902582361594,False,46,0.71875,0.8276955149194352
seasonal,16,45,0.005908054471772577,0.010640697171183221,True,45,0.703125,0.8276955149194352
seasonal,16,46,0.002326610741833206,0.0035378013079818103,False,42,0.65625,0.8276955149194352
seasonal,16,47,0.00258128653964802,0.005549507800613869,True,44,0.6875,0.8276955149194352
seasonal,16,48,0.0014309477762121214,0.0023487715861606143,True,42,0.65625,0.8276955149194352
seasonal,16,49,0.003750489910531981,0.006850996381796842,True,46,0.71875,0.8276955149194352
seasonal,16,50,0.002671757750736834,0.005724710014635015,True,43,0.671875,0.8276955149194352
seasonal,16,51,0.01027687295033107,0.01723228608524667,False,44,0.6875,0.8276955149194352
seasonal,16,52,0.008065457973422617,0.015226358710538686,True,49,0.765625,0.8276955149194352
seasonal,16,53,0.0061444390298345435,0.011299823951688796,False,48,0.75,0.8276955149194352
seasonal,16,54,0.003756203941353929,0.0069814145037910835,True,48,0.75,0.8276955149194352
seasonal,16,55,0.005304854338402347,0.010499297042543012,False,43,0.671875,0.8276955149194352
seasonal,16,56,0.0026716657992815747,0.004922075353156866,True,48,0.75,0.8276955149194352
seasonal,16,57,0.005215807738147427,0.009833498269458235,True,45,0.703125,0.8276955149194352
seasonal,16,58,0.002370564729554119,0.003595036308455286,True,44,0.6875,0.8276955149194352
seasonal,16,59,0.005342410262088212,0.009772551040186869,True,41,0.640625,0.8276955149194352
seasonal,16,60,0.00987114245262788,0.016568439036785378,True,49,0.765625,0.8276955149194352
seasonal,16,61,0.0040347537608553885,0.008561368771044301,False,44,0.6875,0.8276955149194352
seasonal,16,62,0.007477067934399903,0.014784991637858211,False,44,0.6875,0.8276955149194352
seasonal,16,63,0.004947880578594002,0.009560247875763858,True,44,0.6875,0.8276955149194352
seasonal,16,64,0.0024571409428433564,0.004660749370535254,True,47,0.734375,0.8276955149194352
seasonal,16,65,0.0029527238285126365,0.005174580517410765,True,43,0.671875,0.8276955149194352
seasonal,16,66,0.005001492115928326,0.00800324079606666,True,45,0.703125,0.8276955149194352
seasonal,16,67,0.0037555851295060735,0.006736184748148445,False,41,0.640625,0.8276955149194352
seasonal,16,68,0.0020630886613332913,0.003161585151742731,True,39,0.609375,0.8276955149194352
seasonal,16,69,0.00497057132228634,0.008946121544244727,False,42,0.65625,0.8276955149194352
seasonal,16,70,0.006358644158725598,0.013297528427300647,False,47,0.734375,0.8276955149194352
seasonal,16,71,0.0032005429870198996,0.0057070656261508645,True,42,0.65625,0.8276955149194352
seasonal,16,72,0.001312065508356393,0.002615426346704609,True,45,0.703125,0.8276955149194352
seasonal,16,73,0.006968724593476938,0.011719021042922419,False,40,0.625,0.8276955149194352
seasonal,16,74,0.006057206012412017,0.011213367348554836,False,41,0.640625,0.8276955149194352
seasonal,16,75,0.003920859514589498,0.008272247586962569,False,44,0.6875,0.8276955149194352
seasonal,16,76,0.0019116144914904168,0.0032538659579237628,False,46,0.71875,0.8276955149194352
seasonal,16,77,0.0006824153435134835,0.0012174789435792158,True,47,0.734375,0.8276955149194352
seasonal,16,78,0.013202209709083885,0.02355132964191049,False,41,0.640625,0.8276955149194352
seasonal,16,79,0.003505039883427585,0.007271501012933265,True,45,0.703125,0.8276955149194352
seasonal,16,80,0.00217134946741193,0.0035830876549286447,False,46,0.71875,0.8276955149194352
seasonal,16,81,0.011993957387278625,0.01918859841516978,True,43,0.671875,0.8276955149194352
seasonal,16,82,0.00280034480623038,0.004355340315068153,True,43,0.671875,0.8276955149194352
seasonal,16,83,0.0016633418709341397,0.0025758559807620082,False,45,0.703125,0.8276955149194352
seasonal,16,84,0.0067108587778571555,0.013077274127040468,True,46,0.71875,0.8276955149194352
seasonal,16,85,0.0035896143278711513,0.007075987782705087,False,45,0.703125,0.8276955149194352
seasonal,16,86,0.007212799719752904,0.011180364128645641,True,42,0.65625,0.8276955149194352
seasonal,16,87,0.005712839006441363,0.009487763215776844,False,45,0.703125,0.8276955149194352
seasonal,16,88,0.002064460359298393,0.0036819055324631006,False,46,0.71875,0.8276955149194352
seasonal,16,89,0.007957054816855526,0.014271101524762454,False,42,0.65625,0.8276955149194352
seasonal,16,90,0.003196300522496784,0.005917014809752499,True,46,0.71875,0.8276955149194352
seasonal,16,91,0.0022637916258225724,0.0032166529623292124,True,41,0.640625,0.8276955149194352
seasonal,16,92,0.0043655665852024095,0.00935973614168897,True,39,0.609375,0.8276955149194352
seasonal,16,93,0.004954513573833026,0.008929277457519546,False,42,0.65625,0.8276955149194352
seasonal,16,94,0.0025435933284809033,0.0034698079742801567,False,48,0.75,0.8276955149194352
seasonal,16,95,0.006487872391311723,0.011825036012997024,False,45,0.703125,0.8276955149194352
seasonal,16,96,0.005638207420705336,0.009391240569012575,False,48,0.75,0.8276955149194352
seasonal,16,97,0.008058509630174295,0.014906960999121054,False,43,0.671875,0.8276955149194352
seasonal,16,98,0.00301402297930876,0.005698428450448111,False,41,0.640625,0.8276955149194352
seasonal,16,99,0.005121963265785906,0.009227858057944904,False,47,0.734375,0.8276955149194352
seasonal,16,100,0.007680926883768357,0.013875759239444143,False,47,0.734375,0.8276955149194352
seasonal,16,101,0.0038382427152268386,0.007554362402006229,True,39,0.609375,0.8276955149194352
seasonal,16,102,0.004520604141345231,0.008879687313241262,True,39,0.609375,0.8276955149194352
seasonal,16,103,0.006056193721465681,0.008654259411750482,True,46,0.71875,0.8276955149194352
seasonal,16,104,0.0030482508569982755,0.005472243289897238,True,41,0.640625,0.8276955149194352
seasonal,16,105,0.0024567139764888834,0.00493402321899465,True,51,0.796875,0.8276955149194352
seasonal,16,106,0.002993397929855126,0.005778937871275369,True,41,0.640625,0.8276955149194352
seasonal,16,107,0.005612834416475957,0.010626927283364628,False,48,0.75,0.8276955149194352
seasonal,16,108,0.00812962871777949,0.015066932508609427,False,47,0.734375,0.8276955149194352
seasonal,16,109,0.001953300991812656,0.004115357423246166,True,45,0.703125,0.8276955149194352
seasonal,16,110,0.0037784652342071675,0.006273169272115138,True,49,0.765625,0.8276955149194352
seasonal,16,111,0.004205087524495587,0.0068209857610704305,True,43,0.671875,0.8276955149194352
seasonal,16,112,0.005144332963855061,0.010026817058656892,True,45,0.703125,0.8276955149194352
seasonal,16,113,0.0031672705082526234,0.004697983218772794,True,42,0.65625,0.8276955149194352
seasonal,16,114,0.0049898315170817,0.010003520355783821,True,49,0.765625,0.8276955149194352
seasonal,16,115,0.0031617629437991897,0.006296749618200575,True,44,0.6875,0.8276955149194352
seasonal,16,116,0.003910924182375443,0.00696010333681215,True,47,0.734375,0.8276955149194352
seasonal,16,117,0.007125264913026692,0.013302763438377843,True,40,0.625,0.8276955149194352
seasonal,16,118,0.007136032545344937,0.013443121261060575,False,43,0.671875,0.8276955149194352
seasonal,16,119,0.0013064695436536856,0.0021908319979348162,True,46,0.71875,0.8276955149194352
seasonal,16,120,0.0007134630596208004,0.0013830232831962136,True,48,0.75,0.8276955149194352
seasonal,16,121,0.00479031594201464,0.008367336269727474,True,45,0.703125,0.8276955149194352
seasonal,16,122,0.002575708181613484,0.004838373009344223,True,47,0.734375,0.8276955149194352
seasonal,16,123,0.0006217389864227625,0.0009943947464073344,True,46,0.71875,0.8276955149194352
seasonal,16,124,0.004723912900174358,0.008285711263528386,True,36,0.5625,0.8276955149194352
seasonal,16,125,0.0033890752761298695,0.005567622007681544,False,48,0.75,0.8276955149194352
seasonal,16,126,0.002050872812587312,0.003877469310560655,True,45,0.703125,0.8276955149194352
seasonal,16,127,0.0049772993751325606,0.00898481091262076,False,45,0.703125,0.8276955149194352
seasonal,16,128,0.006103915075712287,0.011450655752144157,False,41,0.640625,0.8276955149194352
seasonal,16,129,0.001582964404083628,0.0021674579960900206,True,46,0.71875,0.8276955149194352
seasonal,16,130,0.011971209464318091,0.02038820470896022,True,43,0.671875,0.8276955149194352
seasonal,16,131,0.005230109067834366,0.009649318136028123,True,38,0.59375,0.8276955149194352
seasonal,16,132,0.006483430585227136,0.012187389594378147,True,42,0.65625,0.8276955149194352
seasonal,16,133,0.002813671516759975,0.0049300817816899725,False,47,0.734375,0.8276955149194352
seasonal,16,134,0.006122239432474685,0.01144055170155241,True,42,0.65625,0.8276955149194352
seasonal,16,135,0.0045427331450908805,0.009174296482509472,False,43,0.671875,0.8276955149194352
seasonal,16,136,0.0024173948377329757,0.004581419811093517,False,44,0.6875,0.8276955149194352
seasonal,16,137,0.0024450598638813092,0.0045020152855768875,True,43,0.671875,0.8276955149194352
seasonal,16,138,0.0026806152864875554,0.005248346200717357,True,43,0.671875,0.8276955149194352
seasonal,16,139,0.005576065433716684,0.0099233815821274,True,44,0.6875,0.8276955149194352
seasonal,16,140,0.0029117484741200783,0.005635977599305668,False,43,0.671875,0.8276955149194352
seasonal,16,141,0.005048538950050271,0.008718943427990074,True,49,0.765625,0.8276955149194352
seasonal,16,142,0.008326252090009733,0.016770134691986217,True,46,0.71875,0.8276955149194352
seasonal,16,143,0.0021795967387819417,0.003247896311008018,True,46,0.71875,0.8276955149194352
seasonal,16,144,0.0036982907441004357,0.007908555380864673,True,42,0.65625,0.8276955149194352
seasonal,16,145,0.009251258292015124,0.01665038392984832,False,46,0.71875,0.8276955149194352
seasonal,16,146,0.0026741344692528595,0.00464676043025679,False,42,0.65625,0.8276955149194352
seasonal,16,147,0.007020899441057138,0.012488325427055958,True,43,0.671875,0.8276955149194352
seasonal,16,148,0.0011173491372279644,0.0017300150666871511,True,43,0.671875,0.8276955149194352
seasonal,16,149,0.005153548188620227,0.010024296677888813,False,42,0.65625,0.8276955149194352
seasonal,16,150,0.012475481920470873,0.022127682565201694,False,43,0.671875,0.8276955149194352
seasonal,16,151,0.003188013289630394,0.005282978169784212,False,43,0.671875,0.8276955149194352
seasonal,16,152,0.0054105240256178515,0.0094491241563468,True,44,0.6875,0.8276955149194352
seasonal,16,153,0.006103931644646524,0.012706655523361803,True,44,0.6875,0.8276955149194352
seasonal,16,154,0.002475914748680622,0.003740027130307161,False,44,0.6875,0.8276955149194352
seasonal,16,155,0.006804684572942952,0.013495976545095385,False,43,0.671875,0.8276955149194352
seasonal,16,156,0.008519857706603247,0.016687018545861507,False,46,0.71875,0.8276955149194352
seasonal,16,157,0.0018850993614535016,0.0034280828055061816,True,49,0.765625,0.8276955149194352
seasonal,16,158,0.003786149574201233,0.0065205029885966985,False,45,0.703125,0.8276955149194352
seasonal,16,159,0.0033686751831740634,0.006160984738292224,True,48,0.75,0.8276955149194352
seasonal,16,160,0.006542451908104665,0.0131065409505388,True,42,0.65625,0.8276955149194352
seasonal,16,161,0.008209196148918015,0.012945005910100123,True,45,0.703125,0.8276955149194352
seasonal,16,162,0.0023091014099267345,0.004399326036465624,True,42,0.65625,0.8276955149194352
seasonal,16,163,0.006421700603349894,0.010515981374489582,False,46,0.71875,0.8276955149194352
seasonal,16,164,0.005727712041560639,0.012199428764174715,True,45,0.703125,0.8276955149194352
seasonal,16,165,0.00966688057012501,0.017632731092666776,True,45,0.703125,0.8276955149194352
seasonal,16,166,0.007019307749087155,0.01489941023249592,True,38,0.59375,0.8276955149194352
seasonal,16,167,0.009873824933710789,0.016803116960658754,True,46,0.71875,0.8276955149194352
seasonal,16,168,0.005377156739922476,0.008460076400815607,True,44,0.6875,0.8276955149194352
seasonal,16,169,0.00222888515148855,0.0033458150314790054,False,45,0.703125,0.8276955149194352
seasonal,16,170,0.00545537784789208,0.01038671767280055,True,45,0.703125,0.8276955149194352
seasonal,16,171,0.006999657564530216,0.012649692580262394,True,44,0.6875,0.8276955149194352
seasonal,16,172,0.007152676307333288,0.012890531895560872,True,49,0.765625,0.8276955149194352
seasonal,16,173,0.0079492802500828,0.01465245772873739,False,45,0.703125,0.8276955149194352
seasonal,16,174,0.0012936248004566885,0.0018882780290268193,True,46,0.71875,0.8276955149194352
seasonal,16,175,0.0074234847535015495,0.012644408854149925,False,43,0.671875,0.8276955149194352
seasonal,16,176,0.0037853427995695583,0.00790495837154999,False,47,0.734375,0.8276955149194352
seasonal,16,177,0.005413353248408146,0.009407553583138892,False,47,0.734375,0.8276955149194352
seasonal,16,178,0.002161263383557673,0.003910951301416589,True,46,0.71875,0.8276955149194352
seasonal,16,179,0.002118328095433631,0.003390386338860983,True,39,0.609375,0.8276955149194352
seasonal,16,180,0.005861877821850174,0.010986804919009916,True,48,0.75,0.8276955149194352
seasonal,16,181,0.004054212070511548,0.007936955066849508,False,39,0.609375,0.8276955149194352
seasonal,16,182,0.003507596276812946,0.0068429143153278214,False,46,0.71875,0.8276955149194352
seasonal,16,183,0.008542384469163307,0.014582451572752017,True,45,0.703125,0.8276955149194352
seasonal,16,184,0.0019977501418368586,0.003923456661572802,False,49,0.765625,0.8276955149194352
seasonal,16,185,0.002585093506886468,0.0033995944648020013,False,48,0.75,0.8276955149194352
seasonal,16,186,0.006574052060417956,0.011953416583483237,True,40,0.625,0.8276955149194352
seasonal,16,187,0.0014336889602423572,0.00258223085099173,True,43,0.671875,0.8276955149194352
seasonal,16,188,0.002676342208510813,0.005523201000346846,False,43,0.671875,0.8276955149194352
seasonal,16,189,0.004458121833202511,0.008198922187971821,False,46,0.71875,0.8276955149194352
seasonal,16,190,0.002702438215084322,0.005385338760275599,False,47,0.734375,0.8276955149194352
seasonal,16,191,0.005675246568752757,0.011681682980991918,True,40,0.625,0.8276955149194352
seasonal,16,192,0.0033749323597418945,0.006080746431512612,True,44,0.6875,0.8276955149194352
seasonal,16,193,0.00884162628329381,0.016776929641690842,True,44,0.6875,0.8276955149194352
seasonal,16,194,0.005235092268438498,0.009179118885451677,True,43,0.671875,0.8276955149194352
seasonal,16,195,0.011915580082166003,0.021291819129899473,False,40,0.625,0.8276955149194352
seasonal,16,196,0.008084890676812008,0.016183203608383632,False,44,0.6875,0.8276955149194352
seasonal,16,197,0.01036030284341191,0.01831143564125003,False,45,0.703125,0.8276955149194352
seasonal,16,198,0.002150307509797514,0.0035617919719159855,True,42,0.65625,0.8276955149194352
seasonal,16,199,0.002186614847854624,0.003986401583818664,False,47,0.734375,0.8276955149194352
seasonal,32,0,0.003582112394939761,0.005809125249865356,True,58,0.90625,0.5852691113572238
seasonal,32,1,0.001607787280488008,0.002740656688715242,True,59,0.921875,0.5852691113572238
seasonal,32,2,0.004107095404062303,0.00672650727571578,False,55,0.859375,0.5852691113572238
seasonal,32,3,0.0023594941558793504,0.004241026286877617,False,57,0.890625,0.5852691113572238
seasonal,32,4,0.002793951375747096,0.006013964679258443,True,58,0.90625,0.5852691113572238
seasonal,32,5,0.0013650379544154507,0.0018684849590391642,True,60,0.9375,0.5852691113572238
seasonal,32,6,0.004196074596546364,0.007306432139016446,True,56,0.875,0.5852691113572238
seasonal,32,7,0.009301451127136446,0.01556283006197606,False,48,0.75,0.5852691113572238
seasonal,32,8,0.0007971731055338928,0.0013386776010982648,True,59,0.921875,0.5852691113572238
seasonal,32,9,0.003120830361158416,0.006390990887804114,True,53,0.828125,0.5852691113572238
seasonal,32,10,0.003946349931843522,0.005676975133171884,False,55,0.859375,0.5852691113572238
seasonal,32,11,0.00362045404218843,0.005236615426809732,False,59,0.921875,0.5852691113572238
seasonal,32,12,0.0014078373434711332,0.002161282951875062,False,57,0.890625,0.5852691113572238
seasonal,32,13,0.0069270253957110445,0.0129604227356327,True,58,0.90625,0.5852691113572238
seasonal,32,14,0.0011348622430895389,0.0023821278152072606,True,57,0.890625,0.5852691113572238
seasonal,32,15,0.00130523811399536,0.0023952547499648293,True,58,0.90625,0.5852691113572238
seasonal,32,16,0.0040165723560420955,0.007009359653472846,True,60,0.9375,0.5852691113572238
seasonal,32,17,0.004426997242774129,0.007864531131075797,False,59,0.921875,0.5852691113572238
seasonal,32,18,0.0035416520468839014,0.005646007352831517,False,58,0.90625,0.5852691113572238
seasonal,32,19,0.0036076325010809263,0.006605861636818767,True,58,0.90625,0.5852691113572238
seasonal,32,20,0.0022915169956589086,0.003987664515976371,True,62,0.96875,0.5852691113572238
seasonal,32,21,0.004720686027849988,0.007570288311575031,True,58,0.90625,0.5852691113572238
seasonal,32,22,0.004811123084234805,0.009127050607325056,False,60,0.9375,0.5852691113572238
seasonal,32,23,0.002225817391511454,0.0036484733764816733,True,56,0.875,0.5852691113572238
seasonal,32,24,0.007633575154177676,0.015269539931056597,False,59,0.921875,0.5852691113572238
seasonal,32,25,0.0020504494292216896,0.0035488426943869195,True,59,0.921875,0.5852691113572238
seasonal,32,26,0.0019347161759827212,0.003202048841904906,False,58,0.90625,0.5852691113572238
seasonal,32,27,0.010572062685153202,0.017990260415493557,False,55,0.859375,0.5852691113572238
seasonal,32,28,0.005115088382668846,0.008356656617368105,False,55,0.859375,0.5852691113572238
seasonal,32,29,0.0037238346649999016,0.006351035892339986,True,59,0.921875,0.5852691113572238
seasonal,32,30,0.003071686140442622,0.00580275800809745,True,52,0.8125,0.5852691113572238
seasonal,32,31,0.004595993485575104,0.007845934224529512,False,54,0.84375,0.5852691113572238
seasonal,32,32,0.001214284049871731,0.002222026061975609,True,56,0.875,0.5852691113572238
seasonal,32,33,0.001021827093153758,0.0014932661601573145,True,58,0.90625,0.5852691113572238
seasonal,32,34,0.0018437518553001263,0.003724918941210409,False,58,0.90625,0.5852691113572238
seasonal,32,35,0.0031624942029984983,0.0065122368104594194,False,58,0.90625,0.5852691113572238
seasonal,32,36,0.002995683018783535,0.004873163118153601,True,60,0.9375,0.5852691113572238
seasonal,32,37,0.0017384587436714348,0.003009494510714768,True,60,0.9375,0.5852691113572238
seasonal,32,38,0.0018891994060208307,0.0035089394832002905,True,58,0.90625,0.5852691113572238
seasonal,32,39,0.0031345677364665618,0.004805563545166371,False,56,0.875,0.5852691113572238
seasonal,32,40,0.0022752679500335033,0.004298937049752403,False,59,0.921875,0.5852691113572238
seasonal,32,41,0.0015940106572235736,0.0032748519041864302,True,57,0.890625,0.5852691113572238
seasonal,32,42,0.004671437978988609,0.008670455466093928,False,58,0.90625,0.5852691113572238
seasonal,32,43,0.0018616765012444898,0.003443162046137798,False,53,0.828125,0.5852691113572238
seasonal,32,44,0.003404679973317357,0.005834563420474028,True,57,0.890625,0.5852691113572238
seasonal,32,45,0.004120961864980799,0.007936598979289155,True,56,0.875,0.5852691113572238
seasonal,32,46,0.0028221381554029887,0.004520744375306966,True,60,0.9375,0.5852691113572238
seasonal,32,47,0.004878239555567524,0.008445659781987028,True,58,0.90625,0.5852691113572238
seasonal,32,48,0.001304932735804824,0.0026400246548111232,True,58,0.90625,0.5852691113572238
seasonal,32,49,0.0009585403507246513,0.0017612825900934891,True,59,0.921875,0.5852691113572238
seasonal,32,50,0.0036122771419115204,0.006154482937835909,False,50,0.78125,0.5852691113572238
seasonal,32,51,0.0013107843567889998,0.002476896216944007,True,58,0.90625,0.5852691113572238
seasonal,32,52,0.00093536121090729,0.001705441880527049,True,59,0.921875,0.5852691113572238
seasonal,32,53,0.004074877093597358,0.00809700149686128,False,64,1.0,0.5852691113572238
seasonal,32,54,0.0034010688841938533,0.006401615004888497,False,59,0.921875,0.5852691113572238
seasonal,32,55,0.009266714823792236,0.018247204511926296,False,56,0.875,0.5852691113572238
seasonal,32,56,0.002290771921966398,0.0039684128018200905,False,55,0.859375,0.5852691113572238
seasonal,32,57,0.0036466942969626778,0.007457841844026987,True,59,0.921875,0.5852691113572238
seasonal,32,58,0.0018872463561323493,0.0028244478330694683,False,54,0.84375,0.5852691113572238
seasonal,32,59,0.005585108104387998,0.009499502228287422,True,57,0.890625,0.5852691113572238
seasonal,32,60,0.0033458667837647236,0.006149768194686624,False,57,0.890625,0.5852691113572238
seasonal,32,61,0.003679848458545145,0.005978326313173767,True,55,0.859375,0.5852691113572238
seasonal,32,62,0.004704094172185353,0.009670068319532849,True,60,0.9375,0.5852691113572238
seasonal,32,63,0.0026301841386128792,0.004428900662979584,False,55,0.859375,0.5852691113572238
seasonal,32,64,0.00312677069044263,0.006676790384120189,True,56,0.875,0.5852691113572238
seasonal,32,65,0.0034543988514114353,0.007252969393008556,False,56,0.875,0.5852691113572238
seasonal,32,66,0.0018822902852165602,0.0036004222347793373,True,61,0.953125,0.5852691113572238
seasonal,32,67,0.0033596517486199156,0.006359212981893868,True,57,0.890625,0.5852691113572238
seasonal,32,68,0.0023956230136352222,0.0051171815391880815,False,57,0.890625,0.5852691113572238
seasonal,32,69,0.006149740406932128,0.010195627408186143,True,54,0.84375,0.5852691113572238
seasonal,32,70,0.0020526676216211233,0.003536321056129124,True,57,0.890625,0.5852691113572238
seasonal,32,71,0.002288974168105794,0.004581862501699532,False,56,0.875,0.5852691113572238
seasonal,32,72,0.0014250764650933683,0.002792629570610227,True,55,0.859375,0.5852691113572238
seasonal,32,73,0.003492868161411961,0.006558494607793912,False,57,0.890625,0.5852691113572238
seasonal,32,74,0.0014447412374614052,0.0028059698794751856,True,61,0.953125,0.5852691113572238
seasonal,32,75,0.003170618042978672,0.006197964332120286,False,56,0.875,0.5852691113572238
seasonal,32,76,0.006624606945072227,0.011794417702869214,False,58,0.90625,0.5852691113572238
seasonal,32,77,0.00089031288315138,0.001480031972620234,True,54,0.84375,0.5852691113572238
seasonal,32,78,0.003151752000759267,0.005782952239679843,False,58,0.90625,0.5852691113572238
seasonal,32,79,0.0014503044902991738,0.0023543738045016483,True,50,0.78125,0.5852691113572238
seasonal,32,80,0.003458753098096258,0.006690034412825719,False,56,0.875,0.5852691113572238
seasonal,32,81,0.0031476116851865852,0.006610898314137029,False,55,0.859375,0.5852691113572238
seasonal,32,82,0.002287483242514422,0.00479607461213636,True,54,0.84375,0.5852691113572238
seasonal,32,83,0.0015195137350577225,0.002450554665843308,True,59,0.921875,0.5852691113572238
seasonal,32,84,0.0018607929003256873,0.0024932503010394458,True,58,0.90625,0.5852691113572238
seasonal,32,85,0.006656072689086509,0.013462904424417223,False,54,0.84375,0.5852691113572238
seasonal,32,86,0.0035497603989340593,0.007656646979026946,False,57,0.890625,0.5852691113572238
seasonal,32,87,0.0030625166713921796,0.006499282180156912,True,52,0.8125,0.5852691113572238
seasonal,32,88,0.0019576474656230994,0.0035598607302933434,True,56,0.875,0.5852691113572238
seasonal,32,89,0.002370155718332501,0.004955928605069684,True,56,0.875,0.5852691113572238
seasonal,32,90,0.0042742384748630695,0.008609507620055062,True,59,0.921875,0.5852691113572238
seasonal,32,91,0.008832407037755426,0.014719982814299329,False,52,0.8125,0.5852691113572238
seasonal,32,92,0.003445132444032564,0.006734984282640222,True,59,0.921875,0.5852691113572238
seasonal,32,93,0.0015714042074826884,0.0026779609736363565,True,57,0.890625,0.5852691113572238
seasonal,32,94,0.0015617137973922316,0.003383413938075376,False,61,0.953125,0.5852691113572238
seasonal,32,95,0.0016401077739786544,0.0026439770659914246,True,59,0.921875,0.5852691113572238
seasonal,32,96,0.0017227923569121794,0.0031826184275004846,False,58,0.90625,0.5852691113572238
seasonal,32,97,0.0034289110116035634,0.005755417802427033,False,55,0.859375,0.5852691113572238
seasonal,32,98,0.0031622172670482565,0.005507570889569293,False,57,0.890625,0.5852691113572238
seasonal,32,99,0.005171464931642136,0.008553193472132594,False,54,0.84375,0.5852691113572238
seasonal,32,100,0.0021880403060330392,0.003995092982823273,True,57,0.890625,0.5852691113572238
seasonal,32,101,0.005965722730316188,0.012241685055308033,True,59,0.921875,0.5852691113572238
seasonal,32,102,0.0010470296832899542,0.0017020215047639925,True,57,0.890625,0.5852691113572238
seasonal,32,103,0.0034903801545018336,0.006110548701981109,True,62,0.96875,0.5852691113572238
seasonal,32,104,0.005530457504045125,0.010850410970438342,True,56,0.875,0.5852691113572238
seasonal,32,105,0.0014343023907871977,0.0027839315159567044,False,56,0.875,0.5852691113572238
seasonal,32,106,0.0029012035031539965,0.0054606867769930525,True,61,0.953125,0.5852691113572238
seasonal,32,107,0.00729099485151353,0.01253049161604165,True,59,0.921875,0.5852691113572238
seasonal,32,108,0.006316637834112706,0.012036010526769956,False,56,0.875,0.5852691113572238
seasonal,32,109,0.003981685363541103,0.007308946918704852,True,57,0.890625,0.5852691113572238
seasonal,32,110,0.002062210339571944,0.003972008597559043,True,55,0.859375,0.5852691113572238
seasonal,32,111,0.0029051259982063424,0.005718711560070287,True,52,0.8125,0.5852691113572238
seasonal,32,112,0.003015325439891943,0.005145538695302571,True,57,0.890625,0.5852691113572238
seasonal,32,113,0.0022219306919539516,0.0036826670495471656,True,57,0.890625,0.5852691113572238
seasonal,32,114,0.006174190900503428,0.011702577729190259,False,57,0.890625,0.5852691113572238
seasonal,32,115,0.0038026125643664836,0.006949763066621982,False,56,0.875,0.5852691113572238
seasonal,32,116,0.003439083851450933,0.006756566318550254,False,59,0.921875,0.5852691113572238
seasonal,32,117,0.0024753480135285316,0.00463482252586055,False,58,0.90625,0.5852691113572238
seasonal,32,118,0.0026371090431980783,0.005342498282939732,False,54,0.84375,0.5852691113572238
seasonal,32,119,0.0008637689649331091,0.0014843591610341662,True,60,0.9375,0.5852691113572238
seasonal,32,120,0.001992842862785421,0.003933301824056406,True,56,0.875,0.5852691113572238
seasonal,32,121,0.0016714196674487095,0.0025944845825575623,True,60,0.9375,0.5852691113572238
seasonal,32,122,0.005844988715652017,0.0099571963536398,True,59,0.921875,0.5852691113572238
seasonal,32,123,0.0008018211434785899,0.0017520858429540993,True,59,0.921875,0.5852691113572238
seasonal,32,124,0.00528036494654328,0.01011764874562568,True,53,0.828125,0.5852691113572238
seasonal,32,125,0.0020469533253435145,0.004173772941687894,True,59,0.921875,0.5852691113572238
seasonal,32,126,0.0025640058484167985,0.004684254396489101,True,55,0.859375,0.5852691113572238
seasonal,32,127,0.003893230120172978,0.006923525346087653,True,57,0.890625,0.5852691113572238
seasonal,32,128,0.0014441305015396298,0.003000892224083399,False,56,0.875,0.5852691113572238
seasonal,32,129,0.0034427965335129206,0.0050420825571824285,False,57,0.890625,0.5852691113572238
seasonal,32,130,0.0031476500513336627,0.005855857381510846,True,56,0.875,0.5852691113572238
seasonal,32,131,0.0013136633063377695,0.0025009658275682647,True,59,0.921875,0.5852691113572238
seasonal,32,132,0.0021301456354179136,0.0036615372546340945,True,58,0.90625,0.5852691113572238
seasonal,32,133,0.004044509520789959,0.00747811197018388,False,59,0.921875,0.5852691113572238
seasonal,32,134,0.007257098376626408,0.012817916074707489,False,55,0.859375,0.5852691113572238
seasonal,32,135,0.00892710494820729,0.01634207357055014,True,57,0.890625,0.5852691113572238
seasonal,32,136,0.0022651273378070653,0.004129661932018497,True,59,0.921875,0.5852691113572238
seasonal,32,137,0.0024463236996284964,0.0034202211967486705,False,54,0.84375,0.5852691113572238
seasonal,32,138,0.001793025659154952,0.002986329636044078,True,59,0.921875,0.5852691113572238
seasonal,32,139,0.0007669950348047251,0.001594914183083447,True,59,0.921875,0.5852691113572238
seasonal,32,140,0.0029384618357043103,0.0053281272696678985,True,59,0.921875,0.5852691113572238
seasonal,32,141,0.0037907814059694863,0.005930380414946255,True,58,0.90625,0.5852691113572238
seasonal,32,142,0.0009385163636834599,0.001446160170132568,True,61,0.953125,0.5852691113572238
seasonal,32,143,0.007261794639729848,0.012305807624535663,False,57,0.890625,0.5852691113572238
seasonal,32,144,0.004362155823492914,0.007529669980913563,False,59,0.921875,0.5852691113572238
seasonal,32,145,0.0039291533359236495,0.007666482492589409,True,53,0.828125,0.5852691113572238
seasonal,32,146,0.001934132156054742,0.002838759112332119,True,54,0.84375,0.5852691113572238
seasonal,32,147,0.007152811567235456,0.013207033772689286,True,52,0.8125,0.5852691113572238
seasonal,32,148,0.001957334260580817,0.0028061816910461904,True,58,0.90625,0.5852691113572238
seasonal,32,149,0.004346179260947975,0.008311950070726363,True,59,0.921875,0.5852691113572238
seasonal,32,150,0.002739921391968602,0.005281734795140686,False,55,0.859375,0.5852691113572238
seasonal,32,151,0.004782743345060748,0.009370494302515861,True,60,0.9375,0.5852691113572238
seasonal,32,152,0.0021017444218195593,0.004421732823009599,True,57,0.890625,0.5852691113572238
seasonal,32,153,0.0018254744235600582,0.003330609902896028,True,58,0.90625,0.5852691113572238
seasonal,32,154,0.005180570919117108,0.00964328263491819,False,54,0.84375,0.5852691113572238
seasonal,32,155,0.0025566145446557723,0.005324329728018675,True,58,0.90625,0.5852691113572238
seasonal,32,156,0.004451552372504955,0.009531503402765769,True,57,0.890625,0.5852691113572238
seasonal,32,157,0.0030460139963398004,0.005903867875091343,True,55,0.859375,0.5852691113572238
seasonal,32,158,0.0021840778124455357,0.003904687684955886,True,57,0.890625,0.5852691113572238
seasonal,32,159,0.001875329610916292,0.0024968167889802065,False,60,0.9375,0.5852691113572238
seasonal,32,160,0.006269484235141405,0.012243858383415834,True,60,0.9375,0.5852691113572238
seasonal,32,161,0.0023162883225600226,0.004291247510186593,False,59,0.921875,0.5852691113572238
seasonal,32,162,0.001652930530246762,0.0025117607184382777,True,54,0.84375,0.5852691113572238
seasonal,32,163,0.002711499942936549,0.004577954307660975,False,57,0.890625,0.5852691113572238
seasonal,32,164,0.003554028381195205,0.006154657166860509,True,53,0.828125,0.5852691113572238
seasonal,32,165,0.0027027635824926695,0.005717008852854349,True,59,0.921875,0.5852691113572238
seasonal,32,166,0.0025164836845160132,0.005007767096785968,True,57,0.890625,0.5852691113572238
seasonal,32,167,0.002763613935899468,0.00431423125206289,True,56,0.875,0.5852691113572238
seasonal,32,168,0.004508315443323308,0.007884233711207233,False,54,0.84375,0.5852691113572238
seasonal,32,169,0.008267695647470921,0.015505192235434964,False,57,0.890625,0.5852691113572238
seasonal,32,170,0.004061356567950365,0.008107014387329393,True,59,0.921875,0.5852691113572238
seasonal,32,171,0.004357962601352397,0.008955313423747434,False,54,0.84375,0.5852691113572238
seasonal,32,172,0.005393127837959562,0.009711194394508052,True,58,0.90625,0.5852691113572238
seasonal,32,173,0.001850631924328978,0.003360669370065076,False,58,0.90625,0.5852691113572238
seasonal,32,174,0.0041900478682586955,0.008392264692735562,False,54,0.84375,0.5852691113572238
seasonal,32,175,0.004397652381899182,0.007533020617783487,False,56,0.875,0.5852691113572238
seasonal,32,176,0.0045643191893549205,0.007870409314836428,False,59,0.921875,0.5852691113572238
seasonal,32,177,0.0039108433226815046,0.00671068462629627,False,55,0.859375,0.5852691113572238
seasonal,32,178,0.00985540933471401,0.018349653518103203,False,52,0.8125,0.5852691113572238
seasonal,32,179,0.0019169469818305265,0.003143519471464979,True,54,0.84375,0.5852691113572238
seasonal,32,180,0.0024161955070867657,0.004445162845871042,True,56,0.875,0.5852691113572238
seasonal,32,181,0.002368434879804303,0.004713028258084145,False,58,0.90625,0.5852691113572238
seasonal,32,182,0.006012297998464388,0.011097737290078251,False,50,0.78125,0.5852691113572238
seasonal,32,183,0.0033397115525356626,0.005069423824653133,True,57,0.890625,0.5852691113572238
seasonal,32,184,0.0017991777159260807,0.00297377487891538,True,57,0.890625,0.5852691113572238
seasonal,32,185,0.002175152044262118,0.003763965116981442,True,57,0.890625,0.5852691113572238
seasonal,32,186,0.00385164114422443,0.007538700444044174,False,58,0.90625,0.5852691113572238
seasonal,32,187,0.00262181298037051,0.004713973142050208,True,56,0.875,0.5852691113572238
seasonal,32,188,0.0023956007995944843,0.0040566789192002135,False,57,0.890625,0.5852691113572238
seasonal,32,189,0.002644595488202607,0.0043994982503692374,True,60,0.9375,0.5852691113572238
seasonal,32,190,0.0012561731255328159,0.0021958534861576846,True,57,0.890625,0.5852691113572238
seasonal,32,191,0.0016884405995581768,0.003158545834291735,True,56,0.875,0.5852691113572238
seasonal,32,192,0.0020169967739786443,0.0036608549756965113,False,54,0.84375,0.5852691113572238
seasonal,32,193,0.0028566847413276945,0.005246784918754082,True,58,0.90625,0.5852691113572238
seasonal,32,194,0.002299340537551667,0.004824492861116927,True,56,0.875,0.5852691113572238
seasonal,32,195,0.0023415653084771088,0.004100260804383495,True,56,0.875,0.5852691113572238
seasonal,32,196,0.004806044815120658,0.00835567214068255,False,58,0.90625,0.5852691113572238
seasonal,32,197,0.0030452701994627632,0.005348216818031328,False,58,0.90625,0.5852691113572238
seasonal,32,198,0.0028386903727147584,0.004167709735772686,False,59,0.921875,0.5852691113572238
seasonal,32,199,0.0023430513401362946,0.00494031193232505,True,56,0.875,0.5852691113572238
seasonal,64,0,0.0024729117260382668,0.004878524008556532,True,58,0.90625,0.4138477574597176
seasonal,64,1,0.005830317305247153,0.010181726747973477,True,64,1.0,0.4138477574597176
seasonal,64,2,0.0038206059730759435,0.0069463264090372165,False,62,0.96875,0.4138477574597176
seasonal,64,3,0.001203945742925665,0.002332919963239026,True,64,1.0,0.4138477574597176
seasonal,64,4,0.002538846068965119,0.0040175194963347,True,63,0.984375,0.4138477574597176
seasonal,64,5,0.005780043769024876,0.010206885144041998,False,63,0.984375,0.4138477574597176
seasonal,64,6,0.0017719188506012124,0.0036793295231575575,False,64,1.0,0.4138477574597176
seasonal,64,7,0.0012785348087767147,0.0023367408642668884,True,64,1.0,0.4138477574597176
seasonal,64,8,0.00230419120300555,0.004948604960443664,True,63,0.984375,0.4138477574597176
seasonal,64,9,0.002322918897819235,0.004283061407227003,True,64,1.0,0.4138477574597176
seasonal,64,10,0.002959093650363764,0.00545003986011779,True,63,0.984375,0.4138477574597176
seasonal,64,11,0.0011574405020865952,0.0017089854775743972,True,63,0.984375,0.4138477574597176
seasonal,64,12,0.001429972351821147,0.0026417996313824604,True,64,1.0,0.4138477574597176
seasonal,64,13,0.0013109167967999176,0.0019478296824914278,True,61,0.953125,0.4138477574597176
seasonal,64,14,0.0033903388496418544,0.0060161020998326965,False,64,1.0,0.4138477574597176
seasonal,64,15,0.002290194078436681,0.0038509023767608758,True,61,0.953125,0.4138477574597176
seasonal,64,16,0.0018883579753110075,0.003278179934350471,False,63,0.984375,0.4138477574597176
seasonal,64,17,0.003644158642515443,0.006498742990789709,True,63,0.984375,0.4138477574597176
seasonal,64,18,0.0017608317325824596,0.0030531706079316642,True,63,0.984375,0.4138477574597176
seasonal,64,19,0.0010548525068784825,0.0016997080575598296,True,63,0.984375,0.4138477574597176
seasonal,64,20,0.003772685132596228,0.006614266619380211,False,63,0.984375,0.4138477574597176
seasonal,64,21,0.0037017412734263034,0.006341338462192377,False,62,0.96875,0.4138477574597176
seasonal,64,22,0.0008822926611881123,0.001778336870438435,True,64,1.0,0.4138477574597176
seasonal,64,23,0.0023603965035407758,0.00482996834398999,True,64,1.0,0.4138477574597176
seasonal,64,24,0.001153749747783686,0.0021059415424062623,True,64,1.0,0.4138477574597176
seasonal,64,25,0.002502227431827246,0.005251589999220485,True,62,0.96875,0.4138477574597176
seasonal,64,26,0.0007808135306142112,0.001406797931556198,True,64,1.0,0.4138477574597176
seasonal,64,27,0.0031043801030729208,0.005402069646195828,False,62,0.96875,0.4138477574597176
seasonal,64,28,0.0016606115142357052,0.0034080222941735537,False,64,1.0,0.4138477574597176
seasonal,64,29,0.0006163455111910678,0.0010455442467758765,True,63,0.984375,0.4138477574597176
seasonal,64,30,0.0007985592908906555,0.001456396052629573,True,62,0.96875,0.4138477574597176
seasonal,64,31,0.0012039645673348814,0.0022753484488821545,True,63,0.984375,0.4138477574597176
seasonal,64,32,0.0011501632464614737,0.0018497354492505958,True,63,0.984375,0.4138477574597176
seasonal,64,33,0.0013286035721652403,0.0022902466256681034,True,63,0.984375,0.4138477574597176
seasonal,64,34,0.0011745985410776241,0.0022558580267587093,True,64,1.0,0.4138477574597176
seasonal,64,35,0.0011998882480061537,0.0016544039167776178,True,63,0.984375,0.4138477574597176
seasonal,64,36,0.001424927729509871,0.0025054974490302667,True,61,0.953125,0.4138477574597176
seasonal,64,37,0.0012887700924765254,0.0023554954291988145,True,64,1.0,0.4138477574597176
seasonal,64,38,0.0024223391345993654,0.005147123985530407,True,62,0.96875,0.4138477574597176
seasonal,64,39,0.002619260838642272,0.004447736201604099,False,63,0.984375,0.4138477574597176
seasonal,64,40,0.003975340440222508,0.006978183326107576,False,61,0.953125,0.4138477574597176
seasonal,64,41,0.004261908875063818,0.008366887699815213,True,63,0.984375,0.4138477574597176
seasonal,64,42,0.0011343948025053507,0.0021661367925673997,True,64,1.0,0.4138477574597176
seasonal,64,43,0.0014512864470085775,0.0024126459943346994,True,63,0.984375,0.4138477574597176
seasonal,64,44,0.0020479906402383397,0.003934955495632799,False,62,0.96875,0.4138477574597176
seasonal,64,45,0.0014209428369271841,0.002488101727542418,True,63,0.984375,0.4138477574597176
seasonal,64,46,0.0017547125920898336,0.0037816241945058497,True,64,1.0,0.4138477574597176
seasonal,64,47,0.0025871135634544236,0.004762287743035297,False,63,0.984375,0.4138477574597176
seasonal,64,48,0.001237940471197517,0.0019124110065285842,True,62,0.96875,0.4138477574597176
seasonal,64,49,0.004619830841524929,0.008831124102332479,True,62,0.96875,0.4138477574597176
seasonal,64,50,0.0017644804307645782,0.003408398463617135,True,63,0.984375,0.4138477574597176
seasonal,64,51,0.001490682095189244,0.002760687520871433,True,62,0.96875,0.4138477574597176
seasonal,64,52,0.0017641758663152465,0.002834426587086422,True,64,1.0,0.4138477574597176
seasonal,64,53,0.0018375965127912033,0.003191144318404955,True,61,0.953125,0.4138477574597176
seasonal,64,54,0.0013332929266113196,0.001834577946578998,True,64,1.0,0.4138477574597176
seasonal,64,55,0.0005974926766998281,0.0008782219802731602,True,63,0.984375,0.4138477574597176
seasonal,64,56,0.0009508894827373879,0.0019682500479459904,True,64,1.0,0.4138477574597176
seasonal,64,57,0.0028717703424919064,0.004999311686655194,False,60,0.9375,0.4138477574597176
seasonal,64,58,0.001997530351522986,0.0035330991787862094,True,62,0.96875,0.4138477574597176
seasonal,64,59,0.0006686741062926669,0.0011475073121338568,True,63,0.984375,0.4138477574597176
seasonal,64,60,0.0024371082507834655,0.004794811650535963,True,60,0.9375,0.4138477574597176
seasonal,64,61,0.0006368410549702999,0.0012029978088912256,True,63,0.984375,0.4138477574597176
seasonal,64,62,0.0035889073360181488,0.006616196514846347,True,63,0.984375,0.4138477574597176
seasonal,64,63,0.0015299161536809448,0.0023882927458420597,True,63,0.984375,0.4138477574597176
seasonal,64,64,0.0004199341506070738,0.0007993338171278716,True,64,1.0,0.4138477574597176
seasonal,64,65,0.0010953079333878037,0.0021139463319832692,True,63,0.984375,0.4138477574597176
seasonal,64,66,0.004547034155564206,0.007478719234765535,False,64,1.0,0.4138477574597176
seasonal,64,67,0.006909250666677665,0.012867948864228863,False,63,0.984375,0.4138477574597176
seasonal,64,68,0.001284446158346922,0.0023378096443669658,False,62,0.96875,0.4138477574597176
seasonal,64,69,0.0014766947055427108,0.0027146735135471223,True,63,0.984375,0.4138477574597176
seasonal,64,70,0.0010644848390434117,0.0016419643378989962,True,61,0.953125,0.4138477574597176
seasonal,64,71,0.0027280351364767615,0.005374136068933895,False,63,0.984375,0.4138477574597176
seasonal,64,72,0.0022637055656174934,0.003935947106544442,True,64,1.0,0.4138477574597176
seasonal,64,73,0.0018668908763078528,0.0034521427895443588,False,63,0.984375,0.4138477574597176
seasonal,64,74,0.0015984429084157422,0.00297682654634001,True,63,0.984375,0.4138477574597176
seasonal,64,75,0.0009544944924353213,0.0018505500795447305,True,62,0.96875,0.4138477574597176
seasonal,64,76,0.0038121402598467378,0.007960187873919234,True,63,0.984375,0.4138477574597176
seasonal,64,77,0.0021499584620820198,0.003993531463441781,False,64,1.0,0.4138477574597176
seasonal,64,78,0.003810050110381316,0.00689424185624512,True,62,0.96875,0.4138477574597176
seasonal,64,79,0.0016025634887670774,0.0028586774724388767,True,64,1.0,0.4138477574597176
seasonal,64,80,0.0017356058003662623,0.0036239280667655295,True,64,1.0,0.4138477574597176
seasonal,64,81,0.0037969512218076406,0.006122602852993857,True,63,0.984375,0.4138477574597176
seasonal,64,82,0.001922186847127363,0.0038816448557915132,True,62,0.96875,0.4138477574597176
seasonal,64,83,0.005498951218021243,0.009395435853449137,False,61,0.953125,0.4138477574597176
seasonal,64,84,0.001954708958681998,0.003914293098303118,False,62,0.96875,0.4138477574597176
seasonal,64,85,0.0059645435469928955,0.010515123961272122,False,63,0.984375,0.4138477574597176
seasonal,64,86,0.001802149825032395,0.002859947011480877,True,63,0.984375,0.4138477574597176
seasonal,64,87,0.0020285276239204145,0.003787294642115081,True,63,0.984375,0.4138477574597176
seasonal,64,88,0.0029202721638881875,0.005359239917139522,False,62,0.96875,0.4138477574597176
seasonal,64,89,0.0011279716226954986,0.001729361922386586,True,61,0.953125,0.4138477574597176
seasonal,64,90,0.002925535403139662,0.006096554388247629,True,63,0.984375,0.4138477574597176
seasonal,64,91,0.0029207310230631427,0.005218415579779034,True,63,0.984375,0.4138477574597176
seasonal,64,92,0.0014975612404649512,0.0024688159682081934,False,64,1.0,0.4138477574597176
seasonal,64,93,0.001588056260746513,0.002557896982406431,True,62,0.96875,0.4138477574597176
seasonal,64,94,0.0012630840919918914,0.0018805572215140724,True,60,0.9375,0.4138477574597176
seasonal,64,95,0.0012914856566397786,0.0025912222783899645,True,63,0.984375,0.4138477574597176
seasonal,64,96,0.0031117028238237593,0.004907905510325279,True,63,0.984375,0.4138477574597176
seasonal,64,97,0.0014384690290303137,0.002639356375386777,True,63,0.984375,0.4138477574597176
seasonal,64,98,0.0013888337810713624,0.002592189607843194,True,62,0.96875,0.4138477574597176
seasonal,64,99,0.0013951680296948898,0.002465315771363067,True,64,1.0,0.4138477574597176
seasonal,64,100,0.0014581717794118956,0.0018591130318088914,True,62,0.96875,0.4138477574597176
seasonal,64,101,0.0026008617181266045,0.004928190877878037,False,63,0.984375,0.4138477574597176
seasonal,64,102,0.0022864909062388977,0.004399729596692866,True,63,0.984375,0.4138477574597176
seasonal,64,103,0.0007220725598998802,0.0012889660954219853,True,63,0.984375,0.4138477574597176
seasonal,64,104,0.002722371129130528,0.005290152407798003,True,63,0.984375,0.4138477574597176
seasonal,64,105,0.003571645451290141,0.007417225249835175,True,62,0.96875,0.4138477574597176
seasonal,64,106,0.0023172482057545168,0.004439798389417993,False,63,0.984375,0.4138477574597176
seasonal,64,107,0.0013611332723808122,0.002618783199461107,True,64,1.0,0.4138477574597176
seasonal,64,108,0.003080049648880092,0.005146633716865367,True,64,1.0,0.4138477574597176
seasonal,64,109,0.0027645856606034695,0.004844188646707215,True,64,1.0,0.4138477574597176
seasonal,64,110,0.002759845155380448,0.004758700004947286,True,63,0.984375,0.4138477574597176
seasonal,64,111,0.003081606334065203,0.005810413075329413,False,64,1.0,0.4138477574597176
seasonal,64,112,0.003231877455202495,0.006622910686714719,False,64,1.0,0.4138477574597176
seasonal,64,113,0.0030560960073947904,0.005963791090985646,False,64,1.0,0.4138477574597176
seasonal,64,114,0.000758920236257918,0.0009967771957564708,True,64,1.0,0.4138477574597176
seasonal,64,115,0.002133006937260384,0.0038883172165923878,False,63,0.984375,0.4138477574597176
seasonal,64,116,0.0023969096944919145,0.004199057651490774,False,64,1.0,0.4138477574597176
seasonal,64,117,0.0011264296095229982,0.002200696038066961,True,64,1.0,0.4138477574597176
seasonal,64,118,0.0031929728406104793,0.005157193098637363,False,63,0.984375,0.4138477574597176
seasonal,64,119,0.0038993597760901507,0.006675708064727191,False,64,1.0,0.4138477574597176
seasonal,64,120,0.0008446849441749628,0.0015270335054031756,True,63,0.984375,0.4138477574597176
seasonal,64,121,0.008289229970946128,0.014684361241240477,True,60,0.9375,0.4138477574597176
seasonal,64,122,0.002558782214418985,0.004630569880104074,False,62,0.96875,0.4138477574597176
seasonal,64,123,0.004355142268220684,0.008028116419056878,True,64,1.0,0.4138477574597176
seasonal,64,124,0.0049836516494264575,0.007912783620622348,False,61,0.953125,0.4138477574597176
seasonal,64,125,0.005424922156876061,0.010073857203014635,True,63,0.984375,0.4138477574597176
seasonal,64,126,0.0031638082408420405,0.0058557053224031035,False,63,0.984375,0.4138477574597176
seasonal,64,127,0.0021123114675491977,0.004574499941250372,True,63,0.984375,0.4138477574597176
seasonal,64,128,0.0008931959439216901,0.0013750334688610519,True,63,0.984375,0.4138477574597176
seasonal,64,129,0.002419713132083025,0.004557230453787345,False,62,0.96875,0.4138477574597176
seasonal,64,130,0.0007665113788197434,0.0013483219153667021,True,64,1.0,0.4138477574597176
seasonal,64,131,0.0019058260898224474,0.0028817782830772706,True,62,0.96875,0.4138477574597176
seasonal,64,132,0.0025664486511254147,0.004852185369914966,True,63,0.984375,0.4138477574597176
seasonal,64,133,0.0011114695342429063,0.0024303453889145607,True,62,0.96875,0.4138477574597176
seasonal,64,134,0.004596519902072565,0.008327127309065728,True,64,1.0,0.4138477574597176
seasonal,64,135,0.0009608718160866953,0.001581627630273568,True,62,0.96875,0.4138477574597176
seasonal,64,136,0.004676353187354349,0.008150656700412158,False,63,0.984375,0.4138477574597176
seasonal,64,137,0.004426841248540645,0.007855741930171935,True,63,0.984375,0.4138477574597176
seasonal,64,138,0.0034689019634299646,0.006911625055280632,True,63,0.984375,0.4138477574597176
seasonal,64,139,0.0006926647019041118,0.0013459039470275422,True,63,0.984375,0.4138477574597176
seasonal,64,140,0.002234261461316842,0.004773948180708083,True,62,0.96875,0.4138477574597176
seasonal,64,141,0.0033353832609200333,0.007135741486195921,True,64,1.0,0.4138477574597176
seasonal,64,142,0.00165587323346995,0.003578360325072295,True,62,0.96875,0.4138477574597176
seasonal,64,143,0.003270770215984061,0.0061234184581737995,True,63,0.984375,0.4138477574597176
seasonal,64,144,0.0031382130287432035,0.005914910201681976,True,62,0.96875,0.4138477574597176
seasonal,64,145,0.0017754641179394681,0.003008720034426855,True,63,0.984375,0.4138477574597176
seasonal,64,146,0.0031564022023200947,0.006300066443421976,False,63,0.984375,0.4138477574597176
seasonal,64,147,0.0017490718725605857,0.003117756183660423,False,64,1.0,0.4138477574597176
seasonal,64,148,0.003166360030306332,0.005247869754645454,False,61,0.953125,0.4138477574597176
seasonal,64,149,0.003868652120962188,0.0067786135520689714,False,63,0.984375,0.4138477574597176
seasonal,64,150,0.002458757107517177,0.003568162397167389,True,62,0.96875,0.4138477574597176
seasonal,64,151,0.0015878660045928153,0.002902266864836491,False,63,0.984375,0.4138477574597176
seasonal,64,152,0.0024201032035824927,0.003922270220814764,False,64,1.0,0.4138477574597176
seasonal,64,153,0.0026057522500182364,0.005072110482213114,False,64,1.0,0.4138477574597176
seasonal,64,154,0.0011022779444164461,0.0022260606611555806,True,62,0.96875,0.4138477574597176
seasonal,64,155,0.004654018640318451,0.00785393042633013,False,64,1.0,0.4138477574597176
seasonal,64,156,0.006164940259604454,0.010729673741884087,False,62,0.96875,0.4138477574597176
seasonal,64,157,0.0008807262744563794,0.0014868712086514926,True,64,1.0,0.4138477574597176
seasonal,64,158,0.00443682621652943,0.008734467148689688,False,60,0.9375,0.4138477574597176
seasonal,64,159,0.0030993232317777977,0.0056440336507322456,False,63,0.984375,0.4138477574597176
seasonal,64,160,0.0007247211935921843,0.000936997647305305,True,64,1.0,0.4138477574597176
seasonal,64,161,0.0024195784225697504,0.004125907272882243,True,63,0.984375,0.4138477574597176
seasonal,64,162,0.0017287831393342685,0.0036592165547218586,False,63,0.984375,0.4138477574597176
seasonal,64,163,0.002737792475543008,0.004730040717303983,False,64,1.0,0.4138477574597176
seasonal,64,164,0.0011555165734749209,0.001772083292601206,True,61,0.953125,0.4138477574597176
seasonal,64,165,0.0030124540851821178,0.005586956433711843,False,61,0.953125,0.4138477574597176
seasonal,64,166,0.0010888784443321517,0.0022752921614829676,True,63,0.984375,0.4138477574597176
seasonal,64,167,0.0033761208891854026,0.00594134261339977,True,64,1.0,0.4138477574597176
seasonal,64,168,0.00392577106448138,0.007222503153759354,True,63,0.984375,0.4138477574597176
seasonal,64,169,0.0010769536438142385,0.001903377147600447,True,63,0.984375,0.4138477574597176
seasonal,64,170,0.002263301676974133,0.004188285913533828,True,62,0.96875,0.4138477574597176
seasonal,64,171,0.0021109141243879008,0.004056757725122853,True,63,0.984375,0.4138477574597176
seasonal,64,172,0.0017285333234961229,0.0032857089605784623,False,62,0.96875,0.4138477574597176
seasonal,64,173,0.0019045312208189104,0.0030656289703095505,True,61,0.953125,0.4138477574597176
seasonal,64,174,0.004260556784784243,0.007477674145995494,False,63,0.984375,0.4138477574597176
seasonal,64,175,0.003212563211999669,0.005440671846682623,True,63,0.984375,0.4138477574597176
seasonal,64,176,0.0029496438912950495,0.006099920829229631,False,62,0.96875,0.4138477574597176
seasonal,64,177,0.0037427375451282523,0.0071922794354310005,False,63,0.984375,0.4138477574597176
seasonal,64,178,0.005507392096761657,0.00985615879021707,True,63,0.984375,0.4138477574597176
seasonal,64,179,0.003225631870175144,0.006015813934565319,False,62,0.96875,0.4138477574597176
seasonal,64,180,0.0012121610341689674,0.002379213665416085,False,61,0.953125,0.4138477574597176
seasonal,64,181,0.001992512907218468,0.0029759994583277508,True,64,1.0,0.4138477574597176
seasonal,64,182,0.0012654930351117058,0.002435347742034119,True,64,1.0,0.4138477574597176
seasonal,64,183,0.0010984202305048699,0.0018799252936335014,True,63,0.984375,0.4138477574597176
seasonal,64,184,0.0009578972501704304,0.001502037426876563,True,63,0.984375,0.4138477574597176
seasonal,64,185,0.002441226174806954,0.004811359255508432,True,63,0.984375,0.4138477574597176
seasonal,64,186,0.004070332275374309,0.007721276920293349,False,62,0.96875,0.4138477574597176
seasonal,64,187,0.0017465674957672537,0.0033107514726688344,True,63,0.984375,0.4138477574597176
seasonal,64,188,0.0005845808496230334,0.0010527305371553046,True,63,0.984375,0.4138477574597176
seasonal,64,189,0.0017775572949746802,0.0033354459701254863,True,64,1.0,0.4138477574597176
seasonal,64,190,0.001875925460696002,0.0025948833926842246,False,63,0.984375,0.4138477574597176
seasonal,64,191,0.002142235272552397,0.003926590139719869,False,64,1.0,0.4138477574597176
seasonal,64,192,0.0017452265624318354,0.003599120608141569,True,63,0.984375,0.4138477574597176
seasonal,64,193,0.002051769794112375,0.0029650898243488606,True,61,0.953125,0.4138477574597176
seasonal,64,194,0.001377951725999038,0.0023016211165679083,True,61,0.953125,0.4138477574597176
seasonal,64,195,0.002199299817197879,0.0038282929177594393,True,64,1.0,0.4138477574597176
seasonal,64,196,0.003169158371205568,0.005454933528732135,True,63,0.984375,0.4138477574597176
seasonal,64,197,0.003949400398051856,0.007352342113186109,False,63,0.984375,0.4138477574597176
seasonal,64,198,0.0014136701456167306,0.002425968517880007,True,64,1.0,0.4138477574597176
seasonal,64,199,0.0020457142254257034,0.003904464136665007,True,63,0.984375,0.4138477574597176
seasonal,128,0,0.0006561181626763284,0.0011564703914917276,True,64,1.0,0.2926345556786119
seasonal,128,1,0.0009197771313151753,0.001497938459234952,True,64,1.0,0.2926345556786119
seasonal,128,2,0.003767404671743404,0.006234588751496238,True,64,1.0,0.2926345556786119
seasonal,128,3,0.0013916019429841653,0.0026558014408129375,False,64,1.0,0.2926345556786119
seasonal,128,4,0.0016127625458804214,0.0032025337968009,False,63,0.984375,0.2926345556786119
seasonal,128,5,0.001254255488802836,0.0020233445112018134,True,64,1.0,0.2926345556786119
seasonal,128,6,0.0032310270609844367,0.006705691607103482,False,64,1.0,0.2926345556786119
seasonal,128,7,0.0014674374219424324,0.0026729418547609685,False,64,1.0,0.2926345556786119
seasonal,128,8,0.0006934489290007409,0.00134696868589914,True,64,1.0,0.2926345556786119
seasonal,128,9,0.0010559661506848654,0.0017395597201042695,True,64,1.0,0.2926345556786119
seasonal,128,10,0.0019000747450593656,0.0034582722396881774,True,64,1.0,0.2926345556786119
seasonal,128,11,0.0007807737398426312,0.0015082104116642759,True,64,1.0,0.2926345556786119
seasonal,128,12,0.0020249234497150253,0.003576365204631996,True,64,1.0,0.2926345556786119
seasonal,128,13,0.0004112715814564813,0.0006861703623658733,True,64,1.0,0.2926345556786119
seasonal,128,14,0.0035969359956024294,0.006043962575960394,True,64,1.0,0.2926345556786119
seasonal,128,15,0.0011104393356081135,0.00192327228291014,True,64,1.0,0.2926345556786119
seasonal,128,16,0.0010329052835907448,0.001989211988047218,True,64,1.0,0.2926345556786119
seasonal,128,17,0.001435793586222199,0.0024322602629659462,True,64,1.0,0.2926345556786119
seasonal,128,18,0.0007093029844310656,0.0013710380725315621,True,64,1.0,0.2926345556786119
seasonal,128,19,0.0013462593707131046,0.0026183173402911965,True,64,1.0,0.2926345556786119
seasonal,128,20,0.001987551514719887,0.004130513500848133,True,64,1.0,0.2926345556786119
seasonal,128,21,0.0005466932688404724,0.0009037984917725328,True,64,1.0,0.2926345556786119
seasonal,128,22,0.0010640740137721006,0.002010165899974041,True,64,1.0,0.2926345556786119
seasonal,128,23,0.002261947669025299,0.003957260066899778,True,64,1.0,0.2926345556786119
seasonal,128,24,0.003295359651173888,0.0049710932585437795,True,64,1.0,0.2926345556786119
seasonal,128,25,0.0010200369525033201,0.0021812812111672002,True,64,1.0,0.2926345556786119
seasonal,128,26,0.001434822536260957,0.00223365968177551,True,64,1.0,0.2926345556786119
seasonal,128,27,0.0021265982138749828,0.004222112567770272,True,64,1.0,0.2926345556786119
seasonal,128,28,0.0008225529806840606,0.001653960556081406,True,64,1.0,0.2926345556786119
seasonal,128,29,0.002422071558452679,0.0038536216122255357,True,64,1.0,0.2926345556786119
seasonal,128,30,0.001545467300342811,0.0028141586789740955,True,64,1.0,0.2926345556786119
seasonal,128,31,0.0009289745085163361,0.0019761990672392572,True,64,1.0,0.2926345556786119
seasonal,128,32,0.0017350536811570384,0.0031681045108517187,True,64,1.0,0.2926345556786119
seasonal,128,33,0.0019515683503038427,0.003543097069674272,False,64,1.0,0.2926345556786119
seasonal,128,34,0.003841538397685405,0.006624675820438115,True,64,1.0,0.2926345556786119
seasonal,128,35,0.0008642979155232719,0.0015416387464579143,True,64,1.0,0.2926345556786119
seasonal,128,36,0.001390739250053611,0.0028695519044372245,True,64,1.0,0.2926345556786119
seasonal,128,37,0.001564400423629017,0.003233144587776255,False,64,1.0,0.2926345556786119
seasonal,128,38,0.0006987702102448357,0.0014417798044491364,True,64,1.0,0.2926345556786119
seasonal,128,39,0.0016917089162705496,0.002716476053430745,True,64,1.0,0.2926345556786119
seasonal,128,40,0.0017609192659704016,0.0032206404009570075,True,64,1.0,0.2926345556786119
seasonal,128,41,0.0012165887956347619,0.0025854197662976836,False,64,1.0,0.2926345556786119
seasonal,128,42,0.0017208278883450222,0.002909843863579887,True,64,1.0,0.2926345556786119
seasonal,128,43,0.0005853676456563046,0.0010420036543064629,True,64,1.0,0.2926345556786119
seasonal,128,44,0.0007456010835382986,0.0011438243906968792,True,64,1.0,0.2926345556786119
seasonal,128,45,0.0017692735662841288,0.00338994221863562,True,64,1.0,0.2926345556786119
seasonal,128,46,0.0020624091432711717,0.003850612707569267,True,64,1.0,0.2926345556786119
seasonal,128,47,0.0015802391073100142,0.0030776167298421225,False,64,1.0,0.2926345556786119
seasonal,128,48,0.000954944993011141,0.0016839054870892989,True,64,1.0,0.2926345556786119
seasonal,128,49,0.0013086087903318815,0.0020959200051224244,True,64,1.0,0.2926345556786119
seasonal,128,50,0.0028769190663179085,0.005865192777987024,False,64,1.0,0.2926345556786119
seasonal,128,51,0.00043953031967608014,0.0008258443578641091,True,64,1.0,0.2926345556786119
seasonal,128,52,0.0013047208256351073,0.0021109210314328823,True,64,1.0,0.2926345556786119
seasonal,128,53,0.0016775260711394382,0.002713632151832873,True,64,1.0,0.2926345556786119
seasonal,128,54,0.001974823805787936,0.003942826099716818,True,64,1.0,0.2926345556786119
seasonal,128,55,0.0006885079528614014,0.0013147312775236147,True,64,1.0,0.2926345556786119
seasonal,128,56,0.0008526654356833634,0.0014479283456935998,True,64,1.0,0.2926345556786119
seasonal,128,57,0.0015688789339173752,0.002890161915738118,True,64,1.0,0.2926345556786119
seasonal,128,58,0.0019914698987204024,0.004038863193211839,True,64,1.0,0.2926345556786119
seasonal,128,59,0.00316752765609836,0.005639078237655304,False,64,1.0,0.2926345556786119
seasonal,128,60,0.0009405623876809211,0.0016676165037814925,True,64,1.0,0.2926345556786119
seasonal,128,61,0.0017600644681986348,0.0036751851356605124,True,64,1.0,0.2926345556786119
seasonal,128,62,0.0010020400089838734,0.0017553671564212378,True,64,1.0,0.2926345556786119
seasonal,128,63,0.00016907050070398235,0.0002170432444809963,True,64,1.0,0.2926345556786119
seasonal,128,64,0.0010241043984430857,0.001871787824349446,True,64,1.0,0.2926345556786119
seasonal,128,65,0.0010518639150715822,0.0017860937082845086,True,64,1.0,0.2926345556786119
seasonal,128,66,0.0013542402623106424,0.0024160617852195445,True,64,1.0,0.2926345556786119
seasonal,128,67,0.0007531156199970049,0.0012602416914592393,True,64,1.0,0.2926345556786119
seasonal,128,68,0.0009030921391268311,0.0017937825657650197,True,64,1.0,0.2926345556786119
seasonal,128,69,0.0019141153133020827,0.0037664266248546782,True,64,1.0,0.2926345556786119
seasonal,128,70,0.001282987122881798,0.0026868340060577853,True,64,1.0,0.2926345556786119
seasonal,128,71,0.0015908518527808456,0.0032950712640552153,True,64,1.0,0.2926345556786119
seasonal,128,72,0.002587932212984698,0.003959334119702146,False,64,1.0,0.2926345556786119
seasonal,128,73,0.0022160173495186096,0.0031929960257124426,False,64,1.0,0.2926345556786119
seasonal,128,74,0.0019587800833668636,0.003416691402287178,True,64,1.0,0.2926345556786119
seasonal,128,75,0.0007805947404403219,0.0014957742609347444,True,64,1.0,0.2926345556786119
seasonal,128,76,0.00043274597606113524,0.000659264285055406,True,64,1.0,0.2926345556786119
seasonal,128,77,0.001834669645151026,0.0032915368460721154,True,64,1.0,0.2926345556786119
seasonal,128,78,0.001054194653064605,0.0020035489609262352,True,64,1.0,0.2926345556786119
seasonal,128,79,0.0008192035653296599,0.0014015228819607047,True,64,1.0,0.2926345556786119
seasonal,128,80,0.001874157730309655,0.003091421257555002,True,64,1.0,0.2926345556786119
seasonal,128,81,0.0011522415196963437,0.0018306042907734396,True,64,1.0,0.2926345556786119
seasonal,128,82,0.0015284424204519054,0.0025562120531703123,True,64,1.0,0.2926345556786119
seasonal,128,83,0.0018665141842215969,0.003844472501315292,True,64,1.0,0.2926345556786119
seasonal,128,84,0.0005229199035618969,0.000719534658848435,True,64,1.0,0.2926345556786119
seasonal,128,85,0.0004788039394193126,0.0007138000209470363,True,64,1.0,0.2926345556786119
seasonal,128,86,0.004577663499113739,0.0078074660199309275,False,64,1.0,0.2926345556786119
seasonal,128,87,0.0018590219923461417,0.0034672912258417064,True,64,1.0,0.2926345556786119
seasonal,128,88,0.0035691116346403106,0.0064615237799672855,True,64,1.0,0.2926345556786119
seasonal,128,89,0.002274598968175875,0.003963743644596893,False,64,1.0,0.2926345556786119
seasonal,128,90,0.0002563988407627213,0.0004561007094699794,True,64,1.0,0.2926345556786119
seasonal,128,91,0.0028142564566058636,0.004809524124950994,False,64,1.0,0.2926345556786119
seasonal,128,92,0.0037564317516557925,0.007388740134920316,False,64,1.0,0.2926345556786119
seasonal,128,93,0.0013155554415368574,0.0022262019036265075,True,64,1.0,0.2926345556786119
seasonal,128,94,0.001742009087669232,0.0030726094684453203,True,64,1.0,0.2926345556786119
seasonal,128,95,0.001237209472696955,0.002202024037810919,True,64,1.0,0.2926345556786119
seasonal,128,96,0.0012669303909475108,0.0023817198923097964,True,64,1.0,0.2926345556786119
seasonal,128,97,0.0014779287911611415,0.0028295422212206503,True,64,1.0,0.2926345556786119
seasonal,128,98,0.0036277184658397425,0.0060181396046906695,False,64,1.0,0.2926345556786119
seasonal,128,99,0.0014153754087550764,0.002717532174658633,False,64,1.0,0.2926345556786119
seasonal,128,100,0.0026351784622326143,0.0049811373796220994,True,64,1.0,0.2926345556786119
seasonal,128,101,0.0006855322689853016,0.0009754091639866506,True,64,1.0,0.2926345556786119
seasonal,128,102,0.0010140092512769604,0.0021058718832413295,True,64,1.0,0.2926345556786119
seasonal,128,103,0.0013595334486311043,0.0024493516814108537,True,64,1.0,0.2926345556786119
seasonal,128,104,0.002727542119699327,0.005241068542565945,True,64,1.0,0.2926345556786119
seasonal,128,105,0.001011543114816449,0.002051817548073178,True,64,1.0,0.2926345556786119
seasonal,128,106,0.0008592217274164991,0.0015339432788325884,True,64,1.0,0.2926345556786119
seasonal,128,107,0.0013484108746366745,0.002392631818613808,False,64,1.0,0.2926345556786119
seasonal,128,108,0.0026147498997829213,0.004912447927816199,False,64,1.0,0.2926345556786119
seasonal,128,109,0.0036005341477985922,0.006821610542833104,True,64,1.0,0.2926345556786119
seasonal,128,110,0.002271584472549719,0.004702097746936317,False,64,1.0,0.2926345556786119
seasonal,128,111,0.0007464449537518187,0.0014675891423038684,True,64,1.0,0.2926345556786119
seasonal,128,112,0.0007951782563520712,0.001624497300786537,True,64,1.0,0.2926345556786119
seasonal,128,113,0.0006237176555438129,0.0010598334235571126,True,64,1.0,0.2926345556786119
seasonal,128,114,0.0011998308060187266,0.0022166298674682165,True,64,1.0,0.2926345556786119
seasonal,128,115,0.0009863358101202882,0.002081609180917293,True,64,1.0,0.2926345556786119
seasonal,128,116,0.0006547099868588662,0.001091048928130986,True,64,1.0,0.2926345556786119
seasonal,128,117,0.001623242346802305,0.0033704745617159915,True,64,1.0,0.2926345556786119
seasonal,128,118,0.002118502242613225,0.004371938609433254,True,64,1.0,0.2926345556786119
seasonal,128,119,0.0012225877261096982,0.0022890676871345113,True,64,1.0,0.2926345556786119
seasonal,128,120,0.0013757045561947558,0.0021520718210829917,False,64,1.0,0.2926345556786119
seasonal,128,121,0.00302667584063549,0.005526335916822886,True,64,1.0,0.2926345556786119
seasonal,128,122,0.0017450359398135486,0.002798579361712999,True,64,1.0,0.2926345556786119
seasonal,128,123,0.0015342236006347528,0.0023805584895343216,True,64,1.0,0.2926345556786119
seasonal,128,124,0.0016299678926588637,0.003346151766972425,True,64,1.0,0.2926345556786119
seasonal,128,125,0.0009219552902013773,0.0015144309917981096,True,64,1.0,0.2926345556786119
seasonal,128,126,0.0008198951616503982,0.001379110497620583,True,64,1.0,0.2926345556786119
seasonal,128,127,0.0012200644504597512,0.0024990189252007506,True,64,1.0,0.2926345556786119
seasonal,128,128,0.0023660855301271505,0.004098787966918708,True,64,1.0,0.2926345556786119
seasonal,128,129,0.0012391949280212483,0.0026031755037162893,True,64,1.0,0.2926345556786119
seasonal,128,130,0.003958281165733215,0.006919622835459816,True,64,1.0,0.2926345556786119
seasonal,128,131,0.003827820917479519,0.006841948186435985,True,64,1.0,0.2926345556786119
seasonal,128,132,0.0020656717449595093,0.004365379216080335,True,64,1.0,0.2926345556786119
seasonal,128,133,0.0014768543058257064,0.0029427954261722657,True,64,1.0,0.2926345556786119
seasonal,128,134,0.0023046441486400298,0.004965779909511685,False,64,1.0,0.2926345556786119
seasonal,128,135,0.00032489813417215126,0.0005574002924507485,True,64,1.0,0.2926345556786119
seasonal,128,136,0.0016549733672638566,0.0033397378236632268,True,64,1.0,0.2926345556786119
seasonal,128,137,0.0037637510149302372,0.006544618936893794,False,64,1.0,0.2926345556786119
seasonal,128,138,0.0043232539795258545,0.008016959047268752,False,64,1.0,0.2926345556786119
seasonal,128,139,0.0013015926893027317,0.0026069835582441967,True,64,1.0,0.2926345556786119
seasonal,128,140,0.0008059314824559239,0.001491415406102055,True,64,1.0,0.2926345556786119
seasonal,128,141,0.003101034834891077,0.005915616174668719,False,64,1.0,0.2926345556786119
seasonal,128,142,0.0005630969613398446,0.0009365560083894678,True,64,1.0,0.2926345556786119
seasonal,128,143,0.002649859247471635,0.005320671447127117,True,64,1.0,0.2926345556786119
seasonal,128,144,0.0028948969272854065,0.005119395530580188,True,64,1.0,0.2926345556786119
seasonal,128,145,0.0015331583859596013,0.00299180190867732,True,64,1.0,0.2926345556786119
seasonal,128,146,0.0006730533757333132,0.0009996070775406228,True,64,1.0,0.2926345556786119
seasonal,128,147,0.00289535072921232,0.005359952007680583,True,64,1.0,0.2926345556786119
seasonal,128,148,0.005552016115259423,0.009524397805517296,True,64,1.0,0.2926345556786119
seasonal,128,149,0.0019106218956861,0.0038950177534487597,True,64,1.0,0.2926345556786119
seasonal,128,150,0.0022558579709132847,0.004489032412747851,True,64,1.0,0.2926345556786119
seasonal,128,151,0.003154166341878693,0.005492347011261556,False,64,1.0,0.2926345556786119
seasonal,128,152,0.0008429715975941128,0.0013107997233305323,True,64,1.0,0.2926345556786119
seasonal,128,153,0.0006056928462384193,0.0011548203356649758,True,64,1.0,0.2926345556786119
seasonal,128,154,0.0010443713907352726,0.0020979434450769906,True,64,1.0,0.2926345556786119
seasonal,128,155,0.0008363353921705223,0.0016061513426310903,True,64,1.0,0.2926345556786119
seasonal,128,156,0.0032061782143197916,0.005146112311389799,False,64,1.0,0.2926345556786119
seasonal,128,157,0.002005195527525813,0.0032973406446441464,True,64,1.0,0.2926345556786119
seasonal,128,158,0.0015439481936632001,0.0030877761153174747,True,64,1.0,0.2926345556786119
seasonal,128,159,0.0007569054752862513,0.0012775537187026142,True,64,1.0,0.2926345556786119
seasonal,128,160,0.001074278955637648,0.0018116746339545686,True,64,1.0,0.2926345556786119
seasonal,128,161,0.0023816574117331664,0.004740939693310338,True,64,1.0,0.2926345556786119
seasonal,128,162,0.0023587137319365974,0.004486099711460122,True,64,1.0,0.2926345556786119
seasonal,128,163,0.002431759504915922,0.004349308734080696,True,64,1.0,0.2926345556786119
seasonal,128,164,0.0014570618894530455,0.002689728179481498,False,64,1.0,0.2926345556786119
seasonal,128,165,0.0021206199186499927,0.0036895071724317493,True,64,1.0,0.2926345556786119
seasonal,128,166,0.0005847624373061143,0.0009438377407513555,True,64,1.0,0.2926345556786119
seasonal,128,167,0.0013669491100918158,0.002644209302623388,True,64,1.0,0.2926345556786119
seasonal,128,168,0.0017700915869892301,0.003303681092327856,True,64,1.0,0.2926345556786119
seasonal,128,169,0.0018870835314719323,0.0036246626017254376,False,64,1.0,0.2926345556786119
seasonal,128,170,0.0013893223203005594,0.002799060882149037,True,64,1.0,0.2926345556786119
seasonal,128,171,0.001553739615380712,0.0030251343943986436,True,64,1.0,0.2926345556786119
seasonal,128,172,0.0018491504477551029,0.0032234426881705084,True,64,1.0,0.2926345556786119
seasonal,128,173,0.0023336225706451076,0.004403427953312648,True,64,1.0,0.2926345556786119
seasonal,128,174,0.0009736668354083108,0.0019113966105257195,True,64,1.0,0.2926345556786119
seasonal,128,175,0.0021473153625896136,0.0043632201534860825,False,64,1.0,0.2926345556786119
seasonal,128,176,0.0007168432898730697,0.0011808514686648137,True,64,1.0,0.2926345556786119
seasonal,128,177,0.00111408229636689,0.002238894010009332,True,64,1.0,0.2926345556786119
seasonal,128,178,0.0019009153344162837,0.003252474565599116,True,64,1.0,0.2926345556786119
seasonal,128,179,0.0022947465482719225,0.004529975389767911,True,64,1.0,0.2926345556786119
seasonal,128,180,0.0011823924014498814,0.0018892646842279485,True,64,1.0,0.2926345556786119
seasonal,128,181,0.0007086451599128103,0.00101676805326038,True,64,1.0,0.2926345556786119
seasonal,128,182,0.0026389028557082784,0.00464441291711069,False,64,1.0,0.2926345556786119
seasonal,128,183,0.0016950919761133069,0.0031155467288618843,False,64,1.0,0.2926345556786119
seasonal,128,184,0.000639098912992092,0.0012268961578774142,True,64,1.0,0.2926345556786119
seasonal,128,185,0.0008390713866004149,0.0017474419435660367,True,64,1.0,0.2926345556786119
seasonal,128,186,0.0012814064391491345,0.0024679881437917467,True,64,1.0,0.2926345556786119
seasonal,128,187,0.0010315539075233934,0.0018139054790507246,True,64,1.0,0.2926345556786119
seasonal,128,188,0.0022153550859448394,0.004564611851073062,True,64,1.0,0.2926345556786119
seasonal,128,189,0.001129712326408028,0.002051664907869101,True,64,1.0,0.2926345556786119
seasonal,128,190,0.0004541679093550057,0.0008529975878997925,True,64,1.0,0.2926345556786119
seasonal,128,191,0.0007325701821454093,0.0012023236006024687,True,64,1.0,0.2926345556786119
seasonal,128,192,0.0013610516683883699,0.0026291352695244664,True,64,1.0,0.2926345556786119
seasonal,128,193,0.002220046907831982,0.0039428113958537205,True,64,1.0,0.2926345556786119
seasonal,128,194,0.002012242205821044,0.004031452732189834,True,64,1.0,0.2926345556786119
seasonal,128,195,0.0010135348999903235,0.0017738225358942769,True,64,1.0,0.2926345556786119
seasonal,128,196,0.0028618244290534293,0.005286798552242603,False,64,1.0,0.2926345556786119
seasonal,128,197,0.0018450232474283392,0.003895211878278043,False,64,1.0,0.2926345556786119
seasonal,128,198,0.0019689182947344327,0.003639121137241491,False,64,1.0,0.2926345556786119
seasonal,128,199,0.002607403112520674,0.00479278982121647,True,64,1.0,0.2926345556786119
