coalition,loss
EMPTY,0.13010847436299786
mechanism_01,0.1765352747791167
mechanism_02,0.16658861357545968
mechanism_03,0.15976199694366908
mechanism_04,0.15316371576508617
mechanism_05,0.14931293453084377
mechanism_06,0.14554232893696525
mechanism_07,0.14307272348008082
mechanism_08,0.1406381257341342
mechanism_09,0.13823827317249407
mechanism_10,0.13646102381271383
mechanism_11,0.1347030519520281
mechanism_12,0.13296424019782926
mechanism_01|mechanism_02,0.19154534856146752
mechanism_01|mechanism_03,0.21416501695744142
mechanism_01|mechanism_04,0.20587037180094736
mechanism_01|mechanism_05,0.20100899975052938
mechanism_01|mechanism_06,0.21755022357688752
mechanism_01|mechanism_07,0.19309868423321644
mechanism_01|mechanism_08,0.19000156601531298
mechanism_01|mechanism_09,0.18694261396804635
mechanism_01|mechanism_10,0.18467338639691713
mechanism_01|mechanism_11,0.18242552380635635
mechanism_01|mechanism_12,0.18019897519805125
mechanism_02|mechanism_03,0.22970105095339813
mechanism_02|mechanism_04,0.19466158359157792
mechanism_02|mechanism_05,0.19000156601531298
mechanism_02|mechanism_06,0.18542741929298223
mechanism_02|mechanism_07,0.18242552380635635
mechanism_02|mechanism_08,0.17946151940732682
mechanism_02|mechanism_09,0.1765352747791167
mechanism_02|mechanism_10,0.17436528561741307
mechanism_02|mechanism_11,0.17221639173387782
mechanism_02|mechanism_12,0.17008852523532647
mechanism_03|mechanism_04,0.18694261396804635
mechanism_03|mechanism_05,0.18242552380635635
mechanism_03|mechanism_06,0.17799368578624652
mechanism_03|mechanism_07,0.17508626816403985
mechanism_03|mechanism_08,0.1557758401237474
mechanism_03|mechanism_09,0.16938389693401873
mechanism_03|mechanism_10,0.16728395553848313
mechanism_03|mechanism_11,0.16520487019061464
mechanism_03|mechanism_12,0.16314656214056913
mechanism_04|mechanism_05,0.19154534856146754
mechanism_04|mechanism_06,0.17079548202237452
mechanism_04|mechanism_07,0.16798161486607555
mechanism_04|mechanism_08,0.16520487019061464
mechanism_04|mechanism_09,0.1624650625806961
mechanism_04|mechanism_10,0.1604343298153256
mechanism_04|mechanism_11,0.15842417884495583
mechanism_04|mechanism_12,0.15643452105974257
mechanism_05|mechanism_06,0.16658861357545968
mechanism_05|mechanism_07,0.16383036122335892
mechanism_05|mechanism_08,0.16110894957658525
mechanism_05|mechanism_09,0.14804719803168948
mechanism_05|mechanism_10,0.15643452105974257
mechanism_05|mechanism_11,0.1544652650835347
mechanism_05|mechanism_12,0.1525163168612938
mechanism_06|mechanism_07,0.15976199694366908
mechanism_06|mechanism_08,0.15709546888545273
mechanism_06|mechanism_09,0.1544652650835347
mechanism_06|mechanism_10,0.1525163168612938
mechanism_06|mechanism_11,0.15058757974584394
mechanism_06|mechanism_12,0.1486789545839074
mechanism_07|mechanism_08,0.1544652650835347
mechanism_07|mechanism_09,0.15187116365665929
mechanism_07|mechanism_10,0.15909194771428195
mechanism_07|mechanism_11,0.14804719803168948
mechanism_07|mechanism_12,0.14616523039738208
mechanism_08|mechanism_09,0.14931293453084377
mechanism_08|mechanism_10,0.14741766105380757
mechanism_08|mechanism_11,0.14554232893696525
mechanism_08|mechanism_12,0.14368683275882912
mechanism_09|mechanism_10,0.14492163148782286
mechanism_09|mechanism_11,0.14931293453084377
mechanism_09|mechanism_12,0.14124350744507488
mechanism_10|mechanism_11,0.14124350744507488
mechanism_10|mechanism_12,0.1394338729616501
mechanism_11|mechanism_12,0.13764370760149627
mechanism_01|mechanism_02|mechanism_03,0.289050497374996
mechanism_01|mechanism_02|mechanism_04,0.22270013882530884
mechanism_01|mechanism_02|mechanism_05,0.21755022357688752
mechanism_01|mechanism_02|mechanism_06,0.2350521962362353
mechanism_01|mechanism_02|mechanism_07,0.20915936521306333
mechanism_01|mechanism_02|mechanism_08,0.20587037180094736
mechanism_01|mechanism_02|mechanism_09,0.20261984643113046
mechanism_01|mechanism_02|mechanism_10,0.20020717819927933
mechanism_01|mechanism_02|mechanism_11,0.19781611144141825
mechanism_01|mechanism_02|mechanism_12,0.19544662272643765
mechanism_01|mechanism_03|mechanism_04,0.24787088856042985
mechanism_01|mechanism_03|mechanism_05,0.24232036099629517
mechanism_01|mechanism_03|mechanism_06,0.261149993915751
mechanism_01|mechanism_03|mechanism_07,0.23325893577145726
mechanism_01|mechanism_03|mechanism_08,0.2091593652130633
mechanism_01|mechanism_03|mechanism_09,0.2261814257305462
mechanism_01|mechanism_03|mechanism_10,0.2235668626666018
mechanism_01|mechanism_03|mechanism_11,0.22097389222018785
mechanism_01|mechanism_03|mechanism_12,0.21840253609763446
mechanism_01|mechanism_04|mechanism_05,0.25350601666233785
mechanism_01|mechanism_04|mechanism_06,0.2516182783929358
mechanism_01|mechanism_04|mechanism_07,0.2244359857309266
mechanism_01|mechanism_04|mechanism_08,0.22097389222018785
mechanism_01|mechanism_04|mechanism_09,0.21755022357688752
mechanism_01|mechanism_04|mechanism_10,0.2150077113718924
mechanism_01|mechanism_04|mechanism_11,0.21248684412253915
mechanism_01|mechanism_04|mechanism_12,0.2099876265736025
mechanism_01|mechanism_05|mechanism_06,0.2460112835510519
mechanism_01|mechanism_05|mechanism_07,0.2192572520878717
mechanism_01|mechanism_05|mechanism_08,0.21585281082251456
mechanism_01|mechanism_05|mechanism_09,0.19940775684866846
mechanism_01|mechanism_05|mechanism_10,0.2099876265736025
mechanism_01|mechanism_05|mechanism_11,0.20751005855963564
mechanism_01|mechanism_05|mechanism_12,0.20505413508936485
mechanism_01|mechanism_06|mechanism_07,0.23685498427314458
mechanism_01|mechanism_06|mechanism_08,0.23325893577145726
mechanism_01|mechanism_06|mechanism_09,0.22970105095339813
mechanism_01|mechanism_06|mechanism_10,0.22705774060326145
mechanism_01|mechanism_06|mechanism_11,0.2244359857309266
mechanism_01|mechanism_06|mechanism_12,0.22183581507529954
mechanism_01|mechanism_07|mechanism_08,0.20751005855963564
mechanism_01|mechanism_07|mechanism_09,0.2042403022840918
mechanism_01|mechanism_07|mechanism_10,0.21332472781586043
mechanism_01|mechanism_07|mechanism_11,0.19940775684866852
mechanism_01|mechanism_07|mechanism_12,0.1970238855938462
mechanism_01|mechanism_08|mechanism_09,0.20100899975052938
mechanism_01|mechanism_08|mechanism_10,0.19861073488544276
mechanism_01|mechanism_08|mechanism_11,0.19623405636577915
mechanism_01|mechanism_08|mechanism_12,0.19387893782385993
mechanism_01|mechanism_09|mechanism_10,0.19544662272643765
mechanism_01|mechanism_09|mechanism_11,0.20100899975052938
mechanism_01|mechanism_09|mechanism_12,0.19077226383992194
mechanism_01|mechanism_10|mechanism_11,0.19077226383992194
mechanism_01|mechanism_10|mechanism_12,0.18846732521381943
mechanism_01|mechanism_11|mechanism_12,0.18618382790150856
mechanism_02|mechanism_03|mechanism_04,0.2650274005334812
mechanism_02|mechanism_03|mechanism_05,0.259225100817846
mechanism_02|mechanism_03|mechanism_06,0.2535060166623378
mechanism_02|mechanism_03|mechanism_07,0.24973989440488245
mechanism_02|mechanism_03|mechanism_08,0.2244359857309266
mechanism_02|mechanism_03|mechanism_09,0.24232036099629517
mechanism_02|mechanism_03|mechanism_10,0.23957699801126897
mechanism_02|mechanism_03|mechanism_11,0.23685498427314453
mechanism_02|mechanism_03|mechanism_12,0.23415437418020288
mechanism_02|mechanism_04|mechanism_05,0.24048908305088898
mechanism_02|mechanism_04|mechanism_06,0.21585281082251456
mechanism_02|mechanism_04|mechanism_07,0.21248684412253915
mechanism_02|mechanism_04|mechanism_08,0.2091593652130633
mechanism_02|mechanism_04|mechanism_09,0.20587037180094736
mechanism_02|mechanism_04|mechanism_10,0.20342887290906736
mechanism_02|mechanism_04|mechanism_11,0.20100899975052938
mechanism_02|mechanism_04|mechanism_12,0.19861073488544276
mechanism_02|mechanism_05|mechanism_06,0.21081829347774714
mechanism_02|mechanism_05|mechanism_07,0.20751005855963564
mechanism_02|mechanism_05|mechanism_08,0.2042403022840918
mechanism_02|mechanism_05|mechanism_09,0.18846732521381943
mechanism_02|mechanism_05|mechanism_10,0.19861073488544276
mechanism_02|mechanism_05|mechanism_11,0.19623405636577915
mechanism_02|mechanism_05|mechanism_12,0.19387893782385993
mechanism_02|mechanism_06|mechanism_07,0.20261984643113046
mechanism_02|mechanism_06|mechanism_08,0.19940775684866852
mechanism_02|mechanism_06|mechanism_09,0.19623405636577915
mechanism_02|mechanism_06|mechanism_10,0.19387893782385993
mechanism_02|mechanism_06|mechanism_11,0.19154534856146752
mechanism_02|mechanism_06|mechanism_12,0.18923325363949448
mechanism_02|mechanism_07|mechanism_08,0.19623405636577915
mechanism_02|mechanism_07|mechanism_09,0.19309868423321644
mechanism_02|mechanism_07|mechanism_10,0.20181322226037884
mechanism_02|mechanism_07|mechanism_11,0.18846732521381943
mechanism_02|mechanism_07|mechanism_12,0.18618382790150856
mechanism_02|mechanism_08|mechanism_09,0.19000156601531298
mechanism_02|mechanism_08|mechanism_10,0.18770377918951323
mechanism_02|mechanism_08|mechanism_11,0.18542741929298223
mechanism_02|mechanism_08|mechanism_12,0.18317244051905116
mechanism_02|mechanism_09|mechanism_10,0.18467338639691713
mechanism_02|mechanism_09|mechanism_11,0.19000156601531298
mechanism_02|mechanism_09|mechanism_12,0.18019897519805125
mechanism_02|mechanism_10|mechanism_11,0.18019897519805125
mechanism_02|mechanism_10|mechanism_12,0.17799368578624652
mechanism_02|mechanism_11|mechanism_12,0.175809597088929
mechanism_03|mechanism_04|mechanism_05,0.23147521650098238
mechanism_03|mechanism_04|mechanism_06,0.20751005855963564
mechanism_03|mechanism_04|mechanism_07,0.2042403022840918
mechanism_03|mechanism_04|mechanism_08,0.18242552380635635
mechanism_03|mechanism_04|mechanism_09,0.19781611144141825
mechanism_03|mechanism_04|mechanism_10,0.19544662272643765
mechanism_03|mechanism_04|mechanism_11,0.19309868423321644
mechanism_03|mechanism_04|mechanism_12,0.19077226383992194
mechanism_03|mechanism_05|mechanism_06,0.20261984643113046
mechanism_03|mechanism_05|mechanism_07,0.19940775684866852
mechanism_03|mechanism_05|mechanism_08,0.17799368578624652
mechanism_03|mechanism_05|mechanism_09,0.180938793152142
mechanism_03|mechanism_05|mechanism_10,0.19077226383992194
mechanism_03|mechanism_05|mechanism_11,0.18846732521381943
mechanism_03|mechanism_05|mechanism_12,0.18618382790150856
mechanism_03|mechanism_06|mechanism_07,0.19466158359157792
mechanism_03|mechanism_06|mechanism_08,0.17364664701900503
mechanism_03|mechanism_06|mechanism_09,0.18846732521381943
mechanism_03|mechanism_06|mechanism_10,0.18618382790150856
mechanism_03|mechanism_06|mechanism_11,0.18392172741950427
mechanism_03|mechanism_06|mechanism_12,0.18168097534508462
mechanism_03|mechanism_07|mechanism_08,0.17079548202237446
mechanism_03|mechanism_07|mechanism_09,0.18542741929298223
mechanism_03|mechanism_07|mechanism_10,0.19387893782385993
mechanism_03|mechanism_07|mechanism_11,0.18093879315214204
mechanism_03|mechanism_07|mechanism_12,0.17872642365885047
mechanism_03|mechanism_08|mechanism_09,0.1652048701906146
mechanism_03|mechanism_08|mechanism_10,0.16314656214056913
mechanism_03|mechanism_08|mechanism_11,0.16110894957658525
mechanism_03|mechanism_08|mechanism_12,0.15909194771428195
mechanism_03|mechanism_09|mechanism_10,0.1772633035782569
mechanism_03|mechanism_09|mechanism_11,0.18242552380635638
mechanism_03|mechanism_09|mechanism_12,0.17293034989613867
mechanism_03|mechanism_10|mechanism_11,0.17293034989613867
mechanism_03|mechanism_10|mechanism_12,0.17079548202237452
mechanism_03|mechanism_11|mechanism_12,0.16868159439781955
mechanism_04|mechanism_05|mechanism_06,0.19623405636577915
mechanism_04|mechanism_05|mechanism_07,0.20915936521306333
mechanism_04|mechanism_05|mechanism_08,0.20587037180094736
mechanism_04|mechanism_05|mechanism_09,0.19000156601531298
mechanism_04|mechanism_05|mechanism_10,0.20020717819927933
mechanism_04|mechanism_05|mechanism_11,0.19781611144141828
mechanism_04|mechanism_05|mechanism_12,0.19544662272643767
mechanism_04|mechanism_06|mechanism_07,0.18694261396804635
mechanism_04|mechanism_06|mechanism_08,0.1839217274195043
mechanism_04|mechanism_06|mechanism_09,0.18093879315214204
mechanism_04|mechanism_06|mechanism_10,0.17872642365885047
mechanism_04|mechanism_06|mechanism_11,0.1765352747791167
mechanism_04|mechanism_06|mechanism_12,0.17436528561741307
mechanism_04|mechanism_07|mechanism_08,0.18093879315214204
mechanism_04|mechanism_07|mechanism_09,0.17799368578624652
mechanism_04|mechanism_07|mechanism_10,0.18618382790150856
mechanism_04|mechanism_07|mechanism_11,0.17364664701900506
mechanism_04|mechanism_07|mechanism_12,0.17150476997540087
mechanism_04|mechanism_08|mechanism_09,0.17508626816403985
mechanism_04|mechanism_08|mechanism_10,0.17293034989613867
mechanism_04|mechanism_08|mechanism_11,0.17079548202237452
mechanism_04|mechanism_08|mechanism_12,0.16868159439781955
mechanism_04|mechanism_09|mechanism_10,0.17008852523532647
mechanism_04|mechanism_09|mechanism_11,0.17508626816403985
mechanism_04|mechanism_09|mechanism_12,0.16589558609851357
mechanism_04|mechanism_10|mechanism_11,0.16589558609851357
mechanism_04|mechanism_10|mechanism_12,0.16383036122335892
mechanism_04|mechanism_11|mechanism_12,0.16178585943954402
mechanism_05|mechanism_06|mechanism_07,0.18242552380635635
mechanism_05|mechanism_06|mechanism_08,0.17946151940732682
mechanism_05|mechanism_06|mechanism_09,0.1652048701906146
mechanism_05|mechanism_06|mechanism_10,0.17436528561741307
mechanism_05|mechanism_06|mechanism_11,0.17221639173387782
mechanism_05|mechanism_06|mechanism_12,0.17008852523532647
mechanism_05|mechanism_07|mechanism_08,0.1765352747791167
mechanism_05|mechanism_07|mechanism_09,0.1624650625806961
mechanism_05|mechanism_07|mechanism_10,0.18168097534508462
mechanism_05|mechanism_07|mechanism_11,0.16938389693401873
mechanism_05|mechanism_07|mechanism_12,0.16728395553848313
mechanism_05|mechanism_08|mechanism_09,0.15976199694366908
mechanism_05|mechanism_08|mechanism_10,0.16868159439781955
mechanism_05|mechanism_08|mechanism_11,0.16658861357545968
mechanism_05|mechanism_08|mechanism_12,0.16451646289656316
mechanism_05|mechanism_09|mechanism_10,0.1551194226263038
mechanism_05|mechanism_09|mechanism_11,0.15976199694366908
mechanism_05|mechanism_09|mechanism_12,0.15122825250907418
mechanism_05|mechanism_10|mechanism_11,0.16178585943954402
mechanism_05|mechanism_10|mechanism_12,0.15976199694366908
mechanism_05|mechanism_11|mechanism_12,0.15775868701896995
mechanism_06|mechanism_07|mechanism_08,0.17221639173387782
mechanism_06|mechanism_07|mechanism_09,0.16938389693401873
mechanism_06|mechanism_07|mechanism_10,0.1772633035782569
mechanism_06|mechanism_07|mechanism_11,0.16520487019061464
mechanism_06|mechanism_07|mechanism_12,0.16314656214056913
mechanism_06|mechanism_08|mechanism_09,0.16658861357545968
mechanism_06|mechanism_08|mechanism_10,0.16451646289656316
mechanism_06|mechanism_08|mechanism_11,0.1624650625806961
mechanism_06|mechanism_08|mechanism_12,0.1604343298153256
mechanism_06|mechanism_09|mechanism_10,0.16178585943954402
mechanism_06|mechanism_09|mechanism_11,0.16658861357545968
mechanism_06|mechanism_09|mechanism_12,0.15775868701896995
mechanism_06|mechanism_10|mechanism_11,0.15775868701896995
mechanism_06|mechanism_10|mechanism_12,0.1557758401237474
mechanism_06|mechanism_11|mechanism_12,0.15381336397920678
mechanism_07|mechanism_08|mechanism_09,0.16383036122335892
mechanism_07|mechanism_08|mechanism_10,0.17150476997540087
mechanism_07|mechanism_08|mechanism_11,0.15976199694366908
mechanism_07|mechanism_08|mechanism_12,0.15775868701896995
mechanism_07|mechanism_09|mechanism_10,0.16868159439781955
mechanism_07|mechanism_09|mechanism_11,0.16383036122335892
mechanism_07|mechanism_09|mechanism_12,0.1551194226263038
mechanism_07|mechanism_10|mechanism_11,0.16451646289656321
mechanism_07|mechanism_10|mechanism_12,0.1624650625806961
mechanism_07|mechanism_11|mechanism_12,0.1512282525090742
mechanism_08|mechanism_09|mechanism_10,0.1672839555384832
mechanism_08|mechanism_09|mechanism_11,0.16110894957658525
mechanism_08|mechanism_09|mechanism_12,0.1525163168612938
mechanism_08|mechanism_10|mechanism_11,0.1525163168612938
mechanism_08|mechanism_10|mechanism_12,0.15058757974584394
mechanism_08|mechanism_11|mechanism_12,0.1486789545839074
mechanism_09|mechanism_10|mechanism_11,0.15643452105974257
mechanism_09|mechanism_10|mechanism_12,0.14804719803168948
mechanism_09|mechanism_11|mechanism_12,0.1525163168612938
mechanism_10|mechanism_11|mechanism_12,0.14430313409051876
mechanism_01|mechanism_02|mechanism_03|mechanism_04,0.32959884019113145
mechanism_01|mechanism_02|mechanism_03|mechanism_05,0.323004143761477
mechanism_01|mechanism_02|mechanism_03|mechanism_06,0.34524653939368083
mechanism_01|mechanism_02|mechanism_03|mechanism_07,0.31216866941715965
mechanism_01|mechanism_02|mechanism_03|mechanism_08,0.2829247145070275
mechanism_01|mechanism_02|mechanism_03|mechanism_09,0.3036450701761659
mechanism_01|mechanism_02|mechanism_03|mechanism_10,0.30048277233757253
mechanism_01|mechanism_02|mechanism_03|mechanism_11,0.29733934565526854
mechanism_01|mechanism_02|mechanism_03|mechanism_12,0.2942149721629888
mechanism_01|mechanism_02|mechanism_04|mechanism_05,0.2728917836588705
mechanism_01|mechanism_02|mechanism_04|mechanism_06,0.27091207765069353
mechanism_01|mechanism_02|mechanism_04|mechanism_07,0.24232036099629517
mechanism_01|mechanism_02|mechanism_04|mechanism_08,0.23866728515708963
mechanism_01|mechanism_02|mechanism_04|mechanism_09,0.2350521962362353
mechanism_01|mechanism_02|mechanism_04|mechanism_10,0.2323658826783749
mechanism_01|mechanism_02|mechanism_04|mechanism_11,0.22970105095339813
mechanism_01|mechanism_02|mechanism_04|mechanism_12,0.2270577406032615
mechanism_01|mechanism_02|mechanism_05|mechanism_06,0.2650274005334812
mechanism_01|mechanism_02|mechanism_05|mechanism_07,0.23685498427314458
mechanism_01|mechanism_02|mechanism_05|mechanism_08,0.23325893577145726
mechanism_01|mechanism_02|mechanism_05|mechanism_09,0.21585281082251456
mechanism_01|mechanism_02|mechanism_05|mechanism_10,0.2270577406032615
mechanism_01|mechanism_02|mechanism_05|mechanism_11,0.2244359857309266
mechanism_01|mechanism_02|mechanism_05|mechanism_12,0.22183581507529954
mechanism_01|mechanism_02|mechanism_06|mechanism_07,0.25540308417252405
mechanism_01|mechanism_02|mechanism_06|mechanism_08,0.2516182783929358
mechanism_01|mechanism_02|mechanism_06|mechanism_09,0.24787088856042985
mechanism_01|mechanism_02|mechanism_06|mechanism_10,0.24508501313237172
mechanism_01|mechanism_02|mechanism_06|mechanism_11,0.24232036099629511
mechanism_01|mechanism_02|mechanism_06|mechanism_12,0.23957699801126897
mechanism_01|mechanism_02|mechanism_07|mechanism_08,0.2244359857309266
mechanism_01|mechanism_02|mechanism_07|mechanism_09,0.22097389222018785
mechanism_01|mechanism_02|mechanism_07|mechanism_10,0.2305869387712515
mechanism_01|mechanism_02|mechanism_07|mechanism_11,0.21585281082251456
mechanism_01|mechanism_02|mechanism_07|mechanism_12,0.21332472781586043
mechanism_01|mechanism_02|mechanism_08|mechanism_09,0.21755022357688752
mechanism_01|mechanism_02|mechanism_08|mechanism_10,0.2150077113718924
mechanism_01|mechanism_02|mechanism_08|mechanism_11,0.21248684412253915
mechanism_01|mechanism_02|mechanism_08|mechanism_12,0.2099876265736026
mechanism_01|mechanism_02|mechanism_09|mechanism_10,0.211651365991901
mechanism_01|mechanism_02|mechanism_09|mechanism_11,0.21755022357688752
mechanism_01|mechanism_02|mechanism_09|mechanism_12,0.20668901283744182
mechanism_01|mechanism_02|mechanism_10|mechanism_11,0.20668901283744182
mechanism_01|mechanism_02|mechanism_10|mechanism_12,0.2042403022840918
mechanism_01|mechanism_02|mechanism_11|mechanism_12,0.20181322226037884
mechanism_01|mechanism_03|mechanism_04|mechanism_05,0.30153478399746125
mechanism_01|mechanism_03|mechanism_04|mechanism_06,0.29943285752602705
mechanism_01|mechanism_03|mechanism_04|mechanism_07,0.2689414213699951
mechanism_01|mechanism_03|mechanism_04|mechanism_08,0.24232036099629511
mechanism_01|mechanism_03|mechanism_04|mechanism_09,0.261149993915751
mechanism_01|mechanism_03|mechanism_04|mechanism_10,0.25826612006856875
mechanism_01|mechanism_03|mechanism_04|mechanism_11,0.25540308417252405
mechanism_01|mechanism_03|mechanism_04|mechanism_12,0.2525609797798001
mechanism_01|mechanism_03|mechanism_05|mechanism_06,0.2931777789064325
mechanism_01|mechanism_03|mechanism_05|mechanism_07,0.2630841041665798
mechanism_01|mechanism_03|mechanism_05|mechanism_08,0.23685498427314458
mechanism_01|mechanism_03|mechanism_05|mechanism_09,0.24048908305088898
mechanism_01|mechanism_03|mechanism_05|mechanism_10,0.2525609797798001
mechanism_01|mechanism_03|mechanism_05|mechanism_11,0.24973989440488234
mechanism_01|mechanism_03|mechanism_05|mechanism_12,0.2469399095786624
mechanism_01|mechanism_03|mechanism_06|mechanism_07,0.28292471450702744
mechanism_01|mechanism_03|mechanism_06|mechanism_08,0.25540308417252405
mechanism_01|mechanism_03|mechanism_06|mechanism_09,0.27488050221017696
mechanism_01|mechanism_03|mechanism_06|mechanism_10,0.2719008017337508
mechanism_01|mechanism_03|mechanism_06|mechanism_11,0.2689414213699951
mechanism_01|mechanism_03|mechanism_06|mechanism_12,0.2660024834784303
mechanism_01|mechanism_03|mechanism_07|mechanism_08,0.22793645057321624
mechanism_01|mechanism_03|mechanism_07|mechanism_09,0.24601128355105195
mechanism_01|mechanism_03|mechanism_07|mechanism_10,0.2563551082437379
mechanism_01|mechanism_03|mechanism_07|mechanism_11,0.24048908305088898
mechanism_01|mechanism_03|mechanism_07|mechanism_12,0.23775994657289076
mechanism_01|mechanism_03|mechanism_08|mechanism_09,0.22097389222018785
mechanism_01|mechanism_03|mechanism_08|mechanism_10,0.21840253609763446
mechanism_01|mechanism_03|mechanism_08|mechanism_11,0.21585281082251456
mechanism_01|mechanism_03|mechanism_08|mechanism_12,0.21332472781586034
mechanism_01|mechanism_03|mechanism_09|mechanism_10,0.235952400202534
mechanism_01|mechanism_03|mechanism_09|mechanism_11,0.24232036099629517
mechanism_01|mechanism_03|mechanism_09|mechanism_12,0.2305869387712515
mechanism_01|mechanism_03|mechanism_10|mechanism_11,0.2305869387712515
mechanism_01|mechanism_03|mechanism_10|mechanism_12,0.22793645057321624
mechanism_01|mechanism_03|mechanism_11|mechanism_12,0.22530750708507177
mechanism_01|mechanism_04|mechanism_05|mechanism_06,0.28495789429901025
mechanism_01|mechanism_04|mechanism_05|mechanism_07,0.2748805022101769
mechanism_01|mechanism_04|mechanism_05|mechanism_08,0.27091207765069353
mechanism_01|mechanism_04|mechanism_05|mechanism_09,0.2516182783929358
mechanism_01|mechanism_04|mechanism_05|mechanism_10,0.2640546060728516
mechanism_01|mechanism_04|mechanism_05|mechanism_11,0.26114999391575106
mechanism_01|mechanism_04|mechanism_05|mechanism_12,0.25826612006856875
mechanism_01|mechanism_04|mechanism_06|mechanism_07,0.2728917836588705
mechanism_01|mechanism_04|mechanism_06|mechanism_08,0.2689414213699951
mechanism_01|mechanism_04|mechanism_06|mechanism_09,0.2650274005334812
mechanism_01|mechanism_04|mechanism_06|mechanism_10,0.2621158988083651
mechanism_01|mechanism_04|mechanism_06|mechanism_11,0.25922510081784605
mechanism_01|mechanism_04|mechanism_06|mechanism_12,0.25635510824373786
mechanism_01|mechanism_04|mechanism_07|mechanism_08,0.24048908305088898
mechanism_01|mechanism_04|mechanism_07|mechanism_09,0.23685498427314458
mechanism_01|mechanism_04|mechanism_07|mechanism_10,0.2469399095786623
mechanism_01|mechanism_04|mechanism_07|mechanism_11,0.23147521650098238
mechanism_01|mechanism_04|mechanism_07|mechanism_12,0.2288175544441832
mechanism_01|mechanism_04|mechanism_08|mechanism_09,0.23325893577145726
mechanism_01|mechanism_04|mechanism_08|mechanism_10,0.2305869387712515
mechanism_01|mechanism_04|mechanism_08|mechanism_11,0.22793645057321624
mechanism_01|mechanism_04|mechanism_08|mechanism_12,0.22530750708507177
mechanism_01|mechanism_04|mechanism_09|mechanism_10,0.2270577406032615
mechanism_01|mechanism_04|mechanism_09|mechanism_11,0.23325893577145726
mechanism_01|mechanism_04|mechanism_09|mechanism_12,0.22183581507529954
mechanism_01|mechanism_04|mechanism_10|mechanism_11,0.22183581507529954
mechanism_01|mechanism_04|mechanism_10|mechanism_12,0.2192572520878717
mechanism_01|mechanism_04|mechanism_11|mechanism_12,0.2167003150109591
mechanism_01|mechanism_05|mechanism_06|mechanism_07,0.2669798507611425
mechanism_01|mechanism_05|mechanism_06|mechanism_08,0.2630841041665798
mechanism_01|mechanism_05|mechanism_06|mechanism_09,0.24416110090520296
mechanism_01|mechanism_05|mechanism_06|mechanism_10,0.25635510824373786
mechanism_01|mechanism_05|mechanism_06|mechanism_11,0.2535060166623378
mechanism_01|mechanism_05|mechanism_06|mechanism_12,0.2506779155948203
mechanism_01|mechanism_05|mechanism_07|mechanism_08,0.2350521962362353
mechanism_01|mechanism_05|mechanism_07|mechanism_09,0.2175502235768875
mechanism_01|mechanism_05|mechanism_07|mechanism_10,0.24140353812106505
mechanism_01|mechanism_05|mechanism_07|mechanism_11,0.2261814257305462
mechanism_01|mechanism_05|mechanism_07|mechanism_12,0.2235668626666018
mechanism_01|mechanism_05|mechanism_08|mechanism_09,0.2141650169574414
mechanism_01|mechanism_05|mechanism_08|mechanism_10,0.22530750708507177
mechanism_01|mechanism_05|mechanism_08|mechanism_11,0.22270013882530884
mechanism_01|mechanism_05|mechanism_08|mechanism_12,0.2201143709992742
mechanism_01|mechanism_05|mechanism_09|mechanism_10,0.20833350927014557
mechanism_01|mechanism_05|mechanism_09|mechanism_11,0.2141650169574414
mechanism_01|mechanism_05|mechanism_09|mechanism_12,0.20342887290906733
mechanism_01|mechanism_05|mechanism_10|mechanism_11,0.2167003150109591
mechanism_01|mechanism_05|mechanism_10|mechanism_12,0.21416501695744142
mechanism_01|mechanism_05|mechanism_11|mechanism_12,0.211651365991901
mechanism_01|mechanism_06|mechanism_07|mechanism_08,0.2535060166623378
mechanism_01|mechanism_06|mechanism_07|mechanism_09,0.24973989440488234
mechanism_01|mechanism_06|mechanism_07|mechanism_10,0.2601863933303121
mechanism_01|mechanism_06|mechanism_07|mechanism_11,0.24416110090520296
mechanism_01|mechanism_06|mechanism_07|mechanism_12,0.241403538121065
mechanism_01|mechanism_06|mechanism_08|mechanism_09,0.2460112835510519
mechanism_01|mechanism_06|mechanism_08|mechanism_10,0.2432395493801895
mechanism_01|mechanism_06|mechanism_08|mechanism_11,0.24048908305088898
mechanism_01|mechanism_06|mechanism_08|mechanism_12,0.23775994657289076
mechanism_01|mechanism_06|mechanism_09|mechanism_10,0.23957699801126897
mechanism_01|mechanism_06|mechanism_09|mechanism_11,0.24601128355105195
mechanism_01|mechanism_06|mechanism_09|mechanism_12,0.23415437418020288
mechanism_01|mechanism_06|mechanism_10|mechanism_11,0.23415437418020288
mechanism_01|mechanism_06|mechanism_10|mechanism_12,0.23147521650098232
mechanism_01|mechanism_06|mechanism_11|mechanism_12,0.2288175544441832
mechanism_01|mechanism_07|mechanism_08|mechanism_09,0.2192572520878717
mechanism_01|mechanism_07|mechanism_08|mechanism_10,0.2288175544441832
mechanism_01|mechanism_07|mechanism_08|mechanism_11,0.21416501695744142
mechanism_01|mechanism_07|mechanism_08|mechanism_12,0.211651365991901
mechanism_01|mechanism_07|mechanism_09|mechanism_10,0.22530750708507177
mechanism_01|mechanism_07|mechanism_09|mechanism_11,0.21925725208787178
mechanism_01|mechanism_07|mechanism_09|mechanism_12,0.20833350927014557
mechanism_01|mechanism_07|mechanism_10|mechanism_11,0.2201143709992742
mechanism_01|mechanism_07|mechanism_10|mechanism_12,0.21755022357688752
mechanism_01|mechanism_07|mechanism_11|mechanism_12,0.20342887290906736
mechanism_01|mechanism_08|mechanism_09|mechanism_10,0.2235668626666018
mechanism_01|mechanism_08|mechanism_09|mechanism_11,0.21585281082251462
mechanism_01|mechanism_08|mechanism_09|mechanism_12,0.20505413508936485
mechanism_01|mechanism_08|mechanism_10|mechanism_11,0.20505413508936485
mechanism_01|mechanism_08|mechanism_10|mechanism_12,0.20261984643113046
mechanism_01|mechanism_08|mechanism_11|mechanism_12,0.20020717819927933
mechanism_01|mechanism_09|mechanism_10|mechanism_11,0.2099876265736025
mechanism_01|mechanism_09|mechanism_10|mechanism_12,0.19940775684866852
mechanism_01|mechanism_09|mechanism_11|mechanism_12,0.20505413508936488
mechanism_01|mechanism_10|mechanism_11|mechanism_12,0.19466158359157792
mechanism_02|mechanism_03|mechanism_04|mechanism_05,0.320821300824607
mechanism_02|mechanism_03|mechanism_04|mechanism_06,0.29110982743388014
mechanism_02|mechanism_03|mechanism_04|mechanism_07,0.2869998372477184
mechanism_02|mechanism_03|mechanism_04|mechanism_08,0.25922510081784605
mechanism_02|mechanism_03|mechanism_04|mechanism_09,0.27888482197713693
mechanism_02|mechanism_03|mechanism_04|mechanism_10,0.27587822922918137
mechanism_02|mechanism_03|mechanism_04|mechanism_11,0.2728917836588705
mechanism_02|mechanism_03|mechanism_04|mechanism_12,0.26992561601888126
mechanism_02|mechanism_03|mechanism_05|mechanism_06,0.28495789429901025
mechanism_02|mechanism_03|mechanism_05|mechanism_07,0.2809003425836161
mechanism_02|mechanism_03|mechanism_05|mechanism_08,0.25350601666233785
mechanism_02|mechanism_03|mechanism_05|mechanism_09,0.25730945469731425
mechanism_02|mechanism_03|mechanism_05|mechanism_10,0.26992561601888126
mechanism_02|mechanism_03|mechanism_05|mechanism_11,0.26697985076114245
mechanism_02|mechanism_03|mechanism_05|mechanism_12,0.2640546060728515
mechanism_02|mechanism_03|mechanism_06|mechanism_07,0.27488050221017696
mechanism_02|mechanism_03|mechanism_06|mechanism_08,0.24787088856042985
mechanism_02|mechanism_03|mechanism_06|mechanism_09,0.26697985076114245
mechanism_02|mechanism_03|mechanism_06|mechanism_10,0.2640546060728515
mechanism_02|mechanism_03|mechanism_06|mechanism_11,0.261149993915751
mechanism_02|mechanism_03|mechanism_06|mechanism_12,0.25826612006856875
mechanism_02|mechanism_03|mechanism_07|mechanism_08,0.24416110090520296
mechanism_02|mechanism_03|mechanism_07|mechanism_09,0.2630841041665798
mechanism_02|mechanism_03|mechanism_07|mechanism_10,0.27388501873922083
mechanism_02|mechanism_03|mechanism_07|mechanism_11,0.2573094546973142
mechanism_02|mechanism_03|mechanism_07|mechanism_12,0.25445338587359734
mechanism_02|mechanism_03|mechanism_08|mechanism_09,0.23685498427314458
mechanism_02|mechanism_03|mechanism_08|mechanism_10,0.23415437418020288
mechanism_02|mechanism_03|mechanism_08|mechanism_11,0.23147521650098238
mechanism_02|mechanism_03|mechanism_08|mechanism_12,0.2288175544441832
mechanism_02|mechanism_03|mechanism_09|mechanism_10,0.2525609797798001
mechanism_02|mechanism_03|mechanism_09|mechanism_11,0.25922510081784605
mechanism_02|mechanism_03|mechanism_09|mechanism_12,0.2469399095786623
mechanism_02|mechanism_03|mechanism_10|mechanism_11,0.2469399095786623
mechanism_02|mechanism_03|mechanism_10|mechanism_12,0.24416110090520296
mechanism_02|mechanism_03|mechanism_11|mechanism_12,0.241403538121065
mechanism_02|mechanism_04|mechanism_05|mechanism_06,0.24601128355105195
mechanism_02|mechanism_04|mechanism_05|mechanism_07,0.26114999391575106
mechanism_02|mechanism_04|mechanism_05|mechanism_08,0.25730945469731425
mechanism_02|mechanism_04|mechanism_05|mechanism_09,0.23866728515708963
mechanism_02|mechanism_04|mechanism_05|mechanism_10,0.2506779155948202
mechanism_02|mechanism_04|mechanism_05|mechanism_11,0.24787088856042985
mechanism_02|mechanism_04|mechanism_05|mechanism_12,0.24508501313237172
mechanism_02|mechanism_04|mechanism_06|mechanism_07,0.2350521962362353
mechanism_02|mechanism_04|mechanism_06|mechanism_08,0.23147521650098238
mechanism_02|mechanism_04|mechanism_06|mechanism_09,0.22793645057321624
mechanism_02|mechanism_04|mechanism_06|mechanism_10,0.22530750708507177
mechanism_02|mechanism_04|mechanism_06|mechanism_11,0.22270013882530884
mechanism_02|mechanism_04|mechanism_06|mechanism_12,0.2201143709992742
mechanism_02|mechanism_04|mechanism_07|mechanism_08,0.22793645057321624
mechanism_02|mechanism_04|mechanism_07|mechanism_09,0.2244359857309266
mechanism_02|mechanism_04|mechanism_07|mechanism_10,0.23415437418020293
mechanism_02|mechanism_04|mechanism_07|mechanism_11,0.2192572520878717
mechanism_02|mechanism_04|mechanism_07|mechanism_12,0.2167003150109591
mechanism_02|mechanism_04|mechanism_08|mechanism_09,0.22097389222018785
mechanism_02|mechanism_04|mechanism_08|mechanism_10,0.21840253609763446
mechanism_02|mechanism_04|mechanism_08|mechanism_11,0.21585281082251456
mechanism_02|mechanism_04|mechanism_08|mechanism_12,0.21332472781586043
mechanism_02|mechanism_04|mechanism_09|mechanism_10,0.2150077113718924
mechanism_02|mechanism_04|mechanism_09|mechanism_11,0.22097389222018782
mechanism_02|mechanism_04|mechanism_09|mechanism_12,0.2099876265736025
mechanism_02|mechanism_04|mechanism_10|mechanism_11,0.2099876265736025
mechanism_02|mechanism_04|mechanism_10|mechanism_12,0.20751005855963564
mechanism_02|mechanism_04|mechanism_11|mechanism_12,0.20505413508936485
mechanism_02|mechanism_05|mechanism_06|mechanism_07,0.22970105095339813
mechanism_02|mechanism_05|mechanism_06|mechanism_08,0.2261814257305462
mechanism_02|mechanism_05|mechanism_06|mechanism_09,0.2091593652130633
mechanism_02|mechanism_05|mechanism_06|mechanism_10,0.2201143709992742
mechanism_02|mechanism_05|mechanism_06|mechanism_11,0.21755022357688752
mechanism_02|mechanism_05|mechanism_06|mechanism_12,0.2150077113718924
mechanism_02|mechanism_05|mechanism_07|mechanism_08,0.22270013882530884
mechanism_02|mechanism_05|mechanism_07|mechanism_09,0.20587037180094733
mechanism_02|mechanism_05|mechanism_07|mechanism_10,0.2288175544441832
mechanism_02|mechanism_05|mechanism_07|mechanism_11,0.21416501695744142
mechanism_02|mechanism_05|mechanism_07|mechanism_12,0.211651365991901
mechanism_02|mechanism_05|mechanism_08|mechanism_09,0.2026198464311304
mechanism_02|mechanism_05|mechanism_08|mechanism_10,0.21332472781586043
mechanism_02|mechanism_05|mechanism_08|mechanism_11,0.21081829347774714
mechanism_02|mechanism_05|mechanism_08|mechanism_12,0.20833350927014557
mechanism_02|mechanism_05|mechanism_09|mechanism_10,0.19702388559384618
mechanism_02|mechanism_05|mechanism_09|mechanism_11,0.20261984643113046
mechanism_02|mechanism_05|mechanism_09|mechanism_12,0.19232082157722288
mechanism_02|mechanism_05|mechanism_10|mechanism_11,0.20505413508936485
mechanism_02|mechanism_05|mechanism_10|mechanism_12,0.20261984643113046
mechanism_02|mechanism_05|mechanism_11|mechanism_12,0.20020717819927933
mechanism_02|mechanism_06|mechanism_07|mechanism_08,0.21755022357688752
mechanism_02|mechanism_06|mechanism_07|mechanism_09,0.21416501695744142
mechanism_02|mechanism_06|mechanism_07|mechanism_10,0.2235668626666018
mechanism_02|mechanism_06|mechanism_07|mechanism_11,0.2091593652130633
mechanism_02|mechanism_06|mechanism_07|mechanism_12,0.2066890128374418
mechanism_02|mechanism_06|mechanism_08|mechanism_09,0.21081829347774714
mechanism_02|mechanism_06|mechanism_08|mechanism_10,0.20833350927014557
mechanism_02|mechanism_06|mechanism_08|mechanism_11,0.20587037180094733
mechanism_02|mechanism_06|mechanism_08|mechanism_12,0.20342887290906736
mechanism_02|mechanism_06|mechanism_09|mechanism_10,0.20505413508936485
mechanism_02|mechanism_06|mechanism_09|mechanism_11,0.21081829347774714
mechanism_02|mechanism_06|mechanism_09|mechanism_12,0.20020717819927933
mechanism_02|mechanism_06|mechanism_10|mechanism_11,0.20020717819927933
mechanism_02|mechanism_06|mechanism_10|mechanism_12,0.19781611144141825
mechanism_02|mechanism_06|mechanism_11|mechanism_12,0.19544662272643765
mechanism_02|mechanism_07|mechanism_08|mechanism_09,0.20751005855963564
mechanism_02|mechanism_07|mechanism_08|mechanism_10,0.2167003150109591
mechanism_02|mechanism_07|mechanism_08|mechanism_11,0.20261984643113046
mechanism_02|mechanism_07|mechanism_08|mechanism_12,0.20020717819927933
mechanism_02|mechanism_07|mechanism_09|mechanism_10,0.21332472781586043
mechanism_02|mechanism_07|mechanism_09|mechanism_11,0.20751005855963564
mechanism_02|mechanism_07|mechanism_09|mechanism_12,0.1970238855938462
mechanism_02|mechanism_07|mechanism_10|mechanism_11,0.20833350927014557
mechanism_02|mechanism_07|mechanism_10|mechanism_12,0.20587037180094736
mechanism_02|mechanism_07|mechanism_11|mechanism_12,0.19232082157722288
mechanism_02|mechanism_08|mechanism_09|mechanism_10,0.211651365991901
mechanism_02|mechanism_08|mechanism_09|mechanism_11,0.2042403022840918
mechanism_02|mechanism_08|mechanism_09|mechanism_12,0.19387893782385993
mechanism_02|mechanism_08|mechanism_10|mechanism_11,0.19387893782385993
mechanism_02|mechanism_08|mechanism_10|mechanism_12,0.19154534856146752
mechanism_02|mechanism_08|mechanism_11|mechanism_12,0.18923325363949445
mechanism_02|mechanism_09|mechanism_10|mechanism_11,0.1986107348854428
mechanism_02|mechanism_09|mechanism_10|mechanism_12,0.18846732521381943
mechanism_02|mechanism_09|mechanism_11|mechanism_12,0.19387893782385993
mechanism_02|mechanism_10|mechanism_11|mechanism_12,0.18392172741950427
mechanism_03|mechanism_04|mechanism_05|mechanism_06,0.23685498427314458
mechanism_03|mechanism_04|mechanism_05|mechanism_07,0.2516182783929358
mechanism_03|mechanism_04|mechanism_05|mechanism_08,0.2261814257305462
mechanism_03|mechanism_04|mechanism_05|mechanism_09,0.22970105095339818
mechanism_03|mechanism_04|mechanism_05|mechanism_10,0.24140353812106505
mechanism_03|mechanism_04|mechanism_05|mechanism_11,0.23866728515708963
mechanism_03|mechanism_04|mechanism_05|mechanism_12,0.235952400202534
mechanism_03|mechanism_04|mechanism_06|mechanism_07,0.2261814257305462
mechanism_03|mechanism_04|mechanism_06|mechanism_08,0.2026198464311304
mechanism_03|mechanism_04|mechanism_06|mechanism_09,0.2192572520878717
mechanism_03|mechanism_04|mechanism_06|mechanism_10,0.2167003150109591
mechanism_03|mechanism_04|mechanism_06|mechanism_11,0.21416501695744142
mechanism_03|mechanism_04|mechanism_06|mechanism_12,0.211651365991901
mechanism_03|mechanism_04|mechanism_07|mechanism_08,0.19940775684866846
mechanism_03|mechanism_04|mechanism_07|mechanism_09,0.21585281082251456
mechanism_03|mechanism_04|mechanism_07|mechanism_10,0.22530750708507177
mechanism_03|mechanism_04|mechanism_07|mechanism_11,0.21081829347774714
mechanism_03|mechanism_04|mechanism_07|mechanism_12,0.20833350927014557
mechanism_03|mechanism_04|mechanism_08|mechanism_09,0.1930986842332164
mechanism_03|mechanism_04|mechanism_08|mechanism_10,0.19077226383992194
mechanism_03|mechanism_04|mechanism_08|mechanism_11,0.18846732521381943
mechanism_03|mechanism_04|mechanism_08|mechanism_12,0.18618382790150853
mechanism_03|mechanism_04|mechanism_09|mechanism_10,0.20668901283744182
mechanism_03|mechanism_04|mechanism_09|mechanism_11,0.2124868441225392
mechanism_03|mechanism_04|mechanism_09|mechanism_12,0.20181322226037884
mechanism_03|mechanism_04|mechanism_10|mechanism_11,0.20181322226037884
mechanism_03|mechanism_04|mechanism_10|mechanism_12,0.19940775684866852
mechanism_03|mechanism_04|mechanism_11|mechanism_12,0.1970238855938462
mechanism_03|mechanism_05|mechanism_06|mechanism_07,0.22097389222018785
mechanism_03|mechanism_05|mechanism_06|mechanism_08,0.19781611144141825
mechanism_03|mechanism_05|mechanism_06|mechanism_09,0.20100899975052938
mechanism_03|mechanism_05|mechanism_06|mechanism_10,0.211651365991901
mechanism_03|mechanism_05|mechanism_06|mechanism_11,0.2091593652130633
mechanism_03|mechanism_05|mechanism_06|mechanism_12,0.20668901283744182
mechanism_03|mechanism_05|mechanism_07|mechanism_08,0.19466158359157792
mechanism_03|mechanism_05|mechanism_07|mechanism_09,0.19781611144141825
mechanism_03|mechanism_05|mechanism_07|mechanism_10,0.2201143709992742
mechanism_03|mechanism_05|mechanism_07|mechanism_11,0.20587037180094736
mechanism_03|mechanism_05|mechanism_07|mechanism_12,0.20342887290906736
mechanism_03|mechanism_05|mechanism_08|mechanism_09,0.17653527477911674
mechanism_03|mechanism_05|mechanism_08|mechanism_10,0.18618382790150853
mechanism_03|mechanism_05|mechanism_08|mechanism_11,0.1839217274195043
mechanism_03|mechanism_05|mechanism_08|mechanism_12,0.18168097534508462
mechanism_03|mechanism_05|mechanism_09|mechanism_10,0.18923325363949445
mechanism_03|mechanism_05|mechanism_09|mechanism_11,0.19466158359157792
mechanism_03|mechanism_05|mechanism_09|mechanism_12,0.18467338639691713
mechanism_03|mechanism_05|mechanism_10|mechanism_11,0.1970238855938462
mechanism_03|mechanism_05|mechanism_10|mechanism_12,0.19466158359157792
mechanism_03|mechanism_05|mechanism_11|mechanism_12,0.19232082157722288
mechanism_03|mechanism_06|mechanism_07|mechanism_08,0.19000156601531293
mechanism_03|mechanism_06|mechanism_07|mechanism_09,0.20587037180094736
mechanism_03|mechanism_06|mechanism_07|mechanism_10,0.21500771137189242
mechanism_03|mechanism_06|mechanism_07|mechanism_11,0.20100899975052938
mechanism_03|mechanism_06|mechanism_07|mechanism_12,0.19861073488544276
mechanism_03|mechanism_06|mechanism_08|mechanism_09,0.1839217274195043
mechanism_03|mechanism_06|mechanism_08|mechanism_10,0.18168097534508462
mechanism_03|mechanism_06|mechanism_08|mechanism_11,0.17946151940732682
mechanism_03|mechanism_06|mechanism_08|mechanism_12,0.17726330357825687
mechanism_03|mechanism_06|mechanism_09|mechanism_10,0.1970238855938462
mechanism_03|mechanism_06|mechanism_09|mechanism_11,0.20261984643113046
mechanism_03|mechanism_06|mechanism_09|mechanism_12,0.19232082157722297
mechanism_03|mechanism_06|mechanism_10|mechanism_11,0.19232082157722288
mechanism_03|mechanism_06|mechanism_10|mechanism_12,0.19000156601531298
mechanism_03|mechanism_06|mechanism_11|mechanism_12,0.18770377918951323
mechanism_03|mechanism_07|mechanism_08|mechanism_09,0.18093879315214204
mechanism_03|mechanism_07|mechanism_08|mechanism_10,0.18923325363949448
mechanism_03|mechanism_07|mechanism_08|mechanism_11,0.1765352747791167
mechanism_03|mechanism_07|mechanism_08|mechanism_12,0.17436528561741305
mechanism_03|mechanism_07|mechanism_09|mechanism_10,0.20505413508936488
mechanism_03|mechanism_07|mechanism_09|mechanism_11,0.19940775684866852
mechanism_03|mechanism_07|mechanism_09|mechanism_12,0.18923325363949448
mechanism_03|mechanism_07|mechanism_10|mechanism_11,0.20020717819927933
mechanism_03|mechanism_07|mechanism_10|mechanism_12,0.19781611144141825
mechanism_03|mechanism_07|mechanism_11|mechanism_12,0.18467338639691713
mechanism_03|mechanism_08|mechanism_09|mechanism_10,0.18467338639691713
mechanism_03|mechanism_08|mechanism_09|mechanism_11,0.17799368578624647
mechanism_03|mechanism_08|mechanism_09|mechanism_12,0.16868159439781955
mechanism_03|mechanism_08|mechanism_10|mechanism_11,0.16868159439781955
mechanism_03|mechanism_08|mechanism_10|mechanism_12,0.16658861357545968
mechanism_03|mechanism_08|mechanism_11|mechanism_12,0.16451646289656316
mechanism_03|mechanism_09|mechanism_10|mechanism_11,0.19077226383992194
mechanism_03|mechanism_09|mechanism_10|mechanism_12,0.18093879315214204
mechanism_03|mechanism_09|mechanism_11|mechanism_12,0.18618382790150856
mechanism_03|mechanism_10|mechanism_11|mechanism_12,0.1765352747791167
mechanism_04|mechanism_05|mechanism_06|mechanism_07,0.2141650169574414
mechanism_04|mechanism_05|mechanism_06|mechanism_08,0.21081829347774714
mechanism_04|mechanism_05|mechanism_06|mechanism_09,0.19466158359157792
mechanism_04|mechanism_05|mechanism_06|mechanism_10,0.20505413508936488
mechanism_04|mechanism_05|mechanism_06|mechanism_11,0.20261984643113046
mechanism_04|mechanism_05|mechanism_06|mechanism_12,0.20020717819927927
mechanism_04|mechanism_05|mechanism_07|mechanism_08,0.2244359857309266
mechanism_04|mechanism_05|mechanism_07|mechanism_09,0.20751005855963564
mechanism_04|mechanism_05|mechanism_07|mechanism_10,0.2305869387712515
mechanism_04|mechanism_05|mechanism_07|mechanism_11,0.21585281082251462
mechanism_04|mechanism_05|mechanism_07|mechanism_12,0.21332472781586043
mechanism_04|mechanism_05|mechanism_08|mechanism_09,0.2042403022840918
mechanism_04|mechanism_05|mechanism_08|mechanism_10,0.21500771137189242
mechanism_04|mechanism_05|mechanism_08|mechanism_11,0.2124868441225392
mechanism_04|mechanism_05|mechanism_08|mechanism_12,0.2099876265736026
mechanism_04|mechanism_05|mechanism_09|mechanism_10,0.1986107348854428
mechanism_04|mechanism_05|mechanism_09|mechanism_11,0.2042403022840918
mechanism_04|mechanism_05|mechanism_09|mechanism_12,0.19387893782385993
mechanism_04|mechanism_05|mechanism_10|mechanism_11,0.20668901283744182
mechanism_04|mechanism_05|mechanism_10|mechanism_12,0.2042403022840918
mechanism_04|mechanism_05|mechanism_11|mechanism_12,0.20181322226037884
mechanism_04|mechanism_06|mechanism_07|mechanism_08,0.20100899975052938
mechanism_04|mechanism_06|mechanism_07|mechanism_09,0.19781611144141825
mechanism_04|mechanism_06|mechanism_07|mechanism_10,0.2066890128374418
mechanism_04|mechanism_06|mechanism_07|mechanism_11,0.19309868423321644
mechanism_04|mechanism_06|mechanism_07|mechanism_12,0.19077226383992194
mechanism_04|mechanism_06|mechanism_08|mechanism_09,0.19466158359157792
mechanism_04|mechanism_06|mechanism_08|mechanism_10,0.19232082157722297
mechanism_04|mechanism_06|mechanism_08|mechanism_11,0.19000156601531298
mechanism_04|mechanism_06|mechanism_08|mechanism_12,0.18770377918951323
mechanism_04|mechanism_06|mechanism_09|mechanism_10,0.18923325363949448
mechanism_04|mechanism_06|mechanism_09|mechanism_11,0.19466158359157792
mechanism_04|mechanism_06|mechanism_09|mechanism_12,0.18467338639691713
mechanism_04|mechanism_06|mechanism_10|mechanism_11,0.18467338639691713
mechanism_04|mechanism_06|mechanism_10|mechanism_12,0.18242552380635635
mechanism_04|mechanism_06|mechanism_11|mechanism_12,0.18019897519805125
mechanism_04|mechanism_07|mechanism_08|mechanism_09,0.19154534856146752
mechanism_04|mechanism_07|mechanism_08|mechanism_10,0.20020717819927933
mechanism_04|mechanism_07|mechanism_08|mechanism_11,0.18694261396804635
mechanism_04|mechanism_07|mechanism_08|mechanism_12,0.18467338639691713
mechanism_04|mechanism_07|mechanism_09|mechanism_10,0.1970238855938462
mechanism_04|mechanism_07|mechanism_09|mechanism_11,0.19154534856146754
mechanism_04|mechanism_07|mechanism_09|mechanism_12,0.18168097534508462
mechanism_04|mechanism_07|mechanism_10|mechanism_11,0.19232082157722297
mechanism_04|mechanism_07|mechanism_10|mechanism_12,0.19000156601531298
mechanism_04|mechanism_07|mechanism_11|mechanism_12,0.1772633035782569
mechanism_04|mechanism_08|mechanism_09|mechanism_10,0.19544662272643767
mechanism_04|mechanism_08|mechanism_09|mechanism_11,0.1884673252138195
mechanism_04|mechanism_08|mechanism_09|mechanism_12,0.17872642365885047
mechanism_04|mechanism_08|mechanism_10|mechanism_11,0.17872642365885047
mechanism_04|mechanism_08|mechanism_10|mechanism_12,0.1765352747791167
mechanism_04|mechanism_08|mechanism_11|mechanism_12,0.17436528561741307
mechanism_04|mechanism_09|mechanism_10|mechanism_11,0.18317244051905116
mechanism_04|mechanism_09|mechanism_10|mechanism_12,0.17364664701900506
mechanism_04|mechanism_09|mechanism_11|mechanism_12,0.17872642365885047
mechanism_04|mechanism_10|mechanism_11|mechanism_12,0.16938389693401873
mechanism_05|mechanism_06|mechanism_07|mechanism_08,0.19623405636577915
mechanism_05|mechanism_06|mechanism_07|mechanism_09,0.180938793152142
mechanism_05|mechanism_06|mechanism_07|mechanism_10,0.20181322226037884
mechanism_05|mechanism_06|mechanism_07|mechanism_11,0.18846732521381943
mechanism_05|mechanism_06|mechanism_07|mechanism_12,0.18618382790150856
mechanism_05|mechanism_06|mechanism_08|mechanism_09,0.17799368578624647
mechanism_05|mechanism_06|mechanism_08|mechanism_10,0.18770377918951323
mechanism_05|mechanism_06|mechanism_08|mechanism_11,0.18542741929298223
mechanism_05|mechanism_06|mechanism_08|mechanism_12,0.18317244051905116
mechanism_05|mechanism_06|mechanism_09|mechanism_10,0.17293034989613867
mechanism_05|mechanism_06|mechanism_09|mechanism_11,0.17799368578624647
mechanism_05|mechanism_06|mechanism_09|mechanism_12,0.16868159439781955
mechanism_05|mechanism_06|mechanism_10|mechanism_11,0.18019897519805125
mechanism_05|mechanism_06|mechanism_10|mechanism_12,0.17799368578624652
mechanism_05|mechanism_06|mechanism_11|mechanism_12,0.175809597088929
mechanism_05|mechanism_07|mechanism_08|mechanism_09,0.1750862681640398
mechanism_05|mechanism_07|mechanism_08|mechanism_10,0.19544662272643767
mechanism_05|mechanism_07|mechanism_08|mechanism_11,0.18242552380635635
mechanism_05|mechanism_07|mechanism_08|mechanism_12,0.18019897519805125
mechanism_05|mechanism_07|mechanism_09|mechanism_10,0.18019897519805125
mechanism_05|mechanism_07|mechanism_09|mechanism_11,0.1750862681640398
mechanism_05|mechanism_07|mechanism_09|mechanism_12,0.16589558609851357
mechanism_05|mechanism_07|mechanism_10|mechanism_11,0.18770377918951323
mechanism_05|mechanism_07|mechanism_10|mechanism_12,0.18542741929298232
mechanism_05|mechanism_07|mechanism_11|mechanism_12,0.17293034989613867
mechanism_05|mechanism_08|mechanism_09|mechanism_10,0.17872642365885047
mechanism_05|mechanism_08|mechanism_09|mechanism_11,0.1722163917338778
mechanism_05|mechanism_08|mechanism_09|mechanism_12,0.1631465621405691
mechanism_05|mechanism_08|mechanism_10|mechanism_11,0.17436528561741307
mechanism_05|mechanism_08|mechanism_10|mechanism_12,0.17221639173387782
mechanism_05|mechanism_08|mechanism_11|mechanism_12,0.17008852523532647
mechanism_05|mechanism_09|mechanism_10|mechanism_11,0.16728395553848313
mechanism_05|mechanism_09|mechanism_10|mechanism_12,0.15842417884495583
mechanism_05|mechanism_09|mechanism_11|mechanism_12,0.1631465621405691
mechanism_05|mechanism_10|mechanism_11|mechanism_12,0.16520487019061464
mechanism_06|mechanism_07|mechanism_08|mechanism_09,0.18242552380635635
mechanism_06|mechanism_07|mechanism_08|mechanism_10,0.19077226383992194
mechanism_06|mechanism_07|mechanism_08|mechanism_11,0.17799368578624652
mechanism_06|mechanism_07|mechanism_08|mechanism_12,0.175809597088929
mechanism_06|mechanism_07|mechanism_09|mechanism_10,0.18770377918951323
mechanism_06|mechanism_07|mechanism_09|mechanism_11,0.18242552380635638
mechanism_06|mechanism_07|mechanism_09|mechanism_12,0.17293034989613867
mechanism_06|mechanism_07|mechanism_10|mechanism_11,0.18317244051905116
mechanism_06|mechanism_07|mechanism_10|mechanism_12,0.18093879315214204
mechanism_06|mechanism_07|mechanism_11|mechanism_12,0.16868159439781955
mechanism_06|mechanism_08|mechanism_09|mechanism_10,0.18618382790150856
mechanism_06|mechanism_08|mechanism_09|mechanism_11,0.17946151940732685
mechanism_06|mechanism_08|mechanism_09|mechanism_12,0.17008852523532647
mechanism_06|mechanism_08|mechanism_10|mechanism_11,0.17008852523532647
mechanism_06|mechanism_08|mechanism_10|mechanism_12,0.16798161486607555
mechanism_06|mechanism_08|mechanism_11|mechanism_12,0.16589558609851357
mechanism_06|mechanism_09|mechanism_10|mechanism_11,0.17436528561741307
mechanism_06|mechanism_09|mechanism_10|mechanism_12,0.16520487019061464
mechanism_06|mechanism_09|mechanism_11|mechanism_12,0.1700885252353265
mechanism_06|mechanism_10|mechanism_11|mechanism_12,0.16110894957658525
mechanism_07|mechanism_08|mechanism_09|mechanism_10,0.19387893782385993
mechanism_07|mechanism_08|mechanism_09|mechanism_11,0.17653527477911674
mechanism_07|mechanism_08|mechanism_09|mechanism_12,0.16728395553848313
mechanism_07|mechanism_08|mechanism_10|mechanism_11,0.1772633035782569
mechanism_07|mechanism_08|mechanism_10|mechanism_12,0.17508626816403985
mechanism_07|mechanism_08|mechanism_11|mechanism_12,0.16314656214056913
mechanism_07|mechanism_09|mechanism_10|mechanism_11,0.18168097534508462
mechanism_07|mechanism_09|mechanism_10|mechanism_12,0.17221639173387782
mechanism_07|mechanism_09|mechanism_11|mechanism_12,0.1672839555384832
mechanism_07|mechanism_10|mechanism_11|mechanism_12,0.16798161486607555
mechanism_08|mechanism_09|mechanism_10|mechanism_11,0.18019897519805125
mechanism_08|mechanism_09|mechanism_10|mechanism_12,0.17079548202237452
mechanism_08|mechanism_09|mechanism_11|mechanism_12,0.16451646289656321
mechanism_08|mechanism_10|mechanism_11|mechanism_12,0.1557758401237474
mechanism_09|mechanism_10|mechanism_11|mechanism_12,0.15976199694366908
mechanism_01|mechanism_02|mechanism_03|mechanism_04|mechanism_05,0.3917409692534856
mechanism_01|mechanism_02|mechanism_03|mechanism_04|mechanism_06,0.389360766050778
mechanism_01|mechanism_02|mechanism_03|mechanism_04|mechanism_07,0.35434369377420455
mechanism_01|mechanism_02|mechanism_03|mechanism_04|mechanism_08,0.323004143761477
mechanism_01|mechanism_02|mechanism_03|mechanism_04|mechanism_09,0.3452465393936808
mechanism_01|mechanism_02|mechanism_03|mechanism_04|mechanism_10,0.3418636849519819
mechanism_01|mechanism_02|mechanism_03|mechanism_04|mechanism_11,0.33849684079704756
mechanism_01|mechanism_02|mechanism_03|mechanism_04|mechanism_12,0.3351462695940264
mechanism_01|mechanism_02|mechanism_03|mechanism_05|mechanism_06,0.382252125230751
mechanism_01|mechanism_02|mechanism_03|mechanism_05|mechanism_07,0.34751053780725555
mechanism_01|mechanism_02|mechanism_03|mechanism_05|mechanism_08,0.31647910626368436
mechanism_01|mechanism_02|mechanism_03|mechanism_05|mechanism_09,0.320821300824607
mechanism_01|mechanism_02|mechanism_03|mechanism_05|mechanism_10,0.3351462695940264
mechanism_01|mechanism_02|mechanism_03|mechanism_05|mechanism_11,0.3318122278318339
mechanism_01|mechanism_02|mechanism_03|mechanism_05|mechanism_12,0.3284949657745942
mechanism_01|mechanism_02|mechanism_03|mechanism_06|mechanism_07,0.3705168880326052
mechanism_01|mechanism_02|mechanism_03|mechanism_06|mechanism_08,0.33849684079704756
mechanism_01|mechanism_02|mechanism_03|mechanism_06|mechanism_09,0.36123682485115804
mechanism_01|mechanism_02|mechanism_03|mechanism_06|mechanism_10,0.3577829070425624
mechanism_01|mechanism_02|mechanism_03|mechanism_06|mechanism_11,0.3543436937742046
mechanism_01|mechanism_02|mechanism_03|mechanism_06|mechanism_12,0.3509194757554267
mechanism_01|mechanism_02|mechanism_03|mechanism_07|mechanism_08,0.30576365989196946
mechanism_01|mechanism_02|mechanism_03|mechanism_07|mechanism_09,0.32739298293223956
mechanism_01|mechanism_02|mechanism_03|mechanism_07|mechanism_10,0.33961732692078395
mechanism_01|mechanism_02|mechanism_03|mechanism_07|mechanism_11,0.3208213008246071
mechanism_01|mechanism_02|mechanism_03|mechanism_07|mechanism_12,0.3175616978069352
mechanism_01|mechanism_02|mechanism_03|mechanism_08|mechanism_09,0.29733934565526854
mechanism_01|mechanism_02|mechanism_03|mechanism_08|mechanism_10,0.2942149721629888
mechanism_01|mechanism_02|mechanism_03|mechanism_08|mechanism_11,0.29110982743388014
mechanism_01|mechanism_02|mechanism_03|mechanism_08|mechanism_12,0.2880240805872065
mechanism_01|mechanism_02|mechanism_03|mechanism_09|mechanism_10,0.31539849967656924
mechanism_01|mechanism_02|mechanism_03|mechanism_09|mechanism_11,0.323004143761477
mechanism_01|mechanism_02|mechanism_03|mechanism_09|mechanism_12,0.30895698758427714
mechanism_01|mechanism_02|mechanism_03|mechanism_10|mechanism_11,0.30895698758427714
mechanism_01|mechanism_02|mechanism_03|mechanism_10|mechanism_12,0.3057636598919695
mechanism_01|mechanism_02|mechanism_03|mechanism_11|mechanism_12,0.30258888560411773
mechanism_01|mechanism_02|mechanism_04|mechanism_05|mechanism_06,0.3057636598919695
mechanism_01|mechanism_02|mechanism_04|mechanism_05|mechanism_07,0.295254302001909
mechanism_01|mechanism_02|mechanism_04|mechanism_05|mechanism_08,0.2911098274338801
mechanism_01|mechanism_02|mechanism_04|mechanism_05|mechanism_09,0.27091207765069353
mechanism_01|mechanism_02|mechanism_04|mechanism_05|mechanism_10,0.2839402061842902
mechanism_01|mechanism_02|mechanism_04|mechanism_05|mechanism_11,0.2809003425836161
mechanism_01|mechanism_02|mechanism_04|mechanism_05|mechanism_12,0.27788039415064275
mechanism_01|mechanism_02|mechanism_04|mechanism_06|mechanism_07,0.29317777890643243
mechanism_01|mechanism_02|mechanism_04|mechanism_06|mechanism_08,0.28905049737499605
mechanism_01|mechanism_02|mechanism_04|mechanism_06|mechanism_09,0.28495789429901025
mechanism_01|mechanism_02|mechanism_04|mechanism_06|mechanism_10,0.28191142481665016
mechanism_01|mechanism_02|mechanism_04|mechanism_06|mechanism_11,0.27888482197713693
mechanism_01|mechanism_02|mechanism_04|mechanism_06|mechanism_12,0.27587822922918137
mechanism_01|mechanism_02|mechanism_04|mechanism_07|mechanism_08,0.25922510081784605
mechanism_01|mechanism_02|mechanism_04|mechanism_07|mechanism_09,0.25540308417252405
mechanism_01|mechanism_02|mechanism_04|mechanism_07|mechanism_10,0.2660024834784303
mechanism_01|mechanism_02|mechanism_04|mechanism_07|mechanism_11,0.24973989440488245
mechanism_01|mechanism_02|mechanism_04|mechanism_07|mechanism_12,0.2469399095786623
mechanism_01|mechanism_02|mechanism_04|mechanism_08|mechanism_09,0.2516182783929358
mechanism_01|mechanism_02|mechanism_04|mechanism_08|mechanism_10,0.24880421776913866
mechanism_01|mechanism_02|mechanism_04|mechanism_08|mechanism_11,0.24601128355105195
mechanism_01|mechanism_02|mechanism_04|mechanism_08|mechanism_12,0.24323954938018943
mechanism_01|mechanism_02|mechanism_04|mechanism_09|mechanism_10,0.24508501313237172
mechanism_01|mechanism_02|mechanism_04|mechanism_09|mechanism_11,0.2516182783929358
mechanism_01|mechanism_02|mechanism_04|mechanism_09|mechanism_12,0.23957699801126897
mechanism_01|mechanism_02|mechanism_04|mechanism_10|mechanism_11,0.23957699801126897
mechanism_01|mechanism_02|mechanism_04|mechanism_10|mechanism_12,0.23685498427314458
mechanism_01|mechanism_02|mechanism_04|mechanism_11|mechanism_12,0.23415437418020293
mechanism_01|mechanism_02|mechanism_05|mechanism_06|mechanism_07,0.2869998372477183
mechanism_01|mechanism_02|mechanism_05|mechanism_06|mechanism_08,0.2829247145070275
mechanism_01|mechanism_02|mechanism_05|mechanism_06|mechanism_09,0.2630841041665798
mechanism_01|mechanism_02|mechanism_05|mechanism_06|mechanism_10,0.27587822922918137
mechanism_01|mechanism_02|mechanism_05|mechanism_06|mechanism_11,0.2728917836588705
mechanism_01|mechanism_02|mechanism_05|mechanism_06|mechanism_12,0.2699256160188812
mechanism_01|mechanism_02|mechanism_05|mechanism_07|mechanism_08,0.25350601666233785
mechanism_01|mechanism_02|mechanism_05|mechanism_07|mechanism_09,0.2350521962362353
mechanism_01|mechanism_02|mechanism_05|mechanism_07|mechanism_10,0.2601863933303121
mechanism_01|mechanism_02|mechanism_05|mechanism_07|mechanism_11,0.24416110090520296
mechanism_01|mechanism_02|mechanism_05|mechanism_07|mechanism_12,0.241403538121065
mechanism_01|mechanism_02|mechanism_05|mechanism_08|mechanism_09,0.23147521650098238
mechanism_01|mechanism_02|mechanism_05|mechanism_08|mechanism_10,0.24323954938018943
mechanism_01|mechanism_02|mechanism_05|mechanism_08|mechanism_11,0.24048908305088898
mechanism_01|mechanism_02|mechanism_05|mechanism_08|mechanism_12,0.23775994657289076
mechanism_01|mechanism_02|mechanism_05|mechanism_09|mechanism_10,0.22530750708507177
mechanism_01|mechanism_02|mechanism_05|mechanism_09|mechanism_11,0.23147521650098238
mechanism_01|mechanism_02|mechanism_05|mechanism_09|mechanism_12,0.2201143709992742
mechanism_01|mechanism_02|mechanism_05|mechanism_10|mechanism_11,0.23415437418020293
mechanism_01|mechanism_02|mechanism_05|mechanism_10|mechanism_12,0.23147521650098238
mechanism_01|mechanism_02|mechanism_05|mechanism_11|mechanism_12,0.2288175544441832
mechanism_01|mechanism_02|mechanism_06|mechanism_07|mechanism_08,0.2728917836588705
mechanism_01|mechanism_02|mechanism_06|mechanism_07|mechanism_09,0.2689414213699951
mechanism_01|mechanism_02|mechanism_06|mechanism_07|mechanism_10,0.2798914731995085
mechanism_01|mechanism_02|mechanism_06|mechanism_07|mechanism_11,0.2630841041665798
mechanism_01|mechanism_02|mechanism_06|mechanism_07|mechanism_12,0.2601863933303121
mechanism_01|mechanism_02|mechanism_06|mechanism_08|mechanism_09,0.2650274005334812
mechanism_01|mechanism_02|mechanism_06|mechanism_08|mechanism_10,0.26211589880836517
mechanism_01|mechanism_02|mechanism_06|mechanism_08|mechanism_11,0.259225100817846
mechanism_01|mechanism_02|mechanism_06|mechanism_08|mechanism_12,0.25635510824373786
mechanism_01|mechanism_02|mechanism_06|mechanism_09|mechanism_10,0.25826612006856875
mechanism_01|mechanism_02|mechanism_06|mechanism_09|mechanism_11,0.2650274005334812
mechanism_01|mechanism_02|mechanism_06|mechanism_09|mechanism_12,0.2525609797798001
mechanism_01|mechanism_02|mechanism_06|mechanism_10|mechanism_11,0.2525609797798001
mechanism_01|mechanism_02|mechanism_06|mechanism_10|mechanism_12,0.24973989440488234
mechanism_01|mechanism_02|mechanism_06|mechanism_11|mechanism_12,0.2469399095786623
mechanism_01|mechanism_02|mechanism_07|mechanism_08|mechanism_09,0.23685498427314458
mechanism_01|mechanism_02|mechanism_07|mechanism_08|mechanism_10,0.2469399095786623
mechanism_01|mechanism_02|mechanism_07|mechanism_08|mechanism_11,0.23147521650098238
mechanism_01|mechanism_02|mechanism_07|mechanism_08|mechanism_12,0.2288175544441832
mechanism_01|mechanism_02|mechanism_07|mechanism_09|mechanism_10,0.2432395493801895
mechanism_01|mechanism_02|mechanism_07|mechanism_09|mechanism_11,0.23685498427314458
mechanism_01|mechanism_02|mechanism_07|mechanism_09|mechanism_12,0.22530750708507177
mechanism_01|mechanism_02|mechanism_07|mechanism_10|mechanism_11,0.23775994657289076
mechanism_01|mechanism_02|mechanism_07|mechanism_10|mechanism_12,0.23505219623623524
mechanism_01|mechanism_02|mechanism_07|mechanism_11|mechanism_12,0.2201143709992742
mechanism_01|mechanism_02|mechanism_08|mechanism_09|mechanism_10,0.24140353812106505
mechanism_01|mechanism_02|mechanism_08|mechanism_09|mechanism_11,0.23325893577145726
mechanism_01|mechanism_02|mechanism_08|mechanism_09|mechanism_12,0.22183581507529954
mechanism_01|mechanism_02|mechanism_08|mechanism_10|mechanism_11,0.22183581507529954
mechanism_01|mechanism_02|mechanism_08|mechanism_10|mechanism_12,0.2192572520878717
mechanism_01|mechanism_02|mechanism_08|mechanism_11|mechanism_12,0.2167003150109591
mechanism_01|mechanism_02|mechanism_09|mechanism_10|mechanism_11,0.22705774060326145
mechanism_01|mechanism_02|mechanism_09|mechanism_10|mechanism_12,0.21585281082251456
mechanism_01|mechanism_02|mechanism_09|mechanism_11|mechanism_12,0.22183581507529954
mechanism_01|mechanism_02|mechanism_10|mechanism_11|mechanism_12,0.21081829347774714
mechanism_01|mechanism_03|mechanism_04|mechanism_05|mechanism_06,0.33626130259564735
mechanism_01|mechanism_03|mechanism_04|mechanism_05|mechanism_07,0.3251947274176865
mechanism_01|mechanism_03|mechanism_04|mechanism_05|mechanism_08,0.295254302001909
mechanism_01|mechanism_03|mechanism_04|mechanism_05|mechanism_09,0.29943285752602705
mechanism_01|mechanism_03|mechanism_04|mechanism_05|mechanism_10,0.31324327335609825
mechanism_01|mechanism_03|mechanism_04|mechanism_05|mechanism_11,0.31002551887238755
mechanism_01|mechanism_03|mechanism_04|mechanism_05|mechanism_12,0.3068260506740499
mechanism_01|mechanism_03|mechanism_04|mechanism_06|mechanism_07,0.323004143761477
mechanism_01|mechanism_03|mechanism_04|mechanism_06|mechanism_08,0.29317777890643243
mechanism_01|mechanism_03|mechanism_04|mechanism_06|mechanism_09,0.31431988606174616
mechanism_01|mechanism_03|mechanism_04|mechanism_06|mechanism_10,0.3110960820230454
mechanism_01|mechanism_03|mechanism_04|mechanism_06|mechanism_11,0.30789049569821186
mechanism_01|mechanism_03|mechanism_04|mechanism_06|mechanism_12,0.3047033306524346
mechanism_01|mechanism_03|mechanism_04|mechanism_07|mechanism_08,0.2630841041665798
mechanism_01|mechanism_03|mechanism_04|mechanism_07|mechanism_09,0.2829247145070275
mechanism_01|mechanism_03|mechanism_04|mechanism_07|mechanism_10,0.29421497216298875
mechanism_01|mechanism_03|mechanism_04|mechanism_07|mechanism_11,0.27687819487561016
mechanism_01|mechanism_03|mechanism_04|mechanism_07|mechanism_12,0.2738850187392209
mechanism_01|mechanism_03|mechanism_04|mechanism_08|mechanism_09,0.25540308417252405
mechanism_01|mechanism_03|mechanism_04|mechanism_08|mechanism_10,0.2525609797798001
mechanism_01|mechanism_03|mechanism_04|mechanism_08|mechanism_11,0.24973989440488234
mechanism_01|mechanism_03|mechanism_04|mechanism_08|mechanism_12,0.2469399095786624
mechanism_01|mechanism_03|mechanism_04|mechanism_09|mechanism_10,0.27190080173375075
mechanism_01|mechanism_03|mechanism_04|mechanism_09|mechanism_11,0.27888482197713693
mechanism_01|mechanism_03|mechanism_04|mechanism_09|mechanism_12,0.26600248347843036
mechanism_01|mechanism_03|mechanism_04|mechanism_10|mechanism_11,0.26600248347843036
mechanism_01|mechanism_03|mechanism_04|mechanism_10|mechanism_12,0.2630841041665798
mechanism_01|mechanism_03|mechanism_04|mechanism_11|mechanism_12,0.2601863933303121
mechanism_01|mechanism_03|mechanism_05|mechanism_06|mechanism_07,0.3164791062636844
mechanism_01|mechanism_03|mechanism_05|mechanism_06|mechanism_08,0.2869998372477183
mechanism_01|mechanism_03|mechanism_05|mechanism_06|mechanism_09,0.2911098274338801
mechanism_01|mechanism_03|mechanism_05|mechanism_06|mechanism_10,0.3047033306524346
mechanism_01|mechanism_03|mechanism_05|mechanism_06|mechanism_11,0.30153478399746125
mechanism_01|mechanism_03|mechanism_05|mechanism_06|mechanism_12,0.29838504638459934
mechanism_01|mechanism_03|mechanism_05|mechanism_07|mechanism_08,0.2573094546973142
mechanism_01|mechanism_03|mechanism_05|mechanism_07|mechanism_09,0.261149993915751
mechanism_01|mechanism_03|mechanism_05|mechanism_07|mechanism_10,0.28802408058720647
mechanism_01|mechanism_03|mechanism_05|mechanism_07|mechanism_11,0.27091207765069353
mechanism_01|mechanism_03|mechanism_05|mechanism_07|mechanism_12,0.2679594981583682
mechanism_01|mechanism_03|mechanism_05|mechanism_08|mechanism_09,0.2350521962362353
mechanism_01|mechanism_03|mechanism_05|mechanism_08|mechanism_10,0.2469399095786624
mechanism_01|mechanism_03|mechanism_05|mechanism_08|mechanism_11,0.24416110090520296
mechanism_01|mechanism_03|mechanism_05|mechanism_08|mechanism_12,0.241403538121065
mechanism_01|mechanism_03|mechanism_05|mechanism_09|mechanism_10,0.2506779155948202
mechanism_01|mechanism_03|mechanism_05|mechanism_09|mechanism_11,0.25730945469731425
mechanism_01|mechanism_03|mechanism_05|mechanism_09|mechanism_12,0.24508501313237172
mechanism_01|mechanism_03|mechanism_05|mechanism_10|mechanism_11,0.2601863933303121
mechanism_01|mechanism_03|mechanism_05|mechanism_10|mechanism_12,0.2573094546973142
mechanism_01|mechanism_03|mechanism_05|mechanism_11|mechanism_12,0.25445338587359734
mechanism_01|mechanism_03|mechanism_06|mechanism_07|mechanism_08,0.27687819487561016
mechanism_01|mechanism_03|mechanism_06|mechanism_07|mechanism_09,0.29733934565526854
mechanism_01|mechanism_03|mechanism_06|mechanism_07|mechanism_10,0.30895698758427714
mechanism_01|mechanism_03|mechanism_06|mechanism_07|mechanism_11,0.2911098274338801
mechanism_01|mechanism_03|mechanism_06|mechanism_07|mechanism_12,0.2880240805872065
mechanism_01|mechanism_03|mechanism_06|mechanism_08|mechanism_09,0.26894142136999516
mechanism_01|mechanism_03|mechanism_06|mechanism_08|mechanism_10,0.26600248347843036
mechanism_01|mechanism_03|mechanism_06|mechanism_08|mechanism_11,0.2630841041665798
mechanism_01|mechanism_03|mechanism_06|mechanism_08|mechanism_12,0.2601863933303121
mechanism_01|mechanism_03|mechanism_06|mechanism_09|mechanism_10,0.28597777322269835
mechanism_01|mechanism_03|mechanism_06|mechanism_09|mechanism_11,0.2931777789064324
mechanism_01|mechanism_03|mechanism_06|mechanism_09|mechanism_12,0.2798914731995085
mechanism_01|mechanism_03|mechanism_06|mechanism_10|mechanism_11,0.2798914731995085
mechanism_01|mechanism_03|mechanism_06|mechanism_10|mechanism_12,0.2768781948756102
mechanism_01|mechanism_03|mechanism_06|mechanism_11|mechanism_12,0.2738850187392209
mechanism_01|mechanism_03|mechanism_07|mechanism_08|mechanism_09,0.24048908305088898
mechanism_01|mechanism_03|mechanism_07|mechanism_08|mechanism_10,0.2506779155948202
mechanism_01|mechanism_03|mechanism_07|mechanism_08|mechanism_11,0.23505219623623524
mechanism_01|mechanism_03|mechanism_07|mechanism_08|mechanism_12,0.2323658826783749
mechanism_01|mechanism_03|mechanism_07|mechanism_09|mechanism_10,0.2699256160188812
mechanism_01|mechanism_03|mechanism_07|mechanism_09|mechanism_11,0.2630841041665798
mechanism_01|mechanism_03|mechanism_07|mechanism_09|mechanism_12,0.2506779155948202
mechanism_01|mechanism_03|mechanism_07|mechanism_10|mechanism_11,0.2640546060728515
mechanism_01|mechanism_03|mechanism_07|mechanism_10|mechanism_12,0.26114999391575106
mechanism_01|mechanism_03|mechanism_07|mechanism_11|mechanism_12,0.24508501313237172
mechanism_01|mechanism_03|mechanism_08|mechanism_09|mechanism_10,0.24508501313237172
mechanism_01|mechanism_03|mechanism_08|mechanism_09|mechanism_11,0.23685498427314453
mechanism_01|mechanism_03|mechanism_08|mechanism_09|mechanism_12,0.22530750708507177
mechanism_01|mechanism_03|mechanism_08|mechanism_10|mechanism_11,0.22530750708507177
mechanism_01|mechanism_03|mechanism_08|mechanism_10|mechanism_12,0.22270013882530884
mechanism_01|mechanism_03|mechanism_08|mechanism_11|mechanism_12,0.22011437099927414
mechanism_01|mechanism_03|mechanism_09|mechanism_10|mechanism_11,0.25256097977980013
mechanism_01|mechanism_03|mechanism_09|mechanism_10|mechanism_12,0.24048908305088898
mechanism_01|mechanism_03|mechanism_09|mechanism_11|mechanism_12,0.2469399095786623
mechanism_01|mechanism_03|mechanism_10|mechanism_11|mechanism_12,0.2350521962362353
mechanism_01|mechanism_04|mechanism_05|mechanism_06|mechanism_07,0.30789049569821186
mechanism_01|mechanism_04|mechanism_05|mechanism_06|mechanism_08,0.3036450701761659
mechanism_01|mechanism_04|mechanism_05|mechanism_06|mechanism_09,0.2829247145070275
mechanism_01|mechanism_04|mechanism_05|mechanism_06|mechanism_10,0.2962957620002294
mechanism_01|mechanism_04|mechanism_05|mechanism_06|mechanism_11,0.29317777890643243
mechanism_01|mechanism_04|mechanism_05|mechanism_06|mechanism_12,0.2900790816655468
mechanism_01|mechanism_04|mechanism_05|mechanism_07|mechanism_08,0.29317777890643243
mechanism_01|mechanism_04|mechanism_05|mechanism_07|mechanism_09,0.2728917836588705
mechanism_01|mechanism_04|mechanism_05|mechanism_07|mechanism_10,0.30048277233757253
mechanism_01|mechanism_04|mechanism_05|mechanism_07|mechanism_11,0.28292471450702744
mechanism_01|mechanism_04|mechanism_05|mechanism_07|mechanism_12,0.2798914731995085
mechanism_01|mechanism_04|mechanism_05|mechanism_08|mechanism_09,0.26894142136999516
mechanism_01|mechanism_04|mechanism_05|mechanism_08|mechanism_10,0.2819114248166502
mechanism_01|mechanism_04|mechanism_05|mechanism_08|mechanism_11,0.2788848219771369
mechanism_01|mechanism_04|mechanism_05|mechanism_08|mechanism_12,0.27587822922918137
mechanism_01|mechanism_04|mechanism_05|mechanism_09|mechanism_10,0.26211589880836517
mechanism_01|mechanism_04|mechanism_05|mechanism_09|mechanism_11,0.2689414213699951
mechanism_01|mechanism_04|mechanism_05|mechanism_09|mechanism_12,0.2563551082437379
mechanism_01|mechanism_04|mechanism_05|mechanism_10|mechanism_11,0.27190080173375075
mechanism_01|mechanism_04|mechanism_05|mechanism_10|mechanism_12,0.2689414213699951
mechanism_01|mechanism_04|mechanism_05|mechanism_11|mechanism_12,0.26600248347843036
mechanism_01|mechanism_04|mechanism_06|mechanism_07|mechanism_08,0.2911098274338801
mechanism_01|mechanism_04|mechanism_06|mechanism_07|mechanism_09,0.2869998372477183
mechanism_01|mechanism_04|mechanism_06|mechanism_07|mechanism_10,0.29838504638459934
mechanism_01|mechanism_04|mechanism_06|mechanism_07|mechanism_11,0.2809003425836161
mechanism_01|mechanism_04|mechanism_06|mechanism_07|mechanism_12,0.27788039415064275
mechanism_01|mechanism_04|mechanism_06|mechanism_08|mechanism_09,0.28292471450702744
mechanism_01|mechanism_04|mechanism_06|mechanism_08|mechanism_10,0.2798914731995085
mechanism_01|mechanism_04|mechanism_06|mechanism_08|mechanism_11,0.2768781948756102
mechanism_01|mechanism_04|mechanism_06|mechanism_08|mechanism_12,0.2738850187392209
mechanism_01|mechanism_04|mechanism_06|mechanism_09|mechanism_10,0.2758782292291814
mechanism_01|mechanism_04|mechanism_06|mechanism_09|mechanism_11,0.2829247145070275
mechanism_01|mechanism_04|mechanism_06|mechanism_09|mechanism_12,0.2699256160188812
mechanism_01|mechanism_04|mechanism_06|mechanism_10|mechanism_11,0.2699256160188812
mechanism_01|mechanism_04|mechanism_06|mechanism_10|mechanism_12,0.2669798507611425
mechanism_01|mechanism_04|mechanism_06|mechanism_11|mechanism_12,0.2640546060728515
mechanism_01|mechanism_04|mechanism_07|mechanism_08|mechanism_09,0.2535060166623378
mechanism_01|mechanism_04|mechanism_07|mechanism_08|mechanism_10,0.2640546060728515
mechanism_01|mechanism_04|mechanism_07|mechanism_08|mechanism_11,0.24787088856042985
mechanism_01|mechanism_04|mechanism_07|mechanism_08|mechanism_12,0.24508501313237172
mechanism_01|mechanism_04|mechanism_07|mechanism_09|mechanism_10,0.2601863933303121
mechanism_01|mechanism_04|mechanism_07|mechanism_09|mechanism_11,0.25350601666233785
mechanism_01|mechanism_04|mechanism_07|mechanism_09|mechanism_12,0.241403538121065
mechanism_01|mechanism_04|mechanism_07|mechanism_10|mechanism_11,0.25445338587359734
mechanism_01|mechanism_04|mechanism_07|mechanism_10|mechanism_12,0.2516182783929358
mechanism_01|mechanism_04|mechanism_07|mechanism_11|mechanism_12,0.235952400202534
mechanism_01|mechanism_04|mechanism_08|mechanism_09|mechanism_10,0.2582661200685688
mechanism_01|mechanism_04|mechanism_08|mechanism_09|mechanism_11,0.24973989440488245
mechanism_01|mechanism_04|mechanism_08|mechanism_09|mechanism_12,0.23775994657289076
mechanism_01|mechanism_04|mechanism_08|mechanism_10|mechanism_11,0.23775994657289076
mechanism_01|mechanism_04|mechanism_08|mechanism_10|mechanism_12,0.2350521962362353
mechanism_01|mechanism_04|mechanism_08|mechanism_11|mechanism_12,0.2323658826783749
mechanism_01|mechanism_04|mechanism_09|mechanism_10|mechanism_11,0.24323954938018943
mechanism_01|mechanism_04|mechanism_09|mechanism_10|mechanism_12,0.23147521650098238
mechanism_01|mechanism_04|mechanism_09|mechanism_11|mechanism_12,0.23775994657289082
mechanism_01|mechanism_04|mechanism_10|mechanism_11|mechanism_12,0.2261814257305462
mechanism_01|mechanism_05|mechanism_06|mechanism_07|mechanism_08,0.2849578942990103
mechanism_01|mechanism_05|mechanism_06|mechanism_07|mechanism_09,0.2650274005334812
mechanism_01|mechanism_05|mechanism_06|mechanism_07|mechanism_10,0.29214272857551865
mechanism_01|mechanism_05|mechanism_06|mechanism_07|mechanism_11,0.27488050221017696
mechanism_01|mechanism_05|mechanism_06|mechanism_07|mechanism_12,0.2719008017337508
mechanism_01|mechanism_05|mechanism_06|mechanism_08|mechanism_09,0.26114999391575106
mechanism_01|mechanism_05|mechanism_06|mechanism_08|mechanism_10,0.2738850187392209
mechanism_01|mechanism_05|mechanism_06|mechanism_08|mechanism_11,0.27091207765069353
mechanism_01|mechanism_05|mechanism_06|mechanism_08|mechanism_12,0.2679594981583682
mechanism_01|mechanism_05|mechanism_06|mechanism_09|mechanism_10,0.25445338587359734
mechanism_01|mechanism_05|mechanism_06|mechanism_09|mechanism_11,0.26114999391575106
mechanism_01|mechanism_05|mechanism_06|mechanism_09|mechanism_12,0.24880421776913866
mechanism_01|mechanism_05|mechanism_06|mechanism_10|mechanism_11,0.2640546060728515
mechanism_01|mechanism_05|mechanism_06|mechanism_10|mechanism_12,0.261149993915751
mechanism_01|mechanism_05|mechanism_06|mechanism_11|mechanism_12,0.2582661200685687
mechanism_01|mechanism_05|mechanism_07|mechanism_08|mechanism_09,0.23325893577145726
mechanism_01|mechanism_05|mechanism_07|mechanism_08|mechanism_10,0.25826612006856875
mechanism_01|mechanism_05|mechanism_07|mechanism_08|mechanism_11,0.24232036099629517
mechanism_01|mechanism_05|mechanism_07|mechanism_08|mechanism_12,0.23957699801126897
mechanism_01|mechanism_05|mechanism_07|mechanism_09|mechanism_10,0.23957699801126897
mechanism_01|mechanism_05|mechanism_07|mechanism_09|mechanism_11,0.23325893577145726
mechanism_01|mechanism_05|mechanism_07|mechanism_09|mechanism_12,0.22183581507529954
mechanism_01|mechanism_05|mechanism_07|mechanism_10|mechanism_11,0.24880421776913866
mechanism_01|mechanism_05|mechanism_07|mechanism_10|mechanism_12,0.24601128355105195
mechanism_01|mechanism_05|mechanism_07|mechanism_11|mechanism_12,0.2305869387712515
mechanism_01|mechanism_05|mechanism_08|mechanism_09|mechanism_10,0.23775994657289076
mechanism_01|mechanism_05|mechanism_08|mechanism_09|mechanism_11,0.22970105095339813
mechanism_01|mechanism_05|mechanism_08|mechanism_09|mechanism_12,0.21840253609763446
mechanism_01|mechanism_05|mechanism_08|mechanism_10|mechanism_11,0.2323658826783749
mechanism_01|mechanism_05|mechanism_08|mechanism_10|mechanism_12,0.22970105095339813
mechanism_01|mechanism_05|mechanism_08|mechanism_11|mechanism_12,0.2270577406032615
mechanism_01|mechanism_05|mechanism_09|mechanism_10|mechanism_11,0.2235668626666018
mechanism_01|mechanism_05|mechanism_09|mechanism_10|mechanism_12,0.21248684412253915
mechanism_01|mechanism_05|mechanism_09|mechanism_11|mechanism_12,0.21840253609763446
mechanism_01|mechanism_05|mechanism_10|mechanism_11|mechanism_12,0.22097389222018785
mechanism_01|mechanism_06|mechanism_07|mechanism_08|mechanism_09,0.2669798507611425
mechanism_01|mechanism_06|mechanism_07|mechanism_08|mechanism_10,0.27788039415064275
mechanism_01|mechanism_06|mechanism_07|mechanism_08|mechanism_11,0.261149993915751
mechanism_01|mechanism_06|mechanism_07|mechanism_08|mechanism_12,0.2582661200685687
mechanism_01|mechanism_06|mechanism_07|mechanism_09|mechanism_10,0.2738850187392209
mechanism_01|mechanism_06|mechanism_07|mechanism_09|mechanism_11,0.26697985076114245
mechanism_01|mechanism_06|mechanism_07|mechanism_09|mechanism_12,0.2544533858735973
mechanism_01|mechanism_06|mechanism_07|mechanism_10|mechanism_11,0.2679594981583682
mechanism_01|mechanism_06|mechanism_07|mechanism_10|mechanism_12,0.2650274005334812
mechanism_01|mechanism_06|mechanism_07|mechanism_11|mechanism_12,0.24880421776913866
mechanism_01|mechanism_06|mechanism_08|mechanism_09|mechanism_10,0.27190080173375075
mechanism_01|mechanism_06|mechanism_08|mechanism_09|mechanism_11,0.2630841041665798
mechanism_01|mechanism_06|mechanism_08|mechanism_09|mechanism_12,0.2506779155948203
mechanism_01|mechanism_06|mechanism_08|mechanism_10|mechanism_11,0.2506779155948203
mechanism_01|mechanism_06|mechanism_08|mechanism_10|mechanism_12,0.24787088856042985
mechanism_01|mechanism_06|mechanism_08|mechanism_11|mechanism_12,0.24508501313237172
mechanism_01|mechanism_06|mechanism_09|mechanism_10|mechanism_11,0.25635510824373786
mechanism_01|mechanism_06|mechanism_09|mechanism_10|mechanism_12,0.24416110090520296
mechanism_01|mechanism_06|mechanism_09|mechanism_11|mechanism_12,0.2506779155948202
mechanism_01|mechanism_06|mechanism_10|mechanism_11|mechanism_12,0.23866728515708957
mechanism_01|mechanism_07|mechanism_08|mechanism_09|mechanism_10,0.2563551082437379
mechanism_01|mechanism_07|mechanism_08|mechanism_09|mechanism_11,0.2350521962362353
mechanism_01|mechanism_07|mechanism_08|mechanism_09|mechanism_12,0.2235668626666018
mechanism_01|mechanism_07|mechanism_08|mechanism_10|mechanism_11,0.235952400202534
mechanism_01|mechanism_07|mechanism_08|mechanism_10|mechanism_12,0.23325893577145726
mechanism_01|mechanism_07|mechanism_08|mechanism_11|mechanism_12,0.21840253609763446
mechanism_01|mechanism_07|mechanism_09|mechanism_10|mechanism_11,0.24140353812106505
mechanism_01|mechanism_07|mechanism_09|mechanism_10|mechanism_12,0.22970105095339818
mechanism_01|mechanism_07|mechanism_09|mechanism_11|mechanism_12,0.2235668626666018
mechanism_01|mechanism_07|mechanism_10|mechanism_11|mechanism_12,0.22443598573092652
mechanism_01|mechanism_08|mechanism_09|mechanism_10|mechanism_11,0.23957699801126897
mechanism_01|mechanism_08|mechanism_09|mechanism_10|mechanism_12,0.22793645057321632
mechanism_01|mechanism_08|mechanism_09|mechanism_11|mechanism_12,0.2201143709992742
mechanism_01|mechanism_08|mechanism_10|mechanism_11|mechanism_12,0.2091593652130633
mechanism_01|mechanism_09|mechanism_10|mechanism_11|mechanism_12,0.21416501695744142
mechanism_02|mechanism_03|mechanism_04|mechanism_05|mechanism_06,0.32739298293223956
mechanism_02|mechanism_03|mechanism_04|mechanism_05|mechanism_07,0.34524653939368083
mechanism_02|mechanism_03|mechanism_04|mechanism_05|mechanism_08,0.31431988606174616
mechanism_02|mechanism_03|mechanism_04|mechanism_05|mechanism_09,0.31864626621097447
mechanism_02|mechanism_03|mechanism_04|mechanism_05|mechanism_10,0.3329217229043748
mechanism_02|mechanism_03|mechanism_04|mechanism_05|mechanism_11,0.3295988401911314
mechanism_02|mechanism_03|mechanism_04|mechanism_05|mechanism_12,0.3262929005454786
mechanism_02|mechanism_03|mechanism_04|mechanism_06|mechanism_07,0.31431988606174616
mechanism_02|mechanism_03|mechanism_04|mechanism_06|mechanism_08,0.28495789429901025
mechanism_02|mechanism_03|mechanism_04|mechanism_06|mechanism_09,0.3057636598919695
mechanism_02|mechanism_03|mechanism_04|mechanism_06|mechanism_10,0.3025888856041178
mechanism_02|mechanism_03|mechanism_04|mechanism_06|mechanism_11,0.2994328575260271
mechanism_02|mechanism_03|mechanism_04|mechanism_06|mechanism_12,0.2962957620002294
mechanism_02|mechanism_03|mechanism_04|mechanism_07|mechanism_08,0.2809003425836161
mechanism_02|mechanism_03|mechanism_04|mechanism_07|mechanism_09,0.30153478399746125
mechanism_02|mechanism_03|mechanism_04|mechanism_07|mechanism_10,0.31324327335609825
mechanism_02|mechanism_03|mechanism_04|mechanism_07|mechanism_11,0.295254302001909
mechanism_02|mechanism_03|mechanism_04|mechanism_07|mechanism_12,0.2921427285755187
mechanism_02|mechanism_03|mechanism_04|mechanism_08|mechanism_09,0.2728917836588705
mechanism_02|mechanism_03|mechanism_04|mechanism_08|mechanism_10,0.2699256160188812
mechanism_02|mechanism_03|mechanism_04|mechanism_08|mechanism_11,0.2669798507611425
mechanism_02|mechanism_03|mechanism_04|mechanism_08|mechanism_12,0.2640546060728515
mechanism_02|mechanism_03|mechanism_04|mechanism_09|mechanism_10,0.2900790816655468
mechanism_02|mechanism_03|mechanism_04|mechanism_09|mechanism_11,0.29733934565526854
mechanism_02|mechanism_03|mechanism_04|mechanism_09|mechanism_12,0.2839402061842902
mechanism_02|mechanism_03|mechanism_04|mechanism_10|mechanism_11,0.2839402061842902
mechanism_02|mechanism_03|mechanism_04|mechanism_10|mechanism_12,0.2809003425836161
mechanism_02|mechanism_03|mechanism_04|mechanism_11|mechanism_12,0.27788039415064275
mechanism_02|mechanism_03|mechanism_05|mechanism_06|mechanism_07,0.30789049569821186
mechanism_02|mechanism_03|mechanism_05|mechanism_06|mechanism_08,0.27888482197713693
mechanism_02|mechanism_03|mechanism_05|mechanism_06|mechanism_09,0.2829247145070275
mechanism_02|mechanism_03|mechanism_05|mechanism_06|mechanism_10,0.2962957620002294
mechanism_02|mechanism_03|mechanism_05|mechanism_06|mechanism_11,0.29317777890643243
mechanism_02|mechanism_03|mechanism_05|mechanism_06|mechanism_12,0.2900790816655468
mechanism_02|mechanism_03|mechanism_05|mechanism_07|mechanism_08,0.27488050221017696
mechanism_02|mechanism_03|mechanism_05|mechanism_07|mechanism_09,0.27888482197713693
mechanism_02|mechanism_03|mechanism_05|mechanism_07|mechanism_10,0.3068260506740499
mechanism_02|mechanism_03|mechanism_05|mechanism_07|mechanism_11,0.289050497374996
mechanism_02|mechanism_03|mechanism_05|mechanism_07|mechanism_12,0.28597777322269835
mechanism_02|mechanism_03|mechanism_05|mechanism_08|mechanism_09,0.2516182783929358
mechanism_02|mechanism_03|mechanism_05|mechanism_08|mechanism_10,0.2640546060728515
mechanism_02|mechanism_03|mechanism_05|mechanism_08|mechanism_11,0.261149993915751
mechanism_02|mechanism_03|mechanism_05|mechanism_08|mechanism_12,0.25826612006856875
mechanism_02|mechanism_03|mechanism_05|mechanism_09|mechanism_10,0.2679594981583682
mechanism_02|mechanism_03|mechanism_05|mechanism_09|mechanism_11,0.2748805022101769
mechanism_02|mechanism_03|mechanism_05|mechanism_09|mechanism_12,0.2621158988083652
mechanism_02|mechanism_03|mechanism_05|mechanism_10|mechanism_11,0.27788039415064275
mechanism_02|mechanism_03|mechanism_05|mechanism_10|mechanism_12,0.27488050221017696
mechanism_02|mechanism_03|mechanism_05|mechanism_11|mechanism_12,0.27190080173375075
mechanism_02|mechanism_03|mechanism_06|mechanism_07|mechanism_08,0.2689414213699951
mechanism_02|mechanism_03|mechanism_06|mechanism_07|mechanism_09,0.289050497374996
mechanism_02|mechanism_03|mechanism_06|mechanism_07|mechanism_10,0.30048277233757253
mechanism_02|mechanism_03|mechanism_06|mechanism_07|mechanism_11,0.2829247145070275
mechanism_02|mechanism_03|mechanism_06|mechanism_07|mechanism_12,0.2798914731995085
mechanism_02|mechanism_03|mechanism_06|mechanism_08|mechanism_09,0.261149993915751
mechanism_02|mechanism_03|mechanism_06|mechanism_08|mechanism_10,0.25826612006856875
mechanism_02|mechanism_03|mechanism_06|mechanism_08|mechanism_11,0.25540308417252405
mechanism_02|mechanism_03|mechanism_06|mechanism_08|mechanism_12,0.2525609797798001
mechanism_02|mechanism_03|mechanism_06|mechanism_09|mechanism_10,0.2778803941506428
mechanism_02|mechanism_03|mechanism_06|mechanism_09|mechanism_11,0.28495789429901025
mechanism_02|mechanism_03|mechanism_06|mechanism_09|mechanism_12,0.27190080173375075
mechanism_02|mechanism_03|mechanism_06|mechanism_10|mechanism_11,0.27190080173375075
mechanism_02|mechanism_03|mechanism_06|mechanism_10|mechanism_12,0.2689414213699951
mechanism_02|mechanism_03|mechanism_06|mechanism_11|mechanism_12,0.26600248347843036
mechanism_02|mechanism_03|mechanism_07|mechanism_08|mechanism_09,0.2573094546973142
mechanism_02|mechanism_03|mechanism_07|mechanism_08|mechanism_10,0.2679594981583682
mechanism_02|mechanism_03|mechanism_07|mechanism_08|mechanism_11,0.2516182783929358
mechanism_02|mechanism_03|mechanism_07|mechanism_08|mechanism_12,0.24880421776913866
mechanism_02|mechanism_03|mechanism_07|mechanism_09|mechanism_10,0.2880240805872065
mechanism_02|mechanism_03|mechanism_07|mechanism_09|mechanism_11,0.2809003425836161
mechanism_02|mechanism_03|mechanism_07|mechanism_09|mechanism_12,0.2679594981583682
mechanism_02|mechanism_03|mechanism_07|mechanism_10|mechanism_11,0.28191142481665016
mechanism_02|mechanism_03|mechanism_07|mechanism_10|mechanism_12,0.27888482197713693
mechanism_02|mechanism_03|mechanism_07|mechanism_11|mechanism_12,0.26211589880836517
mechanism_02|mechanism_03|mechanism_08|mechanism_09|mechanism_10,0.2621158988083652
mechanism_02|mechanism_03|mechanism_08|mechanism_09|mechanism_11,0.25350601666233785
mechanism_02|mechanism_03|mechanism_08|mechanism_09|mechanism_12,0.241403538121065
mechanism_02|mechanism_03|mechanism_08|mechanism_10|mechanism_11,0.241403538121065
mechanism_02|mechanism_03|mechanism_08|mechanism_10|mechanism_12,0.23866728515708963
mechanism_02|mechanism_03|mechanism_08|mechanism_11|mechanism_12,0.235952400202534
mechanism_02|mechanism_03|mechanism_09|mechanism_10|mechanism_11,0.2699256160188812
mechanism_02|mechanism_03|mechanism_09|mechanism_10|mechanism_12,0.2573094546973142
mechanism_02|mechanism_03|mechanism_09|mechanism_11|mechanism_12,0.2640546060728515
mechanism_02|mechanism_03|mechanism_10|mechanism_11|mechanism_12,0.25161827839293577
mechanism_02|mechanism_04|mechanism_05|mechanism_06|mechanism_07,0.26697985076114245
mechanism_02|mechanism_04|mechanism_05|mechanism_06|mechanism_08,0.2630841041665798
mechanism_02|mechanism_04|mechanism_05|mechanism_06|mechanism_09,0.24416110090520296
mechanism_02|mechanism_04|mechanism_05|mechanism_06|mechanism_10,0.25635510824373786
mechanism_02|mechanism_04|mechanism_05|mechanism_06|mechanism_11,0.25350601666233785
mechanism_02|mechanism_04|mechanism_05|mechanism_06|mechanism_12,0.2506779155948202
mechanism_02|mechanism_04|mechanism_05|mechanism_07|mechanism_08,0.2788848219771369
mechanism_02|mechanism_04|mechanism_05|mechanism_07|mechanism_09,0.259225100817846
mechanism_02|mechanism_04|mechanism_05|mechanism_07|mechanism_10,0.28597777322269835
mechanism_02|mechanism_04|mechanism_05|mechanism_07|mechanism_11,0.2689414213699951
mechanism_02|mechanism_04|mechanism_05|mechanism_07|mechanism_12,0.26600248347843036
mechanism_02|mechanism_04|mechanism_05|mechanism_08|mechanism_09,0.25540308417252405
mechanism_02|mechanism_04|mechanism_05|mechanism_08|mechanism_10,0.2679594981583683
mechanism_02|mechanism_04|mechanism_05|mechanism_08|mechanism_11,0.2650274005334812
mechanism_02|mechanism_04|mechanism_05|mechanism_08|mechanism_12,0.26211589880836517
mechanism_02|mechanism_04|mechanism_05|mechanism_09|mechanism_10,0.24880421776913866
mechanism_02|mechanism_04|mechanism_05|mechanism_09|mechanism_11,0.25540308417252405
mechanism_02|mechanism_04|mechanism_05|mechanism_09|mechanism_12,0.24323954938018943
mechanism_02|mechanism_04|mechanism_05|mechanism_10|mechanism_11,0.25826612006856875
mechanism_02|mechanism_04|mechanism_05|mechanism_10|mechanism_12,0.25540308417252405
mechanism_02|mechanism_04|mechanism_05|mechanism_11|mechanism_12,0.25256097977980013
mechanism_02|mechanism_04|mechanism_06|mechanism_07|mechanism_08,0.2516182783929358
mechanism_02|mechanism_04|mechanism_06|mechanism_07|mechanism_09,0.24787088856042985
mechanism_02|mechanism_04|mechanism_06|mechanism_07|mechanism_10,0.25826612006856875
mechanism_02|mechanism_04|mechanism_06|mechanism_07|mechanism_11,0.24232036099629517
mechanism_02|mechanism_04|mechanism_06|mechanism_07|mechanism_12,0.23957699801126897
mechanism_02|mechanism_04|mechanism_06|mechanism_08|mechanism_09,0.24416110090520296
mechanism_02|mechanism_04|mechanism_06|mechanism_08|mechanism_10,0.241403538121065
mechanism_02|mechanism_04|mechanism_06|mechanism_08|mechanism_11,0.23866728515708963
mechanism_02|mechanism_04|mechanism_06|mechanism_08|mechanism_12,0.235952400202534
mechanism_02|mechanism_04|mechanism_06|mechanism_09|mechanism_10,0.23775994657289076
mechanism_02|mechanism_04|mechanism_06|mechanism_09|mechanism_11,0.24416110090520296
mechanism_02|mechanism_04|mechanism_06|mechanism_09|mechanism_12,0.2323658826783749
mechanism_02|mechanism_04|mechanism_06|mechanism_10|mechanism_11,0.2323658826783749
mechanism_02|mechanism_04|mechanism_06|mechanism_10|mechanism_12,0.22970105095339813
mechanism_02|mechanism_04|mechanism_06|mechanism_11|mechanism_12,0.2270577406032615
mechanism_02|mechanism_04|mechanism_07|mechanism_08|mechanism_09,0.24048908305088898
mechanism_02|mechanism_04|mechanism_07|mechanism_08|mechanism_10,0.2506779155948202
mechanism_02|mechanism_04|mechanism_07|mechanism_08|mechanism_11,0.2350521962362353
mechanism_02|mechanism_04|mechanism_07|mechanism_08|mechanism_12,0.2323658826783749
mechanism_02|mechanism_04|mechanism_07|mechanism_09|mechanism_10,0.2469399095786623
mechanism_02|mechanism_04|mechanism_07|mechanism_09|mechanism_11,0.24048908305088898
mechanism_02|mechanism_04|mechanism_07|mechanism_09|mechanism_12,0.2288175544441832
mechanism_02|mechanism_04|mechanism_07|mechanism_10|mechanism_11,0.24140353812106505
mechanism_02|mechanism_04|mechanism_07|mechanism_10|mechanism_12,0.23866728515708963
mechanism_02|mechanism_04|mechanism_07|mechanism_11|mechanism_12,0.2235668626666018
mechanism_02|mechanism_04|mechanism_08|mechanism_09|mechanism_10,0.24508501313237172
mechanism_02|mechanism_04|mechanism_08|mechanism_09|mechanism_11,0.23685498427314458
mechanism_02|mechanism_04|mechanism_08|mechanism_09|mechanism_12,0.22530750708507177
mechanism_02|mechanism_04|mechanism_08|mechanism_10|mechanism_11,0.22530750708507177
mechanism_02|mechanism_04|mechanism_08|mechanism_10|mechanism_12,0.22270013882530884
mechanism_02|mechanism_04|mechanism_08|mechanism_11|mechanism_12,0.2201143709992742
mechanism_02|mechanism_04|mechanism_09|mechanism_10|mechanism_11,0.2305869387712515
mechanism_02|mechanism_04|mechanism_09|mechanism_10|mechanism_12,0.2192572520878717
mechanism_02|mechanism_04|mechanism_09|mechanism_11|mechanism_12,0.22530750708507177
mechanism_02|mechanism_04|mechanism_10|mechanism_11|mechanism_12,0.21416501695744142
mechanism_02|mechanism_05|mechanism_06|mechanism_07|mechanism_08,0.24601128355105195
mechanism_02|mechanism_05|mechanism_06|mechanism_07|mechanism_09,0.22793645057321624
mechanism_02|mechanism_05|mechanism_06|mechanism_07|mechanism_10,0.25256097977980013
mechanism_02|mechanism_05|mechanism_06|mechanism_07|mechanism_11,0.23685498427314458
mechanism_02|mechanism_05|mechanism_06|mechanism_07|mechanism_12,0.23415437418020288
mechanism_02|mechanism_05|mechanism_06|mechanism_08|mechanism_09,0.22443598573092652
mechanism_02|mechanism_05|mechanism_06|mechanism_08|mechanism_10,0.235952400202534
mechanism_02|mechanism_05|mechanism_06|mechanism_08|mechanism_11,0.23325893577145726
mechanism_02|mechanism_05|mechanism_06|mechanism_08|mechanism_12,0.2305869387712515
mechanism_02|mechanism_05|mechanism_06|mechanism_09|mechanism_10,0.21840253609763446
mechanism_02|mechanism_05|mechanism_06|mechanism_09|mechanism_11,0.22443598573092652
mechanism_02|mechanism_05|mechanism_06|mechanism_09|mechanism_12,0.21332472781586043
mechanism_02|mechanism_05|mechanism_06|mechanism_10|mechanism_11,0.2270577406032615
mechanism_02|mechanism_05|mechanism_06|mechanism_10|mechanism_12,0.2244359857309266
mechanism_02|mechanism_05|mechanism_06|mechanism_11|mechanism_12,0.22183581507529954
mechanism_02|mechanism_05|mechanism_07|mechanism_08|mechanism_09,0.22097389222018782
mechanism_02|mechanism_05|mechanism_07|mechanism_08|mechanism_10,0.24508501313237172
mechanism_02|mechanism_05|mechanism_07|mechanism_08|mechanism_11,0.22970105095339813
mechanism_02|mechanism_05|mechanism_07|mechanism_08|mechanism_12,0.22705774060326145
mechanism_02|mechanism_05|mechanism_07|mechanism_09|mechanism_10,0.2270577406032615
mechanism_02|mechanism_05|mechanism_07|mechanism_09|mechanism_11,0.22097389222018782
mechanism_02|mechanism_05|mechanism_07|mechanism_09|mechanism_12,0.2099876265736025
mechanism_02|mechanism_05|mechanism_07|mechanism_10|mechanism_11,0.235952400202534
mechanism_02|mechanism_05|mechanism_07|mechanism_10|mechanism_12,0.23325893577145726
mechanism_02|mechanism_05|mechanism_07|mechanism_11|mechanism_12,0.21840253609763446
mechanism_02|mechanism_05|mechanism_08|mechanism_09|mechanism_10,0.22530750708507177
mechanism_02|mechanism_05|mechanism_08|mechanism_09|mechanism_11,0.2175502235768875
mechanism_02|mechanism_05|mechanism_08|mechanism_09|mechanism_12,0.2066890128374418
mechanism_02|mechanism_05|mechanism_08|mechanism_10|mechanism_11,0.2201143709992742
mechanism_02|mechanism_05|mechanism_08|mechanism_10|mechanism_12,0.21755022357688752
mechanism_02|mechanism_05|mechanism_08|mechanism_11|mechanism_12,0.2150077113718924
mechanism_02|mechanism_05|mechanism_09|mechanism_10|mechanism_11,0.211651365991901
mechanism_02|mechanism_05|mechanism_09|mechanism_10|mechanism_12,0.20100899975052938
mechanism_02|mechanism_05|mechanism_09|mechanism_11|mechanism_12,0.2066890128374418
mechanism_02|mechanism_05|mechanism_10|mechanism_11|mechanism_12,0.2091593652130633
mechanism_02|mechanism_06|mechanism_07|mechanism_08|mechanism_09,0.22970105095339813
mechanism_02|mechanism_06|mechanism_07|mechanism_08|mechanism_10,0.23957699801126897
mechanism_02|mechanism_06|mechanism_07|mechanism_08|mechanism_11,0.2244359857309266
mechanism_02|mechanism_06|mechanism_07|mechanism_08|mechanism_12,0.22183581507529954
mechanism_02|mechanism_06|mechanism_07|mechanism_09|mechanism_10,0.235952400202534
mechanism_02|mechanism_06|mechanism_07|mechanism_09|mechanism_11,0.22970105095339818
mechanism_02|mechanism_06|mechanism_07|mechanism_09|mechanism_12,0.21840253609763446
mechanism_02|mechanism_06|mechanism_07|mechanism_10|mechanism_11,0.2305869387712515
mechanism_02|mechanism_06|mechanism_07|mechanism_10|mechanism_12,0.22793645057321624
mechanism_02|mechanism_06|mechanism_07|mechanism_11|mechanism_12,0.21332472781586043
mechanism_02|mechanism_06|mechanism_08|mechanism_09|mechanism_10,0.23415437418020293
mechanism_02|mechanism_06|mechanism_08|mechanism_09|mechanism_11,0.22618142573054625
mechanism_02|mechanism_06|mechanism_08|mechanism_09|mechanism_12,0.2150077113718924
mechanism_02|mechanism_06|mechanism_08|mechanism_10|mechanism_11,0.2150077113718924
mechanism_02|mechanism_06|mechanism_08|mechanism_10|mechanism_12,0.21248684412253915
mechanism_02|mechanism_06|mechanism_08|mechanism_11|mechanism_12,0.2099876265736025
mechanism_02|mechanism_06|mechanism_09|mechanism_10|mechanism_11,0.2201143709992742
mechanism_02|mechanism_06|mechanism_09|mechanism_10|mechanism_12,0.2091593652130633
mechanism_02|mechanism_06|mechanism_09|mechanism_11|mechanism_12,0.2150077113718924
mechanism_02|mechanism_06|mechanism_10|mechanism_11|mechanism_12,0.2042403022840918
mechanism_02|mechanism_07|mechanism_08|mechanism_09|mechanism_10,0.2432395493801895
mechanism_02|mechanism_07|mechanism_08|mechanism_09|mechanism_11,0.2227001388253089
mechanism_02|mechanism_07|mechanism_08|mechanism_09|mechanism_12,0.211651365991901
mechanism_02|mechanism_07|mechanism_08|mechanism_10|mechanism_11,0.2235668626666018
mechanism_02|mechanism_07|mechanism_08|mechanism_10|mechanism_12,0.22097389222018782
mechanism_02|mechanism_07|mechanism_08|mechanism_11|mechanism_12,0.2066890128374418
mechanism_02|mechanism_07|mechanism_09|mechanism_10|mechanism_11,0.2288175544441832
mechanism_02|mechanism_07|mechanism_09|mechanism_10|mechanism_12,0.21755022357688752
mechanism_02|mechanism_07|mechanism_09|mechanism_11|mechanism_12,0.21165136599190104
mechanism_02|mechanism_07|mechanism_10|mechanism_11|mechanism_12,0.2124868441225392
mechanism_02|mechanism_08|mechanism_09|mechanism_10|mechanism_11,0.2270577406032615
mechanism_02|mechanism_08|mechanism_09|mechanism_10|mechanism_12,0.21585281082251462
mechanism_02|mechanism_08|mechanism_09|mechanism_11|mechanism_12,0.20833350927014557
mechanism_02|mechanism_08|mechanism_10|mechanism_11|mechanism_12,0.19781611144141825
mechanism_02|mechanism_09|mechanism_10|mechanism_11|mechanism_12,0.20261984643113046
mechanism_03|mechanism_04|mechanism_05|mechanism_06|mechanism_07,0.25730945469731425
mechanism_03|mechanism_04|mechanism_05|mechanism_06|mechanism_08,0.23147521650098238
mechanism_03|mechanism_04|mechanism_05|mechanism_06|mechanism_09,0.2350521962362353
mechanism_03|mechanism_04|mechanism_05|mechanism_06|mechanism_10,0.2469399095786623
mechanism_03|mechanism_04|mechanism_05|mechanism_06|mechanism_11,0.24416110090520296
mechanism_03|mechanism_04|mechanism_05|mechanism_06|mechanism_12,0.24140353812106505
mechanism_03|mechanism_04|mechanism_05|mechanism_07|mechanism_08,0.24601128355105195
mechanism_03|mechanism_04|mechanism_05|mechanism_07|mechanism_09,0.24973989440488245
mechanism_03|mechanism_04|mechanism_05|mechanism_07|mechanism_10,0.27587822922918137
mechanism_03|mechanism_04|mechanism_05|mechanism_07|mechanism_11,0.25922510081784605
mechanism_03|mechanism_04|mechanism_05|mechanism_07|mechanism_12,0.2563551082437379
mechanism_03|mechanism_04|mechanism_05|mechanism_08|mechanism_09,0.22443598573092652
mechanism_03|mechanism_04|mechanism_05|mechanism_08|mechanism_10,0.235952400202534
mechanism_03|mechanism_04|mechanism_05|mechanism_08|mechanism_11,0.23325893577145726
mechanism_03|mechanism_04|mechanism_05|mechanism_08|mechanism_12,0.2305869387712515
mechanism_03|mechanism_04|mechanism_05|mechanism_09|mechanism_10,0.23957699801126897
mechanism_03|mechanism_04|mechanism_05|mechanism_09|mechanism_11,0.24601128355105195
mechanism_03|mechanism_04|mechanism_05|mechanism_09|mechanism_12,0.23415437418020293
mechanism_03|mechanism_04|mechanism_05|mechanism_10|mechanism_11,0.24880421776913866
mechanism_03|mechanism_04|mechanism_05|mechanism_10|mechanism_12,0.24601128355105195
mechanism_03|mechanism_04|mechanism_05|mechanism_11|mechanism_12,0.2432395493801895
mechanism_03|mechanism_04|mechanism_06|mechanism_07|mechanism_08,0.22097389222018785
mechanism_03|mechanism_04|mechanism_06|mechanism_07|mechanism_09,0.23866728515708963
mechanism_03|mechanism_04|mechanism_06|mechanism_07|mechanism_10,0.24880421776913866
mechanism_03|mechanism_04|mechanism_06|mechanism_07|mechanism_11,0.23325893577145726
mechanism_03|mechanism_04|mechanism_06|mechanism_07|mechanism_12,0.2305869387712515
mechanism_03|mechanism_04|mechanism_06|mechanism_08|mechanism_09,0.21416501695744142
mechanism_03|mechanism_04|mechanism_06|mechanism_08|mechanism_10,0.211651365991901
mechanism_03|mechanism_04|mechanism_06|mechanism_08|mechanism_11,0.2091593652130633
mechanism_03|mechanism_04|mechanism_06|mechanism_08|mechanism_12,0.20668901283744182
mechanism_03|mechanism_04|mechanism_06|mechanism_09|mechanism_10,0.2288175544441832
mechanism_03|mechanism_04|mechanism_06|mechanism_09|mechanism_11,0.2350521962362353
mechanism_03|mechanism_04|mechanism_06|mechanism_09|mechanism_12,0.2235668626666018
mechanism_03|mechanism_04|mechanism_06|mechanism_10|mechanism_11,0.2235668626666018
mechanism_03|mechanism_04|mechanism_06|mechanism_10|mechanism_12,0.22097389222018785
mechanism_03|mechanism_04|mechanism_06|mechanism_11|mechanism_12,0.21840253609763446
mechanism_03|mechanism_04|mechanism_07|mechanism_08|mechanism_09,0.21081829347774714
mechanism_03|mechanism_04|mechanism_07|mechanism_08|mechanism_10,0.2201143709992742
mechanism_03|mechanism_04|mechanism_07|mechanism_08|mechanism_11,0.20587037180094733
mechanism_03|mechanism_04|mechanism_07|mechanism_08|mechanism_12,0.20342887290906736
mechanism_03|mechanism_04|mechanism_07|mechanism_09|mechanism_10,0.23775994657289082
mechanism_03|mechanism_04|mechanism_07|mechanism_09|mechanism_11,0.23147521650098238
mechanism_03|mechanism_04|mechanism_07|mechanism_09|mechanism_12,0.2201143709992742
mechanism_03|mechanism_04|mechanism_07|mechanism_10|mechanism_11,0.2323658826783749
mechanism_03|mechanism_04|mechanism_07|mechanism_10|mechanism_12,0.22970105095339818
mechanism_03|mechanism_04|mechanism_07|mechanism_11|mechanism_12,0.2150077113718924
mechanism_03|mechanism_04|mechanism_08|mechanism_09|mechanism_10,0.2150077113718924
mechanism_03|mechanism_04|mechanism_08|mechanism_09|mechanism_11,0.20751005855963559
mechanism_03|mechanism_04|mechanism_08|mechanism_09|mechanism_12,0.1970238855938462
mechanism_03|mechanism_04|mechanism_08|mechanism_10|mechanism_11,0.1970238855938462
mechanism_03|mechanism_04|mechanism_08|mechanism_10|mechanism_12,0.19466158359157792
mechanism_03|mechanism_04|mechanism_08|mechanism_11|mechanism_12,0.19232082157722288
mechanism_03|mechanism_04|mechanism_09|mechanism_10|mechanism_11,0.22183581507529954
mechanism_03|mechanism_04|mechanism_09|mechanism_10|mechanism_12,0.21081829347774714
mechanism_03|mechanism_04|mechanism_09|mechanism_11|mechanism_12,0.2167003150109591
mechanism_03|mechanism_04|mechanism_10|mechanism_11|mechanism_12,0.20587037180094736
mechanism_03|mechanism_05|mechanism_06|mechanism_07|mechanism_08,0.21585281082251456
mechanism_03|mechanism_05|mechanism_06|mechanism_07|mechanism_09,0.2192572520878717
mechanism_03|mechanism_05|mechanism_06|mechanism_07|mechanism_10,0.24323954938018943
mechanism_03|mechanism_05|mechanism_06|mechanism_07|mechanism_11,0.22793645057321632
mechanism_03|mechanism_05|mechanism_06|mechanism_07|mechanism_12,0.22530750708507177
mechanism_03|mechanism_05|mechanism_06|mechanism_08|mechanism_09,0.19623405636577915
mechanism_03|mechanism_05|mechanism_06|mechanism_08|mechanism_10,0.20668901283744182
mechanism_03|mechanism_05|mechanism_06|mechanism_08|mechanism_11,0.2042403022840918
mechanism_03|mechanism_05|mechanism_06|mechanism_08|mechanism_12,0.20181322226037884
mechanism_03|mechanism_05|mechanism_06|mechanism_09|mechanism_10,0.2099876265736025
mechanism_03|mechanism_05|mechanism_06|mechanism_09|mechanism_11,0.21585281082251462
mechanism_03|mechanism_05|mechanism_06|mechanism_09|mechanism_12,0.20505413508936485
mechanism_03|mechanism_05|mechanism_06|mechanism_10|mechanism_11,0.21840253609763446
mechanism_03|mechanism_05|mechanism_06|mechanism_10|mechanism_12,0.21585281082251456
mechanism_03|mechanism_05|mechanism_06|mechanism_11|mechanism_12,0.21332472781586043
mechanism_03|mechanism_05|mechanism_07|mechanism_08|mechanism_09,0.19309868423321644
mechanism_03|mechanism_05|mechanism_07|mechanism_08|mechanism_10,0.2150077113718924
mechanism_03|mechanism_05|mechanism_07|mechanism_08|mechanism_11,0.20100899975052938
mechanism_03|mechanism_05|mechanism_07|mechanism_08|mechanism_12,0.19861073488544276
mechanism_03|mechanism_05|mechanism_07|mechanism_09|mechanism_10,0.21840253609763446
mechanism_03|mechanism_05|mechanism_07|mechanism_09|mechanism_11,0.2124868441225392
mechanism_03|mechanism_05|mechanism_07|mechanism_09|mechanism_12,0.20181322226037884
mechanism_03|mechanism_05|mechanism_07|mechanism_10|mechanism_11,0.2270577406032615
mechanism_03|mechanism_05|mechanism_07|mechanism_10|mechanism_12,0.22443598573092652
mechanism_03|mechanism_05|mechanism_07|mechanism_11|mechanism_12,0.2099876265736025
mechanism_03|mechanism_05|mechanism_08|mechanism_09|mechanism_10,0.1970238855938462
mechanism_03|mechanism_05|mechanism_08|mechanism_09|mechanism_11,0.19000156601531304
mechanism_03|mechanism_05|mechanism_08|mechanism_09|mechanism_12,0.18019897519805125
mechanism_03|mechanism_05|mechanism_08|mechanism_10|mechanism_11,0.19232082157722288
mechanism_03|mechanism_05|mechanism_08|mechanism_10|mechanism_12,0.19000156601531293
mechanism_03|mechanism_05|mechanism_08|mechanism_11|mechanism_12,0.18770377918951323
mechanism_03|mechanism_05|mechanism_09|mechanism_10|mechanism_11,0.20342887290906733
mechanism_03|mechanism_05|mechanism_09|mechanism_10|mechanism_12,0.19309868423321644
mechanism_03|mechanism_05|mechanism_09|mechanism_11|mechanism_12,0.1986107348854428
mechanism_03|mechanism_05|mechanism_10|mechanism_11|mechanism_12,0.20100899975052938
mechanism_03|mechanism_06|mechanism_07|mechanism_08|mechanism_09,0.20100899975052938
mechanism_03|mechanism_06|mechanism_07|mechanism_08|mechanism_10,0.2099876265736025
mechanism_03|mechanism_06|mechanism_07|mechanism_08|mechanism_11,0.19623405636577912
mechanism_03|mechanism_06|mechanism_07|mechanism_08|mechanism_12,0.19387893782385993
mechanism_03|mechanism_06|mechanism_07|mechanism_09|mechanism_10,0.2270577406032615
mechanism_03|mechanism_06|mechanism_07|mechanism_09|mechanism_11,0.22097389222018782
mechanism_03|mechanism_06|mechanism_07|mechanism_09|mechanism_12,0.2099876265736025
mechanism_03|mechanism_06|mechanism_07|mechanism_10|mechanism_11,0.22183581507529954
mechanism_03|mechanism_06|mechanism_07|mechanism_10|mechanism_12,0.21925725208787178
mechanism_03|mechanism_06|mechanism_07|mechanism_11|mechanism_12,0.20505413508936485
mechanism_03|mechanism_06|mechanism_08|mechanism_09|mechanism_10,0.20505413508936485
mechanism_03|mechanism_06|mechanism_08|mechanism_09|mechanism_11,0.19781611144141822
mechanism_03|mechanism_06|mechanism_08|mechanism_09|mechanism_12,0.18770377918951323
mechanism_03|mechanism_06|mechanism_08|mechanism_10|mechanism_11,0.18770377918951323
mechanism_03|mechanism_06|mechanism_08|mechanism_10|mechanism_12,0.18542741929298223
mechanism_03|mechanism_06|mechanism_08|mechanism_11|mechanism_12,0.18317244051905113
mechanism_03|mechanism_06|mechanism_09|mechanism_10|mechanism_11,0.21165136599190104
mechanism_03|mechanism_06|mechanism_09|mechanism_10|mechanism_12,0.20100899975052938
mechanism_03|mechanism_06|mechanism_09|mechanism_11|mechanism_12,0.2066890128374418
mechanism_03|mechanism_06|mechanism_10|mechanism_11|mechanism_12,0.19623405636577915
mechanism_03|mechanism_07|mechanism_08|mechanism_09|mechanism_10,0.21332472781586043
mechanism_03|mechanism_07|mechanism_08|mechanism_09|mechanism_11,0.19466158359157792
mechanism_03|mechanism_07|mechanism_08|mechanism_09|mechanism_12,0.18467338639691713
mechanism_03|mechanism_07|mechanism_08|mechanism_10|mechanism_11,0.19544662272643767
mechanism_03|mechanism_07|mechanism_08|mechanism_10|mechanism_12,0.19309868423321644
mechanism_03|mechanism_07|mechanism_08|mechanism_11|mechanism_12,0.18019897519805123
mechanism_03|mechanism_07|mechanism_09|mechanism_10|mechanism_11,0.22011437099927422
mechanism_03|mechanism_07|mechanism_09|mechanism_10|mechanism_12,0.20915936521306333
mechanism_03|mechanism_07|mechanism_09|mechanism_11|mechanism_12,0.20342887290906733
mechanism_03|mechanism_07|mechanism_10|mechanism_11|mechanism_12,0.2042403022840918
mechanism_03|mechanism_08|mechanism_09|mechanism_10|mechanism_11,0.1986107348854428
mechanism_03|mechanism_08|mechanism_09|mechanism_10|mechanism_12,0.18846732521381943
mechanism_03|mechanism_08|mechanism_09|mechanism_11|mechanism_12,0.18168097534508457
mechanism_03|mechanism_08|mechanism_10|mechanism_11|mechanism_12,0.17221639173387782
mechanism_03|mechanism_09|mechanism_10|mechanism_11|mechanism_12,0.19466158359157792
mechanism_04|mechanism_05|mechanism_06|mechanism_07|mechanism_08,0.22970105095339818
mechanism_04|mechanism_05|mechanism_06|mechanism_07|mechanism_09,0.2124868441225392
mechanism_04|mechanism_05|mechanism_06|mechanism_07|mechanism_10,0.235952400202534
mechanism_04|mechanism_05|mechanism_06|mechanism_07|mechanism_11,0.22097389222018782
mechanism_04|mechanism_05|mechanism_06|mechanism_07|mechanism_12,0.21840253609763446
mechanism_04|mechanism_05|mechanism_06|mechanism_08|mechanism_09,0.20915936521306333
mechanism_04|mechanism_05|mechanism_06|mechanism_08|mechanism_10,0.2201143709992742
mechanism_04|mechanism_05|mechanism_06|mechanism_08|mechanism_11,0.2175502235768875
mechanism_04|mechanism_05|mechanism_06|mechanism_08|mechanism_12,0.2150077113718924
mechanism_04|mechanism_05|mechanism_06|mechanism_09|mechanism_10,0.20342887290906733
mechanism_04|mechanism_05|mechanism_06|mechanism_09|mechanism_11,0.2091593652130633
mechanism_04|mechanism_05|mechanism_06|mechanism_09|mechanism_12,0.1986107348854428
mechanism_04|mechanism_05|mechanism_06|mechanism_10|mechanism_11,0.211651365991901
mechanism_04|mechanism_05|mechanism_06|mechanism_10|mechanism_12,0.20915936521306333
mechanism_04|mechanism_05|mechanism_06|mechanism_11|mechanism_12,0.2066890128374418
mechanism_04|mechanism_05|mechanism_07|mechanism_08|mechanism_09,0.2227001388253089
mechanism_04|mechanism_05|mechanism_07|mechanism_08|mechanism_10,0.2469399095786623
mechanism_04|mechanism_05|mechanism_07|mechanism_08|mechanism_11,0.23147521650098238
mechanism_04|mechanism_05|mechanism_07|mechanism_08|mechanism_12,0.2288175544441832
mechanism_04|mechanism_05|mechanism_07|mechanism_09|mechanism_10,0.2288175544441832
mechanism_04|mechanism_05|mechanism_07|mechanism_09|mechanism_11,0.2227001388253089
mechanism_04|mechanism_05|mechanism_07|mechanism_09|mechanism_12,0.21165136599190104
mechanism_04|mechanism_05|mechanism_07|mechanism_10|mechanism_11,0.23775994657289082
mechanism_04|mechanism_05|mechanism_07|mechanism_10|mechanism_12,0.2350521962362353
mechanism_04|mechanism_05|mechanism_07|mechanism_11|mechanism_12,0.2201143709992742
mechanism_04|mechanism_05|mechanism_08|mechanism_09|mechanism_10,0.2270577406032615
mechanism_04|mechanism_05|mechanism_08|mechanism_09|mechanism_11,0.21925725208787178
mechanism_04|mechanism_05|mechanism_08|mechanism_09|mechanism_12,0.20833350927014557
mechanism_04|mechanism_05|mechanism_08|mechanism_10|mechanism_11,0.2218358150752996
mechanism_04|mechanism_05|mechanism_08|mechanism_10|mechanism_12,0.21925725208787178
mechanism_04|mechanism_05|mechanism_08|mechanism_11|mechanism_12,0.2167003150109591
mechanism_04|mechanism_05|mechanism_09|mechanism_10|mechanism_11,0.21332472781586043
mechanism_04|mechanism_05|mechanism_09|mechanism_10|mechanism_12,0.20261984643113046
mechanism_04|mechanism_05|mechanism_09|mechanism_11|mechanism_12,0.20833350927014557
mechanism_04|mechanism_05|mechanism_10|mechanism_11|mechanism_12,0.21081829347774714
mechanism_04|mechanism_06|mechanism_07|mechanism_08|mechanism_09,0.21248684412253915
mechanism_04|mechanism_06|mechanism_07|mechanism_08|mechanism_10,0.22183581507529954
mechanism_04|mechanism_06|mechanism_07|mechanism_08|mechanism_11,0.20751005855963564
mechanism_04|mechanism_06|mechanism_07|mechanism_08|mechanism_12,0.20505413508936485
mechanism_04|mechanism_06|mechanism_07|mechanism_09|mechanism_10,0.21840253609763452
mechanism_04|mechanism_06|mechanism_07|mechanism_09|mechanism_11,0.2124868441225392
mechanism_04|mechanism_06|mechanism_07|mechanism_09|mechanism_12,0.20181322226037884
mechanism_04|mechanism_06|mechanism_07|mechanism_10|mechanism_11,0.21332472781586043
mechanism_04|mechanism_06|mechanism_07|mechanism_10|mechanism_12,0.21081829347774714
mechanism_04|mechanism_06|mechanism_07|mechanism_11|mechanism_12,0.1970238855938462
mechanism_04|mechanism_06|mechanism_08|mechanism_09|mechanism_10,0.2167003150109591
mechanism_04|mechanism_06|mechanism_08|mechanism_09|mechanism_11,0.20915936521306333
mechanism_04|mechanism_06|mechanism_08|mechanism_09|mechanism_12,0.19861073488544276
mechanism_04|mechanism_06|mechanism_08|mechanism_10|mechanism_11,0.19861073488544276
mechanism_04|mechanism_06|mechanism_08|mechanism_10|mechanism_12,0.19623405636577915
mechanism_04|mechanism_06|mechanism_08|mechanism_11|mechanism_12,0.19387893782385993
mechanism_04|mechanism_06|mechanism_09|mechanism_10|mechanism_11,0.20342887290906733
mechanism_04|mechanism_06|mechanism_09|mechanism_10|mechanism_12,0.19309868423321644
mechanism_04|mechanism_06|mechanism_09|mechanism_11|mechanism_12,0.1986107348854428
mechanism_04|mechanism_06|mechanism_10|mechanism_11|mechanism_12,0.18846732521381943
mechanism_04|mechanism_07|mechanism_08|mechanism_09|mechanism_10,0.22530750708507177
mechanism_04|mechanism_07|mechanism_08|mechanism_09|mechanism_11,0.20587037180094736
mechanism_04|mechanism_07|mechanism_08|mechanism_09|mechanism_12,0.19544662272643765
mechanism_04|mechanism_07|mechanism_08|mechanism_10|mechanism_11,0.2066890128374418
mechanism_04|mechanism_07|mechanism_08|mechanism_10|mechanism_12,0.2042403022840918
mechanism_04|mechanism_07|mechanism_08|mechanism_11|mechanism_12,0.19077226383992194
mechanism_04|mechanism_07|mechanism_09|mechanism_10|mechanism_11,0.21165136599190104
mechanism_04|mechanism_07|mechanism_09|mechanism_10|mechanism_12,0.20100899975052938
mechanism_04|mechanism_07|mechanism_09|mechanism_11|mechanism_12,0.19544662272643767
mechanism_04|mechanism_07|mechanism_10|mechanism_11|mechanism_12,0.19623405636577915
mechanism_04|mechanism_08|mechanism_09|mechanism_10|mechanism_11,0.2099876265736026
mechanism_04|mechanism_08|mechanism_09|mechanism_10|mechanism_12,0.19940775684866852
mechanism_04|mechanism_08|mechanism_09|mechanism_11|mechanism_12,0.19232082157722297
mechanism_04|mechanism_08|mechanism_10|mechanism_11|mechanism_12,0.18242552380635635
mechanism_04|mechanism_09|mechanism_10|mechanism_11|mechanism_12,0.18694261396804635
mechanism_05|mechanism_06|mechanism_07|mechanism_08|mechanism_09,0.19466158359157792
mechanism_05|mechanism_06|mechanism_07|mechanism_08|mechanism_10,0.2167003150109591
mechanism_05|mechanism_06|mechanism_07|mechanism_08|mechanism_11,0.20261984643113046
mechanism_05|mechanism_06|mechanism_07|mechanism_08|mechanism_12,0.20020717819927933
mechanism_05|mechanism_06|mechanism_07|mechanism_09|mechanism_10,0.20020717819927927
mechanism_05|mechanism_06|mechanism_07|mechanism_09|mechanism_11,0.19466158359157792
mechanism_05|mechanism_06|mechanism_07|mechanism_09|mechanism_12,0.18467338639691713
mechanism_05|mechanism_06|mechanism_07|mechanism_10|mechanism_11,0.20833350927014557
mechanism_05|mechanism_06|mechanism_07|mechanism_10|mechanism_12,0.20587037180094736
mechanism_05|mechanism_06|mechanism_07|mechanism_11|mechanism_12,0.19232082157722297
mechanism_05|mechanism_06|mechanism_08|mechanism_09|mechanism_10,0.19861073488544276
mechanism_05|mechanism_06|mechanism_08|mechanism_09|mechanism_11,0.19154534856146752
mechanism_05|mechanism_06|mechanism_08|mechanism_09|mechanism_12,0.18168097534508462
mechanism_05|mechanism_06|mechanism_08|mechanism_10|mechanism_11,0.19387893782385993
mechanism_05|mechanism_06|mechanism_08|mechanism_10|mechanism_12,0.19154534856146752
mechanism_05|mechanism_06|mechanism_08|mechanism_11|mechanism_12,0.18923325363949448
mechanism_05|mechanism_06|mechanism_09|mechanism_10|mechanism_11,0.18618382790150856
mechanism_05|mechanism_06|mechanism_09|mechanism_10|mechanism_12,0.1765352747791167
mechanism_05|mechanism_06|mechanism_09|mechanism_11|mechanism_12,0.18168097534508462
mechanism_05|mechanism_06|mechanism_10|mechanism_11|mechanism_12,0.1839217274195043
mechanism_05|mechanism_07|mechanism_08|mechanism_09|mechanism_10,0.2066890128374418
mechanism_05|mechanism_07|mechanism_08|mechanism_09|mechanism_11,0.18846732521381943
mechanism_05|mechanism_07|mechanism_08|mechanism_09|mechanism_12,0.17872642365885047
mechanism_05|mechanism_07|mechanism_08|mechanism_10|mechanism_11,0.20181322226037884
mechanism_05|mechanism_07|mechanism_08|mechanism_10|mechanism_12,0.19940775684866852
mechanism_05|mechanism_07|mechanism_08|mechanism_11|mechanism_12,0.18618382790150856
mechanism_05|mechanism_07|mechanism_09|mechanism_10|mechanism_11,0.19387893782385993
mechanism_05|mechanism_07|mechanism_09|mechanism_10|mechanism_12,0.18392172741950427
mechanism_05|mechanism_07|mechanism_09|mechanism_11|mechanism_12,0.17872642365885047
mechanism_05|mechanism_07|mechanism_10|mechanism_11|mechanism_12,0.19154534856146754
mechanism_05|mechanism_08|mechanism_09|mechanism_10|mechanism_11,0.19232082157722297
mechanism_05|mechanism_08|mechanism_09|mechanism_10|mechanism_12,0.18242552380635635
mechanism_05|mechanism_08|mechanism_09|mechanism_11|mechanism_12,0.175809597088929
mechanism_05|mechanism_08|mechanism_10|mechanism_11|mechanism_12,0.17799368578624652
mechanism_05|mechanism_09|mechanism_10|mechanism_11|mechanism_12,0.17079548202237452
mechanism_06|mechanism_07|mechanism_08|mechanism_09|mechanism_10,0.21500771137189242
mechanism_06|mechanism_07|mechanism_08|mechanism_09|mechanism_11,0.19623405636577915
mechanism_06|mechanism_07|mechanism_08|mechanism_09|mechanism_12,0.18618382790150856
mechanism_06|mechanism_07|mechanism_08|mechanism_10|mechanism_11,0.1970238855938462
mechanism_06|mechanism_07|mechanism_08|mechanism_10|mechanism_12,0.19466158359157795
mechanism_06|mechanism_07|mechanism_08|mechanism_11|mechanism_12,0.18168097534508462
mechanism_06|mechanism_07|mechanism_09|mechanism_10|mechanism_11,0.20181322226037884
mechanism_06|mechanism_07|mechanism_09|mechanism_10|mechanism_12,0.19154534856146754
mechanism_06|mechanism_07|mechanism_09|mechanism_11|mechanism_12,0.18618382790150856
mechanism_06|mechanism_07|mechanism_10|mechanism_11|mechanism_12,0.18694261396804635
mechanism_06|mechanism_08|mechanism_09|mechanism_10|mechanism_11,0.20020717819927933
mechanism_06|mechanism_08|mechanism_09|mechanism_10|mechanism_12,0.19000156601531304
mechanism_06|mechanism_08|mechanism_09|mechanism_11|mechanism_12,0.18317244051905116
mechanism_06|mechanism_08|mechanism_10|mechanism_11|mechanism_12,0.17364664701900506
mechanism_06|mechanism_09|mechanism_10|mechanism_11|mechanism_12,0.17799368578624652
mechanism_07|mechanism_08|mechanism_09|mechanism_10|mechanism_11,0.20833350927014557
mechanism_07|mechanism_08|mechanism_09|mechanism_10|mechanism_12,0.19781611144141828
mechanism_07|mechanism_08|mechanism_09|mechanism_11|mechanism_12,0.18019897519805125
mechanism_07|mechanism_08|mechanism_10|mechanism_11|mechanism_12,0.18093879315214204
mechanism_07|mechanism_09|mechanism_10|mechanism_11|mechanism_12,0.18542741929298232
mechanism_08|mechanism_09|mechanism_10|mechanism_11|mechanism_12,0.1839217274195043
mechanism_01|mechanism_02|mechanism_03|mechanism_04|mechanism_05|mechanism_06,0.43045377606077095
mechanism_01|mechanism_02|mechanism_03|mechanism_04|mechanism_05|mechanism_07,0.4182406231581638
mechanism_01|mechanism_02|mechanism_03|mechanism_04|mechanism_05|mechanism_08,0.38461624360881785
mechanism_01|mechanism_02|mechanism_03|mechanism_04|mechanism_05|mechanism_09,0.389360766050778
mechanism_01|mechanism_02|mechanism_03|mechanism_04|mechanism_05|mechanism_10,0.40492152613386595
mechanism_01|mechanism_02|mechanism_03|mechanism_04|mechanism_05|mechanism_11,0.401312339887548
mechanism_01|mechanism_02|mechanism_03|mechanism_04|mechanism_05|mechanism_12,0.39771382311136927
mechanism_01|mechanism_02|mechanism_03|mechanism_04|mechanism_06|mechanism_07,0.4158094770645927
mechanism_01|mechanism_02|mechanism_03|mechanism_04|mechanism_06|mechanism_08,0.382252125230751
mechanism_01|mechanism_02|mechanism_03|mechanism_04|mechanism_06|mechanism_09,0.4061268970658573
mechanism_01|mechanism_02|mechanism_03|mechanism_04|mechanism_06|mechanism_10,0.40251423417298393
mechanism_01|mechanism_02|mechanism_03|mechanism_04|mechanism_06|mechanism_11,0.3989121211516302
mechanism_01|mechanism_02|mechanism_03|mechanism_04|mechanism_06|mechanism_12,0.39532091528599067
mechanism_01|mechanism_02|mechanism_03|mechanism_04|mechanism_07|mechanism_08,0.34751053780725555
mechanism_01|mechanism_02|mechanism_03|mechanism_04|mechanism_07|mechanism_09,0.3705168880326052
mechanism_01|mechanism_02|mechanism_03|mechanism_04|mechanism_07|mechanism_10,0.38343349547868066
mechanism_01|mechanism_02|mechanism_03|mechanism_04|mechanism_07|mechanism_11,0.36354745971843366
mechanism_01|mechanism_02|mechanism_03|mechanism_04|mechanism_07|mechanism_12,0.36008390326226586
mechanism_01|mechanism_02|mechanism_03|mechanism_04|mechanism_08|mechanism_09,0.3384968407970476
mechanism_01|mechanism_02|mechanism_03|mechanism_04|mechanism_08|mechanism_10,0.3351462695940264
mechanism_01|mechanism_02|mechanism_03|mechanism_04|mechanism_08|mechanism_11,0.3318122278318339
mechanism_01|mechanism_02|mechanism_03|mechanism_04|mechanism_08|mechanism_12,0.3284949657745942
mechanism_01|mechanism_02|mechanism_03|mechanism_04|mechanism_09|mechanism_10,0.3577829070425624
mechanism_01|mechanism_02|mechanism_03|mechanism_04|mechanism_09|mechanism_11,0.36586440898919936
mechanism_01|mechanism_02|mechanism_03|mechanism_04|mechanism_09|mechanism_12,0.3509194757554267
mechanism_01|mechanism_02|mechanism_03|mechanism_04|mechanism_10|mechanism_11,0.3509194757554267
mechanism_01|mechanism_02|mechanism_03|mechanism_04|mechanism_10|mechanism_12,0.34751053780725555
mechanism_01|mechanism_02|mechanism_03|mechanism_04|mechanism_11|mechanism_12,0.34411715879218635
mechanism_01|mechanism_02|mechanism_03|mechanism_05|mechanism_06|mechanism_07,0.40854102156721994
mechanism_01|mechanism_02|mechanism_03|mechanism_05|mechanism_06|mechanism_08,0.37519352553157076
mechanism_01|mechanism_02|mechanism_03|mechanism_05|mechanism_06|mechanism_09,0.3798935676569099
mechanism_01|mechanism_02|mechanism_03|mechanism_05|mechanism_06|mechanism_10,0.39532091528599067
mechanism_01|mechanism_02|mechanism_03|mechanism_05|mechanism_06|mechanism_11,0.3917409692534856
mechanism_01|mechanism_02|mechanism_03|mechanism_05|mechanism_06|mechanism_12,0.3881726309982629
mechanism_01|mechanism_02|mechanism_03|mechanism_05|mechanism_07|mechanism_08,0.3407396115486146
mechanism_01|mechanism_02|mechanism_03|mechanism_05|mechanism_07|mechanism_09,0.34524653939368083
mechanism_01|mechanism_02|mechanism_03|mechanism_05|mechanism_07|mechanism_10,0.37636637170177395
mechanism_01|mechanism_02|mechanism_03|mechanism_05|mechanism_07|mechanism_11,0.35663485430559827
mechanism_01|mechanism_02|mechanism_03|mechanism_05|mechanism_07|mechanism_12,0.3532006074420144
mechanism_01|mechanism_02|mechanism_03|mechanism_05|mechanism_08|mechanism_09,0.31431988606174616
mechanism_01|mechanism_02|mechanism_03|mechanism_05|mechanism_08|mechanism_10,0.3284949657745942
mechanism_01|mechanism_02|mechanism_03|mechanism_05|mechanism_08|mechanism_11,0.3251947274176865
mechanism_01|mechanism_02|mechanism_03|mechanism_05|mechanism_08|mechanism_12,0.32191175044837256
mechanism_01|mechanism_02|mechanism_03|mechanism_05|mechanism_09|mechanism_10,0.3329217229043748
mechanism_01|mechanism_02|mechanism_03|mechanism_05|mechanism_09|mechanism_11,0.34073961154861454
mechanism_01|mechanism_02|mechanism_03|mechanism_05|mechanism_09|mechanism_12,0.3262929005454786
mechanism_01|mechanism_02|mechanism_03|mechanism_05|mechanism_10|mechanism_11,0.34411715879218635
mechanism_01|mechanism_02|mechanism_03|mechanism_05|mechanism_10|mechanism_12,0.34073961154861454
mechanism_01|mechanism_02|mechanism_03|mechanism_05|mechanism_11|mechanism_12,0.3373781628299175
mechanism_01|mechanism_02|mechanism_03|mechanism_06|mechanism_07|mechanism_08,0.36354745971843366
mechanism_01|mechanism_02|mechanism_03|mechanism_06|mechanism_07|mechanism_09,0.38698582386066455
mechanism_01|mechanism_02|mechanism_03|mechanism_06|mechanism_07|mechanism_10,0.40011163113600173
mechanism_01|mechanism_02|mechanism_03|mechanism_06|mechanism_07|mechanism_11,0.3798935676569099
mechanism_01|mechanism_02|mechanism_03|mechanism_06|mechanism_07|mechanism_12,0.376366371701774
mechanism_01|mechanism_02|mechanism_03|mechanism_06|mechanism_08|mechanism_09,0.35434369377420455
mechanism_01|mechanism_02|mechanism_03|mechanism_06|mechanism_08|mechanism_10,0.3509194757554267
mechanism_01|mechanism_02|mechanism_03|mechanism_06|mechanism_08|mechanism_11,0.34751053780725555
mechanism_01|mechanism_02|mechanism_03|mechanism_06|mechanism_08|mechanism_12,0.34411715879218635
mechanism_01|mechanism_02|mechanism_03|mechanism_06|mechanism_09|mechanism_10,0.37402214223339625
mechanism_01|mechanism_02|mechanism_03|mechanism_06|mechanism_09|mechanism_11,0.382252125230751
mechanism_01|mechanism_02|mechanism_03|mechanism_06|mechanism_09|mechanism_12,0.36702522331953935
mechanism_01|mechanism_02|mechanism_03|mechanism_06|mechanism_10|mechanism_11,0.36702522331953935
mechanism_01|mechanism_02|mechanism_03|mechanism_06|mechanism_10|mechanism_12,0.36354745971843366
mechanism_01|mechanism_02|mechanism_03|mechanism_06|mechanism_11|mechanism_12,0.36008390326226586
mechanism_01|mechanism_02|mechanism_03|mechanism_07|mechanism_08|mechanism_09,0.320821300824607
mechanism_01|mechanism_02|mechanism_03|mechanism_07|mechanism_08|mechanism_10,0.3329217229043748
mechanism_01|mechanism_02|mechanism_03|mechanism_07|mechanism_08|mechanism_11,0.31431988606174616
mechanism_01|mechanism_02|mechanism_03|mechanism_07|mechanism_08|mechanism_12,0.3110960820230454
mechanism_01|mechanism_02|mechanism_03|mechanism_07|mechanism_09|mechanism_10,0.35548844629370546
mechanism_01|mechanism_02|mechanism_03|mechanism_07|mechanism_09|mechanism_11,0.34751053780725555
mechanism_01|mechanism_02|mechanism_03|mechanism_07|mechanism_09|mechanism_12,0.3329217229043748
mechanism_01|mechanism_02|mechanism_03|mechanism_07|mechanism_10|mechanism_11,0.34864513533394575
mechanism_01|mechanism_02|mechanism_03|mechanism_07|mechanism_10|mechanism_12,0.34524653939368083
mechanism_01|mechanism_02|mechanism_03|mechanism_07|mechanism_11|mechanism_12,0.3262929005454786
mechanism_01|mechanism_02|mechanism_03|mechanism_08|mechanism_09|mechanism_10,0.3262929005454786
mechanism_01|mechanism_02|mechanism_03|mechanism_08|mechanism_09|mechanism_11,0.31647910626368436
mechanism_01|mechanism_02|mechanism_03|mechanism_08|mechanism_09|mechanism_12,0.30258888560411773
mechanism_01|mechanism_02|mechanism_03|mechanism_08|mechanism_10|mechanism_11,0.30258888560411773
mechanism_01|mechanism_02|mechanism_03|mechanism_08|mechanism_10|mechanism_12,0.29943285752602705
mechanism_01|mechanism_02|mechanism_03|mechanism_08|mechanism_11|mechanism_12,0.2962957620002294
mechanism_01|mechanism_02|mechanism_03|mechanism_09|mechanism_10|mechanism_11,0.3351462695940264
mechanism_01|mechanism_02|mechanism_03|mechanism_09|mechanism_10|mechanism_12,0.3208213008246071
mechanism_01|mechanism_02|mechanism_03|mechanism_09|mechanism_11|mechanism_12,0.3284949657745942
mechanism_01|mechanism_02|mechanism_03|mechanism_10|mechanism_11|mechanism_12,0.31431988606174616
mechanism_01|mechanism_02|mechanism_04|mechanism_05|mechanism_06|mechanism_07,0.32959884019113145
mechanism_01|mechanism_02|mechanism_04|mechanism_05|mechanism_06|mechanism_08,0.3251947274176865
mechanism_01|mechanism_02|mechanism_04|mechanism_05|mechanism_06|mechanism_09,0.3036450701761659
mechanism_01|mechanism_02|mechanism_04|mechanism_05|mechanism_06|mechanism_10,0.3175616978069353
mechanism_01|mechanism_02|mechanism_04|mechanism_05|mechanism_06|mechanism_11,0.31431988606174616
mechanism_01|mechanism_02|mechanism_04|mechanism_05|mechanism_06|mechanism_12,0.31109608202304545
mechanism_01|mechanism_02|mechanism_04|mechanism_05|mechanism_07|mechanism_08,0.31431988606174616
mechanism_01|mechanism_02|mechanism_04|mechanism_05|mechanism_07|mechanism_09,0.29317777890643243
mechanism_01|mechanism_02|mechanism_04|mechanism_05|mechanism_07|mechanism_10,0.32191175044837256
mechanism_01|mechanism_02|mechanism_04|mechanism_05|mechanism_07|mechanism_11,0.3036450701761659
mechanism_01|mechanism_02|mechanism_04|mechanism_05|mechanism_07|mechanism_12,0.30048277233757253
mechanism_01|mechanism_02|mechanism_04|mechanism_05|mechanism_08|mechanism_09,0.289050497374996
mechanism_01|mechanism_02|mechanism_04|mechanism_05|mechanism_08|mechanism_10,0.3025888856041178
mechanism_01|mechanism_02|mechanism_04|mechanism_05|mechanism_08|mechanism_11,0.29943285752602705
mechanism_01|mechanism_02|mechanism_04|mechanism_05|mechanism_08|mechanism_12,0.2962957620002294
mechanism_01|mechanism_02|mechanism_04|mechanism_05|mechanism_09|mechanism_10,0.2819114248166502
mechanism_01|mechanism_02|mechanism_04|mechanism_05|mechanism_09|mechanism_11,0.289050497374996
mechanism_01|mechanism_02|mechanism_04|mechanism_05|mechanism_09|mechanism_12,0.27587822922918137
mechanism_01|mechanism_02|mechanism_04|mechanism_05|mechanism_10|mechanism_11,0.2921427285755187
mechanism_01|mechanism_02|mechanism_04|mechanism_05|mechanism_10|mechanism_12,0.2890504973749961
mechanism_01|mechanism_02|mechanism_04|mechanism_05|mechanism_11|mechanism_12,0.28597777322269835
mechanism_01|mechanism_02|mechanism_04|mechanism_06|mechanism_07|mechanism_08,0.3121686694171596
mechanism_01|mechanism_02|mechanism_04|mechanism_06|mechanism_07|mechanism_09,0.3078904956982118
mechanism_01|mechanism_02|mechanism_04|mechanism_06|mechanism_07|mechanism_10,0.31973280330135156
mechanism_01|mechanism_02|mechanism_04|mechanism_06|mechanism_07|mechanism_11,0.3015347839974612
mechanism_01|mechanism_02|mechanism_04|mechanism_06|mechanism_07|mechanism_12,0.29838504638459934
mechanism_01|mechanism_02|mechanism_04|mechanism_06|mechanism_08|mechanism_09,0.3036450701761659
mechanism_01|mechanism_02|mechanism_04|mechanism_06|mechanism_08|mechanism_10,0.30048277233757253
mechanism_01|mechanism_02|mechanism_04|mechanism_06|mechanism_08|mechanism_11,0.2973393456552685
mechanism_01|mechanism_02|mechanism_04|mechanism_06|mechanism_08|mechanism_12,0.29421497216298875
mechanism_01|mechanism_02|mechanism_04|mechanism_06|mechanism_09|mechanism_10,0.29629576200022933
mechanism_01|mechanism_02|mechanism_04|mechanism_06|mechanism_09|mechanism_11,0.3036450701761659
mechanism_01|mechanism_02|mechanism_04|mechanism_06|mechanism_09|mechanism_12,0.2900790816655468
mechanism_01|mechanism_02|mechanism_04|mechanism_06|mechanism_10|mechanism_11,0.2900790816655468
mechanism_01|mechanism_02|mechanism_04|mechanism_06|mechanism_10|mechanism_12,0.2869998372477183
mechanism_01|mechanism_02|mechanism_04|mechanism_06|mechanism_11|mechanism_12,0.2839402061842902
mechanism_01|mechanism_02|mechanism_04|mechanism_07|mechanism_08|mechanism_09,0.2728917836588705
mechanism_01|mechanism_02|mechanism_04|mechanism_07|mechanism_08|mechanism_10,0.2839402061842902
mechanism_01|mechanism_02|mechanism_04|mechanism_07|mechanism_08|mechanism_11,0.2669798507611425
mechanism_01|mechanism_02|mechanism_04|mechanism_07|mechanism_08|mechanism_12,0.2640546060728515
mechanism_01|mechanism_02|mechanism_04|mechanism_07|mechanism_09|mechanism_10,0.2798914731995085
mechanism_01|mechanism_02|mechanism_04|mechanism_07|mechanism_09|mechanism_11,0.2728917836588705
mechanism_01|mechanism_02|mechanism_04|mechanism_07|mechanism_09|mechanism_12,0.2601863933303121
mechanism_01|mechanism_02|mechanism_04|mechanism_07|mechanism_10|mechanism_11,0.2738850187392209
mechanism_01|mechanism_02|mechanism_04|mechanism_07|mechanism_10|mechanism_12,0.27091207765069353
mechanism_01|mechanism_02|mechanism_04|mechanism_07|mechanism_11|mechanism_12,0.25445338587359734
mechanism_01|mechanism_02|mechanism_04|mechanism_08|mechanism_09|mechanism_10,0.27788039415064275
mechanism_01|mechanism_02|mechanism_04|mechanism_08|mechanism_09|mechanism_11,0.2689414213699951
mechanism_01|mechanism_02|mechanism_04|mechanism_08|mechanism_09|mechanism_12,0.25635510824373786
mechanism_01|mechanism_02|mechanism_04|mechanism_08|mechanism_10|mechanism_11,0.25635510824373786
mechanism_01|mechanism_02|mechanism_04|mechanism_08|mechanism_10|mechanism_12,0.25350601666233785
mechanism_01|mechanism_02|mechanism_04|mechanism_08|mechanism_11|mechanism_12,0.2506779155948202
mechanism_01|mechanism_02|mechanism_04|mechanism_09|mechanism_10|mechanism_11,0.2621158988083651
mechanism_01|mechanism_02|mechanism_04|mechanism_09|mechanism_10|mechanism_12,0.24973989440488245
mechanism_01|mechanism_02|mechanism_04|mechanism_09|mechanism_11|mechanism_12,0.25635510824373786
mechanism_01|mechanism_02|mechanism_04|mechanism_10|mechanism_11|mechanism_12,0.24416110090520296
mechanism_01|mechanism_02|mechanism_05|mechanism_06|mechanism_07|mechanism_08,0.30576365989196946
mechanism_01|mechanism_02|mechanism_05|mechanism_06|mechanism_07|mechanism_09,0.28495789429901025
mechanism_01|mechanism_02|mechanism_05|mechanism_06|mechanism_07|mechanism_10,0.31324327335609825
mechanism_01|mechanism_02|mechanism_05|mechanism_06|mechanism_07|mechanism_11,0.295254302001909
mechanism_01|mechanism_02|mechanism_05|mechanism_06|mechanism_07|mechanism_12,0.29214272857551865
mechanism_01|mechanism_02|mechanism_05|mechanism_06|mechanism_08|mechanism_09,0.2809003425836161
mechanism_01|mechanism_02|mechanism_05|mechanism_06|mechanism_08|mechanism_10,0.29421497216298875
mechanism_01|mechanism_02|mechanism_05|mechanism_06|mechanism_08|mechanism_11,0.2911098274338801
mechanism_01|mechanism_02|mechanism_05|mechanism_06|mechanism_08|mechanism_12,0.28802408058720647
mechanism_01|mechanism_02|mechanism_05|mechanism_06|mechanism_09|mechanism_10,0.2738850187392209
mechanism_01|mechanism_02|mechanism_05|mechanism_06|mechanism_09|mechanism_11,0.2809003425836161
mechanism_01|mechanism_02|mechanism_05|mechanism_06|mechanism_09|mechanism_12,0.2679594981583682
mechanism_01|mechanism_02|mechanism_05|mechanism_06|mechanism_10|mechanism_11,0.2839402061842902
mechanism_01|mechanism_02|mechanism_05|mechanism_06|mechanism_10|mechanism_12,0.2809003425836161
mechanism_01|mechanism_02|mechanism_05|mechanism_06|mechanism_11|mechanism_12,0.27788039415064275
mechanism_01|mechanism_02|mechanism_05|mechanism_07|mechanism_08|mechanism_09,0.2516182783929358
mechanism_01|mechanism_02|mechanism_05|mechanism_07|mechanism_08|mechanism_10,0.27788039415064275
mechanism_01|mechanism_02|mechanism_05|mechanism_07|mechanism_08|mechanism_11,0.26114999391575106
mechanism_01|mechanism_02|mechanism_05|mechanism_07|mechanism_08|mechanism_12,0.25826612006856875
mechanism_01|mechanism_02|mechanism_05|mechanism_07|mechanism_09|mechanism_10,0.25826612006856875
mechanism_01|mechanism_02|mechanism_05|mechanism_07|mechanism_09|mechanism_11,0.2516182783929358
mechanism_01|mechanism_02|mechanism_05|mechanism_07|mechanism_09|mechanism_12,0.23957699801126897
mechanism_01|mechanism_02|mechanism_05|mechanism_07|mechanism_10|mechanism_11,0.2679594981583682
mechanism_01|mechanism_02|mechanism_05|mechanism_07|mechanism_10|mechanism_12,0.2650274005334812
mechanism_01|mechanism_02|mechanism_05|mechanism_07|mechanism_11|mechanism_12,0.24880421776913866
mechanism_01|mechanism_02|mechanism_05|mechanism_08|mechanism_09|mechanism_10,0.25635510824373786
mechanism_01|mechanism_02|mechanism_05|mechanism_08|mechanism_09|mechanism_11,0.24787088856042985
mechanism_01|mechanism_02|mechanism_05|mechanism_08|mechanism_09|mechanism_12,0.235952400202534
mechanism_01|mechanism_02|mechanism_05|mechanism_08|mechanism_10|mechanism_11,0.2506779155948202
mechanism_01|mechanism_02|mechanism_05|mechanism_08|mechanism_10|mechanism_12,0.24787088856042985
mechanism_01|mechanism_02|mechanism_05|mechanism_08|mechanism_11|mechanism_12,0.24508501313237172
mechanism_01|mechanism_02|mechanism_05|mechanism_09|mechanism_10|mechanism_11,0.241403538121065
mechanism_01|mechanism_02|mechanism_05|mechanism_09|mechanism_10|mechanism_12,0.22970105095339813
mechanism_01|mechanism_02|mechanism_05|mechanism_09|mechanism_11|mechanism_12,0.235952400202534
mechanism_01|mechanism_02|mechanism_05|mechanism_10|mechanism_11|mechanism_12,0.23866728515708963
mechanism_01|mechanism_02|mechanism_06|mechanism_07|mechanism_08|mechanism_09,0.2869998372477183
mechanism_01|mechanism_02|mechanism_06|mechanism_07|mechanism_08|mechanism_10,0.29838504638459934
mechanism_01|mechanism_02|mechanism_06|mechanism_07|mechanism_08|mechanism_11,0.2809003425836161
mechanism_01|mechanism_02|mechanism_06|mechanism_07|mechanism_08|mechanism_12,0.27788039415064275
mechanism_01|mechanism_02|mechanism_06|mechanism_07|mechanism_09|mechanism_10,0.29421497216298875
mechanism_01|mechanism_02|mechanism_06|mechanism_07|mechanism_09|mechanism_11,0.2869998372477183
mechanism_01|mechanism_02|mechanism_06|mechanism_07|mechanism_09|mechanism_12,0.2738850187392209
mechanism_01|mechanism_02|mechanism_06|mechanism_07|mechanism_10|mechanism_11,0.2880240805872065
mechanism_01|mechanism_02|mechanism_06|mechanism_07|mechanism_10|mechanism_12,0.28495789429901025
mechanism_01|mechanism_02|mechanism_06|mechanism_07|mechanism_11|mechanism_12,0.2679594981583682
mechanism_01|mechanism_02|mechanism_06|mechanism_08|mechanism_09|mechanism_10,0.2921427285755187
mechanism_01|mechanism_02|mechanism_06|mechanism_08|mechanism_09|mechanism_11,0.2829247145070275
mechanism_01|mechanism_02|mechanism_06|mechanism_08|mechanism_09|mechanism_12,0.2699256160188812
mechanism_01|mechanism_02|mechanism_06|mechanism_08|mechanism_10|mechanism_11,0.2699256160188812
mechanism_01|mechanism_02|mechanism_06|mechanism_08|mechanism_10|mechanism_12,0.26697985076114245
mechanism_01|mechanism_02|mechanism_06|mechanism_08|mechanism_11|mechanism_12,0.2640546060728515
mechanism_01|mechanism_02|mechanism_06|mechanism_09|mechanism_10|mechanism_11,0.27587822922918137
mechanism_01|mechanism_02|mechanism_06|mechanism_09|mechanism_10|mechanism_12,0.2630841041665798
mechanism_01|mechanism_02|mechanism_06|mechanism_09|mechanism_11|mechanism_12,0.2699256160188812
mechanism_01|mechanism_02|mechanism_06|mechanism_10|mechanism_11|mechanism_12,0.25730945469731425
mechanism_01|mechanism_02|mechanism_07|mechanism_08|mechanism_09|mechanism_10,0.27587822922918137
mechanism_01|mechanism_02|mechanism_07|mechanism_08|mechanism_09|mechanism_11,0.2535060166623378
mechanism_01|mechanism_02|mechanism_07|mechanism_08|mechanism_09|mechanism_12,0.241403538121065
mechanism_01|mechanism_02|mechanism_07|mechanism_08|mechanism_10|mechanism_11,0.25445338587359734
mechanism_01|mechanism_02|mechanism_07|mechanism_08|mechanism_10|mechanism_12,0.2516182783929358
mechanism_01|mechanism_02|mechanism_07|mechanism_08|mechanism_11|mechanism_12,0.235952400202534
mechanism_01|mechanism_02|mechanism_07|mechanism_09|mechanism_10|mechanism_11,0.2601863933303121
mechanism_01|mechanism_02|mechanism_07|mechanism_09|mechanism_10|mechanism_12,0.24787088856042985
mechanism_01|mechanism_02|mechanism_07|mechanism_09|mechanism_11|mechanism_12,0.241403538121065
mechanism_01|mechanism_02|mechanism_07|mechanism_10|mechanism_11|mechanism_12,0.24232036099629511
mechanism_01|mechanism_02|mechanism_08|mechanism_09|mechanism_10|mechanism_11,0.2582661200685688
mechanism_01|mechanism_02|mechanism_08|mechanism_09|mechanism_10|mechanism_12,0.246011283551052
mechanism_01|mechanism_02|mechanism_08|mechanism_09|mechanism_11|mechanism_12,0.23775994657289076
mechanism_01|mechanism_02|mechanism_08|mechanism_10|mechanism_11|mechanism_12,0.2261814257305462
mechanism_01|mechanism_02|mechanism_09|mechanism_10|mechanism_11|mechanism_12,0.23147521650098232
mechanism_01|mechanism_03|mechanism_04|mechanism_05|mechanism_06|mechanism_07,0.36123682485115804
mechanism_01|mechanism_03|mechanism_04|mechanism_05|mechanism_06|mechanism_08,0.3295988401911314
mechanism_01|mechanism_03|mechanism_04|mechanism_05|mechanism_06|mechanism_09,0.3340330732481797
mechanism_01|mechanism_03|mechanism_04|mechanism_05|mechanism_06|mechanism_10,0.34864513533394575
mechanism_01|mechanism_03|mechanism_04|mechanism_05|mechanism_06|mechanism_11,0.3452465393936808
mechanism_01|mechanism_03|mechanism_04|mechanism_05|mechanism_06|mechanism_12,0.3418636849519819
mechanism_01|mechanism_03|mechanism_04|mechanism_05|mechanism_07|mechanism_08,0.31864626621097447
mechanism_01|mechanism_03|mechanism_04|mechanism_05|mechanism_07|mechanism_09,0.323004143761477
mechanism_01|mechanism_03|mechanism_04|mechanism_05|mechanism_07|mechanism_10,0.35320060744201437
mechanism_01|mechanism_03|mechanism_04|mechanism_05|mechanism_07|mechanism_11,0.33403307324817977
mechanism_01|mechanism_03|mechanism_04|mechanism_05|mechanism_07|mechanism_12,0.33070459722255396
mechanism_01|mechanism_03|mechanism_04|mechanism_05|mechanism_08|mechanism_09,0.29317777890643243
mechanism_01|mechanism_03|mechanism_04|mechanism_05|mechanism_08|mechanism_10,0.3068260506740499
mechanism_01|mechanism_03|mechanism_04|mechanism_05|mechanism_08|mechanism_11,0.3036450701761659
mechanism_01|mechanism_03|mechanism_04|mechanism_05|mechanism_08|mechanism_12,0.30048277233757253
mechanism_01|mechanism_03|mechanism_04|mechanism_05|mechanism_09|mechanism_10,0.3110960820230454
mechanism_01|mechanism_03|mechanism_04|mechanism_05|mechanism_09|mechanism_11,0.31864626621097447
mechanism_01|mechanism_03|mechanism_04|mechanism_05|mechanism_09|mechanism_12,0.3047033306524346
mechanism_01|mechanism_03|mechanism_04|mechanism_05|mechanism_10|mechanism_11,0.3219117504483725
mechanism_01|mechanism_03|mechanism_04|mechanism_05|mechanism_10|mechanism_12,0.31864626621097447
mechanism_01|mechanism_03|mechanism_04|mechanism_05|mechanism_11|mechanism_12,0.31539849967656924
mechanism_01|mechanism_03|mechanism_04|mechanism_06|mechanism_07|mechanism_08,0.31647910626368436
mechanism_01|mechanism_03|mechanism_04|mechanism_06|mechanism_07|mechanism_09,0.3384968407970476
mechanism_01|mechanism_03|mechanism_04|mechanism_06|mechanism_07|mechanism_10,0.3509194757554267
mechanism_01|mechanism_03|mechanism_04|mechanism_06|mechanism_07|mechanism_11,0.33181222783183395
mechanism_01|mechanism_03|mechanism_04|mechanism_06|mechanism_07|mechanism_12,0.3284949657745942
mechanism_01|mechanism_03|mechanism_04|mechanism_06|mechanism_08|mechanism_09,0.3078904956982119
mechanism_01|mechanism_03|mechanism_04|mechanism_06|mechanism_08|mechanism_10,0.3047033306524346
mechanism_01|mechanism_03|mechanism_04|mechanism_06|mechanism_08|mechanism_11,0.30153478399746125
mechanism_01|mechanism_03|mechanism_04|mechanism_06|mechanism_08|mechanism_12,0.29838504638459934
mechanism_01|mechanism_03|mechanism_04|mechanism_06|mechanism_09|mechanism_10,0.3262929005454786
mechanism_01|mechanism_03|mechanism_04|mechanism_06|mechanism_09|mechanism_11,0.3340330732481797
mechanism_01|mechanism_03|mechanism_04|mechanism_06|mechanism_09|mechanism_12,0.31973280330135156
mechanism_01|mechanism_03|mechanism_04|mechanism_06|mechanism_10|mechanism_11,0.31973280330135156
mechanism_01|mechanism_03|mechanism_04|mechanism_06|mechanism_10|mechanism_12,0.3164791062636844
mechanism_01|mechanism_03|mechanism_04|mechanism_06|mechanism_11|mechanism_12,0.31324327335609825
mechanism_01|mechanism_03|mechanism_04|mechanism_07|mechanism_08|mechanism_09,0.2768781948756102
mechanism_01|mechanism_03|mechanism_04|mechanism_07|mechanism_08|mechanism_10,0.28802408058720647
mechanism_01|mechanism_03|mechanism_04|mechanism_07|mechanism_08|mechanism_11,0.27091207765069353
mechanism_01|mechanism_03|mechanism_04|mechanism_07|mechanism_08|mechanism_12,0.2679594981583682
mechanism_01|mechanism_03|mechanism_04|mechanism_07|mechanism_09|mechanism_10,0.30895698758427714
mechanism_01|mechanism_03|mechanism_04|mechanism_07|mechanism_09|mechanism_11,0.30153478399746125
mechanism_01|mechanism_03|mechanism_04|mechanism_07|mechanism_09|mechanism_12,0.2880240805872065
mechanism_01|mechanism_03|mechanism_04|mechanism_07|mechanism_10|mechanism_11,0.30258888560411773
mechanism_01|mechanism_03|mechanism_04|mechanism_07|mechanism_10|mechanism_12,0.29943285752602705
mechanism_01|mechanism_03|mechanism_04|mechanism_07|mechanism_11|mechanism_12,0.2819114248166502
mechanism_01|mechanism_03|mechanism_04|mechanism_08|mechanism_09|mechanism_10,0.28191142481665016
mechanism_01|mechanism_03|mechanism_04|mechanism_08|mechanism_09|mechanism_11,0.2728917836588705
mechanism_01|mechanism_03|mechanism_04|mechanism_08|mechanism_09|mechanism_12,0.2601863933303121
mechanism_01|mechanism_03|mechanism_04|mechanism_08|mechanism_10|mechanism_11,0.2601863933303121
mechanism_01|mechanism_03|mechanism_04|mechanism_08|mechanism_10|mechanism_12,0.2573094546973142
mechanism_01|mechanism_03|mechanism_04|mechanism_08|mechanism_11|mechanism_12,0.25445338587359734
mechanism_01|mechanism_03|mechanism_04|mechanism_09|mechanism_10|mechanism_11,0.2900790816655468
mechanism_01|mechanism_03|mechanism_04|mechanism_09|mechanism_10|mechanism_12,0.27687819487561016
mechanism_01|mechanism_03|mechanism_04|mechanism_09|mechanism_11|mechanism_12,0.2839402061842902
mechanism_01|mechanism_03|mechanism_04|mechanism_10|mechanism_11|mechanism_12,0.27091207765069353
mechanism_01|mechanism_03|mechanism_05|mechanism_06|mechanism_07|mechanism_08,0.3100255188723876
mechanism_01|mechanism_03|mechanism_05|mechanism_06|mechanism_07|mechanism_09,0.3143198860617462
mechanism_01|mechanism_03|mechanism_05|mechanism_06|mechanism_07|mechanism_10,0.3441171587921863
mechanism_01|mechanism_03|mechanism_05|mechanism_06|mechanism_07|mechanism_11,0.3251947274176865
mechanism_01|mechanism_03|mechanism_05|mechanism_06|mechanism_07|mechanism_12,0.3219117504483725
mechanism_01|mechanism_03|mechanism_05|mechanism_06|mechanism_08|mechanism_09,0.2849578942990103
mechanism_01|mechanism_03|mechanism_05|mechanism_06|mechanism_08|mechanism_10,0.29838504638459934
mechanism_01|mechanism_03|mechanism_05|mechanism_06|mechanism_08|mechanism_11,0.295254302001909
mechanism_01|mechanism_03|mechanism_05|mechanism_06|mechanism_08|mechanism_12,0.29214272857551865
mechanism_01|mechanism_03|mechanism_05|mechanism_06|mechanism_09|mechanism_10,0.30258888560411773
mechanism_01|mechanism_03|mechanism_05|mechanism_06|mechanism_09|mechanism_11,0.31002551887238755
mechanism_01|mechanism_03|mechanism_05|mechanism_06|mechanism_09|mechanism_12,0.2962957620002294
mechanism_01|mechanism_03|mechanism_05|mechanism_06|mechanism_10|mechanism_11,0.31324327335609825
mechanism_01|mechanism_03|mechanism_05|mechanism_06|mechanism_10|mechanism_12,0.31002551887238755
mechanism_01|mechanism_03|mechanism_05|mechanism_06|mechanism_11|mechanism_12,0.3068260506740499
mechanism_01|mechanism_03|mechanism_05|mechanism_07|mechanism_08|mechanism_09,0.25540308417252405
mechanism_01|mechanism_03|mechanism_05|mechanism_07|mechanism_08|mechanism_10,0.28191142481665016
mechanism_01|mechanism_03|mechanism_05|mechanism_07|mechanism_08|mechanism_11,0.2650274005334812
mechanism_01|mechanism_03|mechanism_05|mechanism_07|mechanism_08|mechanism_12,0.26211589880836517
mechanism_01|mechanism_03|mechanism_05|mechanism_07|mechanism_09|mechanism_10,0.28597777322269835
mechanism_01|mechanism_03|mechanism_05|mechanism_07|mechanism_09|mechanism_11,0.27888482197713693
mechanism_01|mechanism_03|mechanism_05|mechanism_07|mechanism_09|mechanism_12,0.26600248347843036
mechanism_01|mechanism_03|mechanism_05|mechanism_07|mechanism_10|mechanism_11,0.29629576200022933
mechanism_01|mechanism_03|mechanism_05|mechanism_07|mechanism_10|mechanism_12,0.29317777890643243
mechanism_01|mechanism_03|mechanism_05|mechanism_07|mechanism_11|mechanism_12,0.27587822922918137
mechanism_01|mechanism_03|mechanism_05|mechanism_08|mechanism_09|mechanism_10,0.2601863933303121
mechanism_01|mechanism_03|mechanism_05|mechanism_08|mechanism_09|mechanism_11,0.2516182783929358
mechanism_01|mechanism_03|mechanism_05|mechanism_08|mechanism_09|mechanism_12,0.23957699801126897
mechanism_01|mechanism_03|mechanism_05|mechanism_08|mechanism_10|mechanism_11,0.25445338587359734
mechanism_01|mechanism_03|mechanism_05|mechanism_08|mechanism_10|mechanism_12,0.2516182783929358
mechanism_01|mechanism_03|mechanism_05|mechanism_08|mechanism_11|mechanism_12,0.24880421776913866
mechanism_01|mechanism_03|mechanism_05|mechanism_09|mechanism_10|mechanism_11,0.2679594981583682
mechanism_01|mechanism_03|mechanism_05|mechanism_09|mechanism_10|mechanism_12,0.25540308417252405
mechanism_01|mechanism_03|mechanism_05|mechanism_09|mechanism_11|mechanism_12,0.26211589880836517
mechanism_01|mechanism_03|mechanism_05|mechanism_10|mechanism_11|mechanism_12,0.2650274005334812
mechanism_01|mechanism_03|mechanism_06|mechanism_07|mechanism_08|mechanism_09,0.2911098274338801
mechanism_01|mechanism_03|mechanism_06|mechanism_07|mechanism_08|mechanism_10,0.30258888560411773
mechanism_01|mechanism_03|mechanism_06|mechanism_07|mechanism_08|mechanism_11,0.28495789429901025
mechanism_01|mechanism_03|mechanism_06|mechanism_07|mechanism_08|mechanism_12,0.2819114248166502
mechanism_01|mechanism_03|mechanism_06|mechanism_07|mechanism_09|mechanism_10,0.3240984722740593
mechanism_01|mechanism_03|mechanism_06|mechanism_07|mechanism_09|mechanism_11,0.31647910626368436
mechanism_01|mechanism_03|mechanism_06|mechanism_07|mechanism_09|mechanism_12,0.30258888560411773
mechanism_01|mechanism_03|mechanism_06|mechanism_07|mechanism_10|mechanism_11,0.3175616978069353
mechanism_01|mechanism_03|mechanism_06|mechanism_07|mechanism_10|mechanism_12,0.31431988606174616
mechanism_01|mechanism_03|mechanism_06|mechanism_07|mechanism_11|mechanism_12,0.2962957620002294
mechanism_01|mechanism_03|mechanism_06|mechanism_08|mechanism_09|mechanism_10,0.29629576200022933
mechanism_01|mechanism_03|mechanism_06|mechanism_08|mechanism_09|mechanism_11,0.2869998372477183
mechanism_01|mechanism_03|mechanism_06|mechanism_08|mechanism_09|mechanism_12,0.2738850187392209
mechanism_01|mechanism_03|mechanism_06|mechanism_08|mechanism_10|mechanism_11,0.2738850187392209
mechanism_01|mechanism_03|mechanism_06|mechanism_08|mechanism_10|mechanism_12,0.27091207765069353
mechanism_01|mechanism_03|mechanism_06|mechanism_08|mechanism_11|mechanism_12,0.2679594981583682
mechanism_01|mechanism_03|mechanism_06|mechanism_09|mechanism_10|mechanism_11,0.3047033306524346
mechanism_01|mechanism_03|mechanism_06|mechanism_09|mechanism_10|mechanism_12,0.2911098274338801
mechanism_01|mechanism_03|mechanism_06|mechanism_09|mechanism_11|mechanism_12,0.29838504638459934
mechanism_01|mechanism_03|mechanism_06|mechanism_10|mechanism_11|mechanism_12,0.2849578942990103
mechanism_01|mechanism_03|mechanism_07|mechanism_08|mechanism_09|mechanism_10,0.2798914731995085
mechanism_01|mechanism_03|mechanism_07|mechanism_08|mechanism_09|mechanism_11,0.25730945469731425
mechanism_01|mechanism_03|mechanism_07|mechanism_08|mechanism_09|mechanism_12,0.24508501313237172
mechanism_01|mechanism_03|mechanism_07|mechanism_08|mechanism_10|mechanism_11,0.25826612006856875
mechanism_01|mechanism_03|mechanism_07|mechanism_08|mechanism_10|mechanism_12,0.25540308417252405
mechanism_01|mechanism_03|mechanism_07|mechanism_08|mechanism_11|mechanism_12,0.23957699801126897
mechanism_01|mechanism_03|mechanism_07|mechanism_09|mechanism_10|mechanism_11,0.2880240805872065
mechanism_01|mechanism_03|mechanism_07|mechanism_09|mechanism_10|mechanism_12,0.2748805022101769
mechanism_01|mechanism_03|mechanism_07|mechanism_09|mechanism_11|mechanism_12,0.2679594981583682
mechanism_01|mechanism_03|mechanism_07|mechanism_10|mechanism_11|mechanism_12,0.26894142136999516
mechanism_01|mechanism_03|mechanism_08|mechanism_09|mechanism_10|mechanism_11,0.26211589880836517
mechanism_01|mechanism_03|mechanism_08|mechanism_09|mechanism_10|mechanism_12,0.24973989440488234
mechanism_01|mechanism_03|mechanism_08|mechanism_09|mechanism_11|mechanism_12,0.241403538121065
mechanism_01|mechanism_03|mechanism_08|mechanism_10|mechanism_11|mechanism_12,0.22970105095339813
mechanism_01|mechanism_03|mechanism_09|mechanism_10|mechanism_11|mechanism_12,0.25730945469731425
mechanism_01|mechanism_04|mechanism_05|mechanism_06|mechanism_07|mechanism_08,0.32739298293223956
mechanism_01|mechanism_04|mechanism_05|mechanism_06|mechanism_07|mechanism_09,0.3057636598919695
mechanism_01|mechanism_04|mechanism_05|mechanism_06|mechanism_07|mechanism_10,0.3351462695940264
mechanism_01|mechanism_04|mechanism_05|mechanism_06|mechanism_07|mechanism_11,0.3164791062636844
mechanism_01|mechanism_04|mechanism_05|mechanism_06|mechanism_07|mechanism_12,0.31324327335609825
mechanism_01|mechanism_04|mechanism_05|mechanism_06|mechanism_08|mechanism_09,0.30153478399746125
mechanism_01|mechanism_04|mechanism_05|mechanism_06|mechanism_08|mechanism_10,0.3153984996765693
mechanism_01|mechanism_04|mechanism_05|mechanism_06|mechanism_08|mechanism_11,0.31216866941715965
mechanism_01|mechanism_04|mechanism_05|mechanism_06|mechanism_08|mechanism_12,0.30895698758427714
mechanism_01|mechanism_04|mechanism_05|mechanism_06|mechanism_09|mechanism_10,0.2942149721629888
mechanism_01|mechanism_04|mechanism_05|mechanism_06|mechanism_09|mechanism_11,0.30153478399746125
mechanism_01|mechanism_04|mechanism_05|mechanism_06|mechanism_09|mechanism_12,0.2880240805872065
mechanism_01|mechanism_04|mechanism_05|mechanism_06|mechanism_10|mechanism_11,0.30470333065243466
mechanism_01|mechanism_04|mechanism_05|mechanism_06|mechanism_10|mechanism_12,0.30153478399746125
mechanism_01|mechanism_04|mechanism_05|mechanism_06|mechanism_11|mechanism_12,0.29838504638459934
mechanism_01|mechanism_04|mechanism_05|mechanism_07|mechanism_08|mechanism_09,0.2911098274338801
mechanism_01|mechanism_04|mechanism_05|mechanism_07|mechanism_08|mechanism_10,0.31973280330135156
mechanism_01|mechanism_04|mechanism_05|mechanism_07|mechanism_08|mechanism_11,0.30153478399746125
mechanism_01|mechanism_04|mechanism_05|mechanism_07|mechanism_08|mechanism_12,0.29838504638459934
mechanism_01|mechanism_04|mechanism_05|mechanism_07|mechanism_09|mechanism_10,0.29838504638459934
mechanism_01|mechanism_04|mechanism_05|mechanism_07|mechanism_09|mechanism_11,0.2911098274338801
mechanism_01|mechanism_04|mechanism_05|mechanism_07|mechanism_09|mechanism_12,0.27788039415064275
mechanism_01|mechanism_04|mechanism_05|mechanism_07|mechanism_10|mechanism_11,0.30895698758427714
mechanism_01|mechanism_04|mechanism_05|mechanism_07|mechanism_10|mechanism_12,0.3057636598919695
mechanism_01|mechanism_04|mechanism_05|mechanism_07|mechanism_11|mechanism_12,0.2880240805872065
mechanism_01|mechanism_04|mechanism_05|mechanism_08|mechanism_09|mechanism_10,0.2962957620002294
mechanism_01|mechanism_04|mechanism_05|mechanism_08|mechanism_09|mechanism_11,0.2869998372477183
mechanism_01|mechanism_04|mechanism_05|mechanism_08|mechanism_09|mechanism_12,0.2738850187392209
mechanism_01|mechanism_04|mechanism_05|mechanism_08|mechanism_10|mechanism_11,0.2900790816655468
mechanism_01|mechanism_04|mechanism_05|mechanism_08|mechanism_10|mechanism_12,0.2869998372477183
mechanism_01|mechanism_04|mechanism_05|mechanism_08|mechanism_11|mechanism_12,0.2839402061842902
mechanism_01|mechanism_04|mechanism_05|mechanism_09|mechanism_10|mechanism_11,0.2798914731995085
mechanism_01|mechanism_04|mechanism_05|mechanism_09|mechanism_10|mechanism_12,0.26697985076114245
mechanism_01|mechanism_04|mechanism_05|mechanism_09|mechanism_11|mechanism_12,0.2738850187392209
mechanism_01|mechanism_04|mechanism_05|mechanism_10|mechanism_11|mechanism_12,0.2768781948756102
mechanism_01|mechanism_04|mechanism_06|mechanism_07|mechanism_08|mechanism_09,0.3057636598919695
mechanism_01|mechanism_04|mechanism_06|mechanism_07|mechanism_08|mechanism_10,0.3175616978069353
mechanism_01|mechanism_04|mechanism_06|mechanism_07|mechanism_08|mechanism_11,0.29943285752602705
mechanism_01|mechanism_04|mechanism_06|mechanism_07|mechanism_08|mechanism_12,0.2962957620002294
mechanism_01|mechanism_04|mechanism_06|mechanism_07|mechanism_09|mechanism_10,0.31324327335609825
mechanism_01|mechanism_04|mechanism_06|mechanism_07|mechanism_09|mechanism_11,0.3057636598919695
mechanism_01|mechanism_04|mechanism_06|mechanism_07|mechanism_09|mechanism_12,0.2921427285755187
mechanism_01|mechanism_04|mechanism_06|mechanism_07|mechanism_10|mechanism_11,0.3068260506740499
mechanism_01|mechanism_04|mechanism_06|mechanism_07|mechanism_10|mechanism_12,0.3036450701761659
mechanism_01|mechanism_04|mechanism_06|mechanism_07|mechanism_11|mechanism_12,0.28597777322269835
mechanism_01|mechanism_04|mechanism_06|mechanism_08|mechanism_09|mechanism_10,0.3110960820230454
mechanism_01|mechanism_04|mechanism_06|mechanism_08|mechanism_09|mechanism_11,0.3015347839974612
mechanism_01|mechanism_04|mechanism_06|mechanism_08|mechanism_09|mechanism_12,0.2880240805872065
mechanism_01|mechanism_04|mechanism_06|mechanism_08|mechanism_10|mechanism_11,0.2880240805872065
mechanism_01|mechanism_04|mechanism_06|mechanism_08|mechanism_10|mechanism_12,0.2849578942990103
mechanism_01|mechanism_04|mechanism_06|mechanism_08|mechanism_11|mechanism_12,0.2819114248166502
mechanism_01|mechanism_04|mechanism_06|mechanism_09|mechanism_10|mechanism_11,0.29421497216298875
mechanism_01|mechanism_04|mechanism_06|mechanism_09|mechanism_10|mechanism_12,0.2809003425836161
mechanism_01|mechanism_04|mechanism_06|mechanism_09|mechanism_11|mechanism_12,0.28802408058720647
mechanism_01|mechanism_04|mechanism_06|mechanism_10|mechanism_11|mechanism_12,0.27488050221017696
mechanism_01|mechanism_04|mechanism_07|mechanism_08|mechanism_09|mechanism_10,0.2942149721629888
mechanism_01|mechanism_04|mechanism_07|mechanism_08|mechanism_09|mechanism_11,0.27091207765069353
mechanism_01|mechanism_04|mechanism_07|mechanism_08|mechanism_09|mechanism_12,0.25826612006856875
mechanism_01|mechanism_04|mechanism_07|mechanism_08|mechanism_10|mechanism_11,0.27190080173375075
mechanism_01|mechanism_04|mechanism_07|mechanism_08|mechanism_10|mechanism_12,0.26894142136999516
mechanism_01|mechanism_04|mechanism_07|mechanism_08|mechanism_11|mechanism_12,0.2525609797798001
mechanism_01|mechanism_04|mechanism_07|mechanism_09|mechanism_10|mechanism_11,0.27788039415064275
mechanism_01|mechanism_04|mechanism_07|mechanism_09|mechanism_10|mechanism_12,0.2650274005334812
mechanism_01|mechanism_04|mechanism_07|mechanism_09|mechanism_11|mechanism_12,0.25826612006856875
mechanism_01|mechanism_04|mechanism_07|mechanism_10|mechanism_11|mechanism_12,0.25922510081784605
mechanism_01|mechanism_04|mechanism_08|mechanism_09|mechanism_10|mechanism_11,0.27587822922918137
mechanism_01|mechanism_04|mechanism_08|mechanism_09|mechanism_10|mechanism_12,0.2630841041665798
mechanism_01|mechanism_04|mechanism_08|mechanism_09|mechanism_11|mechanism_12,0.25445338587359734
mechanism_01|mechanism_04|mechanism_08|mechanism_10|mechanism_11|mechanism_12,0.24232036099629517
mechanism_01|mechanism_04|mechanism_09|mechanism_10|mechanism_11|mechanism_12,0.24787088856042985
mechanism_01|mechanism_05|mechanism_06|mechanism_07|mechanism_08|mechanism_09,0.2829247145070275
mechanism_01|mechanism_05|mechanism_06|mechanism_07|mechanism_08|mechanism_10,0.3110960820230454
mechanism_01|mechanism_05|mechanism_06|mechanism_07|mechanism_08|mechanism_11,0.2931777789064325
mechanism_01|mechanism_05|mechanism_06|mechanism_07|mechanism_08|mechanism_12,0.2900790816655468
mechanism_01|mechanism_05|mechanism_06|mechanism_07|mechanism_09|mechanism_10,0.2900790816655468
mechanism_01|mechanism_05|mechanism_06|mechanism_07|mechanism_09|mechanism_11,0.2829247145070275
mechanism_01|mechanism_05|mechanism_06|mechanism_07|mechanism_09|mechanism_12,0.2699256160188812
mechanism_01|mechanism_05|mechanism_06|mechanism_07|mechanism_10|mechanism_11,0.30048277233757253
mechanism_01|mechanism_05|mechanism_06|mechanism_07|mechanism_10|mechanism_12,0.2973393456552685
mechanism_01|mechanism_05|mechanism_06|mechanism_07|mechanism_11|mechanism_12,0.2798914731995085
mechanism_01|mechanism_05|mechanism_06|mechanism_08|mechanism_09|mechanism_10,0.2880240805872065
mechanism_01|mechanism_05|mechanism_06|mechanism_08|mechanism_09|mechanism_11,0.27888482197713693
mechanism_01|mechanism_05|mechanism_06|mechanism_08|mechanism_09|mechanism_12,0.26600248347843036
mechanism_01|mechanism_05|mechanism_06|mechanism_08|mechanism_10|mechanism_11,0.2819114248166502
mechanism_01|mechanism_05|mechanism_06|mechanism_08|mechanism_10|mechanism_12,0.2788848219771369
mechanism_01|mechanism_05|mechanism_06|mechanism_08|mechanism_11|mechanism_12,0.27587822922918137
mechanism_01|mechanism_05|mechanism_06|mechanism_09|mechanism_10|mechanism_11,0.27190080173375075
mechanism_01|mechanism_05|mechanism_06|mechanism_09|mechanism_10|mechanism_12,0.25922510081784605
mechanism_01|mechanism_05|mechanism_06|mechanism_09|mechanism_11|mechanism_12,0.26600248347843036
mechanism_01|mechanism_05|mechanism_06|mechanism_10|mechanism_11|mechanism_12,0.2689414213699951
mechanism_01|mechanism_05|mechanism_07|mechanism_08|mechanism_09|mechanism_10,0.27190080173375075
mechanism_01|mechanism_05|mechanism_07|mechanism_08|mechanism_09|mechanism_11,0.24973989440488245
mechanism_01|mechanism_05|mechanism_07|mechanism_08|mechanism_09|mechanism_12,0.23775994657289076
mechanism_01|mechanism_05|mechanism_07|mechanism_08|mechanism_10|mechanism_11,0.26600248347843036
mechanism_01|mechanism_05|mechanism_07|mechanism_08|mechanism_10|mechanism_12,0.2630841041665798
mechanism_01|mechanism_05|mechanism_07|mechanism_08|mechanism_11|mechanism_12,0.2469399095786624
mechanism_01|mechanism_05|mechanism_07|mechanism_09|mechanism_10|mechanism_11,0.25635510824373786
mechanism_01|mechanism_05|mechanism_07|mechanism_09|mechanism_10|mechanism_12,0.24416110090520296
mechanism_01|mechanism_05|mechanism_07|mechanism_09|mechanism_11|mechanism_12,0.23775994657289082
mechanism_01|mechanism_05|mechanism_07|mechanism_10|mechanism_11|mechanism_12,0.25350601666233785
mechanism_01|mechanism_05|mechanism_08|mechanism_09|mechanism_10|mechanism_11,0.25445338587359734
mechanism_01|mechanism_05|mechanism_08|mechanism_09|mechanism_10|mechanism_12,0.24232036099629517
mechanism_01|mechanism_05|mechanism_08|mechanism_09|mechanism_11|mechanism_12,0.23415437418020293
mechanism_01|mechanism_05|mechanism_08|mechanism_10|mechanism_11|mechanism_12,0.23685498427314458
mechanism_01|mechanism_05|mechanism_09|mechanism_10|mechanism_11|mechanism_12,0.22793645057321624
mechanism_01|mechanism_06|mechanism_07|mechanism_08|mechanism_09|mechanism_10,0.30895698758427714
mechanism_01|mechanism_06|mechanism_07|mechanism_08|mechanism_09|mechanism_11,0.28495789429901025
mechanism_01|mechanism_06|mechanism_07|mechanism_08|mechanism_09|mechanism_12,0.2719008017337508
mechanism_01|mechanism_06|mechanism_07|mechanism_08|mechanism_10|mechanism_11,0.2859777732226984
mechanism_01|mechanism_06|mechanism_07|mechanism_08|mechanism_10|mechanism_12,0.2829247145070275
mechanism_01|mechanism_06|mechanism_07|mechanism_08|mechanism_11|mechanism_12,0.2660024834784303
mechanism_01|mechanism_06|mechanism_07|mechanism_09|mechanism_10|mechanism_11,0.2921427285755187
mechanism_01|mechanism_06|mechanism_07|mechanism_09|mechanism_10|mechanism_12,0.27888482197713693
mechanism_01|mechanism_06|mechanism_07|mechanism_09|mechanism_11|mechanism_12,0.2719008017337507
mechanism_01|mechanism_06|mechanism_07|mechanism_10|mechanism_11|mechanism_12,0.2728917836588705
mechanism_01|mechanism_06|mechanism_08|mechanism_09|mechanism_10|mechanism_11,0.2900790816655468
mechanism_01|mechanism_06|mechanism_08|mechanism_09|mechanism_10|mechanism_12,0.27687819487561016
mechanism_01|mechanism_06|mechanism_08|mechanism_09|mechanism_11|mechanism_12,0.2679594981583682
mechanism_01|mechanism_06|mechanism_08|mechanism_10|mechanism_11|mechanism_12,0.25540308417252405
mechanism_01|mechanism_06|mechanism_09|mechanism_10|mechanism_11|mechanism_12,0.26114999391575106
mechanism_01|mechanism_07|mechanism_08|mechanism_09|mechanism_10|mechanism_11,0.2738850187392209
mechanism_01|mechanism_07|mechanism_08|mechanism_09|mechanism_10|mechanism_12,0.26114999391575106
mechanism_01|mechanism_07|mechanism_08|mechanism_09|mechanism_11|mechanism_12,0.23957699801126897
mechanism_01|mechanism_07|mechanism_08|mechanism_10|mechanism_11|mechanism_12,0.24048908305088898
mechanism_01|mechanism_07|mechanism_09|mechanism_10|mechanism_11|mechanism_12,0.246011283551052
mechanism_01|mechanism_08|mechanism_09|mechanism_10|mechanism_11|mechanism_12,0.244161100905203
mechanism_02|mechanism_03|mechanism_04|mechanism_05|mechanism_06|mechanism_07,0.35205919791934975
mechanism_02|mechanism_03|mechanism_04|mechanism_05|mechanism_06|mechanism_08,0.3208213008246071
mechanism_02|mechanism_03|mechanism_04|mechanism_05|mechanism_06|mechanism_09,0.3251947274176865
mechanism_02|mechanism_03|mechanism_04|mechanism_05|mechanism_06|mechanism_10,0.33961732692078395
mechanism_02|mechanism_03|mechanism_04|mechanism_05|mechanism_06|mechanism_11,0.33626130259564735
mechanism_02|mechanism_03|mechanism_04|mechanism_05|mechanism_06|mechanism_12,0.3329217229043748
mechanism_02|mechanism_03|mechanism_04|mechanism_05|mechanism_07|mechanism_08,0.3384968407970476
mechanism_02|mechanism_03|mechanism_04|mechanism_05|mechanism_07|mechanism_09,0.3429895373265012
mechanism_02|mechanism_03|mechanism_04|mechanism_05|mechanism_07|mechanism_10,0.37402214223339625
mechanism_02|mechanism_03|mechanism_04|mechanism_05|mechanism_07|mechanism_11,0.3543436937742046
mechanism_02|mechanism_03|mechanism_04|mechanism_05|mechanism_07|mechanism_12,0.3509194757554267
mechanism_02|mechanism_03|mechanism_04|mechanism_05|mechanism_08|mechanism_09,0.31216866941715965
mechanism_02|mechanism_03|mechanism_04|mechanism_05|mechanism_08|mechanism_10,0.3262929005454786
mechanism_02|mechanism_03|mechanism_04|mechanism_05|mechanism_08|mechanism_11,0.323004143761477
mechanism_02|mechanism_03|mechanism_04|mechanism_05|mechanism_08|mechanism_12,0.31973280330135156
mechanism_02|mechanism_03|mechanism_04|mechanism_05|mechanism_09|mechanism_10,0.3307045972225539
mechanism_02|mechanism_03|mechanism_04|mechanism_05|mechanism_09|mechanism_11,0.3384968407970476
mechanism_02|mechanism_03|mechanism_04|mechanism_05|mechanism_09|mechanism_12,0.3240984722740593
mechanism_02|mechanism_03|mechanism_04|mechanism_05|mechanism_10|mechanism_11,0.3418636849519819
mechanism_02|mechanism_03|mechanism_04|mechanism_05|mechanism_10|mechanism_12,0.3384968407970476
mechanism_02|mechanism_03|mechanism_04|mechanism_05|mechanism_11|mechanism_12,0.3351462695940264
mechanism_02|mechanism_03|mechanism_04|mechanism_06|mechanism_07|mechanism_08,0.3078904956982119
mechanism_02|mechanism_03|mechanism_04|mechanism_06|mechanism_07|mechanism_09,0.32959884019113145
mechanism_02|mechanism_03|mechanism_04|mechanism_06|mechanism_07|mechanism_10,0.3418636849519819
mechanism_02|mechanism_03|mechanism_04|mechanism_06|mechanism_07|mechanism_11,0.323004143761477
mechanism_02|mechanism_03|mechanism_04|mechanism_06|mechanism_07|mechanism_12,0.31973280330135156
mechanism_02|mechanism_03|mechanism_04|mechanism_06|mechanism_08|mechanism_09,0.29943285752602705
mechanism_02|mechanism_03|mechanism_04|mechanism_06|mechanism_08|mechanism_10,0.2962957620002294
mechanism_02|mechanism_03|mechanism_04|mechanism_06|mechanism_08|mechanism_11,0.29317777890643243
mechanism_02|mechanism_03|mechanism_04|mechanism_06|mechanism_08|mechanism_12,0.2900790816655468
mechanism_02|mechanism_03|mechanism_04|mechanism_06|mechanism_09|mechanism_10,0.3175616978069353
mechanism_02|mechanism_03|mechanism_04|mechanism_06|mechanism_09|mechanism_11,0.3251947274176865
mechanism_02|mechanism_03|mechanism_04|mechanism_06|mechanism_09|mechanism_12,0.3110960820230454
mechanism_02|mechanism_03|mechanism_04|mechanism_06|mechanism_10|mechanism_11,0.3110960820230454
mechanism_02|mechanism_03|mechanism_04|mechanism_06|mechanism_10|mechanism_12,0.30789049569821186
mechanism_02|mechanism_03|mechanism_04|mechanism_06|mechanism_11|mechanism_12,0.30470333065243466
mechanism_02|mechanism_03|mechanism_04|mechanism_07|mechanism_08|mechanism_09,0.295254302001909
mechanism_02|mechanism_03|mechanism_04|mechanism_07|mechanism_08|mechanism_10,0.3068260506740499
mechanism_02|mechanism_03|mechanism_04|mechanism_07|mechanism_08|mechanism_11,0.28905049737499605
mechanism_02|mechanism_03|mechanism_04|mechanism_07|mechanism_08|mechanism_12,0.28597777322269835
mechanism_02|mechanism_03|mechanism_04|mechanism_07|mechanism_09|mechanism_10,0.3284949657745942
mechanism_02|mechanism_03|mechanism_04|mechanism_07|mechanism_09|mechanism_11,0.320821300824607
mechanism_02|mechanism_03|mechanism_04|mechanism_07|mechanism_09|mechanism_12,0.3068260506740499
mechanism_02|mechanism_03|mechanism_04|mechanism_07|mechanism_10|mechanism_11,0.3219117504483725
mechanism_02|mechanism_03|mechanism_04|mechanism_07|mechanism_10|mechanism_12,0.31864626621097447
mechanism_02|mechanism_03|mechanism_04|mechanism_07|mechanism_11|mechanism_12,0.30048277233757253
mechanism_02|mechanism_03|mechanism_04|mechanism_08|mechanism_09|mechanism_10,0.30048277233757253
mechanism_02|mechanism_03|mechanism_04|mechanism_08|mechanism_09|mechanism_11,0.2911098274338801
mechanism_02|mechanism_03|mechanism_04|mechanism_08|mechanism_09|mechanism_12,0.27788039415064275
mechanism_02|mechanism_03|mechanism_04|mechanism_08|mechanism_10|mechanism_11,0.27788039415064275
mechanism_02|mechanism_03|mechanism_04|mechanism_08|mechanism_10|mechanism_12,0.27488050221017696
mechanism_02|mechanism_03|mechanism_04|mechanism_08|mechanism_11|mechanism_12,0.27190080173375075
mechanism_02|mechanism_03|mechanism_04|mechanism_09|mechanism_10|mechanism_11,0.30895698758427714
mechanism_02|mechanism_03|mechanism_04|mechanism_09|mechanism_10|mechanism_12,0.295254302001909
mechanism_02|mechanism_03|mechanism_04|mechanism_09|mechanism_11|mechanism_12,0.30258888560411773
mechanism_02|mechanism_03|mechanism_04|mechanism_10|mechanism_11|mechanism_12,0.289050497374996
mechanism_02|mechanism_03|mechanism_05|mechanism_06|mechanism_07|mechanism_08,0.30153478399746125
mechanism_02|mechanism_03|mechanism_05|mechanism_06|mechanism_07|mechanism_09,0.3057636598919695
mechanism_02|mechanism_03|mechanism_05|mechanism_06|mechanism_07|mechanism_10,0.3351462695940264
mechanism_02|mechanism_03|mechanism_05|mechanism_06|mechanism_07|mechanism_11,0.3164791062636844
mechanism_02|mechanism_03|mechanism_05|mechanism_06|mechanism_07|mechanism_12,0.31324327335609825
mechanism_02|mechanism_03|mechanism_05|mechanism_06|mechanism_08|mechanism_09,0.27687819487561016
mechanism_02|mechanism_03|mechanism_05|mechanism_06|mechanism_08|mechanism_10,0.2900790816655468
mechanism_02|mechanism_03|mechanism_05|mechanism_06|mechanism_08|mechanism_11,0.2869998372477183
mechanism_02|mechanism_03|mechanism_05|mechanism_06|mechanism_08|mechanism_12,0.2839402061842902
mechanism_02|mechanism_03|mechanism_05|mechanism_06|mechanism_09|mechanism_10,0.29421497216298875
mechanism_02|mechanism_03|mechanism_05|mechanism_06|mechanism_09|mechanism_11,0.30153478399746125
mechanism_02|mechanism_03|mechanism_05|mechanism_06|mechanism_09|mechanism_12,0.2880240805872065
mechanism_02|mechanism_03|mechanism_05|mechanism_06|mechanism_10|mechanism_11,0.30470333065243466
mechanism_02|mechanism_03|mechanism_05|mechanism_06|mechanism_10|mechanism_12,0.30153478399746125
mechanism_02|mechanism_03|mechanism_05|mechanism_06|mechanism_11|mechanism_12,0.29838504638459934
mechanism_02|mechanism_03|mechanism_05|mechanism_07|mechanism_08|mechanism_09,0.2728917836588705
mechanism_02|mechanism_03|mechanism_05|mechanism_07|mechanism_08|mechanism_10,0.30048277233757253
mechanism_02|mechanism_03|mechanism_05|mechanism_07|mechanism_08|mechanism_11,0.2829247145070275
mechanism_02|mechanism_03|mechanism_05|mechanism_07|mechanism_08|mechanism_12,0.2798914731995085
mechanism_02|mechanism_03|mechanism_05|mechanism_07|mechanism_09|mechanism_10,0.3047033306524346
mechanism_02|mechanism_03|mechanism_05|mechanism_07|mechanism_09|mechanism_11,0.29733934565526854
mechanism_02|mechanism_03|mechanism_05|mechanism_07|mechanism_09|mechanism_12,0.2839402061842902
mechanism_02|mechanism_03|mechanism_05|mechanism_07|mechanism_10|mechanism_11,0.3153984996765693
mechanism_02|mechanism_03|mechanism_05|mechanism_07|mechanism_10|mechanism_12,0.3121686694171596
mechanism_02|mechanism_03|mechanism_05|mechanism_07|mechanism_11|mechanism_12,0.2942149721629888
mechanism_02|mechanism_03|mechanism_05|mechanism_08|mechanism_09|mechanism_10,0.27788039415064275
mechanism_02|mechanism_03|mechanism_05|mechanism_08|mechanism_09|mechanism_11,0.26894142136999516
mechanism_02|mechanism_03|mechanism_05|mechanism_08|mechanism_09|mechanism_12,0.25635510824373786
mechanism_02|mechanism_03|mechanism_05|mechanism_08|mechanism_10|mechanism_11,0.27190080173375075
mechanism_02|mechanism_03|mechanism_05|mechanism_08|mechanism_10|mechanism_12,0.2689414213699951
mechanism_02|mechanism_03|mechanism_05|mechanism_08|mechanism_11|mechanism_12,0.26600248347843036
mechanism_02|mechanism_03|mechanism_05|mechanism_09|mechanism_10|mechanism_11,0.28597777322269835
mechanism_02|mechanism_03|mechanism_05|mechanism_09|mechanism_10|mechanism_12,0.27289178365887046
mechanism_02|mechanism_03|mechanism_05|mechanism_09|mechanism_11|mechanism_12,0.2798914731995085
mechanism_02|mechanism_03|mechanism_05|mechanism_10|mechanism_11|mechanism_12,0.2829247145070275
mechanism_02|mechanism_03|mechanism_06|mechanism_07|mechanism_08|mechanism_09,0.2829247145070275
mechanism_02|mechanism_03|mechanism_06|mechanism_07|mechanism_08|mechanism_10,0.29421497216298875
mechanism_02|mechanism_03|mechanism_06|mechanism_07|mechanism_08|mechanism_11,0.2768781948756102
mechanism_02|mechanism_03|mechanism_06|mechanism_07|mechanism_08|mechanism_12,0.2738850187392209
mechanism_02|mechanism_03|mechanism_06|mechanism_07|mechanism_09|mechanism_10,0.3153984996765693
mechanism_02|mechanism_03|mechanism_06|mechanism_07|mechanism_09|mechanism_11,0.3078904956982118
mechanism_02|mechanism_03|mechanism_06|mechanism_07|mechanism_09|mechanism_12,0.2942149721629888
mechanism_02|mechanism_03|mechanism_06|mechanism_07|mechanism_10|mechanism_11,0.30895698758427714
mechanism_02|mechanism_03|mechanism_06|mechanism_07|mechanism_10|mechanism_12,0.3057636598919695
mechanism_02|mechanism_03|mechanism_06|mechanism_07|mechanism_11|mechanism_12,0.2880240805872065
mechanism_02|mechanism_03|mechanism_06|mechanism_08|mechanism_09|mechanism_10,0.2880240805872065
mechanism_02|mechanism_03|mechanism_06|mechanism_08|mechanism_09|mechanism_11,0.2788848219771369
mechanism_02|mechanism_03|mechanism_06|mechanism_08|mechanism_09|mechanism_12,0.26600248347843036
mechanism_02|mechanism_03|mechanism_06|mechanism_08|mechanism_10|mechanism_11,0.26600248347843036
mechanism_02|mechanism_03|mechanism_06|mechanism_08|mechanism_10|mechanism_12,0.2630841041665798
mechanism_02|mechanism_03|mechanism_06|mechanism_08|mechanism_11|mechanism_12,0.2601863933303121
mechanism_02|mechanism_03|mechanism_06|mechanism_09|mechanism_10|mechanism_11,0.29629576200022933
mechanism_02|mechanism_03|mechanism_06|mechanism_09|mechanism_10|mechanism_12,0.2829247145070275
mechanism_02|mechanism_03|mechanism_06|mechanism_09|mechanism_11|mechanism_12,0.2900790816655468
mechanism_02|mechanism_03|mechanism_06|mechanism_10|mechanism_11|mechanism_12,0.2768781948756102
mechanism_02|mechanism_03|mechanism_07|mechanism_08|mechanism_09|mechanism_10,0.29838504638459934
mechanism_02|mechanism_03|mechanism_07|mechanism_08|mechanism_09|mechanism_11,0.2748805022101769
mechanism_02|mechanism_03|mechanism_07|mechanism_08|mechanism_09|mechanism_12,0.26211589880836517
mechanism_02|mechanism_03|mechanism_07|mechanism_08|mechanism_10|mechanism_11,0.27587822922918137
mechanism_02|mechanism_03|mechanism_07|mechanism_08|mechanism_10|mechanism_12,0.2728917836588705
mechanism_02|mechanism_03|mechanism_07|mechanism_08|mechanism_11|mechanism_12,0.25635510824373786
mechanism_02|mechanism_03|mechanism_07|mechanism_09|mechanism_10|mechanism_11,0.3068260506740499
mechanism_02|mechanism_03|mechanism_07|mechanism_09|mechanism_10|mechanism_12,0.29317777890643243
mechanism_02|mechanism_03|mechanism_07|mechanism_09|mechanism_11|mechanism_12,0.28597777322269835
mechanism_02|mechanism_03|mechanism_07|mechanism_10|mechanism_11|mechanism_12,0.2869998372477183
mechanism_02|mechanism_03|mechanism_08|mechanism_09|mechanism_10|mechanism_11,0.2798914731995085
mechanism_02|mechanism_03|mechanism_08|mechanism_09|mechanism_10|mechanism_12,0.2669798507611425
mechanism_02|mechanism_03|mechanism_08|mechanism_09|mechanism_11|mechanism_12,0.25826612006856875
mechanism_02|mechanism_03|mechanism_08|mechanism_10|mechanism_11|mechanism_12,0.24601128355105195
mechanism_02|mechanism_03|mechanism_09|mechanism_10|mechanism_11|mechanism_12,0.2748805022101769
mechanism_02|mechanism_04|mechanism_05|mechanism_06|mechanism_07|mechanism_08,0.28495789429901025
mechanism_02|mechanism_04|mechanism_05|mechanism_06|mechanism_07|mechanism_09,0.2650274005334812
mechanism_02|mechanism_04|mechanism_05|mechanism_06|mechanism_07|mechanism_10,0.2921427285755187
mechanism_02|mechanism_04|mechanism_05|mechanism_06|mechanism_07|mechanism_11,0.27488050221017696
mechanism_02|mechanism_04|mechanism_05|mechanism_06|mechanism_07|mechanism_12,0.27190080173375075
mechanism_02|mechanism_04|mechanism_05|mechanism_06|mechanism_08|mechanism_09,0.261149993915751
mechanism_02|mechanism_04|mechanism_05|mechanism_06|mechanism_08|mechanism_10,0.2738850187392209
mechanism_02|mechanism_04|mechanism_05|mechanism_06|mechanism_08|mechanism_11,0.27091207765069353
mechanism_02|mechanism_04|mechanism_05|mechanism_06|mechanism_08|mechanism_12,0.2679594981583682
mechanism_02|mechanism_04|mechanism_05|mechanism_06|mechanism_09|mechanism_10,0.25445338587359734
mechanism_02|mechanism_04|mechanism_05|mechanism_06|mechanism_09|mechanism_11,0.261149993915751
mechanism_02|mechanism_04|mechanism_05|mechanism_06|mechanism_09|mechanism_12,0.24880421776913866
mechanism_02|mechanism_04|mechanism_05|mechanism_06|mechanism_10|mechanism_11,0.2640546060728515
mechanism_02|mechanism_04|mechanism_05|mechanism_06|mechanism_10|mechanism_12,0.26114999391575106
mechanism_02|mechanism_04|mechanism_05|mechanism_06|mechanism_11|mechanism_12,0.25826612006856875
mechanism_02|mechanism_04|mechanism_05|mechanism_07|mechanism_08|mechanism_09,0.2768781948756102
mechanism_02|mechanism_04|mechanism_05|mechanism_07|mechanism_08|mechanism_10,0.3047033306524346
mechanism_02|mechanism_04|mechanism_05|mechanism_07|mechanism_08|mechanism_11,0.2869998372477183
mechanism_02|mechanism_04|mechanism_05|mechanism_07|mechanism_08|mechanism_12,0.2839402061842902
mechanism_02|mechanism_04|mechanism_05|mechanism_07|mechanism_09|mechanism_10,0.2839402061842902
mechanism_02|mechanism_04|mechanism_05|mechanism_07|mechanism_09|mechanism_11,0.27687819487561016
mechanism_02|mechanism_04|mechanism_05|mechanism_07|mechanism_09|mechanism_12,0.2640546060728515
mechanism_02|mechanism_04|mechanism_05|mechanism_07|mechanism_10|mechanism_11,0.29421497216298875
mechanism_02|mechanism_04|mechanism_05|mechanism_07|mechanism_10|mechanism_12,0.2911098274338801
mechanism_02|mechanism_04|mechanism_05|mechanism_07|mechanism_11|mechanism_12,0.2738850187392209
mechanism_02|mechanism_04|mechanism_05|mechanism_08|mechanism_09|mechanism_10,0.2819114248166502
mechanism_02|mechanism_04|mechanism_05|mechanism_08|mechanism_09|mechanism_11,0.27289178365887046
mechanism_02|mechanism_04|mechanism_05|mechanism_08|mechanism_09|mechanism_12,0.2601863933303121
mechanism_02|mechanism_04|mechanism_05|mechanism_08|mechanism_10|mechanism_11,0.27587822922918137
mechanism_02|mechanism_04|mechanism_05|mechanism_08|mechanism_10|mechanism_12,0.2728917836588705
mechanism_02|mechanism_04|mechanism_05|mechanism_08|mechanism_11|mechanism_12,0.2699256160188812
mechanism_02|mechanism_04|mechanism_05|mechanism_09|mechanism_10|mechanism_11,0.26600248347843036
mechanism_02|mechanism_04|mechanism_05|mechanism_09|mechanism_10|mechanism_12,0.25350601666233785
mechanism_02|mechanism_04|mechanism_05|mechanism_09|mechanism_11|mechanism_12,0.2601863933303121
mechanism_02|mechanism_04|mechanism_05|mechanism_10|mechanism_11|mechanism_12,0.2630841041665798
mechanism_02|mechanism_04|mechanism_06|mechanism_07|mechanism_08|mechanism_09,0.2650274005334812
mechanism_02|mechanism_04|mechanism_06|mechanism_07|mechanism_08|mechanism_10,0.27587822922918137
mechanism_02|mechanism_04|mechanism_06|mechanism_07|mechanism_08|mechanism_11,0.25922510081784605
mechanism_02|mechanism_04|mechanism_06|mechanism_07|mechanism_08|mechanism_12,0.25635510824373786
mechanism_02|mechanism_04|mechanism_06|mechanism_07|mechanism_09|mechanism_10,0.27190080173375075
mechanism_02|mechanism_04|mechanism_06|mechanism_07|mechanism_09|mechanism_11,0.2650274005334812
mechanism_02|mechanism_04|mechanism_06|mechanism_07|mechanism_09|mechanism_12,0.2525609797798001
mechanism_02|mechanism_04|mechanism_06|mechanism_07|mechanism_10|mechanism_11,0.26600248347843036
mechanism_02|mechanism_04|mechanism_06|mechanism_07|mechanism_10|mechanism_12,0.2630841041665798
mechanism_02|mechanism_04|mechanism_06|mechanism_07|mechanism_11|mechanism_12,0.2469399095786624
mechanism_02|mechanism_04|mechanism_06|mechanism_08|mechanism_09|mechanism_10,0.2699256160188812
mechanism_02|mechanism_04|mechanism_06|mechanism_08|mechanism_09|mechanism_11,0.26114999391575106
mechanism_02|mechanism_04|mechanism_06|mechanism_08|mechanism_09|mechanism_12,0.24880421776913866
mechanism_02|mechanism_04|mechanism_06|mechanism_08|mechanism_10|mechanism_11,0.24880421776913866
mechanism_02|mechanism_04|mechanism_06|mechanism_08|mechanism_10|mechanism_12,0.24601128355105195
mechanism_02|mechanism_04|mechanism_06|mechanism_08|mechanism_11|mechanism_12,0.2432395493801895
mechanism_02|mechanism_04|mechanism_06|mechanism_09|mechanism_10|mechanism_11,0.25445338587359734
mechanism_02|mechanism_04|mechanism_06|mechanism_09|mechanism_10|mechanism_12,0.24232036099629517
mechanism_02|mechanism_04|mechanism_06|mechanism_09|mechanism_11|mechanism_12,0.24880421776913866
mechanism_02|mechanism_04|mechanism_06|mechanism_10|mechanism_11|mechanism_12,0.23685498427314458
mechanism_02|mechanism_04|mechanism_07|mechanism_08|mechanism_09|mechanism_10,0.2798914731995085
mechanism_02|mechanism_04|mechanism_07|mechanism_08|mechanism_09|mechanism_11,0.25730945469731425
mechanism_02|mechanism_04|mechanism_07|mechanism_08|mechanism_09|mechanism_12,0.24508501313237172
mechanism_02|mechanism_04|mechanism_07|mechanism_08|mechanism_10|mechanism_11,0.25826612006856875
mechanism_02|mechanism_04|mechanism_07|mechanism_08|mechanism_10|mechanism_12,0.25540308417252405
mechanism_02|mechanism_04|mechanism_07|mechanism_08|mechanism_11|mechanism_12,0.23957699801126897
mechanism_02|mechanism_04|mechanism_07|mechanism_09|mechanism_10|mechanism_11,0.2640546060728515
mechanism_02|mechanism_04|mechanism_07|mechanism_09|mechanism_10|mechanism_12,0.2516182783929358
mechanism_02|mechanism_04|mechanism_07|mechanism_09|mechanism_11|mechanism_12,0.24508501313237172
mechanism_02|mechanism_04|mechanism_07|mechanism_10|mechanism_11|mechanism_12,0.24601128355105195
mechanism_02|mechanism_04|mechanism_08|mechanism_09|mechanism_10|mechanism_11,0.26211589880836517
mechanism_02|mechanism_04|mechanism_08|mechanism_09|mechanism_10|mechanism_12,0.24973989440488245
mechanism_02|mechanism_04|mechanism_08|mechanism_09|mechanism_11|mechanism_12,0.24140353812106505
mechanism_02|mechanism_04|mechanism_08|mechanism_10|mechanism_11|mechanism_12,0.22970105095339813
mechanism_02|mechanism_04|mechanism_09|mechanism_10|mechanism_11|mechanism_12,0.2350521962362353
mechanism_02|mechanism_05|mechanism_06|mechanism_07|mechanism_08|mechanism_09,0.24416110090520296
mechanism_02|mechanism_05|mechanism_06|mechanism_07|mechanism_08|mechanism_10,0.2699256160188812
mechanism_02|mechanism_05|mechanism_06|mechanism_07|mechanism_08|mechanism_11,0.2535060166623378
mechanism_02|mechanism_05|mechanism_06|mechanism_07|mechanism_08|mechanism_12,0.2506779155948202
mechanism_02|mechanism_05|mechanism_06|mechanism_07|mechanism_09|mechanism_10,0.2506779155948202
mechanism_02|mechanism_05|mechanism_06|mechanism_07|mechanism_09|mechanism_11,0.24416110090520296
mechanism_02|mechanism_05|mechanism_06|mechanism_07|mechanism_09|mechanism_12,0.2323658826783749
mechanism_02|mechanism_05|mechanism_06|mechanism_07|mechanism_10|mechanism_11,0.2601863933303121
mechanism_02|mechanism_05|mechanism_06|mechanism_07|mechanism_10|mechanism_12,0.25730945469731425
mechanism_02|mechanism_05|mechanism_06|mechanism_07|mechanism_11|mechanism_12,0.241403538121065
mechanism_02|mechanism_05|mechanism_06|mechanism_08|mechanism_09|mechanism_10,0.24880421776913866
mechanism_02|mechanism_05|mechanism_06|mechanism_08|mechanism_09|mechanism_11,0.24048908305088898
mechanism_02|mechanism_05|mechanism_06|mechanism_08|mechanism_09|mechanism_12,0.2288175544441832
mechanism_02|mechanism_05|mechanism_06|mechanism_08|mechanism_10|mechanism_11,0.2432395493801895
mechanism_02|mechanism_05|mechanism_06|mechanism_08|mechanism_10|mechanism_12,0.24048908305088898
mechanism_02|mechanism_05|mechanism_06|mechanism_08|mechanism_11|mechanism_12,0.23775994657289076
mechanism_02|mechanism_05|mechanism_06|mechanism_09|mechanism_10|mechanism_11,0.23415437418020293
mechanism_02|mechanism_05|mechanism_06|mechanism_09|mechanism_10|mechanism_12,0.22270013882530884
mechanism_02|mechanism_05|mechanism_06|mechanism_09|mechanism_11|mechanism_12,0.2288175544441832
mechanism_02|mechanism_05|mechanism_06|mechanism_10|mechanism_11|mechanism_12,0.23147521650098238
mechanism_02|mechanism_05|mechanism_07|mechanism_08|mechanism_09|mechanism_10,0.25826612006856875
mechanism_02|mechanism_05|mechanism_07|mechanism_08|mechanism_09|mechanism_11,0.23685498427314458
mechanism_02|mechanism_05|mechanism_07|mechanism_08|mechanism_09|mechanism_12,0.22530750708507177
mechanism_02|mechanism_05|mechanism_07|mechanism_08|mechanism_10|mechanism_11,0.25256097977980013
mechanism_02|mechanism_05|mechanism_07|mechanism_08|mechanism_10|mechanism_12,0.24973989440488245
mechanism_02|mechanism_05|mechanism_07|mechanism_08|mechanism_11|mechanism_12,0.23415437418020288
mechanism_02|mechanism_05|mechanism_07|mechanism_09|mechanism_10|mechanism_11,0.2432395493801895
mechanism_02|mechanism_05|mechanism_07|mechanism_09|mechanism_10|mechanism_12,0.23147521650098238
mechanism_02|mechanism_05|mechanism_07|mechanism_09|mechanism_11|mechanism_12,0.2253075070850717
mechanism_02|mechanism_05|mechanism_07|mechanism_10|mechanism_11|mechanism_12,0.24048908305088898
mechanism_02|mechanism_05|mechanism_08|mechanism_09|mechanism_10|mechanism_11,0.24140353812106505
mechanism_02|mechanism_05|mechanism_08|mechanism_09|mechanism_10|mechanism_12,0.22970105095339813
mechanism_02|mechanism_05|mechanism_08|mechanism_09|mechanism_11|mechanism_12,0.22183581507529954
mechanism_02|mechanism_05|mechanism_08|mechanism_10|mechanism_11|mechanism_12,0.2244359857309266
mechanism_02|mechanism_05|mechanism_09|mechanism_10|mechanism_11|mechanism_12,0.21585281082251462
mechanism_02|mechanism_06|mechanism_07|mechanism_08|mechanism_09|mechanism_10,0.2679594981583683
mechanism_02|mechanism_06|mechanism_07|mechanism_08|mechanism_09|mechanism_11,0.24601128355105195
mechanism_02|mechanism_06|mechanism_07|mechanism_08|mechanism_09|mechanism_12,0.23415437418020288
mechanism_02|mechanism_06|mechanism_07|mechanism_08|mechanism_10|mechanism_11,0.2469399095786623
mechanism_02|mechanism_06|mechanism_07|mechanism_08|mechanism_10|mechanism_12,0.24416110090520296
mechanism_02|mechanism_06|mechanism_07|mechanism_08|mechanism_11|mechanism_12,0.2288175544441832
mechanism_02|mechanism_06|mechanism_07|mechanism_09|mechanism_10|mechanism_11,0.2525609797798001
mechanism_02|mechanism_06|mechanism_07|mechanism_09|mechanism_10|mechanism_12,0.24048908305088898
mechanism_02|mechanism_06|mechanism_07|mechanism_09|mechanism_11|mechanism_12,0.23415437418020293
mechanism_02|mechanism_06|mechanism_07|mechanism_10|mechanism_11|mechanism_12,0.2350521962362353
mechanism_02|mechanism_06|mechanism_08|mechanism_09|mechanism_10|mechanism_11,0.2506779155948203
mechanism_02|mechanism_06|mechanism_08|mechanism_09|mechanism_10|mechanism_12,0.23866728515708963
mechanism_02|mechanism_06|mechanism_08|mechanism_09|mechanism_11|mechanism_12,0.2305869387712515
mechanism_02|mechanism_06|mechanism_08|mechanism_10|mechanism_11|mechanism_12,0.2192572520878717
mechanism_02|mechanism_06|mechanism_09|mechanism_10|mechanism_11|mechanism_12,0.22443598573092652
mechanism_02|mechanism_07|mechanism_08|mechanism_09|mechanism_10|mechanism_11,0.2601863933303121
mechanism_02|mechanism_07|mechanism_08|mechanism_09|mechanism_10|mechanism_12,0.2478708885604299
mechanism_02|mechanism_07|mechanism_08|mechanism_09|mechanism_11|mechanism_12,0.2270577406032615
mechanism_02|mechanism_07|mechanism_08|mechanism_10|mechanism_11|mechanism_12,0.22793645057321624
mechanism_02|mechanism_07|mechanism_09|mechanism_10|mechanism_11|mechanism_12,0.23325893577145726
mechanism_02|mechanism_08|mechanism_09|mechanism_10|mechanism_11|mechanism_12,0.23147521650098238
mechanism_03|mechanism_04|mechanism_05|mechanism_06|mechanism_07|mechanism_08,0.2516182783929358
mechanism_03|mechanism_04|mechanism_05|mechanism_06|mechanism_07|mechanism_09,0.25540308417252405
mechanism_03|mechanism_04|mechanism_05|mechanism_06|mechanism_07|mechanism_10,0.2819114248166502
mechanism_03|mechanism_04|mechanism_05|mechanism_06|mechanism_07|mechanism_11,0.2650274005334812
mechanism_03|mechanism_04|mechanism_05|mechanism_06|mechanism_07|mechanism_12,0.26211589880836517
mechanism_03|mechanism_04|mechanism_05|mechanism_06|mechanism_08|mechanism_09,0.22970105095339807
mechanism_03|mechanism_04|mechanism_05|mechanism_06|mechanism_08|mechanism_10,0.241403538121065
mechanism_03|mechanism_04|mechanism_05|mechanism_06|mechanism_08|mechanism_11,0.23866728515708963
mechanism_03|mechanism_04|mechanism_05|mechanism_06|mechanism_08|mechanism_12,0.235952400202534
mechanism_03|mechanism_04|mechanism_05|mechanism_06|mechanism_09|mechanism_10,0.24508501313237172
mechanism_03|mechanism_04|mechanism_05|mechanism_06|mechanism_09|mechanism_11,0.2516182783929358
mechanism_03|mechanism_04|mechanism_05|mechanism_06|mechanism_09|mechanism_12,0.23957699801126897
mechanism_03|mechanism_04|mechanism_05|mechanism_06|mechanism_10|mechanism_11,0.25445338587359734
mechanism_03|mechanism_04|mechanism_05|mechanism_06|mechanism_10|mechanism_12,0.2516182783929358
mechanism_03|mechanism_04|mechanism_05|mechanism_06|mechanism_11|mechanism_12,0.24880421776913866
mechanism_03|mechanism_04|mechanism_05|mechanism_07|mechanism_08|mechanism_09,0.24416110090520296
mechanism_03|mechanism_04|mechanism_05|mechanism_07|mechanism_08|mechanism_10,0.2699256160188812
mechanism_03|mechanism_04|mechanism_05|mechanism_07|mechanism_08|mechanism_11,0.25350601666233785
mechanism_03|mechanism_04|mechanism_05|mechanism_07|mechanism_08|mechanism_12,0.2506779155948202
mechanism_03|mechanism_04|mechanism_05|mechanism_07|mechanism_09|mechanism_10,0.2738850187392209
mechanism_03|mechanism_04|mechanism_05|mechanism_07|mechanism_09|mechanism_11,0.2669798507611425
mechanism_03|mechanism_04|mechanism_05|mechanism_07|mechanism_09|mechanism_12,0.25445338587359734
mechanism_03|mechanism_04|mechanism_05|mechanism_07|mechanism_10|mechanism_11,0.2839402061842902
mechanism_03|mechanism_04|mechanism_05|mechanism_07|mechanism_10|mechanism_12,0.2809003425836161
mechanism_03|mechanism_04|mechanism_05|mechanism_07|mechanism_11|mechanism_12,0.2640546060728516
mechanism_03|mechanism_04|mechanism_05|mechanism_08|mechanism_09|mechanism_10,0.24880421776913866
mechanism_03|mechanism_04|mechanism_05|mechanism_08|mechanism_09|mechanism_11,0.24048908305088898
mechanism_03|mechanism_04|mechanism_05|mechanism_08|mechanism_09|mechanism_12,0.2288175544441832
mechanism_03|mechanism_04|mechanism_05|mechanism_08|mechanism_10|mechanism_11,0.24323954938018943
mechanism_03|mechanism_04|mechanism_05|mechanism_08|mechanism_10|mechanism_12,0.24048908305088898
mechanism_03|mechanism_04|mechanism_05|mechanism_08|mechanism_11|mechanism_12,0.23775994657289082
mechanism_03|mechanism_04|mechanism_05|mechanism_09|mechanism_10|mechanism_11,0.25635510824373786
mechanism_03|mechanism_04|mechanism_05|mechanism_09|mechanism_10|mechanism_12,0.24416110090520296
mechanism_03|mechanism_04|mechanism_05|mechanism_09|mechanism_11|mechanism_12,0.2506779155948203
mechanism_03|mechanism_04|mechanism_05|mechanism_10|mechanism_11|mechanism_12,0.25350601666233785
mechanism_03|mechanism_04|mechanism_06|mechanism_07|mechanism_08|mechanism_09,0.23325893577145726
mechanism_03|mechanism_04|mechanism_06|mechanism_07|mechanism_08|mechanism_10,0.24323954938018943
mechanism_03|mechanism_04|mechanism_06|mechanism_07|mechanism_08|mechanism_11,0.22793645057321632
mechanism_03|mechanism_04|mechanism_06|mechanism_07|mechanism_08|mechanism_12,0.22530750708507177
mechanism_03|mechanism_04|mechanism_06|mechanism_07|mechanism_09|mechanism_10,0.26211589880836517
mechanism_03|mechanism_04|mechanism_06|mechanism_07|mechanism_09|mechanism_11,0.25540308417252405
mechanism_03|mechanism_04|mechanism_06|mechanism_07|mechanism_09|mechanism_12,0.2432395493801895
mechanism_03|mechanism_04|mechanism_06|mechanism_07|mechanism_10|mechanism_11,0.2563551082437379
mechanism_03|mechanism_04|mechanism_06|mechanism_07|mechanism_10|mechanism_12,0.25350601666233785
mechanism_03|mechanism_04|mechanism_06|mechanism_07|mechanism_11|mechanism_12,0.23775994657289076
mechanism_03|mechanism_04|mechanism_06|mechanism_08|mechanism_09|mechanism_10,0.23775994657289076
mechanism_03|mechanism_04|mechanism_06|mechanism_08|mechanism_09|mechanism_11,0.22970105095339813
mechanism_03|mechanism_04|mechanism_06|mechanism_08|mechanism_09|mechanism_12,0.21840253609763446
mechanism_03|mechanism_04|mechanism_06|mechanism_08|mechanism_10|mechanism_11,0.21840253609763446
mechanism_03|mechanism_04|mechanism_06|mechanism_08|mechanism_10|mechanism_12,0.21585281082251456
mechanism_03|mechanism_04|mechanism_06|mechanism_08|mechanism_11|mechanism_12,0.21332472781586034
mechanism_03|mechanism_04|mechanism_06|mechanism_09|mechanism_10|mechanism_11,0.24508501313237172
mechanism_03|mechanism_04|mechanism_06|mechanism_09|mechanism_10|mechanism_12,0.23325893577145726
mechanism_03|mechanism_04|mechanism_06|mechanism_09|mechanism_11|mechanism_12,0.23957699801126897
mechanism_03|mechanism_04|mechanism_06|mechanism_10|mechanism_11|mechanism_12,0.22793645057321632
mechanism_03|mechanism_04|mechanism_07|mechanism_08|mechanism_09|mechanism_10,0.2469399095786623
mechanism_03|mechanism_04|mechanism_07|mechanism_08|mechanism_09|mechanism_11,0.2261814257305462
mechanism_03|mechanism_04|mechanism_07|mechanism_08|mechanism_09|mechanism_12,0.2150077113718924
mechanism_03|mechanism_04|mechanism_07|mechanism_08|mechanism_10|mechanism_11,0.2270577406032615
mechanism_03|mechanism_04|mechanism_07|mechanism_08|mechanism_10|mechanism_12,0.22443598573092652
mechanism_03|mechanism_04|mechanism_07|mechanism_08|mechanism_11|mechanism_12,0.2099876265736025
mechanism_03|mechanism_04|mechanism_07|mechanism_09|mechanism_10|mechanism_11,0.2544533858735974
mechanism_03|mechanism_04|mechanism_07|mechanism_09|mechanism_10|mechanism_12,0.24232036099629517
mechanism_03|mechanism_04|mechanism_07|mechanism_09|mechanism_11|mechanism_12,0.235952400202534
mechanism_03|mechanism_04|mechanism_07|mechanism_10|mechanism_11|mechanism_12,0.23685498427314458
mechanism_03|mechanism_04|mechanism_08|mechanism_09|mechanism_10|mechanism_11,0.2305869387712515
mechanism_03|mechanism_04|mechanism_08|mechanism_09|mechanism_10|mechanism_12,0.2192572520878717
mechanism_03|mechanism_04|mechanism_08|mechanism_09|mechanism_11|mechanism_12,0.211651365991901
mechanism_03|mechanism_04|mechanism_08|mechanism_10|mechanism_11|mechanism_12,0.20100899975052938
mechanism_03|mechanism_04|mechanism_09|mechanism_10|mechanism_11|mechanism_12,0.22618142573054625
mechanism_03|mechanism_05|mechanism_06|mechanism_07|mechanism_08|mechanism_09,0.21416501695744142
mechanism_03|mechanism_05|mechanism_06|mechanism_07|mechanism_08|mechanism_10,0.23775994657289082
mechanism_03|mechanism_05|mechanism_06|mechanism_07|mechanism_08|mechanism_11,0.22270013882530884
mechanism_03|mechanism_05|mechanism_06|mechanism_07|mechanism_08|mechanism_12,0.22011437099927414
mechanism_03|mechanism_05|mechanism_06|mechanism_07|mechanism_09|mechanism_10,0.24140353812106505
mechanism_03|mechanism_05|mechanism_06|mechanism_07|mechanism_09|mechanism_11,0.2350521962362353
mechanism_03|mechanism_05|mechanism_06|mechanism_07|mechanism_09|mechanism_12,0.22356686266660172
mechanism_03|mechanism_05|mechanism_06|mechanism_07|mechanism_10|mechanism_11,0.2506779155948202
mechanism_03|mechanism_05|mechanism_06|mechanism_07|mechanism_10|mechanism_12,0.24787088856042985
mechanism_03|mechanism_05|mechanism_06|mechanism_07|mechanism_11|mechanism_12,0.2323658826783749
mechanism_03|mechanism_05|mechanism_06|mechanism_08|mechanism_09|mechanism_10,0.21840253609763452
mechanism_03|mechanism_05|mechanism_06|mechanism_08|mechanism_09|mechanism_11,0.21081829347774714
mechanism_03|mechanism_05|mechanism_06|mechanism_08|mechanism_09|mechanism_12,0.20020717819927927
mechanism_03|mechanism_05|mechanism_06|mechanism_08|mechanism_10|mechanism_11,0.21332472781586034
mechanism_03|mechanism_05|mechanism_06|mechanism_08|mechanism_10|mechanism_12,0.21081829347774714
mechanism_03|mechanism_05|mechanism_06|mechanism_08|mechanism_11|mechanism_12,0.20833350927014557
mechanism_03|mechanism_05|mechanism_06|mechanism_09|mechanism_10|mechanism_11,0.22530750708507177
mechanism_03|mechanism_05|mechanism_06|mechanism_09|mechanism_10|mechanism_12,0.21416501695744142
mechanism_03|mechanism_05|mechanism_06|mechanism_09|mechanism_11|mechanism_12,0.2201143709992742
mechanism_03|mechanism_05|mechanism_06|mechanism_10|mechanism_11|mechanism_12,0.22270013882530884
mechanism_03|mechanism_05|mechanism_07|mechanism_08|mechanism_09|mechanism_10,0.22705774060326153
mechanism_03|mechanism_05|mechanism_07|mechanism_08|mechanism_09|mechanism_11,0.20751005855963564
mechanism_03|mechanism_05|mechanism_07|mechanism_08|mechanism_09|mechanism_12,0.19702388559384618
mechanism_03|mechanism_05|mechanism_07|mechanism_08|mechanism_10|mechanism_11,0.2218358150752995
mechanism_03|mechanism_05|mechanism_07|mechanism_08|mechanism_10|mechanism_12,0.2192572520878717
mechanism_03|mechanism_05|mechanism_07|mechanism_08|mechanism_11|mechanism_12,0.20505413508936485
mechanism_03|mechanism_05|mechanism_07|mechanism_09|mechanism_10|mechanism_11,0.23415437418020293
mechanism_03|mechanism_05|mechanism_07|mechanism_09|mechanism_10|mechanism_12,0.2227001388253089
mechanism_03|mechanism_05|mechanism_07|mechanism_09|mechanism_11|mechanism_12,0.2167003150109591
mechanism_03|mechanism_05|mechanism_07|mechanism_10|mechanism_11|mechanism_12,0.23147521650098238
mechanism_03|mechanism_05|mechanism_08|mechanism_09|mechanism_10|mechanism_11,0.21165136599190104
mechanism_03|mechanism_05|mechanism_08|mechanism_09|mechanism_10|mechanism_12,0.20100899975052944
mechanism_03|mechanism_05|mechanism_08|mechanism_09|mechanism_11|mechanism_12,0.19387893782385993
mechanism_03|mechanism_05|mechanism_08|mechanism_10|mechanism_11|mechanism_12,0.19623405636577912
mechanism_03|mechanism_05|mechanism_09|mechanism_10|mechanism_11|mechanism_12,0.20751005855963559
mechanism_03|mechanism_06|mechanism_07|mechanism_08|mechanism_09|mechanism_10,0.235952400202534
mechanism_03|mechanism_06|mechanism_07|mechanism_08|mechanism_09|mechanism_11,0.21585281082251462
mechanism_03|mechanism_06|mechanism_07|mechanism_08|mechanism_09|mechanism_12,0.20505413508936485
mechanism_03|mechanism_06|mechanism_07|mechanism_08|mechanism_10|mechanism_11,0.2167003150109591
mechanism_03|mechanism_06|mechanism_07|mechanism_08|mechanism_10|mechanism_12,0.2141650169574414
mechanism_03|mechanism_06|mechanism_07|mechanism_08|mechanism_11|mechanism_12,0.20020717819927933
mechanism_03|mechanism_06|mechanism_07|mechanism_09|mechanism_10|mechanism_11,0.2432395493801895
mechanism_03|mechanism_06|mechanism_07|mechanism_09|mechanism_10|mechanism_12,0.23147521650098238
mechanism_03|mechanism_06|mechanism_07|mechanism_09|mechanism_11|mechanism_12,0.22530750708507177
mechanism_03|mechanism_06|mechanism_07|mechanism_10|mechanism_11|mechanism_12,0.22618142573054625
mechanism_03|mechanism_06|mechanism_08|mechanism_09|mechanism_10|mechanism_11,0.2201143709992742
mechanism_03|mechanism_06|mechanism_08|mechanism_09|mechanism_10|mechanism_12,0.2091593652130633
mechanism_03|mechanism_06|mechanism_08|mechanism_09|mechanism_11|mechanism_12,0.20181322226037884
mechanism_03|mechanism_06|mechanism_08|mechanism_10|mechanism_11|mechanism_12,0.19154534856146752
mechanism_03|mechanism_06|mechanism_09|mechanism_10|mechanism_11|mechanism_12,0.21585281082251462
mechanism_03|mechanism_07|mechanism_08|mechanism_09|mechanism_10|mechanism_11,0.2288175544441832
mechanism_03|mechanism_07|mechanism_08|mechanism_09|mechanism_10|mechanism_12,0.2175502235768875
mechanism_03|mechanism_07|mechanism_08|mechanism_09|mechanism_11|mechanism_12,0.19861073488544276
mechanism_03|mechanism_07|mechanism_08|mechanism_10|mechanism_11|mechanism_12,0.19940775684866852
mechanism_03|mechanism_07|mechanism_09|mechanism_10|mechanism_11|mechanism_12,0.2244359857309266
mechanism_03|mechanism_08|mechanism_09|mechanism_10|mechanism_11|mechanism_12,0.20261984643113046
mechanism_04|mechanism_05|mechanism_06|mechanism_07|mechanism_08|mechanism_09,0.22793645057321624
mechanism_04|mechanism_05|mechanism_06|mechanism_07|mechanism_08|mechanism_10,0.2525609797798001
mechanism_04|mechanism_05|mechanism_06|mechanism_07|mechanism_08|mechanism_11,0.23685498427314458
mechanism_04|mechanism_05|mechanism_06|mechanism_07|mechanism_08|mechanism_12,0.23415437418020293
mechanism_04|mechanism_05|mechanism_06|mechanism_07|mechanism_09|mechanism_10,0.23415437418020288
mechanism_04|mechanism_05|mechanism_06|mechanism_07|mechanism_09|mechanism_11,0.22793645057321632
mechanism_04|mechanism_05|mechanism_06|mechanism_07|mechanism_09|mechanism_12,0.2167003150109591
mechanism_04|mechanism_05|mechanism_06|mechanism_07|mechanism_10|mechanism_11,0.24323954938018943
mechanism_04|mechanism_05|mechanism_06|mechanism_07|mechanism_10|mechanism_12,0.24048908305088887
mechanism_04|mechanism_05|mechanism_06|mechanism_07|mechanism_11|mechanism_12,0.22530750708507177
mechanism_04|mechanism_05|mechanism_06|mechanism_08|mechanism_09|mechanism_10,0.2323658826783749
mechanism_04|mechanism_05|mechanism_06|mechanism_08|mechanism_09|mechanism_11,0.2244359857309266
mechanism_04|mechanism_05|mechanism_06|mechanism_08|mechanism_09|mechanism_12,0.21332472781586043
mechanism_04|mechanism_05|mechanism_06|mechanism_08|mechanism_10|mechanism_11,0.2270577406032615
mechanism_04|mechanism_05|mechanism_06|mechanism_08|mechanism_10|mechanism_12,0.22443598573092652
mechanism_04|mechanism_05|mechanism_06|mechanism_08|mechanism_11|mechanism_12,0.22183581507529954
mechanism_04|mechanism_05|mechanism_06|mechanism_09|mechanism_10|mechanism_11,0.21840253609763446
mechanism_04|mechanism_05|mechanism_06|mechanism_09|mechanism_10|mechanism_12,0.20751005855963559
mechanism_04|mechanism_05|mechanism_06|mechanism_09|mechanism_11|mechanism_12,0.21332472781586043
mechanism_04|mechanism_05|mechanism_06|mechanism_10|mechanism_11|mechanism_12,0.21585281082251462
mechanism_04|mechanism_05|mechanism_07|mechanism_08|mechanism_09|mechanism_10,0.2601863933303121
mechanism_04|mechanism_05|mechanism_07|mechanism_08|mechanism_09|mechanism_11,0.23866728515708963
mechanism_04|mechanism_05|mechanism_07|mechanism_08|mechanism_09|mechanism_12,0.2270577406032615
mechanism_04|mechanism_05|mechanism_07|mechanism_08|mechanism_10|mechanism_11,0.25445338587359734
mechanism_04|mechanism_05|mechanism_07|mechanism_08|mechanism_10|mechanism_12,0.25161827839293577
mechanism_04|mechanism_05|mechanism_07|mechanism_08|mechanism_11|mechanism_12,0.235952400202534
mechanism_04|mechanism_05|mechanism_07|mechanism_09|mechanism_10|mechanism_11,0.24508501313237172
mechanism_04|mechanism_05|mechanism_07|mechanism_09|mechanism_10|mechanism_12,0.23325893577145726
mechanism_04|mechanism_05|mechanism_07|mechanism_09|mechanism_11|mechanism_12,0.2270577406032615
mechanism_04|mechanism_05|mechanism_07|mechanism_10|mechanism_11|mechanism_12,0.24232036099629517
mechanism_04|mechanism_05|mechanism_08|mechanism_09|mechanism_10|mechanism_11,0.2432395493801895
mechanism_04|mechanism_05|mechanism_08|mechanism_09|mechanism_10|mechanism_12,0.23147521650098238
mechanism_04|mechanism_05|mechanism_08|mechanism_09|mechanism_11|mechanism_12,0.2235668626666018
mechanism_04|mechanism_05|mechanism_08|mechanism_10|mechanism_11|mechanism_12,0.22618142573054625
mechanism_04|mechanism_05|mechanism_09|mechanism_10|mechanism_11|mechanism_12,0.21755022357688752
mechanism_04|mechanism_06|mechanism_07|mechanism_08|mechanism_09|mechanism_10,0.24880421776913866
mechanism_04|mechanism_06|mechanism_07|mechanism_08|mechanism_09|mechanism_11,0.22793645057321624
mechanism_04|mechanism_06|mechanism_07|mechanism_08|mechanism_09|mechanism_12,0.2167003150109591
mechanism_04|mechanism_06|mechanism_07|mechanism_08|mechanism_10|mechanism_11,0.2288175544441832
mechanism_04|mechanism_06|mechanism_07|mechanism_08|mechanism_10|mechanism_12,0.22618142573054625
mechanism_04|mechanism_06|mechanism_07|mechanism_08|mechanism_11|mechanism_12,0.211651365991901
mechanism_04|mechanism_06|mechanism_07|mechanism_09|mechanism_10|mechanism_11,0.23415437418020293
mechanism_04|mechanism_06|mechanism_07|mechanism_09|mechanism_10|mechanism_12,0.2227001388253089
mechanism_04|mechanism_06|mechanism_07|mechanism_09|mechanism_11|mechanism_12,0.2167003150109591
mechanism_04|mechanism_06|mechanism_07|mechanism_10|mechanism_11|mechanism_12,0.21755022357688752
mechanism_04|mechanism_06|mechanism_08|mechanism_09|mechanism_10|mechanism_11,0.2323658826783749
mechanism_04|mechanism_06|mechanism_08|mechanism_09|mechanism_10|mechanism_12,0.22097389222018785
mechanism_04|mechanism_06|mechanism_08|mechanism_09|mechanism_11|mechanism_12,0.21332472781586043
mechanism_04|mechanism_06|mechanism_08|mechanism_10|mechanism_11|mechanism_12,0.20261984643113046
mechanism_04|mechanism_06|mechanism_09|mechanism_10|mechanism_11|mechanism_12,0.20751005855963564
mechanism_04|mechanism_07|mechanism_08|mechanism_09|mechanism_10|mechanism_11,0.24140353812106505
mechanism_04|mechanism_07|mechanism_08|mechanism_09|mechanism_10|mechanism_12,0.22970105095339818
mechanism_04|mechanism_07|mechanism_08|mechanism_09|mechanism_11|mechanism_12,0.2099876265736025
mechanism_04|mechanism_07|mechanism_08|mechanism_10|mechanism_11|mechanism_12,0.21081829347774714
mechanism_04|mechanism_07|mechanism_09|mechanism_10|mechanism_11|mechanism_12,0.21585281082251462
mechanism_04|mechanism_08|mechanism_09|mechanism_10|mechanism_11|mechanism_12,0.21416501695744142
mechanism_05|mechanism_06|mechanism_07|mechanism_08|mechanism_09|mechanism_10,0.2288175544441832
mechanism_05|mechanism_06|mechanism_07|mechanism_08|mechanism_09|mechanism_11,0.20915936521306333
mechanism_05|mechanism_06|mechanism_07|mechanism_08|mechanism_09|mechanism_12,0.19861073488544276
mechanism_05|mechanism_06|mechanism_07|mechanism_08|mechanism_10|mechanism_11,0.2235668626666018
mechanism_05|mechanism_06|mechanism_07|mechanism_08|mechanism_10|mechanism_12,0.22097389222018785
mechanism_05|mechanism_06|mechanism_07|mechanism_08|mechanism_11|mechanism_12,0.20668901283744182
mechanism_05|mechanism_06|mechanism_07|mechanism_09|mechanism_10|mechanism_11,0.2150077113718924
mechanism_05|mechanism_06|mechanism_07|mechanism_09|mechanism_10|mechanism_12,0.2042403022840918
mechanism_05|mechanism_06|mechanism_07|mechanism_09|mechanism_11|mechanism_12,0.1986107348854428
mechanism_05|mechanism_06|mechanism_07|mechanism_10|mechanism_11|mechanism_12,0.2124868441225392
mechanism_05|mechanism_06|mechanism_08|mechanism_09|mechanism_10|mechanism_11,0.21332472781586043
mechanism_05|mechanism_06|mechanism_08|mechanism_09|mechanism_10|mechanism_12,0.20261984643113046
mechanism_05|mechanism_06|mechanism_08|mechanism_09|mechanism_11|mechanism_12,0.19544662272643767
mechanism_05|mechanism_06|mechanism_08|mechanism_10|mechanism_11|mechanism_12,0.19781611144141825
mechanism_05|mechanism_06|mechanism_09|mechanism_10|mechanism_11|mechanism_12,0.19000156601531298
mechanism_05|mechanism_07|mechanism_08|mechanism_09|mechanism_10|mechanism_11,0.22183581507529954
mechanism_05|mechanism_07|mechanism_08|mechanism_09|mechanism_10|mechanism_12,0.21081829347774714
mechanism_05|mechanism_07|mechanism_08|mechanism_09|mechanism_11|mechanism_12,0.19232082157722297
mechanism_05|mechanism_07|mechanism_08|mechanism_10|mechanism_11|mechanism_12,0.20587037180094736
mechanism_05|mechanism_07|mechanism_09|mechanism_10|mechanism_11|mechanism_12,0.19781611144141825
mechanism_05|mechanism_08|mechanism_09|mechanism_10|mechanism_11|mechanism_12,0.19623405636577915
mechanism_06|mechanism_07|mechanism_08|mechanism_09|mechanism_10|mechanism_11,0.23058693877125155
mechanism_06|mechanism_07|mechanism_08|mechanism_09|mechanism_10|mechanism_12,0.21925725208787178
mechanism_06|mechanism_07|mechanism_08|mechanism_09|mechanism_11|mechanism_12,0.20020717819927933
mechanism_06|mechanism_07|mechanism_08|mechanism_10|mechanism_11|mechanism_12,0.20100899975052938
mechanism_06|mechanism_07|mechanism_09|mechanism_10|mechanism_11|mechanism_12,0.20587037180094736
mechanism_06|mechanism_08|mechanism_09|mechanism_10|mechanism_11|mechanism_12,0.20424030228409185
mechanism_07|mechanism_08|mechanism_09|mechanism_10|mechanism_11|mechanism_12,0.21248684412253924
mechanism_01|mechanism_02|mechanism_03|mechanism_04|mechanism_05|mechanism_06|mechanism_07,0.45760205922564895
mechanism_01|mechanism_02|mechanism_03|mechanism_04|mechanism_05|mechanism_06|mechanism_08,0.42311473886795364
mechanism_01|mechanism_02|mechanism_03|mechanism_04|mechanism_05|mechanism_06|mechanism_09,0.42800386706848137
mechanism_01|mechanism_02|mechanism_03|mechanism_04|mechanism_05|mechanism_06|mechanism_10,0.44398610945538003
mechanism_01|mechanism_02|mechanism_03|mechanism_04|mechanism_05|mechanism_06|mechanism_11,0.44028635073280703
mechanism_01|mechanism_02|mechanism_03|mechanism_04|mechanism_05|mechanism_06|mechanism_12,0.4365932137378064
mechanism_01|mechanism_02|mechanism_03|mechanism_04|mechanism_05|mechanism_07|mechanism_08,0.41095956594133487
mechanism_01|mechanism_02|mechanism_03|mechanism_04|mechanism_05|mechanism_07|mechanism_09,0.4158094770645927
mechanism_01|mechanism_02|mechanism_03|mechanism_04|mechanism_05|mechanism_07|mechanism_10,0.4489287306926581
mechanism_01|mechanism_02|mechanism_03|mechanism_04|mechanism_05|mechanism_07|mechanism_11,0.42800386706848137
mechanism_01|mechanism_02|mechanism_03|mechanism_04|mechanism_05|mechanism_07|mechanism_12,0.42433564895745063
mechanism_01|mechanism_02|mechanism_03|mechanism_04|mechanism_05|mechanism_08|mechanism_09,0.382252125230751
mechanism_01|mechanism_02|mechanism_03|mechanism_04|mechanism_05|mechanism_08|mechanism_10,0.3977138231113694
mechanism_01|mechanism_02|mechanism_03|mechanism_04|mechanism_05|mechanism_08|mechanism_11,0.3941263315682394
mechanism_01|mechanism_02|mechanism_03|mechanism_04|mechanism_05|mechanism_08|mechanism_12,0.3905502163716748
mechanism_01|mechanism_02|mechanism_03|mechanism_04|mechanism_05|mechanism_09|mechanism_10,0.40251423417298393
mechanism_01|mechanism_02|mechanism_03|mechanism_04|mechanism_05|mechanism_09|mechanism_11,0.41095956594133487
mechanism_01|mechanism_02|mechanism_03|mechanism_04|mechanism_05|mechanism_09|mechanism_12,0.39532091528599067
mechanism_01|mechanism_02|mechanism_03|mechanism_04|mechanism_05|mechanism_10|mechanism_11,0.41459543087053496
mechanism_01|mechanism_02|mechanism_03|mechanism_04|mechanism_05|mechanism_10|mechanism_12,0.410959565941335
mechanism_01|mechanism_02|mechanism_03|mechanism_04|mechanism_05|mechanism_11|mechanism_12,0.40733340004593027
mechanism_01|mechanism_02|mechanism_03|mechanism_04|mechanism_06|mechanism_07|mechanism_08,0.40854102156721994
mechanism_01|mechanism_02|mechanism_03|mechanism_04|mechanism_06|mechanism_07|mechanism_09,0.4329070950345457
mechanism_01|mechanism_02|mechanism_03|mechanism_04|mechanism_06|mechanism_07|mechanism_10,0.4464560968488817
mechanism_01|mechanism_02|mechanism_03|mechanism_04|mechanism_06|mechanism_07|mechanism_11,0.425557483188341
mechanism_01|mechanism_02|mechanism_03|mechanism_04|mechanism_06|mechanism_07|mechanism_12,0.4218947671156909
mechanism_01|mechanism_02|mechanism_03|mechanism_04|mechanism_06|mechanism_08|mechanism_09,0.3989121211516302
mechanism_01|mechanism_02|mechanism_03|mechanism_04|mechanism_06|mechanism_08|mechanism_10,0.39532091528599067
mechanism_01|mechanism_02|mechanism_03|mechanism_04|mechanism_06|mechanism_08|mechanism_11,0.3917409692534856
mechanism_01|mechanism_02|mechanism_03|mechanism_04|mechanism_06|mechanism_08|mechanism_12,0.3881726309982629
mechanism_01|mechanism_02|mechanism_03|mechanism_04|mechanism_06|mechanism_09|mechanism_10,0.41945769517934034
mechanism_01|mechanism_02|mechanism_03|mechanism_04|mechanism_06|mechanism_09|mechanism_11,0.42800386706848137
mechanism_01|mechanism_02|mechanism_03|mechanism_04|mechanism_06|mechanism_09|mechanism_12,0.41217046151748854
mechanism_01|mechanism_02|mechanism_03|mechanism_04|mechanism_06|mechanism_10|mechanism_11,0.41217046151748854
mechanism_01|mechanism_02|mechanism_03|mechanism_04|mechanism_06|mechanism_10|mechanism_12,0.40854102156721994
mechanism_01|mechanism_02|mechanism_03|mechanism_04|mechanism_06|mechanism_11|mechanism_12,0.40492152613386595
mechanism_01|mechanism_02|mechanism_03|mechanism_04|mechanism_07|mechanism_08|mechanism_09,0.36354745971843366
mechanism_01|mechanism_02|mechanism_03|mechanism_04|mechanism_07|mechanism_08|mechanism_10,0.376366371701774
mechanism_01|mechanism_02|mechanism_03|mechanism_04|mechanism_07|mechanism_08|mechanism_11,0.35663485430559827
mechanism_01|mechanism_02|mechanism_03|mechanism_04|mechanism_07|mechanism_08|mechanism_12,0.35320060744201437
mechanism_01|mechanism_02|mechanism_03|mechanism_04|mechanism_07|mechanism_09|mechanism_10,0.40011163113600173
mechanism_01|mechanism_02|mechanism_03|mechanism_04|mechanism_07|mechanism_09|mechanism_11,0.3917409692534856
mechanism_01|mechanism_02|mechanism_03|mechanism_04|mechanism_07|mechanism_09|mechanism_12,0.37636637170177395
mechanism_01|mechanism_02|mechanism_03|mechanism_04|mechanism_07|mechanism_10|mechanism_11,0.39293301192829644
mechanism_01|mechanism_02|mechanism_03|mechanism_04|mechanism_07|mechanism_10|mechanism_12,0.389360766050778
mechanism_01|mechanism_02|mechanism_03|mechanism_04|mechanism_07|mechanism_11|mechanism_12,0.36935147434892557
mechanism_01|mechanism_02|mechanism_03|mechanism_04|mechanism_08|mechanism_09|mechanism_10,0.36935147434892557
mechanism_01|mechanism_02|mechanism_03|mechanism_04|mechanism_08|mechanism_09|mechanism_11,0.35893259366518293
mechanism_01|mechanism_02|mechanism_03|mechanism_04|mechanism_08|mechanism_09|mechanism_12,0.3441171587921863
mechanism_01|mechanism_02|mechanism_03|mechanism_04|mechanism_08|mechanism_10|mechanism_11,0.3441171587921863
mechanism_01|mechanism_02|mechanism_03|mechanism_04|mechanism_08|mechanism_10|mechanism_12,0.3407396115486146
mechanism_01|mechanism_02|mechanism_03|mechanism_04|mechanism_08|mechanism_11|mechanism_12,0.33737816282991745
mechanism_01|mechanism_02|mechanism_03|mechanism_04|mechanism_09|mechanism_10|mechanism_11,0.37871640480893215
mechanism_01|mechanism_02|mechanism_03|mechanism_04|mechanism_09|mechanism_10|mechanism_12,0.36354745971843366
mechanism_01|mechanism_02|mechanism_03|mechanism_04|mechanism_09|mechanism_11|mechanism_12,0.37168381170463377
mechanism_01|mechanism_02|mechanism_03|mechanism_04|mechanism_10|mechanism_11|mechanism_12,0.35663485430559827
mechanism_01|mechanism_02|mechanism_03|mechanism_05|mechanism_06|mechanism_07|mechanism_08,0.401312339887548
mechanism_01|mechanism_02|mechanism_03|mechanism_05|mechanism_06|mechanism_07|mechanism_09,0.4061268970658573
mechanism_01|mechanism_02|mechanism_03|mechanism_05|mechanism_06|mechanism_07|mechanism_10,0.43905454967528385
mechanism_01|mechanism_02|mechanism_03|mechanism_05|mechanism_06|mechanism_07|mechanism_11,0.4182406231581638
mechanism_01|mechanism_02|mechanism_03|mechanism_05|mechanism_06|mechanism_07|mechanism_12,0.4145954308705349
mechanism_01|mechanism_02|mechanism_03|mechanism_05|mechanism_06|mechanism_08|mechanism_09,0.3728522336868044
mechanism_01|mechanism_02|mechanism_03|mechanism_05|mechanism_06|mechanism_08|mechanism_10,0.3881726309982629
mechanism_01|mechanism_02|mechanism_03|mechanism_05|mechanism_06|mechanism_08|mechanism_11,0.38461624360881785
mechanism_01|mechanism_02|mechanism_03|mechanism_05|mechanism_06|mechanism_08|mechanism_12,0.38107214519980964
mechanism_01|mechanism_02|mechanism_03|mechanism_05|mechanism_06|mechanism_09|mechanism_10,0.39293301192829644
mechanism_01|mechanism_02|mechanism_03|mechanism_05|mechanism_06|mechanism_09|mechanism_11,0.401312339887548
mechanism_01|mechanism_02|mechanism_03|mechanism_05|mechanism_06|mechanism_09|mechanism_12,0.38580035722310485
mechanism_01|mechanism_02|mechanism_03|mechanism_05|mechanism_06|mechanism_10|mechanism_11,0.40492152613386595
mechanism_01|mechanism_02|mechanism_03|mechanism_05|mechanism_06|mechanism_10|mechanism_12,0.401312339887548
mechanism_01|mechanism_02|mechanism_03|mechanism_05|mechanism_06|mechanism_11|mechanism_12,0.39771382311136927
mechanism_01|mechanism_02|mechanism_03|mechanism_05|mechanism_07|mechanism_08|mechanism_09,0.3384968407970476
mechanism_01|mechanism_02|mechanism_03|mechanism_05|mechanism_07|mechanism_08|mechanism_10,0.36935147434892557
mechanism_01|mechanism_02|mechanism_03|mechanism_05|mechanism_07|mechanism_08|mechanism_11,0.34978145142617295
mechanism_01|mechanism_02|mechanism_03|mechanism_05|mechanism_07|mechanism_08|mechanism_12,0.34637766910049594
mechanism_01|mechanism_02|mechanism_03|mechanism_05|mechanism_07|mechanism_09|mechanism_10,0.37402214223339625
mechanism_01|mechanism_02|mechanism_03|mechanism_05|mechanism_07|mechanism_09|mechanism_11,0.36586440898919936
mechanism_01|mechanism_02|mechanism_03|mechanism_05|mechanism_07|mechanism_09|mechanism_12,0.3509194757554267
mechanism_01|mechanism_02|mechanism_03|mechanism_05|mechanism_07|mechanism_10|mechanism_11,0.38580035722310485
mechanism_01|mechanism_02|mechanism_03|mechanism_05|mechanism_07|mechanism_10|mechanism_12,0.382252125230751
mechanism_01|mechanism_02|mechanism_03|mechanism_05|mechanism_07|mechanism_11|mechanism_12,0.36239134737807494
mechanism_01|mechanism_02|mechanism_03|mechanism_05|mechanism_08|mechanism_09|mechanism_10,0.3441171587921863
mechanism_01|mechanism_02|mechanism_03|mechanism_05|mechanism_08|mechanism_09|mechanism_11,0.33403307324817977
mechanism_01|mechanism_02|mechanism_03|mechanism_05|mechanism_08|mechanism_09|mechanism_12,0.31973280330135156
mechanism_01|mechanism_02|mechanism_03|mechanism_05|mechanism_08|mechanism_10|mechanism_11,0.33737816282991745
mechanism_01|mechanism_02|mechanism_03|mechanism_05|mechanism_08|mechanism_10|mechanism_12,0.3340330732481797
mechanism_01|mechanism_02|mechanism_03|mechanism_05|mechanism_08|mechanism_11|mechanism_12,0.33070459722255396
mechanism_01|mechanism_02|mechanism_03|mechanism_05|mechanism_09|mechanism_10|mechanism_11,0.3532006074420143
mechanism_01|mechanism_02|mechanism_03|mechanism_05|mechanism_09|mechanism_10|mechanism_12,0.3384968407970476
mechanism_01|mechanism_02|mechanism_03|mechanism_05|mechanism_09|mechanism_11|mechanism_12,0.346377669100496
mechanism_01|mechanism_02|mechanism_03|mechanism_05|mechanism_10|mechanism_11|mechanism_12,0.34978145142617295
mechanism_01|mechanism_02|mechanism_03|mechanism_06|mechanism_07|mechanism_08|mechanism_09,0.3798935676569099
mechanism_01|mechanism_02|mechanism_03|mechanism_06|mechanism_07|mechanism_08|mechanism_10,0.39293301192829644
mechanism_01|mechanism_02|mechanism_03|mechanism_06|mechanism_07|mechanism_08|mechanism_11,0.3728522336868044
mechanism_01|mechanism_02|mechanism_03|mechanism_06|mechanism_07|mechanism_08|mechanism_12,0.36935147434892557
mechanism_01|mechanism_02|mechanism_03|mechanism_06|mechanism_07|mechanism_09|mechanism_10,0.4170245457988005
mechanism_01|mechanism_02|mechanism_03|mechanism_06|mechanism_07|mechanism_09|mechanism_11,0.40854102156721994
mechanism_01|mechanism_02|mechanism_03|mechanism_06|mechanism_07|mechanism_09|mechanism_12,0.3929330119282964
mechanism_01|mechanism_02|mechanism_03|mechanism_06|mechanism_07|mechanism_10|mechanism_11,0.40974974806981657
mechanism_01|mechanism_02|mechanism_03|mechanism_06|mechanism_07|mechanism_10|mechanism_12,0.4061268970658573
mechanism_01|mechanism_02|mechanism_03|mechanism_06|mechanism_07|mechanism_11|mechanism_12,0.3858003572231049
mechanism_01|mechanism_02|mechanism_03|mechanism_06|mechanism_08|mechanism_09|mechanism_10,0.38580035722310485
mechanism_01|mechanism_02|mechanism_03|mechanism_06|mechanism_08|mechanism_09|mechanism_11,0.37519352553157076
mechanism_01|mechanism_02|mechanism_03|mechanism_06|mechanism_08|mechanism_09|mechanism_12,0.36008390326226586
mechanism_01|mechanism_02|mechanism_03|mechanism_06|mechanism_08|mechanism_10|mechanism_11,0.36008390326226586
mechanism_01|mechanism_02|mechanism_03|mechanism_06|mechanism_08|mechanism_10|mechanism_12,0.35663485430559827
mechanism_01|mechanism_02|mechanism_03|mechanism_06|mechanism_08|mechanism_11|mechanism_12,0.3532006074420144
mechanism_01|mechanism_02|mechanism_03|mechanism_06|mechanism_09|mechanism_10|mechanism_11,0.39532091528599067
mechanism_01|mechanism_02|mechanism_03|mechanism_06|mechanism_09|mechanism_10|mechanism_12,0.3798935676569099
mechanism_01|mechanism_02|mechanism_03|mechanism_06|mechanism_09|mechanism_11|mechanism_12,0.3881726309982629
mechanism_01|mechanism_02|mechanism_03|mechanism_06|mechanism_10|mechanism_11|mechanism_12,0.3728522336868044
mechanism_01|mechanism_02|mechanism_03|mechanism_07|mechanism_08|mechanism_09|mechanism_10,0.36702522331953935
mechanism_01|mechanism_02|mechanism_03|mechanism_07|mechanism_08|mechanism_09|mechanism_11,0.3407396115486146
mechanism_01|mechanism_02|mechanism_03|mechanism_07|mechanism_08|mechanism_09|mechanism_12,0.3262929005454786
mechanism_01|mechanism_02|mechanism_03|mechanism_07|mechanism_08|mechanism_10|mechanism_11,0.3418636849519819
mechanism_01|mechanism_02|mechanism_03|mechanism_07|mechanism_08|mechanism_10|mechanism_12,0.3384968407970476
mechanism_01|mechanism_02|mechanism_03|mechanism_07|mechanism_08|mechanism_11|mechanism_12,0.31973280330135156
mechanism_01|mechanism_02|mechanism_03|mechanism_07|mechanism_09|mechanism_10|mechanism_11,0.376366371701774
mechanism_01|mechanism_02|mechanism_03|mechanism_07|mechanism_09|mechanism_10|mechanism_12,0.36123682485115804
mechanism_01|mechanism_02|mechanism_03|mechanism_07|mechanism_09|mechanism_11|mechanism_12,0.3532006074420144
mechanism_01|mechanism_02|mechanism_03|mechanism_07|mechanism_10|mechanism_11|mechanism_12,0.35434369377420455
mechanism_01|mechanism_02|mechanism_03|mechanism_08|mechanism_09|mechanism_10|mechanism_11,0.34637766910049606
mechanism_01|mechanism_02|mechanism_03|mechanism_08|mechanism_09|mechanism_10|mechanism_12,0.3318122278318339
mechanism_01|mechanism_02|mechanism_03|mechanism_08|mechanism_09|mechanism_11|mechanism_12,0.32191175044837256
mechanism_01|mechanism_02|mechanism_03|mechanism_08|mechanism_10|mechanism_11|mechanism_12,0.3078904956982118
mechanism_01|mechanism_02|mechanism_03|mechanism_09|mechanism_10|mechanism_11|mechanism_12,0.3407396115486146
mechanism_01|mechanism_02|mechanism_04|mechanism_05|mechanism_06|mechanism_07|mechanism_08,0.349781451426173
mechanism_01|mechanism_02|mechanism_04|mechanism_05|mechanism_06|mechanism_07|mechanism_09,0.32739298293223956
mechanism_01|mechanism_02|mechanism_04|mechanism_05|mechanism_06|mechanism_07|mechanism_10,0.3577829070425624
mechanism_01|mechanism_02|mechanism_04|mechanism_05|mechanism_06|mechanism_07|mechanism_11,0.3384968407970476
mechanism_01|mechanism_02|mechanism_04|mechanism_05|mechanism_06|mechanism_07|mechanism_12,0.3351462695940264
mechanism_01|mechanism_02|mechanism_04|mechanism_05|mechanism_06|mechanism_08|mechanism_09,0.323004143761477
mechanism_01|mechanism_02|mechanism_04|mechanism_05|mechanism_06|mechanism_08|mechanism_10,0.3373781628299175
mechanism_01|mechanism_02|mechanism_04|mechanism_05|mechanism_06|mechanism_08|mechanism_11,0.33403307324817977
mechanism_01|mechanism_02|mechanism_04|mechanism_05|mechanism_06|mechanism_08|mechanism_12,0.33070459722255396
mechanism_01|mechanism_02|mechanism_04|mechanism_05|mechanism_06|mechanism_09|mechanism_10,0.31539849967656924
mechanism_01|mechanism_02|mechanism_04|mechanism_05|mechanism_06|mechanism_09|mechanism_11,0.323004143761477
mechanism_01|mechanism_02|mechanism_04|mechanism_05|mechanism_06|mechanism_09|mechanism_12,0.3089569875842772
mechanism_01|mechanism_02|mechanism_04|mechanism_05|mechanism_06|mechanism_10|mechanism_11,0.32629290054547866
mechanism_01|mechanism_02|mechanism_04|mechanism_05|mechanism_06|mechanism_10|mechanism_12,0.323004143761477
mechanism_01|mechanism_02|mechanism_04|mechanism_05|mechanism_06|mechanism_11|mechanism_12,0.31973280330135156
mechanism_01|mechanism_02|mechanism_04|mechanism_05|mechanism_07|mechanism_08|mechanism_09,0.31216866941715965
mechanism_01|mechanism_02|mechanism_04|mechanism_05|mechanism_07|mechanism_08|mechanism_10,0.3418636849519819
mechanism_01|mechanism_02|mechanism_04|mechanism_05|mechanism_07|mechanism_08|mechanism_11,0.323004143761477
mechanism_01|mechanism_02|mechanism_04|mechanism_05|mechanism_07|mechanism_08|mechanism_12,0.31973280330135156
mechanism_01|mechanism_02|mechanism_04|mechanism_05|mechanism_07|mechanism_09|mechanism_10,0.31973280330135156
mechanism_01|mechanism_02|mechanism_04|mechanism_05|mechanism_07|mechanism_09|mechanism_11,0.31216866941715965
mechanism_01|mechanism_02|mechanism_04|mechanism_05|mechanism_07|mechanism_09|mechanism_12,0.29838504638459934
mechanism_01|mechanism_02|mechanism_04|mechanism_05|mechanism_07|mechanism_10|mechanism_11,0.33070459722255396
mechanism_01|mechanism_02|mechanism_04|mechanism_05|mechanism_07|mechanism_10|mechanism_12,0.32739298293223956
mechanism_01|mechanism_02|mechanism_04|mechanism_05|mechanism_07|mechanism_11|mechanism_12,0.3089569875842772
mechanism_01|mechanism_02|mechanism_04|mechanism_05|mechanism_08|mechanism_09|mechanism_10,0.3175616978069353
mechanism_01|mechanism_02|mechanism_04|mechanism_05|mechanism_08|mechanism_09|mechanism_11,0.30789049569821186
mechanism_01|mechanism_02|mechanism_04|mechanism_05|mechanism_08|mechanism_09|mechanism_12,0.2942149721629888
mechanism_01|mechanism_02|mechanism_04|mechanism_05|mechanism_08|mechanism_10|mechanism_11,0.31109608202304545
mechanism_01|mechanism_02|mechanism_04|mechanism_05|mechanism_08|mechanism_10|mechanism_12,0.30789049569821186
mechanism_01|mechanism_02|mechanism_04|mechanism_05|mechanism_08|mechanism_11|mechanism_12,0.30470333065243466
mechanism_01|mechanism_02|mechanism_04|mechanism_05|mechanism_09|mechanism_10|mechanism_11,0.30048277233757253
mechanism_01|mechanism_02|mechanism_04|mechanism_05|mechanism_09|mechanism_10|mechanism_12,0.2869998372477183
mechanism_01|mechanism_02|mechanism_04|mechanism_05|mechanism_09|mechanism_11|mechanism_12,0.2942149721629888
mechanism_01|mechanism_02|mechanism_04|mechanism_05|mechanism_10|mechanism_11|mechanism_12,0.29733934565526854
mechanism_01|mechanism_02|mechanism_04|mechanism_06|mechanism_07|mechanism_08|mechanism_09,0.32739298293223956
mechanism_01|mechanism_02|mechanism_04|mechanism_06|mechanism_07|mechanism_08|mechanism_10,0.3396173269207839
mechanism_01|mechanism_02|mechanism_04|mechanism_06|mechanism_07|mechanism_08|mechanism_11,0.320821300824607
mechanism_01|mechanism_02|mechanism_04|mechanism_06|mechanism_07|mechanism_08|mechanism_12,0.3175616978069353
mechanism_01|mechanism_02|mechanism_04|mechanism_06|mechanism_07|mechanism_09|mechanism_10,0.33514626959402644
mechanism_01|mechanism_02|mechanism_04|mechanism_06|mechanism_07|mechanism_09|mechanism_11,0.32739298293223956
mechanism_01|mechanism_02|mechanism_04|mechanism_06|mechanism_07|mechanism_09|mechanism_12,0.31324327335609825
mechanism_01|mechanism_02|mechanism_04|mechanism_06|mechanism_07|mechanism_10|mechanism_11,0.3284949657745942
mechanism_01|mechanism_02|mechanism_04|mechanism_06|mechanism_07|mechanism_10|mechanism_12,0.3251947274176865
mechanism_01|mechanism_02|mechanism_04|mechanism_06|mechanism_07|mechanism_11|mechanism_12,0.3068260506740499
mechanism_01|mechanism_02|mechanism_04|mechanism_06|mechanism_08|mechanism_09|mechanism_10,0.3329217229043748
mechanism_01|mechanism_02|mechanism_04|mechanism_06|mechanism_08|mechanism_09|mechanism_11,0.323004143761477
mechanism_01|mechanism_02|mechanism_04|mechanism_06|mechanism_08|mechanism_09|mechanism_12,0.30895698758427714
mechanism_01|mechanism_02|mechanism_04|mechanism_06|mechanism_08|mechanism_10|mechanism_11,0.30895698758427714
mechanism_01|mechanism_02|mechanism_04|mechanism_06|mechanism_08|mechanism_10|mechanism_12,0.30576365989196946
mechanism_01|mechanism_02|mechanism_04|mechanism_06|mechanism_08|mechanism_11|mechanism_12,0.30258888560411773
mechanism_01|mechanism_02|mechanism_04|mechanism_06|mechanism_09|mechanism_10|mechanism_11,0.3153984996765693
mechanism_01|mechanism_02|mechanism_04|mechanism_06|mechanism_09|mechanism_10|mechanism_12,0.3015347839974612
mechanism_01|mechanism_02|mechanism_04|mechanism_06|mechanism_09|mechanism_11|mechanism_12,0.30895698758427714
mechanism_01|mechanism_02|mechanism_04|mechanism_06|mechanism_10|mechanism_11|mechanism_12,0.295254302001909
mechanism_01|mechanism_02|mechanism_04|mechanism_07|mechanism_08|mechanism_09|mechanism_10,0.3153984996765693
mechanism_01|mechanism_02|mechanism_04|mechanism_07|mechanism_08|mechanism_09|mechanism_11,0.2911098274338801
mechanism_01|mechanism_02|mechanism_04|mechanism_07|mechanism_08|mechanism_09|mechanism_12,0.27788039415064275
mechanism_01|mechanism_02|mechanism_04|mechanism_07|mechanism_08|mechanism_10|mechanism_11,0.2921427285755187
mechanism_01|mechanism_02|mechanism_04|mechanism_07|mechanism_08|mechanism_10|mechanism_12,0.289050497374996
mechanism_01|mechanism_02|mechanism_04|mechanism_07|mechanism_08|mechanism_11|mechanism_12,0.27190080173375075
mechanism_01|mechanism_02|mechanism_04|mechanism_07|mechanism_09|mechanism_10|mechanism_11,0.29838504638459934
mechanism_01|mechanism_02|mechanism_04|mechanism_07|mechanism_09|mechanism_10|mechanism_12,0.2849578942990103
mechanism_01|mechanism_02|mechanism_04|mechanism_07|mechanism_09|mechanism_11|mechanism_12,0.27788039415064275
mechanism_01|mechanism_02|mechanism_04|mechanism_07|mechanism_10|mechanism_11|mechanism_12,0.27888482197713693
mechanism_01|mechanism_02|mechanism_04|mechanism_08|mechanism_09|mechanism_10|mechanism_11,0.29629576200022933
mechanism_01|mechanism_02|mechanism_04|mechanism_08|mechanism_09|mechanism_10|mechanism_12,0.2829247145070275
mechanism_01|mechanism_02|mechanism_04|mechanism_08|mechanism_09|mechanism_11|mechanism_12,0.2738850187392209
mechanism_01|mechanism_02|mechanism_04|mechanism_08|mechanism_10|mechanism_11|mechanism_12,0.26114999391575106
mechanism_01|mechanism_02|mechanism_04|mechanism_09|mechanism_10|mechanism_11|mechanism_12,0.2669798507611425
mechanism_01|mechanism_02|mechanism_05|mechanism_06|mechanism_07|mechanism_08|mechanism_09,0.3036450701761659
mechanism_01|mechanism_02|mechanism_05|mechanism_06|mechanism_07|mechanism_08|mechanism_10,0.3329217229043748
mechanism_01|mechanism_02|mechanism_05|mechanism_06|mechanism_07|mechanism_08|mechanism_11,0.31431988606174616
mechanism_01|mechanism_02|mechanism_05|mechanism_06|mechanism_07|mechanism_08|mechanism_12,0.3110960820230454
mechanism_01|mechanism_02|mechanism_05|mechanism_06|mechanism_07|mechanism_09|mechanism_10,0.31109608202304545
mechanism_01|mechanism_02|mechanism_05|mechanism_06|mechanism_07|mechanism_09|mechanism_11,0.3036450701761659
mechanism_01|mechanism_02|mechanism_05|mechanism_06|mechanism_07|mechanism_09|mechanism_12,0.2900790816655468
mechanism_01|mechanism_02|mechanism_05|mechanism_06|mechanism_07|mechanism_10|mechanism_11,0.32191175044837256
mechanism_01|mechanism_02|mechanism_05|mechanism_06|mechanism_07|mechanism_10|mechanism_12,0.31864626621097447
mechanism_01|mechanism_02|mechanism_05|mechanism_06|mechanism_07|mechanism_11|mechanism_12,0.30048277233757253
mechanism_01|mechanism_02|mechanism_05|mechanism_06|mechanism_08|mechanism_09|mechanism_10,0.30895698758427714
mechanism_01|mechanism_02|mechanism_05|mechanism_06|mechanism_08|mechanism_09|mechanism_11,0.29943285752602705
mechanism_01|mechanism_02|mechanism_05|mechanism_06|mechanism_08|mechanism_09|mechanism_12,0.28597777322269835
mechanism_01|mechanism_02|mechanism_05|mechanism_06|mechanism_08|mechanism_10|mechanism_11,0.30258888560411773
mechanism_01|mechanism_02|mechanism_05|mechanism_06|mechanism_08|mechanism_10|mechanism_12,0.29943285752602705
mechanism_01|mechanism_02|mechanism_05|mechanism_06|mechanism_08|mechanism_11|mechanism_12,0.29629576200022933
mechanism_01|mechanism_02|mechanism_05|mechanism_06|mechanism_09|mechanism_10|mechanism_11,0.2921427285755187
mechanism_01|mechanism_02|mechanism_05|mechanism_06|mechanism_09|mechanism_10|mechanism_12,0.27888482197713693
mechanism_01|mechanism_02|mechanism_05|mechanism_06|mechanism_09|mechanism_11|mechanism_12,0.28597777322269835
mechanism_01|mechanism_02|mechanism_05|mechanism_06|mechanism_10|mechanism_11|mechanism_12,0.28905049737499605
mechanism_01|mechanism_02|mechanism_05|mechanism_07|mechanism_08|mechanism_09|mechanism_10,0.2921427285755187
mechanism_01|mechanism_02|mechanism_05|mechanism_07|mechanism_08|mechanism_09|mechanism_11,0.2689414213699951
mechanism_01|mechanism_02|mechanism_05|mechanism_07|mechanism_08|mechanism_09|mechanism_12,0.25635510824373786
mechanism_01|mechanism_02|mechanism_05|mechanism_07|mechanism_08|mechanism_10|mechanism_11,0.28597777322269835
mechanism_01|mechanism_02|mechanism_05|mechanism_07|mechanism_08|mechanism_10|mechanism_12,0.28292471450702744
mechanism_01|mechanism_02|mechanism_05|mechanism_07|mechanism_08|mechanism_11|mechanism_12,0.26600248347843036
mechanism_01|mechanism_02|mechanism_05|mechanism_07|mechanism_09|mechanism_10|mechanism_11,0.27587822922918137
mechanism_01|mechanism_02|mechanism_05|mechanism_07|mechanism_09|mechanism_10|mechanism_12,0.2630841041665798
mechanism_01|mechanism_02|mechanism_05|mechanism_07|mechanism_09|mechanism_11|mechanism_12,0.25635510824373786
mechanism_01|mechanism_02|mechanism_05|mechanism_07|mechanism_10|mechanism_11|mechanism_12,0.2728917836588705
mechanism_01|mechanism_02|mechanism_05|mechanism_08|mechanism_09|mechanism_10|mechanism_11,0.2738850187392209
mechanism_01|mechanism_02|mechanism_05|mechanism_08|mechanism_09|mechanism_10|mechanism_12,0.26114999391575106
mechanism_01|mechanism_02|mechanism_05|mechanism_08|mechanism_09|mechanism_11|mechanism_12,0.2525609797798001
mechanism_01|mechanism_02|mechanism_05|mechanism_08|mechanism_10|mechanism_11|mechanism_12,0.25540308417252405
mechanism_01|mechanism_02|mechanism_05|mechanism_09|mechanism_10|mechanism_11|mechanism_12,0.24601128355105195
mechanism_01|mechanism_02|mechanism_06|mechanism_07|mechanism_08|mechanism_09|mechanism_10,0.33070459722255396
mechanism_01|mechanism_02|mechanism_06|mechanism_07|mechanism_08|mechanism_09|mechanism_11,0.3057636598919695
mechanism_01|mechanism_02|mechanism_06|mechanism_07|mechanism_08|mechanism_09|mechanism_12,0.29214272857551865
mechanism_01|mechanism_02|mechanism_06|mechanism_07|mechanism_08|mechanism_10|mechanism_11,0.3068260506740499
mechanism_01|mechanism_02|mechanism_06|mechanism_07|mechanism_08|mechanism_10|mechanism_12,0.3036450701761659
mechanism_01|mechanism_02|mechanism_06|mechanism_07|mechanism_08|mechanism_11|mechanism_12,0.28597777322269835
mechanism_01|mechanism_02|mechanism_06|mechanism_07|mechanism_09|mechanism_10|mechanism_11,0.31324327335609825
mechanism_01|mechanism_02|mechanism_06|mechanism_07|mechanism_09|mechanism_10|mechanism_12,0.29943285752602705
mechanism_01|mechanism_02|mechanism_06|mechanism_07|mechanism_09|mechanism_11|mechanism_12,0.29214272857551865
mechanism_01|mechanism_02|mechanism_06|mechanism_07|mechanism_10|mechanism_11|mechanism_12,0.29317777890643243
mechanism_01|mechanism_02|mechanism_06|mechanism_08|mechanism_09|mechanism_10|mechanism_11,0.31109608202304534
mechanism_01|mechanism_02|mechanism_06|mechanism_08|mechanism_09|mechanism_10|mechanism_12,0.29733934565526854
mechanism_01|mechanism_02|mechanism_06|mechanism_08|mechanism_09|mechanism_11|mechanism_12,0.28802408058720647
mechanism_01|mechanism_02|mechanism_06|mechanism_08|mechanism_10|mechanism_11|mechanism_12,0.2748805022101769
mechanism_01|mechanism_02|mechanism_06|mechanism_09|mechanism_10|mechanism_11|mechanism_12,0.2809003425836161
mechanism_01|mechanism_02|mechanism_07|mechanism_08|mechanism_09|mechanism_10|mechanism_11,0.29421497216298875
mechanism_01|mechanism_02|mechanism_07|mechanism_08|mechanism_09|mechanism_10|mechanism_12,0.2809003425836161
mechanism_01|mechanism_02|mechanism_07|mechanism_08|mechanism_09|mechanism_11|mechanism_12,0.25826612006856875
mechanism_01|mechanism_02|mechanism_07|mechanism_08|mechanism_10|mechanism_11|mechanism_12,0.25922510081784605
mechanism_01|mechanism_02|mechanism_07|mechanism_09|mechanism_10|mechanism_11|mechanism_12,0.2650274005334812
mechanism_01|mechanism_02|mechanism_08|mechanism_09|mechanism_10|mechanism_11|mechanism_12,0.2630841041665798
mechanism_01|mechanism_03|mechanism_04|mechanism_05|mechanism_06|mechanism_07|mechanism_08,0.3543436937742046
mechanism_01|mechanism_03|mechanism_04|mechanism_05|mechanism_06|mechanism_07|mechanism_09,0.35893259366518293
mechanism_01|mechanism_03|mechanism_04|mechanism_05|mechanism_06|mechanism_07|mechanism_10,0.39055021637167475
mechanism_01|mechanism_03|mechanism_04|mechanism_05|mechanism_06|mechanism_07|mechanism_11,0.3705168880326052
mechanism_01|mechanism_03|mechanism_04|mechanism_05|mechanism_06|mechanism_07|mechanism_12,0.36702522331953935
mechanism_01|mechanism_03|mechanism_04|mechanism_05|mechanism_06|mechanism_08|mechanism_09,0.32739298293223956
mechanism_01|mechanism_03|mechanism_04|mechanism_05|mechanism_06|mechanism_08|mechanism_10,0.3418636849519819
mechanism_01|mechanism_03|mechanism_04|mechanism_05|mechanism_06|mechanism_08|mechanism_11,0.3384968407970476
mechanism_01|mechanism_03|mechanism_04|mechanism_05|mechanism_06|mechanism_08|mechanism_12,0.33514626959402644
mechanism_01|mechanism_03|mechanism_04|mechanism_05|mechanism_06|mechanism_09|mechanism_10,0.34637766910049606
mechanism_01|mechanism_03|mechanism_04|mechanism_05|mechanism_06|mechanism_09|mechanism_11,0.35434369377420455
mechanism_01|mechanism_03|mechanism_04|mechanism_05|mechanism_06|mechanism_09|mechanism_12,0.33961732692078395
mechanism_01|mechanism_03|mechanism_04|mechanism_05|mechanism_06|mechanism_10|mechanism_11,0.3577829070425624
mechanism_01|mechanism_03|mechanism_04|mechanism_05|mechanism_06|mechanism_10|mechanism_12,0.35434369377420455
mechanism_01|mechanism_03|mechanism_04|mechanism_05|mechanism_06|mechanism_11|mechanism_12,0.3509194757554267
mechanism_01|mechanism_03|mechanism_04|mechanism_05|mechanism_07|mechanism_08|mechanism_09,0.3164791062636844
mechanism_01|mechanism_03|mechanism_04|mechanism_05|mechanism_07|mechanism_08|mechanism_10,0.34637766910049606
mechanism_01|mechanism_03|mechanism_04|mechanism_05|mechanism_07|mechanism_08|mechanism_11,0.32739298293223956
mechanism_01|mechanism_03|mechanism_04|mechanism_05|mechanism_07|mechanism_08|mechanism_12,0.3240984722740593
mechanism_01|mechanism_03|mechanism_04|mechanism_05|mechanism_07|mechanism_09|mechanism_10,0.3509194757554267
mechanism_01|mechanism_03|mechanism_04|mechanism_05|mechanism_07|mechanism_09|mechanism_11,0.34298953732650117
mechanism_01|mechanism_03|mechanism_04|mechanism_05|mechanism_07|mechanism_09|mechanism_12,0.3284949657745942
mechanism_01|mechanism_03|mechanism_04|mechanism_05|mechanism_07|mechanism_10|mechanism_11,0.36239134737807494
mechanism_01|mechanism_03|mechanism_04|mechanism_05|mechanism_07|mechanism_10|mechanism_12,0.35893259366518293
mechanism_01|mechanism_03|mechanism_04|mechanism_05|mechanism_07|mechanism_11|mechanism_12,0.33961732692078395
mechanism_01|mechanism_03|mechanism_04|mechanism_05|mechanism_08|mechanism_09|mechanism_10,0.32191175044837256
mechanism_01|mechanism_03|mechanism_04|mechanism_05|mechanism_08|mechanism_09|mechanism_11,0.3121686694171596
mechanism_01|mechanism_03|mechanism_04|mechanism_05|mechanism_08|mechanism_09|mechanism_12,0.29838504638459934
mechanism_01|mechanism_03|mechanism_04|mechanism_05|mechanism_08|mechanism_10|mechanism_11,0.3153984996765693
mechanism_01|mechanism_03|mechanism_04|mechanism_05|mechanism_08|mechanism_10|mechanism_12,0.3121686694171596
mechanism_01|mechanism_03|mechanism_04|mechanism_05|mechanism_08|mechanism_11|mechanism_12,0.30895698758427714
mechanism_01|mechanism_03|mechanism_04|mechanism_05|mechanism_09|mechanism_10|mechanism_11,0.33070459722255396
mechanism_01|mechanism_03|mechanism_04|mechanism_05|mechanism_09|mechanism_10|mechanism_12,0.3164791062636844
mechanism_01|mechanism_03|mechanism_04|mechanism_05|mechanism_09|mechanism_11|mechanism_12,0.3240984722740593
mechanism_01|mechanism_03|mechanism_04|mechanism_05|mechanism_10|mechanism_11|mechanism_12,0.32739298293223956
mechanism_01|mechanism_03|mechanism_04|mechanism_06|mechanism_07|mechanism_08|mechanism_09,0.3318122278318339
mechanism_01|mechanism_03|mechanism_04|mechanism_06|mechanism_07|mechanism_08|mechanism_10,0.34411715879218635
mechanism_01|mechanism_03|mechanism_04|mechanism_06|mechanism_07|mechanism_08|mechanism_11,0.3251947274176865
mechanism_01|mechanism_03|mechanism_04|mechanism_06|mechanism_07|mechanism_08|mechanism_12,0.32191175044837256
mechanism_01|mechanism_03|mechanism_04|mechanism_06|mechanism_07|mechanism_09|mechanism_10,0.36702522331953935
mechanism_01|mechanism_03|mechanism_04|mechanism_06|mechanism_07|mechanism_09|mechanism_11,0.35893259366518293
mechanism_01|mechanism_03|mechanism_04|mechanism_06|mechanism_07|mechanism_09|mechanism_12,0.34411715879218635
mechanism_01|mechanism_03|mechanism_04|mechanism_06|mechanism_07|mechanism_10|mechanism_11,0.36008390326226586
mechanism_01|mechanism_03|mechanism_04|mechanism_06|mechanism_07|mechanism_10|mechanism_12,0.35663485430559827
mechanism_01|mechanism_03|mechanism_04|mechanism_06|mechanism_07|mechanism_11|mechanism_12,0.3373781628299175
mechanism_01|mechanism_03|mechanism_04|mechanism_06|mechanism_08|mechanism_09|mechanism_10,0.3373781628299175
mechanism_01|mechanism_03|mechanism_04|mechanism_06|mechanism_08|mechanism_09|mechanism_11,0.32739298293223956
mechanism_01|mechanism_03|mechanism_04|mechanism_06|mechanism_08|mechanism_09|mechanism_12,0.31324327335609825
mechanism_01|mechanism_03|mechanism_04|mechanism_06|mechanism_08|mechanism_10|mechanism_11,0.31324327335609825
mechanism_01|mechanism_03|mechanism_04|mechanism_06|mechanism_08|mechanism_10|mechanism_12,0.3100255188723876
mechanism_01|mechanism_03|mechanism_04|mechanism_06|mechanism_08|mechanism_11|mechanism_12,0.3068260506740499
mechanism_01|mechanism_03|mechanism_04|mechanism_06|mechanism_09|mechanism_10|mechanism_11,0.34637766910049594
mechanism_01|mechanism_03|mechanism_04|mechanism_06|mechanism_09|mechanism_10|mechanism_12,0.33181222783183395
mechanism_01|mechanism_03|mechanism_04|mechanism_06|mechanism_09|mechanism_11|mechanism_12,0.3396173269207839
mechanism_01|mechanism_03|mechanism_04|mechanism_06|mechanism_10|mechanism_11|mechanism_12,0.3251947274176865
mechanism_01|mechanism_03|mechanism_04|mechanism_07|mechanism_08|mechanism_09|mechanism_10,0.31973280330135156
mechanism_01|mechanism_03|mechanism_04|mechanism_07|mechanism_08|mechanism_09|mechanism_11,0.295254302001909
mechanism_01|mechanism_03|mechanism_04|mechanism_07|mechanism_08|mechanism_09|mechanism_12,0.2819114248166502
mechanism_01|mechanism_03|mechanism_04|mechanism_07|mechanism_08|mechanism_10|mechanism_11,0.29629576200022933
mechanism_01|mechanism_03|mechanism_04|mechanism_07|mechanism_08|mechanism_10|mechanism_12,0.29317777890643243
mechanism_01|mechanism_03|mechanism_04|mechanism_07|mechanism_08|mechanism_11|mechanism_12,0.27587822922918137
mechanism_01|mechanism_03|mechanism_04|mechanism_07|mechanism_09|mechanism_10|mechanism_11,0.3284949657745942
mechanism_01|mechanism_03|mechanism_04|mechanism_07|mechanism_09|mechanism_10|mechanism_12,0.3143198860617462
mechanism_01|mechanism_03|mechanism_04|mechanism_07|mechanism_09|mechanism_11|mechanism_12,0.3068260506740499
mechanism_01|mechanism_03|mechanism_04|mechanism_07|mechanism_10|mechanism_11|mechanism_12,0.3078904956982119
mechanism_01|mechanism_03|mechanism_04|mechanism_08|mechanism_09|mechanism_10|mechanism_11,0.30048277233757253
mechanism_01|mechanism_03|mechanism_04|mechanism_08|mechanism_09|mechanism_10|mechanism_12,0.2869998372477183
mechanism_01|mechanism_03|mechanism_04|mechanism_08|mechanism_09|mechanism_11|mechanism_12,0.27788039415064275
mechanism_01|mechanism_03|mechanism_04|mechanism_08|mechanism_10|mechanism_11|mechanism_12,0.2650274005334812
mechanism_01|mechanism_03|mechanism_04|mechanism_09|mechanism_10|mechanism_11|mechanism_12,0.295254302001909
mechanism_01|mechanism_03|mechanism_05|mechanism_06|mechanism_07|mechanism_08|mechanism_09,0.30789049569821186
mechanism_01|mechanism_03|mechanism_05|mechanism_06|mechanism_07|mechanism_08|mechanism_10,0.33737816282991756
mechanism_01|mechanism_03|mechanism_05|mechanism_06|mechanism_07|mechanism_08|mechanism_11,0.31864626621097447
mechanism_01|mechanism_03|mechanism_05|mechanism_06|mechanism_07|mechanism_08|mechanism_12,0.3153984996765693
mechanism_01|mechanism_03|mechanism_05|mechanism_06|mechanism_07|mechanism_09|mechanism_10,0.3418636849519819
mechanism_01|mechanism_03|mechanism_05|mechanism_06|mechanism_07|mechanism_09|mechanism_11,0.33403307324817977
mechanism_01|mechanism_03|mechanism_05|mechanism_06|mechanism_07|mechanism_09|mechanism_12,0.31973280330135156
mechanism_01|mechanism_03|mechanism_05|mechanism_06|mechanism_07|mechanism_10|mechanism_11,0.35320060744201437
mechanism_01|mechanism_03|mechanism_05|mechanism_06|mechanism_07|mechanism_10|mechanism_12,0.34978145142617295
mechanism_01|mechanism_03|mechanism_05|mechanism_06|mechanism_07|mechanism_11|mechanism_12,0.33070459722255396
mechanism_01|mechanism_03|mechanism_05|mechanism_06|mechanism_08|mechanism_09|mechanism_10,0.31324327335609825
mechanism_01|mechanism_03|mechanism_05|mechanism_06|mechanism_08|mechanism_09|mechanism_11,0.3036450701761659
mechanism_01|mechanism_03|mechanism_05|mechanism_06|mechanism_08|mechanism_09|mechanism_12,0.2900790816655468
mechanism_01|mechanism_03|mechanism_05|mechanism_06|mechanism_08|mechanism_10|mechanism_11,0.3068260506740499
mechanism_01|mechanism_03|mechanism_05|mechanism_06|mechanism_08|mechanism_10|mechanism_12,0.3036450701761659
mechanism_01|mechanism_03|mechanism_05|mechanism_06|mechanism_08|mechanism_11|mechanism_12,0.30048277233757253
mechanism_01|mechanism_03|mechanism_05|mechanism_06|mechanism_09|mechanism_10|mechanism_11,0.3219117504483725
mechanism_01|mechanism_03|mechanism_05|mechanism_06|mechanism_09|mechanism_10|mechanism_12,0.3078904956982119
mechanism_01|mechanism_03|mechanism_05|mechanism_06|mechanism_09|mechanism_11|mechanism_12,0.31539849967656924
mechanism_01|mechanism_03|mechanism_05|mechanism_06|mechanism_10|mechanism_11|mechanism_12,0.31864626621097447
mechanism_01|mechanism_03|mechanism_05|mechanism_07|mechanism_08|mechanism_09|mechanism_10,0.29629576200022933
mechanism_01|mechanism_03|mechanism_05|mechanism_07|mechanism_08|mechanism_09|mechanism_11,0.2728917836588705
mechanism_01|mechanism_03|mechanism_05|mechanism_07|mechanism_08|mechanism_09|mechanism_12,0.2601863933303121
mechanism_01|mechanism_03|mechanism_05|mechanism_07|mechanism_08|mechanism_10|mechanism_11,0.2900790816655468
mechanism_01|mechanism_03|mechanism_05|mechanism_07|mechanism_08|mechanism_10|mechanism_12,0.2869998372477183
mechanism_01|mechanism_03|mechanism_05|mechanism_07|mechanism_08|mechanism_11|mechanism_12,0.2699256160188812
mechanism_01|mechanism_03|mechanism_05|mechanism_07|mechanism_09|mechanism_10|mechanism_11,0.3047033306524346
mechanism_01|mechanism_03|mechanism_05|mechanism_07|mechanism_09|mechanism_10|mechanism_12,0.2911098274338801
mechanism_01|mechanism_03|mechanism_05|mechanism_07|mechanism_09|mechanism_11|mechanism_12,0.2839402061842902
mechanism_01|mechanism_03|mechanism_05|mechanism_07|mechanism_10|mechanism_11|mechanism_12,0.30153478399746125
mechanism_01|mechanism_03|mechanism_05|mechanism_08|mechanism_09|mechanism_10|mechanism_11,0.27788039415064275
mechanism_01|mechanism_03|mechanism_05|mechanism_08|mechanism_09|mechanism_10|mechanism_12,0.2650274005334812
mechanism_01|mechanism_03|mechanism_05|mechanism_08|mechanism_09|mechanism_11|mechanism_12,0.25635510824373786
mechanism_01|mechanism_03|mechanism_05|mechanism_08|mechanism_10|mechanism_11|mechanism_12,0.25922510081784605
mechanism_01|mechanism_03|mechanism_05|mechanism_09|mechanism_10|mechanism_11|mechanism_12,0.2728917836588705
mechanism_01|mechanism_03|mechanism_06|mechanism_07|mechanism_08|mechanism_09|mechanism_10,0.3351462695940264
mechanism_01|mechanism_03|mechanism_06|mechanism_07|mechanism_08|mechanism_09|mechanism_11,0.3100255188723876
mechanism_01|mechanism_03|mechanism_06|mechanism_07|mechanism_08|mechanism_09|mechanism_12,0.29629576200022933
mechanism_01|mechanism_03|mechanism_06|mechanism_07|mechanism_08|mechanism_10|mechanism_11,0.3110960820230454
mechanism_01|mechanism_03|mechanism_06|mechanism_07|mechanism_08|mechanism_10|mechanism_12,0.3078904956982119
mechanism_01|mechanism_03|mechanism_06|mechanism_07|mechanism_08|mechanism_11|mechanism_12,0.2900790816655468
mechanism_01|mechanism_03|mechanism_06|mechanism_07|mechanism_09|mechanism_10|mechanism_11,0.3441171587921863
mechanism_01|mechanism_03|mechanism_06|mechanism_07|mechanism_09|mechanism_10|mechanism_12,0.3295988401911314
mechanism_01|mechanism_03|mechanism_06|mechanism_07|mechanism_09|mechanism_11|mechanism_12,0.32191175044837256
mechanism_01|mechanism_03|mechanism_06|mechanism_07|mechanism_10|mechanism_11|mechanism_12,0.323004143761477
mechanism_01|mechanism_03|mechanism_06|mechanism_08|mechanism_09|mechanism_10|mechanism_11,0.3153984996765693
mechanism_01|mechanism_03|mechanism_06|mechanism_08|mechanism_09|mechanism_10|mechanism_12,0.30153478399746125
mechanism_01|mechanism_03|mechanism_06|mechanism_08|mechanism_09|mechanism_11|mechanism_12,0.2921427285755187
mechanism_01|mechanism_03|mechanism_06|mechanism_08|mechanism_10|mechanism_11|mechanism_12,0.27888482197713693
mechanism_01|mechanism_03|mechanism_06|mechanism_09|mechanism_10|mechanism_11|mechanism_12,0.3100255188723876
mechanism_01|mechanism_03|mechanism_07|mechanism_08|mechanism_09|mechanism_10|mechanism_11,0.29838504638459934
mechanism_01|mechanism_03|mechanism_07|mechanism_08|mechanism_09|mechanism_10|mechanism_12,0.28495789429901025
mechanism_01|mechanism_03|mechanism_07|mechanism_08|mechanism_09|mechanism_11|mechanism_12,0.26211589880836517
mechanism_01|mechanism_03|mechanism_07|mechanism_08|mechanism_10|mechanism_11|mechanism_12,0.2630841041665798
mechanism_01|mechanism_03|mechanism_07|mechanism_09|mechanism_10|mechanism_11|mechanism_12,0.29317777890643243
mechanism_01|mechanism_03|mechanism_08|mechanism_09|mechanism_10|mechanism_11|mechanism_12,0.26697985076114245
mechanism_01|mechanism_04|mechanism_05|mechanism_06|mechanism_07|mechanism_08|mechanism_09,0.32519472741768657
mechanism_01|mechanism_04|mechanism_05|mechanism_06|mechanism_07|mechanism_08|mechanism_10,0.3554884462937054
mechanism_01|mechanism_04|mechanism_05|mechanism_06|mechanism_07|mechanism_08|mechanism_11,0.33626130259564735
mechanism_01|mechanism_04|mechanism_05|mechanism_06|mechanism_07|mechanism_08|mechanism_12,0.3329217229043748
mechanism_01|mechanism_04|mechanism_05|mechanism_06|mechanism_07|mechanism_09|mechanism_10,0.3329217229043748
mechanism_01|mechanism_04|mechanism_05|mechanism_06|mechanism_07|mechanism_09|mechanism_11,0.3251947274176865
mechanism_01|mechanism_04|mechanism_05|mechanism_06|mechanism_07|mechanism_09|mechanism_12,0.3110960820230454
mechanism_01|mechanism_04|mechanism_05|mechanism_06|mechanism_07|mechanism_10|mechanism_11,0.34411715879218635
mechanism_01|mechanism_04|mechanism_05|mechanism_06|mechanism_07|mechanism_10|mechanism_12,0.3407396115486146
mechanism_01|mechanism_04|mechanism_05|mechanism_06|mechanism_07|mechanism_11|mechanism_12,0.3219117504483725
mechanism_01|mechanism_04|mechanism_05|mechanism_06|mechanism_08|mechanism_09|mechanism_10,0.33070459722255396
mechanism_01|mechanism_04|mechanism_05|mechanism_06|mechanism_08|mechanism_09|mechanism_11,0.3208213008246071
mechanism_01|mechanism_04|mechanism_05|mechanism_06|mechanism_08|mechanism_09|mechanism_12,0.3068260506740499
mechanism_01|mechanism_04|mechanism_05|mechanism_06|mechanism_08|mechanism_10|mechanism_11,0.3240984722740593
mechanism_01|mechanism_04|mechanism_05|mechanism_06|mechanism_08|mechanism_10|mechanism_12,0.3208213008246071
mechanism_01|mechanism_04|mechanism_05|mechanism_06|mechanism_08|mechanism_11|mechanism_12,0.3175616978069353
mechanism_01|mechanism_04|mechanism_05|mechanism_06|mechanism_09|mechanism_10|mechanism_11,0.31324327335609825
mechanism_01|mechanism_04|mechanism_05|mechanism_06|mechanism_09|mechanism_10|mechanism_12,0.29943285752602705
mechanism_01|mechanism_04|mechanism_05|mechanism_06|mechanism_09|mechanism_11|mechanism_12,0.3068260506740499
mechanism_01|mechanism_04|mechanism_05|mechanism_06|mechanism_10|mechanism_11|mechanism_12,0.31002551887238755
mechanism_01|mechanism_04|mechanism_05|mechanism_07|mechanism_08|mechanism_09|mechanism_10,0.3351462695940264
mechanism_01|mechanism_04|mechanism_05|mechanism_07|mechanism_08|mechanism_09|mechanism_11,0.31002551887238755
mechanism_01|mechanism_04|mechanism_05|mechanism_07|mechanism_08|mechanism_09|mechanism_12,0.29629576200022933
mechanism_01|mechanism_04|mechanism_05|mechanism_07|mechanism_08|mechanism_10|mechanism_11,0.32849496577459414
mechanism_01|mechanism_04|mechanism_05|mechanism_07|mechanism_08|mechanism_10|mechanism_12,0.3251947274176865
mechanism_01|mechanism_04|mechanism_05|mechanism_07|mechanism_08|mechanism_11|mechanism_12,0.3068260506740499
mechanism_01|mechanism_04|mechanism_05|mechanism_07|mechanism_09|mechanism_10|mechanism_11,0.3175616978069353
mechanism_01|mechanism_04|mechanism_05|mechanism_07|mechanism_09|mechanism_10|mechanism_12,0.3036450701761659
mechanism_01|mechanism_04|mechanism_05|mechanism_07|mechanism_09|mechanism_11|mechanism_12,0.29629576200022933
mechanism_01|mechanism_04|mechanism_05|mechanism_07|mechanism_10|mechanism_11|mechanism_12,0.31431988606174616
mechanism_01|mechanism_04|mechanism_05|mechanism_08|mechanism_09|mechanism_10|mechanism_11,0.31539849967656924
mechanism_01|mechanism_04|mechanism_05|mechanism_08|mechanism_09|mechanism_10|mechanism_12,0.30153478399746125
mechanism_01|mechanism_04|mechanism_05|mechanism_08|mechanism_09|mechanism_11|mechanism_12,0.2921427285755187
mechanism_01|mechanism_04|mechanism_05|mechanism_08|mechanism_10|mechanism_11|mechanism_12,0.295254302001909
mechanism_01|mechanism_04|mechanism_05|mechanism_09|mechanism_10|mechanism_11|mechanism_12,0.28495789429901025
mechanism_01|mechanism_04|mechanism_06|mechanism_07|mechanism_08|mechanism_09|mechanism_10,0.3509194757554267
mechanism_01|mechanism_04|mechanism_06|mechanism_07|mechanism_08|mechanism_09|mechanism_11,0.3251947274176865
mechanism_01|mechanism_04|mechanism_06|mechanism_07|mechanism_08|mechanism_09|mechanism_12,0.3110960820230454
mechanism_01|mechanism_04|mechanism_06|mechanism_07|mechanism_08|mechanism_10|mechanism_11,0.3262929005454786
mechanism_01|mechanism_04|mechanism_06|mechanism_07|mechanism_08|mechanism_10|mechanism_12,0.323004143761477
mechanism_01|mechanism_04|mechanism_06|mechanism_07|mechanism_08|mechanism_11|mechanism_12,0.3047033306524346
mechanism_01|mechanism_04|mechanism_06|mechanism_07|mechanism_09|mechanism_10|mechanism_11,0.3329217229043748
mechanism_01|mechanism_04|mechanism_06|mechanism_07|mechanism_09|mechanism_10|mechanism_12,0.31864626621097447
mechanism_01|mechanism_04|mechanism_06|mechanism_07|mechanism_09|mechanism_11|mechanism_12,0.3110960820230454
mechanism_01|mechanism_04|mechanism_06|mechanism_07|mechanism_10|mechanism_11|mechanism_12,0.31216866941715965
mechanism_01|mechanism_04|mechanism_06|mechanism_08|mechanism_09|mechanism_10|mechanism_11,0.33070459722255396
mechanism_01|mechanism_04|mechanism_06|mechanism_08|mechanism_09|mechanism_10|mechanism_12,0.3164791062636844
mechanism_01|mechanism_04|mechanism_06|mechanism_08|mechanism_09|mechanism_11|mechanism_12,0.3068260506740499
mechanism_01|mechanism_04|mechanism_06|mechanism_08|mechanism_10|mechanism_11|mechanism_12,0.2931777789064325
mechanism_01|mechanism_04|mechanism_06|mechanism_09|mechanism_10|mechanism_11|mechanism_12,0.29943285752602705
mechanism_01|mechanism_04|mechanism_07|mechanism_08|mechanism_09|mechanism_10|mechanism_11,0.31324327335609825
mechanism_01|mechanism_04|mechanism_07|mechanism_08|mechanism_09|mechanism_10|mechanism_12,0.29943285752602705
mechanism_01|mechanism_04|mechanism_07|mechanism_08|mechanism_09|mechanism_11|mechanism_12,0.27587822922918137
mechanism_01|mechanism_04|mechanism_07|mechanism_08|mechanism_10|mechanism_11|mechanism_12,0.2768781948756102
mechanism_01|mechanism_04|mechanism_07|mechanism_09|mechanism_10|mechanism_11|mechanism_12,0.2829247145070275
mechanism_01|mechanism_04|mechanism_08|mechanism_09|mechanism_10|mechanism_11|mechanism_12,0.2809003425836161
mechanism_01|mechanism_05|mechanism_06|mechanism_07|mechanism_08|mechanism_09|mechanism_10,0.3262929005454786
mechanism_01|mechanism_05|mechanism_06|mechanism_07|mechanism_08|mechanism_09|mechanism_11,0.30153478399746125
mechanism_01|mechanism_05|mechanism_06|mechanism_07|mechanism_08|mechanism_09|mechanism_12,0.2880240805872065
mechanism_01|mechanism_05|mechanism_06|mechanism_07|mechanism_08|mechanism_10|mechanism_11,0.31973280330135156
mechanism_01|mechanism_05|mechanism_06|mechanism_07|mechanism_08|mechanism_10|mechanism_12,0.31647910626368436
mechanism_01|mechanism_05|mechanism_06|mechanism_07|mechanism_08|mechanism_11|mechanism_12,0.29838504638459934
mechanism_01|mechanism_05|mechanism_06|mechanism_07|mechanism_09|mechanism_10|mechanism_11,0.3089569875842772
mechanism_01|mechanism_05|mechanism_06|mechanism_07|mechanism_09|mechanism_10|mechanism_12,0.295254302001909
mechanism_01|mechanism_05|mechanism_06|mechanism_07|mechanism_09|mechanism_11|mechanism_12,0.2880240805872065
mechanism_01|mechanism_05|mechanism_06|mechanism_07|mechanism_10|mechanism_11|mechanism_12,0.30576365989196946
mechanism_01|mechanism_05|mechanism_06|mechanism_08|mechanism_09|mechanism_10|mechanism_11,0.3068260506740499
mechanism_01|mechanism_05|mechanism_06|mechanism_08|mechanism_09|mechanism_10|mechanism_12,0.2931777789064325
mechanism_01|mechanism_05|mechanism_06|mechanism_08|mechanism_09|mechanism_11|mechanism_12,0.2839402061842902
mechanism_01|mechanism_05|mechanism_06|mechanism_08|mechanism_10|mechanism_11|mechanism_12,0.2869998372477183
mechanism_01|mechanism_05|mechanism_06|mechanism_09|mechanism_10|mechanism_11|mechanism_12,0.27687819487561016
mechanism_01|mechanism_05|mechanism_07|mechanism_08|mechanism_09|mechanism_10|mechanism_11,0.2900790816655468
mechanism_01|mechanism_05|mechanism_07|mechanism_08|mechanism_09|mechanism_10|mechanism_12,0.2768781948756102
mechanism_01|mechanism_05|mechanism_07|mechanism_08|mechanism_09|mechanism_11|mechanism_12,0.25445338587359734
mechanism_01|mechanism_05|mechanism_07|mechanism_08|mechanism_10|mechanism_11|mechanism_12,0.27091207765069353
mechanism_01|mechanism_05|mechanism_07|mechanism_09|mechanism_10|mechanism_11|mechanism_12,0.261149993915751
mechanism_01|mechanism_05|mechanism_08|mechanism_09|mechanism_10|mechanism_11|mechanism_12,0.25922510081784605
mechanism_01|mechanism_06|mechanism_07|mechanism_08|mechanism_09|mechanism_10|mechanism_11,0.3284949657745942
mechanism_01|mechanism_06|mechanism_07|mechanism_08|mechanism_09|mechanism_10|mechanism_12,0.3143198860617461
mechanism_01|mechanism_06|mechanism_07|mechanism_08|mechanism_09|mechanism_11|mechanism_12,0.2900790816655468
mechanism_01|mechanism_06|mechanism_07|mechanism_08|mechanism_10|mechanism_11|mechanism_12,0.2911098274338801
mechanism_01|mechanism_06|mechanism_07|mechanism_09|mechanism_10|mechanism_11|mechanism_12,0.29733934565526854
mechanism_01|mechanism_06|mechanism_08|mechanism_09|mechanism_10|mechanism_11|mechanism_12,0.295254302001909
mechanism_01|mechanism_07|mechanism_08|mechanism_09|mechanism_10|mechanism_11|mechanism_12,0.27888482197713693
mechanism_02|mechanism_03|mechanism_04|mechanism_05|mechanism_06|mechanism_07|mechanism_08,0.34524653939368083
mechanism_02|mechanism_03|mechanism_04|mechanism_05|mechanism_06|mechanism_07|mechanism_09,0.34978145142617295
mechanism_02|mechanism_03|mechanism_04|mechanism_05|mechanism_06|mechanism_07|mechanism_10,0.3810721451998097
mechanism_02|mechanism_03|mechanism_04|mechanism_05|mechanism_06|mechanism_07|mechanism_11,0.36123682485115804
mechanism_02|mechanism_03|mechanism_04|mechanism_05|mechanism_06|mechanism_07|mechanism_12,0.3577829070425624
mechanism_02|mechanism_03|mechanism_04|mechanism_05|mechanism_06|mechanism_08|mechanism_09,0.31864626621097447
mechanism_02|mechanism_03|mechanism_04|mechanism_05|mechanism_06|mechanism_08|mechanism_10,0.3329217229043748
mechanism_02|mechanism_03|mechanism_04|mechanism_05|mechanism_06|mechanism_08|mechanism_11,0.3295988401911314
mechanism_02|mechanism_03|mechanism_04|mechanism_05|mechanism_06|mechanism_08|mechanism_12,0.3262929005454786
mechanism_02|mechanism_03|mechanism_04|mechanism_05|mechanism_06|mechanism_09|mechanism_10,0.3373781628299175
mechanism_02|mechanism_03|mechanism_04|mechanism_05|mechanism_06|mechanism_09|mechanism_11,0.3452465393936808
mechanism_02|mechanism_03|mechanism_04|mechanism_05|mechanism_06|mechanism_09|mechanism_12,0.33070459722255396
mechanism_02|mechanism_03|mechanism_04|mechanism_05|mechanism_06|mechanism_10|mechanism_11,0.34864513533394575
mechanism_02|mechanism_03|mechanism_04|mechanism_05|mechanism_06|mechanism_10|mechanism_12,0.34524653939368083
mechanism_02|mechanism_03|mechanism_04|mechanism_05|mechanism_06|mechanism_11|mechanism_12,0.3418636849519819
mechanism_02|mechanism_03|mechanism_04|mechanism_05|mechanism_07|mechanism_08|mechanism_09,0.3362613025956473
mechanism_02|mechanism_03|mechanism_04|mechanism_05|mechanism_07|mechanism_08|mechanism_10,0.36702522331953935
mechanism_02|mechanism_03|mechanism_04|mechanism_05|mechanism_07|mechanism_08|mechanism_11,0.34751053780725555
mechanism_02|mechanism_03|mechanism_04|mechanism_05|mechanism_07|mechanism_08|mechanism_12,0.34411715879218635
mechanism_02|mechanism_03|mechanism_04|mechanism_05|mechanism_07|mechanism_09|mechanism_10,0.3716838117046338
mechanism_02|mechanism_03|mechanism_04|mechanism_05|mechanism_07|mechanism_09|mechanism_11,0.3635474597184337
mechanism_02|mechanism_03|mechanism_04|mechanism_05|mechanism_07|mechanism_09|mechanism_12,0.34864513533394575
mechanism_02|mechanism_03|mechanism_04|mechanism_05|mechanism_07|mechanism_10|mechanism_11,0.3834334954786807
mechanism_02|mechanism_03|mechanism_04|mechanism_05|mechanism_07|mechanism_10|mechanism_12,0.3798935676569099
mechanism_02|mechanism_03|mechanism_04|mechanism_05|mechanism_07|mechanism_11|mechanism_12,0.36008390326226586
mechanism_02|mechanism_03|mechanism_04|mechanism_05|mechanism_08|mechanism_09|mechanism_10,0.3418636849519819
mechanism_02|mechanism_03|mechanism_04|mechanism_05|mechanism_08|mechanism_09|mechanism_11,0.33181222783183395
mechanism_02|mechanism_03|mechanism_04|mechanism_05|mechanism_08|mechanism_09|mechanism_12,0.3175616978069353
mechanism_02|mechanism_03|mechanism_04|mechanism_05|mechanism_08|mechanism_10|mechanism_11,0.3351462695940264
mechanism_02|mechanism_03|mechanism_04|mechanism_05|mechanism_08|mechanism_10|mechanism_12,0.33181222783183395
mechanism_02|mechanism_03|mechanism_04|mechanism_05|mechanism_08|mechanism_11|mechanism_12,0.3284949657745942
mechanism_02|mechanism_03|mechanism_04|mechanism_05|mechanism_09|mechanism_10|mechanism_11,0.3509194757554267
mechanism_02|mechanism_03|mechanism_04|mechanism_05|mechanism_09|mechanism_10|mechanism_12,0.3362613025956473
mechanism_02|mechanism_03|mechanism_04|mechanism_05|mechanism_09|mechanism_11|mechanism_12,0.3441171587921863
mechanism_02|mechanism_03|mechanism_04|mechanism_05|mechanism_10|mechanism_11|mechanism_12,0.34751053780725555
mechanism_02|mechanism_03|mechanism_04|mechanism_06|mechanism_07|mechanism_08|mechanism_09,0.323004143761477
mechanism_02|mechanism_03|mechanism_04|mechanism_06|mechanism_07|mechanism_08|mechanism_10,0.3351462695940264
mechanism_02|mechanism_03|mechanism_04|mechanism_06|mechanism_07|mechanism_08|mechanism_11,0.3164791062636844
mechanism_02|mechanism_03|mechanism_04|mechanism_06|mechanism_07|mechanism_08|mechanism_12,0.31324327335609825
mechanism_02|mechanism_03|mechanism_04|mechanism_06|mechanism_07|mechanism_09|mechanism_10,0.3577829070425624
mechanism_02|mechanism_03|mechanism_04|mechanism_06|mechanism_07|mechanism_09|mechanism_11,0.34978145142617295
mechanism_02|mechanism_03|mechanism_04|mechanism_06|mechanism_07|mechanism_09|mechanism_12,0.3351462695940264
mechanism_02|mechanism_03|mechanism_04|mechanism_06|mechanism_07|mechanism_10|mechanism_11,0.3509194757554267
mechanism_02|mechanism_03|mechanism_04|mechanism_06|mechanism_07|mechanism_10|mechanism_12,0.34751053780725555
mechanism_02|mechanism_03|mechanism_04|mechanism_06|mechanism_07|mechanism_11|mechanism_12,0.3284949657745942
mechanism_02|mechanism_03|mechanism_04|mechanism_06|mechanism_08|mechanism_09|mechanism_10,0.3284949657745942
mechanism_02|mechanism_03|mechanism_04|mechanism_06|mechanism_08|mechanism_09|mechanism_11,0.31864626621097447
mechanism_02|mechanism_03|mechanism_04|mechanism_06|mechanism_08|mechanism_09|mechanism_12,0.3047033306524346
mechanism_02|mechanism_03|mechanism_04|mechanism_06|mechanism_08|mechanism_10|mechanism_11,0.3047033306524346
mechanism_02|mechanism_03|mechanism_04|mechanism_06|mechanism_08|mechanism_10|mechanism_12,0.30153478399746125
mechanism_02|mechanism_03|mechanism_04|mechanism_06|mechanism_08|mechanism_11|mechanism_12,0.29838504638459934
mechanism_02|mechanism_03|mechanism_04|mechanism_06|mechanism_09|mechanism_10|mechanism_11,0.33737816282991745
mechanism_02|mechanism_03|mechanism_04|mechanism_06|mechanism_09|mechanism_10|mechanism_12,0.323004143761477
mechanism_02|mechanism_03|mechanism_04|mechanism_06|mechanism_09|mechanism_11|mechanism_12,0.33070459722255396
mechanism_02|mechanism_03|mechanism_04|mechanism_06|mechanism_10|mechanism_11|mechanism_12,0.3164791062636844
mechanism_02|mechanism_03|mechanism_04|mechanism_07|mechanism_08|mechanism_09|mechanism_10,0.3396173269207839
mechanism_02|mechanism_03|mechanism_04|mechanism_07|mechanism_08|mechanism_09|mechanism_11,0.31431988606174616
mechanism_02|mechanism_03|mechanism_04|mechanism_07|mechanism_08|mechanism_09|mechanism_12,0.30048277233757253
mechanism_02|mechanism_03|mechanism_04|mechanism_07|mechanism_08|mechanism_10|mechanism_11,0.31539849967656924
mechanism_02|mechanism_03|mechanism_04|mechanism_07|mechanism_08|mechanism_10|mechanism_12,0.31216866941715965
mechanism_02|mechanism_03|mechanism_04|mechanism_07|mechanism_08|mechanism_11|mechanism_12,0.2942149721629888
mechanism_02|mechanism_03|mechanism_04|mechanism_07|mechanism_09|mechanism_10|mechanism_11,0.34864513533394575
mechanism_02|mechanism_03|mechanism_04|mechanism_07|mechanism_09|mechanism_10|mechanism_12,0.3340330732481797
mechanism_02|mechanism_03|mechanism_04|mechanism_07|mechanism_09|mechanism_11|mechanism_12,0.3262929005454786
mechanism_02|mechanism_03|mechanism_04|mechanism_07|mechanism_10|mechanism_11|mechanism_12,0.32739298293223956
mechanism_02|mechanism_03|mechanism_04|mechanism_08|mechanism_09|mechanism_10|mechanism_11,0.31973280330135156
mechanism_02|mechanism_03|mechanism_04|mechanism_08|mechanism_09|mechanism_10|mechanism_12,0.3057636598919695
mechanism_02|mechanism_03|mechanism_04|mechanism_08|mechanism_09|mechanism_11|mechanism_12,0.29629576200022933
mechanism_02|mechanism_03|mechanism_04|mechanism_08|mechanism_10|mechanism_11|mechanism_12,0.2829247145070275
mechanism_02|mechanism_03|mechanism_04|mechanism_09|mechanism_10|mechanism_11|mechanism_12,0.3143198860617462
mechanism_02|mechanism_03|mechanism_05|mechanism_06|mechanism_07|mechanism_08|mechanism_09,0.29943285752602705
mechanism_02|mechanism_03|mechanism_05|mechanism_06|mechanism_07|mechanism_08|mechanism_10,0.3284949657745942
mechanism_02|mechanism_03|mechanism_05|mechanism_06|mechanism_07|mechanism_08|mechanism_11,0.3100255188723876
mechanism_02|mechanism_03|mechanism_05|mechanism_06|mechanism_07|mechanism_08|mechanism_12,0.3068260506740499
mechanism_02|mechanism_03|mechanism_05|mechanism_06|mechanism_07|mechanism_09|mechanism_10,0.3329217229043748
mechanism_02|mechanism_03|mechanism_05|mechanism_06|mechanism_07|mechanism_09|mechanism_11,0.3251947274176865
mechanism_02|mechanism_03|mechanism_05|mechanism_06|mechanism_07|mechanism_09|mechanism_12,0.31109608202304534
mechanism_02|mechanism_03|mechanism_05|mechanism_06|mechanism_07|mechanism_10|mechanism_11,0.3441171587921863
mechanism_02|mechanism_03|mechanism_05|mechanism_06|mechanism_07|mechanism_10|mechanism_12,0.3407396115486146
mechanism_02|mechanism_03|mechanism_05|mechanism_06|mechanism_07|mechanism_11|mechanism_12,0.32191175044837256
mechanism_02|mechanism_03|mechanism_05|mechanism_06|mechanism_08|mechanism_09|mechanism_10,0.3047033306524346
mechanism_02|mechanism_03|mechanism_05|mechanism_06|mechanism_08|mechanism_09|mechanism_11,0.295254302001909
mechanism_02|mechanism_03|mechanism_05|mechanism_06|mechanism_08|mechanism_09|mechanism_12,0.28191142481665016
mechanism_02|mechanism_03|mechanism_05|mechanism_06|mechanism_08|mechanism_10|mechanism_11,0.29838504638459934
mechanism_02|mechanism_03|mechanism_05|mechanism_06|mechanism_08|mechanism_10|mechanism_12,0.295254302001909
mechanism_02|mechanism_03|mechanism_05|mechanism_06|mechanism_08|mechanism_11|mechanism_12,0.2921427285755187
mechanism_02|mechanism_03|mechanism_05|mechanism_06|mechanism_09|mechanism_10|mechanism_11,0.31324327335609825
mechanism_02|mechanism_03|mechanism_05|mechanism_06|mechanism_09|mechanism_10|mechanism_12,0.29943285752602705
mechanism_02|mechanism_03|mechanism_05|mechanism_06|mechanism_09|mechanism_11|mechanism_12,0.3068260506740499
mechanism_02|mechanism_03|mechanism_05|mechanism_06|mechanism_10|mechanism_11|mechanism_12,0.31002551887238755
mechanism_02|mechanism_03|mechanism_05|mechanism_07|mechanism_08|mechanism_09|mechanism_10,0.31539849967656924
mechanism_02|mechanism_03|mechanism_05|mechanism_07|mechanism_08|mechanism_09|mechanism_11,0.2911098274338801
mechanism_02|mechanism_03|mechanism_05|mechanism_07|mechanism_08|mechanism_09|mechanism_12,0.27788039415064275
mechanism_02|mechanism_03|mechanism_05|mechanism_07|mechanism_08|mechanism_10|mechanism_11,0.30895698758427714
mechanism_02|mechanism_03|mechanism_05|mechanism_07|mechanism_08|mechanism_10|mechanism_12,0.3057636598919695
mechanism_02|mechanism_03|mechanism_05|mechanism_07|mechanism_08|mechanism_11|mechanism_12,0.2880240805872065
mechanism_02|mechanism_03|mechanism_05|mechanism_07|mechanism_09|mechanism_10|mechanism_11,0.3240984722740593
mechanism_02|mechanism_03|mechanism_05|mechanism_07|mechanism_09|mechanism_10|mechanism_12,0.31002551887238755
mechanism_02|mechanism_03|mechanism_05|mechanism_07|mechanism_09|mechanism_11|mechanism_12,0.30258888560411773
mechanism_02|mechanism_03|mechanism_05|mechanism_07|mechanism_10|mechanism_11|mechanism_12,0.320821300824607
mechanism_02|mechanism_03|mechanism_05|mechanism_08|mechanism_09|mechanism_10|mechanism_11,0.29629576200022933
mechanism_02|mechanism_03|mechanism_05|mechanism_08|mechanism_09|mechanism_10|mechanism_12,0.28292471450702744
mechanism_02|mechanism_03|mechanism_05|mechanism_08|mechanism_09|mechanism_11|mechanism_12,0.2738850187392209
mechanism_02|mechanism_03|mechanism_05|mechanism_08|mechanism_10|mechanism_11|mechanism_12,0.2768781948756102
mechanism_02|mechanism_03|mechanism_05|mechanism_09|mechanism_10|mechanism_11|mechanism_12,0.2911098274338801
mechanism_02|mechanism_03|mechanism_06|mechanism_07|mechanism_08|mechanism_09|mechanism_10,0.3262929005454786
mechanism_02|mechanism_03|mechanism_06|mechanism_07|mechanism_08|mechanism_09|mechanism_11,0.30153478399746125
mechanism_02|mechanism_03|mechanism_06|mechanism_07|mechanism_08|mechanism_09|mechanism_12,0.2880240805872065
mechanism_02|mechanism_03|mechanism_06|mechanism_07|mechanism_08|mechanism_10|mechanism_11,0.30258888560411773
mechanism_02|mechanism_03|mechanism_06|mechanism_07|mechanism_08|mechanism_10|mechanism_12,0.29943285752602705
mechanism_02|mechanism_03|mechanism_06|mechanism_07|mechanism_08|mechanism_11|mechanism_12,0.2819114248166502
mechanism_02|mechanism_03|mechanism_06|mechanism_07|mechanism_09|mechanism_10|mechanism_11,0.3351462695940264
mechanism_02|mechanism_03|mechanism_06|mechanism_07|mechanism_09|mechanism_10|mechanism_12,0.320821300824607
mechanism_02|mechanism_03|mechanism_06|mechanism_07|mechanism_09|mechanism_11|mechanism_12,0.31324327335609825
mechanism_02|mechanism_03|mechanism_06|mechanism_07|mechanism_10|mechanism_11|mechanism_12,0.3143198860617462
mechanism_02|mechanism_03|mechanism_06|mechanism_08|mechanism_09|mechanism_10|mechanism_11,0.3068260506740499
mechanism_02|mechanism_03|mechanism_06|mechanism_08|mechanism_09|mechanism_10|mechanism_12,0.29317777890643243
mechanism_02|mechanism_03|mechanism_06|mechanism_08|mechanism_09|mechanism_11|mechanism_12,0.2839402061842902
mechanism_02|mechanism_03|mechanism_06|mechanism_08|mechanism_10|mechanism_11|mechanism_12,0.27091207765069353
mechanism_02|mechanism_03|mechanism_06|mechanism_09|mechanism_10|mechanism_11|mechanism_12,0.30153478399746125
mechanism_02|mechanism_03|mechanism_07|mechanism_08|mechanism_09|mechanism_10|mechanism_11,0.3175616978069353
mechanism_02|mechanism_03|mechanism_07|mechanism_08|mechanism_09|mechanism_10|mechanism_12,0.3036450701761659
mechanism_02|mechanism_03|mechanism_07|mechanism_08|mechanism_09|mechanism_11|mechanism_12,0.2798914731995085
mechanism_02|mechanism_03|mechanism_07|mechanism_08|mechanism_10|mechanism_11|mechanism_12,0.2809003425836161
mechanism_02|mechanism_03|mechanism_07|mechanism_09|mechanism_10|mechanism_11|mechanism_12,0.31216866941715965
mechanism_02|mechanism_03|mechanism_08|mechanism_09|mechanism_10|mechanism_11|mechanism_12,0.28495789429901025
mechanism_02|mechanism_04|mechanism_05|mechanism_06|mechanism_07|mechanism_08|mechanism_09,0.2829247145070275
mechanism_02|mechanism_04|mechanism_05|mechanism_06|mechanism_07|mechanism_08|mechanism_10,0.31109608202304534
mechanism_02|mechanism_04|mechanism_05|mechanism_06|mechanism_07|mechanism_08|mechanism_11,0.29317777890643243
mechanism_02|mechanism_04|mechanism_05|mechanism_06|mechanism_07|mechanism_08|mechanism_12,0.2900790816655468
mechanism_02|mechanism_04|mechanism_05|mechanism_06|mechanism_07|mechanism_09|mechanism_10,0.2900790816655468
mechanism_02|mechanism_04|mechanism_05|mechanism_06|mechanism_07|mechanism_09|mechanism_11,0.2829247145070275
mechanism_02|mechanism_04|mechanism_05|mechanism_06|mechanism_07|mechanism_09|mechanism_12,0.2699256160188812
mechanism_02|mechanism_04|mechanism_05|mechanism_06|mechanism_07|mechanism_10|mechanism_11,0.30048277233757253
mechanism_02|mechanism_04|mechanism_05|mechanism_06|mechanism_07|mechanism_10|mechanism_12,0.29733934565526854
mechanism_02|mechanism_04|mechanism_05|mechanism_06|mechanism_07|mechanism_11|mechanism_12,0.2798914731995085
mechanism_02|mechanism_04|mechanism_05|mechanism_06|mechanism_08|mechanism_09|mechanism_10,0.2880240805872065
mechanism_02|mechanism_04|mechanism_05|mechanism_06|mechanism_08|mechanism_09|mechanism_11,0.27888482197713693
mechanism_02|mechanism_04|mechanism_05|mechanism_06|mechanism_08|mechanism_09|mechanism_12,0.26600248347843036
mechanism_02|mechanism_04|mechanism_05|mechanism_06|mechanism_08|mechanism_10|mechanism_11,0.2819114248166502
mechanism_02|mechanism_04|mechanism_05|mechanism_06|mechanism_08|mechanism_10|mechanism_12,0.27888482197713693
mechanism_02|mechanism_04|mechanism_05|mechanism_06|mechanism_08|mechanism_11|mechanism_12,0.27587822922918137
mechanism_02|mechanism_04|mechanism_05|mechanism_06|mechanism_09|mechanism_10|mechanism_11,0.27190080173375075
mechanism_02|mechanism_04|mechanism_05|mechanism_06|mechanism_09|mechanism_10|mechanism_12,0.25922510081784605
mechanism_02|mechanism_04|mechanism_05|mechanism_06|mechanism_09|mechanism_11|mechanism_12,0.26600248347843036
mechanism_02|mechanism_04|mechanism_05|mechanism_06|mechanism_10|mechanism_11|mechanism_12,0.26894142136999516
mechanism_02|mechanism_04|mechanism_05|mechanism_07|mechanism_08|mechanism_09|mechanism_10,0.31973280330135156
mechanism_02|mechanism_04|mechanism_05|mechanism_07|mechanism_08|mechanism_09|mechanism_11,0.295254302001909
mechanism_02|mechanism_04|mechanism_05|mechanism_07|mechanism_08|mechanism_09|mechanism_12,0.2819114248166502
mechanism_02|mechanism_04|mechanism_05|mechanism_07|mechanism_08|mechanism_10|mechanism_11,0.31324327335609825
mechanism_02|mechanism_04|mechanism_05|mechanism_07|mechanism_08|mechanism_10|mechanism_12,0.31002551887238755
mechanism_02|mechanism_04|mechanism_05|mechanism_07|mechanism_08|mechanism_11|mechanism_12,0.2921427285755187
mechanism_02|mechanism_04|mechanism_05|mechanism_07|mechanism_09|mechanism_10|mechanism_11,0.3025888856041178
mechanism_02|mechanism_04|mechanism_05|mechanism_07|mechanism_09|mechanism_10|mechanism_12,0.28905049737499605
mechanism_02|mechanism_04|mechanism_05|mechanism_07|mechanism_09|mechanism_11|mechanism_12,0.2819114248166502
mechanism_02|mechanism_04|mechanism_05|mechanism_07|mechanism_10|mechanism_11|mechanism_12,0.29943285752602705
mechanism_02|mechanism_04|mechanism_05|mechanism_08|mechanism_09|mechanism_10|mechanism_11,0.30048277233757253
mechanism_02|mechanism_04|mechanism_05|mechanism_08|mechanism_09|mechanism_10|mechanism_12,0.2869998372477183
mechanism_02|mechanism_04|mechanism_05|mechanism_08|mechanism_09|mechanism_11|mechanism_12,0.27788039415064275
mechanism_02|mechanism_04|mechanism_05|mechanism_08|mechanism_10|mechanism_11|mechanism_12,0.2809003425836161
mechanism_02|mechanism_04|mechanism_05|mechanism_09|mechanism_10|mechanism_11|mechanism_12,0.27091207765069353
mechanism_02|mechanism_04|mechanism_06|mechanism_07|mechanism_08|mechanism_09|mechanism_10,0.30682605067404983
mechanism_02|mechanism_04|mechanism_06|mechanism_07|mechanism_08|mechanism_09|mechanism_11,0.2829247145070275
mechanism_02|mechanism_04|mechanism_06|mechanism_07|mechanism_08|mechanism_09|mechanism_12,0.2699256160188812
mechanism_02|mechanism_04|mechanism_06|mechanism_07|mechanism_08|mechanism_10|mechanism_11,0.2839402061842902
mechanism_02|mechanism_04|mechanism_06|mechanism_07|mechanism_08|mechanism_10|mechanism_12,0.2809003425836162
mechanism_02|mechanism_04|mechanism_06|mechanism_07|mechanism_08|mechanism_11|mechanism_12,0.2640546060728515
mechanism_02|mechanism_04|mechanism_06|mechanism_07|mechanism_09|mechanism_10|mechanism_11,0.2900790816655468
mechanism_02|mechanism_04|mechanism_06|mechanism_07|mechanism_09|mechanism_10|mechanism_12,0.2768781948756102
mechanism_02|mechanism_04|mechanism_06|mechanism_07|mechanism_09|mechanism_11|mechanism_12,0.2699256160188812
mechanism_02|mechanism_04|mechanism_06|mechanism_07|mechanism_10|mechanism_11|mechanism_12,0.27091207765069353
mechanism_02|mechanism_04|mechanism_06|mechanism_08|mechanism_09|mechanism_10|mechanism_11,0.2880240805872065
mechanism_02|mechanism_04|mechanism_06|mechanism_08|mechanism_09|mechanism_10|mechanism_12,0.27488050221017696
mechanism_02|mechanism_04|mechanism_06|mechanism_08|mechanism_09|mechanism_11|mechanism_12,0.26600248347843036
mechanism_02|mechanism_04|mechanism_06|mechanism_08|mechanism_10|mechanism_11|mechanism_12,0.2535060166623378
mechanism_02|mechanism_04|mechanism_06|mechanism_09|mechanism_10|mechanism_11|mechanism_12,0.25922510081784605
mechanism_02|mechanism_04|mechanism_07|mechanism_08|mechanism_09|mechanism_10|mechanism_11,0.29838504638459934
mechanism_02|mechanism_04|mechanism_07|mechanism_08|mechanism_09|mechanism_10|mechanism_12,0.2849578942990103
mechanism_02|mechanism_04|mechanism_07|mechanism_08|mechanism_09|mechanism_11|mechanism_12,0.26211589880836517
mechanism_02|mechanism_04|mechanism_07|mechanism_08|mechanism_10|mechanism_11|mechanism_12,0.2630841041665798
mechanism_02|mechanism_04|mechanism_07|mechanism_09|mechanism_10|mechanism_11|mechanism_12,0.2689414213699951
mechanism_02|mechanism_04|mechanism_08|mechanism_09|mechanism_10|mechanism_11|mechanism_12,0.2669798507611425
mechanism_02|mechanism_05|mechanism_06|mechanism_07|mechanism_08|mechanism_09|mechanism_10,0.2839402061842902
mechanism_02|mechanism_05|mechanism_06|mechanism_07|mechanism_08|mechanism_09|mechanism_11,0.26114999391575106
mechanism_02|mechanism_05|mechanism_06|mechanism_07|mechanism_08|mechanism_09|mechanism_12,0.24880421776913866
mechanism_02|mechanism_05|mechanism_06|mechanism_07|mechanism_08|mechanism_10|mechanism_11,0.27788039415064275
mechanism_02|mechanism_05|mechanism_06|mechanism_07|mechanism_08|mechanism_10|mechanism_12,0.2748805022101769
mechanism_02|mechanism_05|mechanism_06|mechanism_07|mechanism_08|mechanism_11|mechanism_12,0.25826612006856875
mechanism_02|mechanism_05|mechanism_06|mechanism_07|mechanism_09|mechanism_10|mechanism_11,0.2679594981583682
mechanism_02|mechanism_05|mechanism_06|mechanism_07|mechanism_09|mechanism_10|mechanism_12,0.25540308417252405
mechanism_02|mechanism_05|mechanism_06|mechanism_07|mechanism_09|mechanism_11|mechanism_12,0.24880421776913866
mechanism_02|mechanism_05|mechanism_06|mechanism_07|mechanism_10|mechanism_11|mechanism_12,0.2650274005334812
mechanism_02|mechanism_05|mechanism_06|mechanism_08|mechanism_09|mechanism_10|mechanism_11,0.26600248347843036
mechanism_02|mechanism_05|mechanism_06|mechanism_08|mechanism_09|mechanism_10|mechanism_12,0.2535060166623378
mechanism_02|mechanism_05|mechanism_06|mechanism_08|mechanism_09|mechanism_11|mechanism_12,0.24508501313237172
mechanism_02|mechanism_05|mechanism_06|mechanism_08|mechanism_10|mechanism_11|mechanism_12,0.24787088856042985
mechanism_02|mechanism_05|mechanism_06|mechanism_09|mechanism_10|mechanism_11|mechanism_12,0.23866728515708963
mechanism_02|mechanism_05|mechanism_07|mechanism_08|mechanism_09|mechanism_10|mechanism_11,0.27587822922918137
mechanism_02|mechanism_05|mechanism_07|mechanism_08|mechanism_09|mechanism_10|mechanism_12,0.2630841041665798
mechanism_02|mechanism_05|mechanism_07|mechanism_08|mechanism_09|mechanism_11|mechanism_12,0.24140353812106505
mechanism_02|mechanism_05|mechanism_07|mechanism_08|mechanism_10|mechanism_11|mechanism_12,0.25730945469731425
mechanism_02|mechanism_05|mechanism_07|mechanism_09|mechanism_10|mechanism_11|mechanism_12,0.24787088856042985
mechanism_02|mechanism_05|mechanism_08|mechanism_09|mechanism_10|mechanism_11|mechanism_12,0.24601128355105195
mechanism_02|mechanism_06|mechanism_07|mechanism_08|mechanism_09|mechanism_10|mechanism_11,0.2859777732226984
mechanism_02|mechanism_06|mechanism_07|mechanism_08|mechanism_09|mechanism_10|mechanism_12,0.2728917836588705
mechanism_02|mechanism_06|mechanism_07|mechanism_08|mechanism_09|mechanism_11|mechanism_12,0.2506779155948202
mechanism_02|mechanism_06|mechanism_07|mechanism_08|mechanism_10|mechanism_11|mechanism_12,0.2516182783929358
mechanism_02|mechanism_06|mechanism_07|mechanism_09|mechanism_10|mechanism_11|mechanism_12,0.25730945469731425
mechanism_02|mechanism_06|mechanism_08|mechanism_09|mechanism_10|mechanism_11|mechanism_12,0.25540308417252405
mechanism_02|mechanism_07|mechanism_08|mechanism_09|mechanism_10|mechanism_11|mechanism_12,0.2650274005334812
mechanism_03|mechanism_04|mechanism_05|mechanism_06|mechanism_07|mechanism_08|mechanism_09,0.24973989440488245
mechanism_03|mechanism_04|mechanism_05|mechanism_06|mechanism_07|mechanism_08|mechanism_10,0.27587822922918137
mechanism_03|mechanism_04|mechanism_05|mechanism_06|mechanism_07|mechanism_08|mechanism_11,0.259225100817846
mechanism_03|mechanism_04|mechanism_05|mechanism_06|mechanism_07|mechanism_08|mechanism_12,0.25635510824373786
mechanism_03|mechanism_04|mechanism_05|mechanism_06|mechanism_07|mechanism_09|mechanism_10,0.2798914731995085
mechanism_03|mechanism_04|mechanism_05|mechanism_06|mechanism_07|mechanism_09|mechanism_11,0.2728917836588705
mechanism_03|mechanism_04|mechanism_05|mechanism_06|mechanism_07|mechanism_09|mechanism_12,0.2601863933303121
mechanism_03|mechanism_04|mechanism_05|mechanism_06|mechanism_07|mechanism_10|mechanism_11,0.2900790816655468
mechanism_03|mechanism_04|mechanism_05|mechanism_06|mechanism_07|mechanism_10|mechanism_12,0.2869998372477184
mechanism_03|mechanism_04|mechanism_05|mechanism_06|mechanism_07|mechanism_11|mechanism_12,0.2699256160188812
mechanism_03|mechanism_04|mechanism_05|mechanism_06|mechanism_08|mechanism_09|mechanism_10,0.25445338587359734
mechanism_03|mechanism_04|mechanism_05|mechanism_06|mechanism_08|mechanism_09|mechanism_11,0.24601128355105195
mechanism_03|mechanism_04|mechanism_05|mechanism_06|mechanism_08|mechanism_09|mechanism_12,0.23415437418020288
mechanism_03|mechanism_04|mechanism_05|mechanism_06|mechanism_08|mechanism_10|mechanism_11,0.24880421776913866
mechanism_03|mechanism_04|mechanism_05|mechanism_06|mechanism_08|mechanism_10|mechanism_12,0.24601128355105195
mechanism_03|mechanism_04|mechanism_05|mechanism_06|mechanism_08|mechanism_11|mechanism_12,0.24323954938018943
mechanism_03|mechanism_04|mechanism_05|mechanism_06|mechanism_09|mechanism_10|mechanism_11,0.26211589880836517
mechanism_03|mechanism_04|mechanism_05|mechanism_06|mechanism_09|mechanism_10|mechanism_12,0.24973989440488245
mechanism_03|mechanism_04|mechanism_05|mechanism_06|mechanism_09|mechanism_11|mechanism_12,0.25635510824373786
mechanism_03|mechanism_04|mechanism_05|mechanism_06|mechanism_10|mechanism_11|mechanism_12,0.259225100817846
mechanism_03|mechanism_04|mechanism_05|mechanism_07|mechanism_08|mechanism_09|mechanism_10,0.2839402061842902
mechanism_03|mechanism_04|mechanism_05|mechanism_07|mechanism_08|mechanism_09|mechanism_11,0.26114999391575106
mechanism_03|mechanism_04|mechanism_05|mechanism_07|mechanism_08|mechanism_09|mechanism_12,0.24880421776913866
mechanism_03|mechanism_04|mechanism_05|mechanism_07|mechanism_08|mechanism_10|mechanism_11,0.27788039415064275
mechanism_03|mechanism_04|mechanism_05|mechanism_07|mechanism_08|mechanism_10|mechanism_12,0.27488050221017696
mechanism_03|mechanism_04|mechanism_05|mechanism_07|mechanism_08|mechanism_11|mechanism_12,0.25826612006856875
mechanism_03|mechanism_04|mechanism_05|mechanism_07|mechanism_09|mechanism_10|mechanism_11,0.2921427285755187
mechanism_03|mechanism_04|mechanism_05|mechanism_07|mechanism_09|mechanism_10|mechanism_12,0.27888482197713693
mechanism_03|mechanism_04|mechanism_05|mechanism_07|mechanism_09|mechanism_11|mechanism_12,0.27190080173375075
mechanism_03|mechanism_04|mechanism_05|mechanism_07|mechanism_10|mechanism_11|mechanism_12,0.289050497374996
mechanism_03|mechanism_04|mechanism_05|mechanism_08|mechanism_09|mechanism_10|mechanism_11,0.26600248347843036
mechanism_03|mechanism_04|mechanism_05|mechanism_08|mechanism_09|mechanism_10|mechanism_12,0.25350601666233785
mechanism_03|mechanism_04|mechanism_05|mechanism_08|mechanism_09|mechanism_11|mechanism_12,0.24508501313237172
mechanism_03|mechanism_04|mechanism_05|mechanism_08|mechanism_10|mechanism_11|mechanism_12,0.24787088856042985
mechanism_03|mechanism_04|mechanism_05|mechanism_09|mechanism_10|mechanism_11|mechanism_12,0.26114999391575106
mechanism_03|mechanism_04|mechanism_06|mechanism_07|mechanism_08|mechanism_09|mechanism_10,0.27190080173375075
mechanism_03|mechanism_04|mechanism_06|mechanism_07|mechanism_08|mechanism_09|mechanism_11,0.24973989440488245
mechanism_03|mechanism_04|mechanism_06|mechanism_07|mechanism_08|mechanism_09|mechanism_12,0.23775994657289076
mechanism_03|mechanism_04|mechanism_06|mechanism_07|mechanism_08|mechanism_10|mechanism_11,0.2506779155948202
mechanism_03|mechanism_04|mechanism_06|mechanism_07|mechanism_08|mechanism_10|mechanism_12,0.2478708885604298
mechanism_03|mechanism_04|mechanism_06|mechanism_07|mechanism_08|mechanism_11|mechanism_12,0.2323658826783749
mechanism_03|mechanism_04|mechanism_06|mechanism_07|mechanism_09|mechanism_10|mechanism_11,0.2798914731995085
mechanism_03|mechanism_04|mechanism_06|mechanism_07|mechanism_09|mechanism_10|mechanism_12,0.2669798507611425
mechanism_03|mechanism_04|mechanism_06|mechanism_07|mechanism_09|mechanism_11|mechanism_12,0.2601863933303121
mechanism_03|mechanism_04|mechanism_06|mechanism_07|mechanism_10|mechanism_11|mechanism_12,0.26114999391575106
mechanism_03|mechanism_04|mechanism_06|mechanism_08|mechanism_09|mechanism_10|mechanism_11,0.25445338587359734
mechanism_03|mechanism_04|mechanism_06|mechanism_08|mechanism_09|mechanism_10|mechanism_12,0.24232036099629517
mechanism_03|mechanism_04|mechanism_06|mechanism_08|mechanism_09|mechanism_11|mechanism_12,0.23415437418020293
mechanism_03|mechanism_04|mechanism_06|mechanism_08|mechanism_10|mechanism_11|mechanism_12,0.22270013882530884
mechanism_03|mechanism_04|mechanism_06|mechanism_09|mechanism_10|mechanism_11|mechanism_12,0.24973989440488245
mechanism_03|mechanism_04|mechanism_07|mechanism_08|mechanism_09|mechanism_10|mechanism_11,0.2640546060728515
mechanism_03|mechanism_04|mechanism_07|mechanism_08|mechanism_09|mechanism_10|mechanism_12,0.2516182783929358
mechanism_03|mechanism_04|mechanism_07|mechanism_08|mechanism_09|mechanism_11|mechanism_12,0.2305869387712515
mechanism_03|mechanism_04|mechanism_07|mechanism_08|mechanism_10|mechanism_11|mechanism_12,0.23147521650098238
mechanism_03|mechanism_04|mechanism_07|mechanism_09|mechanism_10|mechanism_11|mechanism_12,0.25922510081784605
mechanism_03|mechanism_04|mechanism_08|mechanism_09|mechanism_10|mechanism_11|mechanism_12,0.2350521962362353
mechanism_03|mechanism_05|mechanism_06|mechanism_07|mechanism_08|mechanism_09|mechanism_10,0.2506779155948203
mechanism_03|mechanism_05|mechanism_06|mechanism_07|mechanism_08|mechanism_09|mechanism_11,0.22970105095339813
mechanism_03|mechanism_05|mechanism_06|mechanism_07|mechanism_08|mechanism_09|mechanism_12,0.21840253609763446
mechanism_03|mechanism_05|mechanism_06|mechanism_07|mechanism_08|mechanism_10|mechanism_11,0.24508501313237172
mechanism_03|mechanism_05|mechanism_06|mechanism_07|mechanism_08|mechanism_10|mechanism_12,0.24232036099629517
mechanism_03|mechanism_05|mechanism_06|mechanism_07|mechanism_08|mechanism_11|mechanism_12,0.22705774060326145
mechanism_03|mechanism_05|mechanism_06|mechanism_07|mechanism_09|mechanism_10|mechanism_11,0.2582661200685688
mechanism_03|mechanism_05|mechanism_06|mechanism_07|mechanism_09|mechanism_10|mechanism_12,0.24601128355105195
mechanism_03|mechanism_05|mechanism_06|mechanism_07|mechanism_09|mechanism_11|mechanism_12,0.23957699801126897
mechanism_03|mechanism_05|mechanism_06|mechanism_07|mechanism_10|mechanism_11|mechanism_12,0.25540308417252405
mechanism_03|mechanism_05|mechanism_06|mechanism_08|mechanism_09|mechanism_10|mechanism_11,0.234154374180203
mechanism_03|mechanism_05|mechanism_06|mechanism_08|mechanism_09|mechanism_10|mechanism_12,0.2227001388253089
mechanism_03|mechanism_05|mechanism_06|mechanism_08|mechanism_09|mechanism_11|mechanism_12,0.2150077113718924
mechanism_03|mechanism_05|mechanism_06|mechanism_08|mechanism_10|mechanism_11|mechanism_12,0.21755022357688752
mechanism_03|mechanism_05|mechanism_06|mechanism_09|mechanism_10|mechanism_11|mechanism_12,0.22970105095339813
mechanism_03|mechanism_05|mechanism_07|mechanism_08|mechanism_09|mechanism_10|mechanism_11,0.2432395493801895
mechanism_03|mechanism_05|mechanism_07|mechanism_08|mechanism_09|mechanism_10|mechanism_12,0.23147521650098238
mechanism_03|mechanism_05|mechanism_07|mechanism_08|mechanism_09|mechanism_11|mechanism_12,0.211651365991901
mechanism_03|mechanism_05|mechanism_07|mechanism_08|mechanism_10|mechanism_11|mechanism_12,0.2261814257305462
mechanism_03|mechanism_05|mechanism_07|mechanism_09|mechanism_10|mechanism_11|mechanism_12,0.23866728515708963
mechanism_03|mechanism_05|mechanism_08|mechanism_09|mechanism_10|mechanism_11|mechanism_12,0.21585281082251465
mechanism_03|mechanism_06|mechanism_07|mechanism_08|mechanism_09|mechanism_10|mechanism_11,0.2525609797798001
mechanism_03|mechanism_06|mechanism_07|mechanism_08|mechanism_09|mechanism_10|mechanism_12,0.24048908305088898
mechanism_03|mechanism_06|mechanism_07|mechanism_08|mechanism_09|mechanism_11|mechanism_12,0.2201143709992742
mechanism_03|mechanism_06|mechanism_07|mechanism_08|mechanism_10|mechanism_11|mechanism_12,0.22097389222018782
mechanism_03|mechanism_06|mechanism_07|mechanism_09|mechanism_10|mechanism_11|mechanism_12,0.24787088856042985
mechanism_03|mechanism_06|mechanism_08|mechanism_09|mechanism_10|mechanism_11|mechanism_12,0.22443598573092652
mechanism_03|mechanism_07|mechanism_08|mechanism_09|mechanism_10|mechanism_11|mechanism_12,0.23325893577145726
mechanism_04|mechanism_05|mechanism_06|mechanism_07|mechanism_08|mechanism_09|mechanism_10,0.26600248347843036
mechanism_04|mechanism_05|mechanism_06|mechanism_07|mechanism_08|mechanism_09|mechanism_11,0.24416110090520296
mechanism_04|mechanism_05|mechanism_06|mechanism_07|mechanism_08|mechanism_09|mechanism_12,0.2323658826783749
mechanism_04|mechanism_05|mechanism_06|mechanism_07|mechanism_08|mechanism_10|mechanism_11,0.26018639333031207
mechanism_04|mechanism_05|mechanism_06|mechanism_07|mechanism_08|mechanism_10|mechanism_12,0.2573094546973142
mechanism_04|mechanism_05|mechanism_06|mechanism_07|mechanism_08|mechanism_11|mechanism_12,0.24140353812106505
mechanism_04|mechanism_05|mechanism_06|mechanism_07|mechanism_09|mechanism_10|mechanism_11,0.2506779155948202
mechanism_04|mechanism_05|mechanism_06|mechanism_07|mechanism_09|mechanism_10|mechanism_12,0.23866728515708963
mechanism_04|mechanism_05|mechanism_06|mechanism_07|mechanism_09|mechanism_11|mechanism_12,0.2323658826783749
mechanism_04|mechanism_05|mechanism_06|mechanism_07|mechanism_10|mechanism_11|mechanism_12,0.2478708885604298
mechanism_04|mechanism_05|mechanism_06|mechanism_08|mechanism_09|mechanism_10|mechanism_11,0.24880421776913866
mechanism_04|mechanism_05|mechanism_06|mechanism_08|mechanism_09|mechanism_10|mechanism_12,0.23685498427314458
mechanism_04|mechanism_05|mechanism_06|mechanism_08|mechanism_09|mechanism_11|mechanism_12,0.2288175544441832
mechanism_04|mechanism_05|mechanism_06|mechanism_08|mechanism_10|mechanism_11|mechanism_12,0.23147521650098238
mechanism_04|mechanism_05|mechanism_06|mechanism_09|mechanism_10|mechanism_11|mechanism_12,0.22270013882530884
mechanism_04|mechanism_05|mechanism_07|mechanism_08|mechanism_09|mechanism_10|mechanism_11,0.2778803941506427
mechanism_04|mechanism_05|mechanism_07|mechanism_08|mechanism_09|mechanism_10|mechanism_12,0.2650274005334812
mechanism_04|mechanism_05|mechanism_07|mechanism_08|mechanism_09|mechanism_11|mechanism_12,0.2432395493801895
mechanism_04|mechanism_05|mechanism_07|mechanism_08|mechanism_10|mechanism_11|mechanism_12,0.259225100817846
mechanism_04|mechanism_05|mechanism_07|mechanism_09|mechanism_10|mechanism_11|mechanism_12,0.24973989440488234
mechanism_04|mechanism_05|mechanism_08|mechanism_09|mechanism_10|mechanism_11|mechanism_12,0.24787088856042985
mechanism_04|mechanism_06|mechanism_07|mechanism_08|mechanism_09|mechanism_10|mechanism_11,0.26600248347843036
mechanism_04|mechanism_06|mechanism_07|mechanism_08|mechanism_09|mechanism_10|mechanism_12,0.25350601666233785
mechanism_04|mechanism_06|mechanism_07|mechanism_08|mechanism_09|mechanism_11|mechanism_12,0.2323658826783749
mechanism_04|mechanism_06|mechanism_07|mechanism_08|mechanism_10|mechanism_11|mechanism_12,0.23325893577145726
mechanism_04|mechanism_06|mechanism_07|mechanism_09|mechanism_10|mechanism_11|mechanism_12,0.23866728515708963
mechanism_04|mechanism_06|mechanism_08|mechanism_09|mechanism_10|mechanism_11|mechanism_12,0.23685498427314458
mechanism_04|mechanism_07|mechanism_08|mechanism_09|mechanism_10|mechanism_11|mechanism_12,0.246011283551052
mechanism_05|mechanism_06|mechanism_07|mechanism_08|mechanism_09|mechanism_10|mechanism_11,0.24508501313237172
mechanism_05|mechanism_06|mechanism_07|mechanism_08|mechanism_09|mechanism_10|mechanism_12,0.23325893577145726
mechanism_05|mechanism_06|mechanism_07|mechanism_08|mechanism_09|mechanism_11|mechanism_12,0.21332472781586043
mechanism_05|mechanism_06|mechanism_07|mechanism_08|mechanism_10|mechanism_11|mechanism_12,0.22793645057321624
mechanism_05|mechanism_06|mechanism_07|mechanism_09|mechanism_10|mechanism_11|mechanism_12,0.2192572520878717
mechanism_05|mechanism_06|mechanism_08|mechanism_09|mechanism_10|mechanism_11|mechanism_12,0.21755022357688752
mechanism_05|mechanism_07|mechanism_08|mechanism_09|mechanism_10|mechanism_11|mechanism_12,0.22618142573054625
mechanism_06|mechanism_07|mechanism_08|mechanism_09|mechanism_10|mechanism_11|mechanism_12,0.23505219623623536
mechanism_01|mechanism_02|mechanism_03|mechanism_04|mechanism_05|mechanism_06|mechanism_07|mechanism_08,0.45016600268752216
mechanism_01|mechanism_02|mechanism_03|mechanism_04|mechanism_05|mechanism_06|mechanism_07|mechanism_09,0.45512110762641994
mechanism_01|mechanism_02|mechanism_03|mechanism_04|mechanism_05|mechanism_06|mechanism_07|mechanism_10,0.4887518980531451
mechanism_01|mechanism_02|mechanism_03|mechanism_04|mechanism_05|mechanism_06|mechanism_07|mechanism_11,0.4675456936126812
mechanism_01|mechanism_02|mechanism_03|mechanism_04|mechanism_05|mechanism_06|mechanism_07|mechanism_12,0.4638133797682053
mechanism_01|mechanism_02|mechanism_03|mechanism_04|mechanism_05|mechanism_06|mechanism_08|mechanism_09,0.42067574785125056
mechanism_01|mechanism_02|mechanism_03|mechanism_04|mechanism_05|mechanism_06|mechanism_08|mechanism_10,0.4365932137378064
mechanism_01|mechanism_02|mechanism_03|mechanism_04|mechanism_05|mechanism_06|mechanism_08|mechanism_11,0.4329070950345457
mechanism_01|mechanism_02|mechanism_03|mechanism_04|mechanism_05|mechanism_06|mechanism_08|mechanism_12,0.4292283881055083
mechanism_01|mechanism_02|mechanism_03|mechanism_04|mechanism_05|mechanism_06|mechanism_09|mechanism_10,0.44151888756183866
mechanism_01|mechanism_02|mechanism_03|mechanism_04|mechanism_05|mechanism_06|mechanism_09|mechanism_11,0.45016600268752216
mechanism_01|mechanism_02|mechanism_03|mechanism_04|mechanism_05|mechanism_06|mechanism_09|mechanism_12,0.4341349971045183
mechanism_01|mechanism_02|mechanism_03|mechanism_04|mechanism_05|mechanism_06|mechanism_10|mechanism_11,0.4538814589542204
mechanism_01|mechanism_02|mechanism_03|mechanism_04|mechanism_05|mechanism_06|mechanism_10|mechanism_12,0.45016600268752216
mechanism_01|mechanism_02|mechanism_03|mechanism_04|mechanism_05|mechanism_06|mechanism_11|mechanism_12,0.4464560968488817
mechanism_01|mechanism_02|mechanism_03|mechanism_04|mechanism_05|mechanism_07|mechanism_08|mechanism_09,0.40854102156721994
mechanism_01|mechanism_02|mechanism_03|mechanism_04|mechanism_05|mechanism_07|mechanism_08|mechanism_10,0.44151888756183866
mechanism_01|mechanism_02|mechanism_03|mechanism_04|mechanism_05|mechanism_07|mechanism_08|mechanism_11,0.42067574785125056
mechanism_01|mechanism_02|mechanism_03|mechanism_04|mechanism_05|mechanism_07|mechanism_08|mechanism_12,0.4170245457988005
mechanism_01|mechanism_02|mechanism_03|mechanism_04|mechanism_05|mechanism_07|mechanism_09|mechanism_10,0.4464560968488817
mechanism_01|mechanism_02|mechanism_03|mechanism_04|mechanism_05|mechanism_07|mechanism_09|mechanism_11,0.43782349911420193
mechanism_01|mechanism_02|mechanism_03|mechanism_04|mechanism_05|mechanism_07|mechanism_09|mechanism_12,0.4218947671156909
mechanism_01|mechanism_02|mechanism_03|mechanism_04|mechanism_05|mechanism_07|mechanism_10|mechanism_11,0.458843331849772
mechanism_01|mechanism_02|mechanism_03|mechanism_04|mechanism_05|mechanism_07|mechanism_10|mechanism_12,0.45512110762641994
mechanism_01|mechanism_02|mechanism_03|mechanism_04|mechanism_05|mechanism_07|mechanism_11|mechanism_12,0.4341349971045183
mechanism_01|mechanism_02|mechanism_03|mechanism_04|mechanism_05|mechanism_08|mechanism_09|mechanism_10,0.41459543087053496
mechanism_01|mechanism_02|mechanism_03|mechanism_04|mechanism_05|mechanism_08|mechanism_09|mechanism_11,0.40371730070321216
mechanism_01|mechanism_02|mechanism_03|mechanism_04|mechanism_05|mechanism_08|mechanism_09|mechanism_12,0.3881726309982629
mechanism_01|mechanism_02|mechanism_03|mechanism_04|mechanism_05|mechanism_08|mechanism_10|mechanism_11,0.40733340004593027
mechanism_01|mechanism_02|mechanism_03|mechanism_04|mechanism_05|mechanism_08|mechanism_10|mechanism_12,0.40371730070321216
mechanism_01|mechanism_02|mechanism_03|mechanism_04|mechanism_05|mechanism_08|mechanism_11|mechanism_12,0.40011163113600173
mechanism_01|mechanism_02|mechanism_03|mechanism_04|mechanism_05|mechanism_09|mechanism_10|mechanism_11,0.42433564895745063
mechanism_01|mechanism_02|mechanism_03|mechanism_04|mechanism_05|mechanism_09|mechanism_10|mechanism_12,0.40854102156721994
mechanism_01|mechanism_02|mechanism_03|mechanism_04|mechanism_05|mechanism_09|mechanism_11|mechanism_12,0.4170245457988005
mechanism_01|mechanism_02|mechanism_03|mechanism_04|mechanism_05|mechanism_10|mechanism_11|mechanism_12,0.42067574785125056
mechanism_01|mechanism_02|mechanism_03|mechanism_04|mechanism_06|mechanism_07|mechanism_08|mechanism_09,0.4255574831883411
mechanism_01|mechanism_02|mechanism_03|mechanism_04|mechanism_06|mechanism_07|mechanism_08|mechanism_10,0.43905454967528373
mechanism_01|mechanism_02|mechanism_03|mechanism_04|mechanism_06|mechanism_07|mechanism_08|mechanism_11,0.4182406231581638
mechanism_01|mechanism_02|mechanism_03|mechanism_04|mechanism_06|mechanism_07|mechanism_08|mechanism_12,0.41459543087053496
mechanism_01|mechanism_02|mechanism_03|mechanism_04|mechanism_06|mechanism_07|mechanism_09|mechanism_10,0.4638133797682054
mechanism_01|mechanism_02|mechanism_03|mechanism_04|mechanism_06|mechanism_07|mechanism_09|mechanism_11,0.45512110762641994
mechanism_01|mechanism_02|mechanism_03|mechanism_04|mechanism_06|mechanism_07|mechanism_09|mechanism_12,0.43905454967528385
mechanism_01|mechanism_02|mechanism_03|mechanism_04|mechanism_06|mechanism_07|mechanism_10|mechanism_11,0.4563613127629212
mechanism_01|mechanism_02|mechanism_03|mechanism_04|mechanism_06|mechanism_07|mechanism_10|mechanism_12,0.45264238185691075
mechanism_01|mechanism_02|mechanism_03|mechanism_04|mechanism_06|mechanism_07|mechanism_11|mechanism_12,0.4316800165217519
mechanism_01|mechanism_02|mechanism_03|mechanism_04|mechanism_06|mechanism_08|mechanism_09|mechanism_10,0.4316800165217519
mechanism_01|mechanism_02|mechanism_03|mechanism_04|mechanism_06|mechanism_08|mechanism_09|mechanism_11,0.42067574785125056
mechanism_01|mechanism_02|mechanism_03|mechanism_04|mechanism_06|mechanism_08|mechanism_09|mechanism_12,0.40492152613386606
mechanism_01|mechanism_02|mechanism_03|mechanism_04|mechanism_06|mechanism_08|mechanism_10|mechanism_11,0.40492152613386606
mechanism_01|mechanism_02|mechanism_03|mechanism_04|mechanism_06|mechanism_08|mechanism_10|mechanism_12,0.401312339887548
mechanism_01|mechanism_02|mechanism_03|mechanism_04|mechanism_06|mechanism_08|mechanism_11|mechanism_12,0.3977138231113694
mechanism_01|mechanism_02|mechanism_03|mechanism_04|mechanism_06|mechanism_09|mechanism_10|mechanism_11,0.44151888756183866
mechanism_01|mechanism_02|mechanism_03|mechanism_04|mechanism_06|mechanism_09|mechanism_10|mechanism_12,0.425557483188341
mechanism_01|mechanism_02|mechanism_03|mechanism_04|mechanism_06|mechanism_09|mechanism_11|mechanism_12,0.4341349971045183
mechanism_01|mechanism_02|mechanism_03|mechanism_04|mechanism_06|mechanism_10|mechanism_11|mechanism_12,0.4182406231581638
mechanism_01|mechanism_02|mechanism_03|mechanism_04|mechanism_07|mechanism_08|mechanism_09|mechanism_10,0.41217046151748854
mechanism_01|mechanism_02|mechanism_03|mechanism_04|mechanism_07|mechanism_08|mechanism_09|mechanism_11,0.38461624360881785
mechanism_01|mechanism_02|mechanism_03|mechanism_04|mechanism_07|mechanism_08|mechanism_09|mechanism_12,0.36935147434892557
mechanism_01|mechanism_02|mechanism_03|mechanism_04|mechanism_07|mechanism_08|mechanism_10|mechanism_11,0.3858003572231049
mechanism_01|mechanism_02|mechanism_03|mechanism_04|mechanism_07|mechanism_08|mechanism_10|mechanism_12,0.382252125230751
mechanism_01|mechanism_02|mechanism_03|mechanism_04|mechanism_07|mechanism_08|mechanism_11|mechanism_12,0.36239134737807494
mechanism_01|mechanism_02|mechanism_03|mechanism_04|mechanism_07|mechanism_09|mechanism_10|mechanism_11,0.4218947671156909
mechanism_01|mechanism_02|mechanism_03|mechanism_04|mechanism_07|mechanism_09|mechanism_10|mechanism_12,0.4061268970658573
mechanism_01|mechanism_02|mechanism_03|mechanism_04|mechanism_07|mechanism_09|mechanism_11|mechanism_12,0.3977138231113694
mechanism_01|mechanism_02|mechanism_03|mechanism_04|mechanism_07|mechanism_10|mechanism_11|mechanism_12,0.3989121211516303
mechanism_01|mechanism_02|mechanism_03|mechanism_04|mechanism_08|mechanism_09|mechanism_10|mechanism_11,0.39055021637167486
mechanism_01|mechanism_02|mechanism_03|mechanism_04|mechanism_08|mechanism_09|mechanism_10|mechanism_12,0.37519352553157076
mechanism_01|mechanism_02|mechanism_03|mechanism_04|mechanism_08|mechanism_09|mechanism_11|mechanism_12,0.364705150677193
mechanism_01|mechanism_02|mechanism_03|mechanism_04|mechanism_08|mechanism_10|mechanism_11|mechanism_12,0.34978145142617295
mechanism_01|mechanism_02|mechanism_03|mechanism_04|mechanism_09|mechanism_10|mechanism_11|mechanism_12,0.38461624360881785
mechanism_01|mechanism_02|mechanism_03|mechanism_05|mechanism_06|mechanism_07|mechanism_08|mechanism_09,0.3989121211516302
mechanism_01|mechanism_02|mechanism_03|mechanism_05|mechanism_06|mechanism_07|mechanism_08|mechanism_10,0.4316800165217519
mechanism_01|mechanism_02|mechanism_03|mechanism_05|mechanism_06|mechanism_07|mechanism_08|mechanism_11,0.41095956594133487
mechanism_01|mechanism_02|mechanism_03|mechanism_05|mechanism_06|mechanism_07|mechanism_08|mechanism_12,0.40733340004593027
mechanism_01|mechanism_02|mechanism_03|mechanism_05|mechanism_06|mechanism_07|mechanism_09|mechanism_10,0.4365932137378064
mechanism_01|mechanism_02|mechanism_03|mechanism_05|mechanism_06|mechanism_07|mechanism_09|mechanism_11,0.42800386706848137
mechanism_01|mechanism_02|mechanism_03|mechanism_05|mechanism_06|mechanism_07|mechanism_09|mechanism_12,0.41217046151748854
mechanism_01|mechanism_02|mechanism_03|mechanism_05|mechanism_06|mechanism_07|mechanism_10|mechanism_11,0.4489287306926581
mechanism_01|mechanism_02|mechanism_03|mechanism_05|mechanism_06|mechanism_07|mechanism_10|mechanism_12,0.4452207648927852
mechanism_01|mechanism_02|mechanism_03|mechanism_05|mechanism_06|mechanism_07|mechanism_11|mechanism_12,0.42433564895745063
mechanism_01|mechanism_02|mechanism_03|mechanism_05|mechanism_06|mechanism_08|mechanism_09|mechanism_10,0.40492152613386606
mechanism_01|mechanism_02|mechanism_03|mechanism_05|mechanism_06|mechanism_08|mechanism_09|mechanism_11,0.3941263315682394
mechanism_01|mechanism_02|mechanism_03|mechanism_05|mechanism_06|mechanism_08|mechanism_09|mechanism_12,0.3787164048089322
mechanism_01|mechanism_02|mechanism_03|mechanism_05|mechanism_06|mechanism_08|mechanism_10|mechanism_11,0.3977138231113694
mechanism_01|mechanism_02|mechanism_03|mechanism_05|mechanism_06|mechanism_08|mechanism_10|mechanism_12,0.3941263315682394
mechanism_01|mechanism_02|mechanism_03|mechanism_05|mechanism_06|mechanism_08|mechanism_11|mechanism_12,0.3905502163716748
mechanism_01|mechanism_02|mechanism_03|mechanism_05|mechanism_06|mechanism_09|mechanism_10|mechanism_11,0.41459543087053496
mechanism_01|mechanism_02|mechanism_03|mechanism_05|mechanism_06|mechanism_09|mechanism_10|mechanism_12,0.3989121211516303
mechanism_01|mechanism_02|mechanism_03|mechanism_05|mechanism_06|mechanism_09|mechanism_11|mechanism_12,0.40733340004593027
mechanism_01|mechanism_02|mechanism_03|mechanism_05|mechanism_06|mechanism_10|mechanism_11|mechanism_12,0.41095956594133487
mechanism_01|mechanism_02|mechanism_03|mechanism_05|mechanism_07|mechanism_08|mechanism_09|mechanism_10,0.3858003572231049
mechanism_01|mechanism_02|mechanism_03|mechanism_05|mechanism_07|mechanism_08|mechanism_09|mechanism_11,0.35893259366518293
mechanism_01|mechanism_02|mechanism_03|mechanism_05|mechanism_07|mechanism_08|mechanism_09|mechanism_12,0.34411715879218635
mechanism_01|mechanism_02|mechanism_03|mechanism_05|mechanism_07|mechanism_08|mechanism_10|mechanism_11,0.3787164048089322
mechanism_01|mechanism_02|mechanism_03|mechanism_05|mechanism_07|mechanism_08|mechanism_10|mechanism_12,0.37519352553157076
mechanism_01|mechanism_02|mechanism_03|mechanism_05|mechanism_07|mechanism_08|mechanism_11|mechanism_12,0.3554884462937054
mechanism_01|mechanism_02|mechanism_03|mechanism_05|mechanism_07|mechanism_09|mechanism_10|mechanism_11,0.39532091528599067
mechanism_01|mechanism_02|mechanism_03|mechanism_05|mechanism_07|mechanism_09|mechanism_10|mechanism_12,0.3798935676569099
mechanism_01|mechanism_02|mechanism_03|mechanism_05|mechanism_07|mechanism_09|mechanism_11|mechanism_12,0.37168381170463377
mechanism_01|mechanism_02|mechanism_03|mechanism_05|mechanism_07|mechanism_10|mechanism_11|mechanism_12,0.3917409692534856
mechanism_01|mechanism_02|mechanism_03|mechanism_05|mechanism_08|mechanism_09|mechanism_10|mechanism_11,0.364705150677193
mechanism_01|mechanism_02|mechanism_03|mechanism_05|mechanism_08|mechanism_09|mechanism_10|mechanism_12,0.34978145142617295
mechanism_01|mechanism_02|mechanism_03|mechanism_05|mechanism_08|mechanism_09|mechanism_11|mechanism_12,0.33961732692078395
mechanism_01|mechanism_02|mechanism_03|mechanism_05|mechanism_08|mechanism_10|mechanism_11|mechanism_12,0.3429895373265012
mechanism_01|mechanism_02|mechanism_03|mechanism_05|mechanism_09|mechanism_10|mechanism_11|mechanism_12,0.35893259366518293
mechanism_01|mechanism_02|mechanism_03|mechanism_06|mechanism_07|mechanism_08|mechanism_09|mechanism_10,0.4292283881055083
mechanism_01|mechanism_02|mechanism_03|mechanism_06|mechanism_07|mechanism_08|mechanism_09|mechanism_11,0.401312339887548
mechanism_01|mechanism_02|mechanism_03|mechanism_06|mechanism_07|mechanism_08|mechanism_09|mechanism_12,0.38580035722310485
mechanism_01|mechanism_02|mechanism_03|mechanism_06|mechanism_07|mechanism_08|mechanism_10|mechanism_11,0.40251423417298393
mechanism_01|mechanism_02|mechanism_03|mechanism_06|mechanism_07|mechanism_08|mechanism_10|mechanism_12,0.3989121211516303
mechanism_01|mechanism_02|mechanism_03|mechanism_06|mechanism_07|mechanism_08|mechanism_11|mechanism_12,0.37871640480893215
mechanism_01|mechanism_02|mechanism_03|mechanism_06|mechanism_07|mechanism_09|mechanism_10|mechanism_11,0.43905454967528373
mechanism_01|mechanism_02|mechanism_03|mechanism_06|mechanism_07|mechanism_09|mechanism_10|mechanism_12,0.42311473886795364
mechanism_01|mechanism_02|mechanism_03|mechanism_06|mechanism_07|mechanism_09|mechanism_11|mechanism_12,0.4145954308705349
mechanism_01|mechanism_02|mechanism_03|mechanism_06|mechanism_07|mechanism_10|mechanism_11|mechanism_12,0.4158094770645927
mechanism_01|mechanism_02|mechanism_03|mechanism_06|mechanism_08|mechanism_09|mechanism_10|mechanism_11,0.40733340004593027
mechanism_01|mechanism_02|mechanism_03|mechanism_06|mechanism_08|mechanism_09|mechanism_10|mechanism_12,0.3917409692534856
mechanism_01|mechanism_02|mechanism_03|mechanism_06|mechanism_08|mechanism_09|mechanism_11|mechanism_12,0.38107214519980964
mechanism_01|mechanism_02|mechanism_03|mechanism_06|mechanism_08|mechanism_10|mechanism_11|mechanism_12,0.36586440898919936
mechanism_01|mechanism_02|mechanism_03|mechanism_06|mechanism_09|mechanism_10|mechanism_11|mechanism_12,0.401312339887548
mechanism_01|mechanism_02|mechanism_03|mechanism_07|mechanism_08|mechanism_09|mechanism_10|mechanism_11,0.3881726309982629
mechanism_01|mechanism_02|mechanism_03|mechanism_07|mechanism_08|mechanism_09|mechanism_10|mechanism_12,0.3728522336868045
mechanism_01|mechanism_02|mechanism_03|mechanism_07|mechanism_08|mechanism_09|mechanism_11|mechanism_12,0.34637766910049594
mechanism_01|mechanism_02|mechanism_03|mechanism_07|mechanism_08|mechanism_10|mechanism_11|mechanism_12,0.34751053780725555
mechanism_01|mechanism_02|mechanism_03|mechanism_07|mechanism_09|mechanism_10|mechanism_11|mechanism_12,0.382252125230751
mechanism_01|mechanism_02|mechanism_03|mechanism_08|mechanism_09|mechanism_10|mechanism_11|mechanism_12,0.3520591979193498
mechanism_01|mechanism_02|mechanism_04|mechanism_05|mechanism_06|mechanism_07|mechanism_08|mechanism_09,0.34751053780725555
mechanism_01|mechanism_02|mechanism_04|mechanism_05|mechanism_06|mechanism_07|mechanism_08|mechanism_10,0.3787164048089322
mechanism_01|mechanism_02|mechanism_04|mechanism_05|mechanism_06|mechanism_07|mechanism_08|mechanism_11,0.35893259366518293
mechanism_01|mechanism_02|mechanism_04|mechanism_05|mechanism_06|mechanism_07|mechanism_08|mechanism_12,0.3554884462937054
mechanism_01|mechanism_02|mechanism_04|mechanism_05|mechanism_06|mechanism_07|mechanism_09|mechanism_10,0.35548844629370546
mechanism_01|mechanism_02|mechanism_04|mechanism_05|mechanism_06|mechanism_07|mechanism_09|mechanism_11,0.34751053780725555
mechanism_01|mechanism_02|mechanism_04|mechanism_05|mechanism_06|mechanism_07|mechanism_09|mechanism_12,0.3329217229043748
mechanism_01|mechanism_02|mechanism_04|mechanism_05|mechanism_06|mechanism_07|mechanism_10|mechanism_11,0.36702522331953935
mechanism_01|mechanism_02|mechanism_04|mechanism_05|mechanism_06|mechanism_07|mechanism_10|mechanism_12,0.3635474597184337
mechanism_01|mechanism_02|mechanism_04|mechanism_05|mechanism_06|mechanism_07|mechanism_11|mechanism_12,0.34411715879218635
mechanism_01|mechanism_02|mechanism_04|mechanism_05|mechanism_06|mechanism_08|mechanism_09|mechanism_10,0.35320060744201437
mechanism_01|mechanism_02|mechanism_04|mechanism_05|mechanism_06|mechanism_08|mechanism_09|mechanism_11,0.3429895373265012
mechanism_01|mechanism_02|mechanism_04|mechanism_05|mechanism_06|mechanism_08|mechanism_09|mechanism_12,0.3284949657745942
mechanism_01|mechanism_02|mechanism_04|mechanism_05|mechanism_06|mechanism_08|mechanism_10|mechanism_11,0.346377669100496
mechanism_01|mechanism_02|mechanism_04|mechanism_05|mechanism_06|mechanism_08|mechanism_10|mechanism_12,0.3429895373265012
mechanism_01|mechanism_02|mechanism_04|mechanism_05|mechanism_06|mechanism_08|mechanism_11|mechanism_12,0.33961732692078395
mechanism_01|mechanism_02|mechanism_04|mechanism_05|mechanism_06|mechanism_09|mechanism_10|mechanism_11,0.3351462695940264
mechanism_01|mechanism_02|mechanism_04|mechanism_05|mechanism_06|mechanism_09|mechanism_10|mechanism_12,0.3208213008246071
mechanism_01|mechanism_02|mechanism_04|mechanism_05|mechanism_06|mechanism_09|mechanism_11|mechanism_12,0.3284949657745942
mechanism_01|mechanism_02|mechanism_04|mechanism_05|mechanism_06|mechanism_10|mechanism_11|mechanism_12,0.33181222783183395
mechanism_01|mechanism_02|mechanism_04|mechanism_05|mechanism_07|mechanism_08|mechanism_09|mechanism_10,0.3577829070425624
mechanism_01|mechanism_02|mechanism_04|mechanism_05|mechanism_07|mechanism_08|mechanism_09|mechanism_11,0.33181222783183395
mechanism_01|mechanism_02|mechanism_04|mechanism_05|mechanism_07|mechanism_08|mechanism_09|mechanism_12,0.3175616978069352
mechanism_01|mechanism_02|mechanism_04|mechanism_05|mechanism_07|mechanism_08|mechanism_10|mechanism_11,0.3509194757554267
mechanism_01|mechanism_02|mechanism_04|mechanism_05|mechanism_07|mechanism_08|mechanism_10|mechanism_12,0.34751053780725555
mechanism_01|mechanism_02|mechanism_04|mechanism_05|mechanism_07|mechanism_08|mechanism_11|mechanism_12,0.3284949657745942
mechanism_01|mechanism_02|mechanism_04|mechanism_05|mechanism_07|mechanism_09|mechanism_10|mechanism_11,0.3396173269207839
mechanism_01|mechanism_02|mechanism_04|mechanism_05|mechanism_07|mechanism_09|mechanism_10|mechanism_12,0.3251947274176865
mechanism_01|mechanism_02|mechanism_04|mechanism_05|mechanism_07|mechanism_09|mechanism_11|mechanism_12,0.3175616978069352
mechanism_01|mechanism_02|mechanism_04|mechanism_05|mechanism_07|mechanism_10|mechanism_11|mechanism_12,0.3362613025956473
mechanism_01|mechanism_02|mechanism_04|mechanism_05|mechanism_08|mechanism_09|mechanism_10|mechanism_11,0.33737816282991745
mechanism_01|mechanism_02|mechanism_04|mechanism_05|mechanism_08|mechanism_09|mechanism_10|mechanism_12,0.323004143761477
mechanism_01|mechanism_02|mechanism_04|mechanism_05|mechanism_08|mechanism_09|mechanism_11|mechanism_12,0.31324327335609825
mechanism_01|mechanism_02|mechanism_04|mechanism_05|mechanism_08|mechanism_10|mechanism_11|mechanism_12,0.3164791062636844
mechanism_01|mechanism_02|mechanism_04|mechanism_05|mechanism_09|mechanism_10|mechanism_11|mechanism_12,0.3057636598919695
mechanism_01|mechanism_02|mechanism_04|mechanism_06|mechanism_07|mechanism_08|mechanism_09|mechanism_10,0.37402214223339625
mechanism_01|mechanism_02|mechanism_04|mechanism_06|mechanism_07|mechanism_08|mechanism_09|mechanism_11,0.34751053780725555
mechanism_01|mechanism_02|mechanism_04|mechanism_06|mechanism_07|mechanism_08|mechanism_09|mechanism_12,0.3329217229043748
mechanism_01|mechanism_02|mechanism_04|mechanism_06|mechanism_07|mechanism_08|mechanism_10|mechanism_11,0.34864513533394575
mechanism_01|mechanism_02|mechanism_04|mechanism_06|mechanism_07|mechanism_08|mechanism_10|mechanism_12,0.34524653939368083
mechanism_01|mechanism_02|mechanism_04|mechanism_06|mechanism_07|mechanism_08|mechanism_11|mechanism_12,0.32629290054547855
mechanism_01|mechanism_02|mechanism_04|mechanism_06|mechanism_07|mechanism_09|mechanism_10|mechanism_11,0.3554884462937054
mechanism_01|mechanism_02|mechanism_04|mechanism_06|mechanism_07|mechanism_09|mechanism_10|mechanism_12,0.3407396115486146
mechanism_01|mechanism_02|mechanism_04|mechanism_06|mechanism_07|mechanism_09|mechanism_11|mechanism_12,0.3329217229043748
mechanism_01|mechanism_02|mechanism_04|mechanism_06|mechanism_07|mechanism_10|mechanism_11|mechanism_12,0.3340330732481797
mechanism_01|mechanism_02|mechanism_04|mechanism_06|mechanism_08|mechanism_09|mechanism_10|mechanism_11,0.3532006074420144
mechanism_01|mechanism_02|mechanism_04|mechanism_06|mechanism_08|mechanism_09|mechanism_10|mechanism_12,0.33849684079704756
mechanism_01|mechanism_02|mechanism_04|mechanism_06|mechanism_08|mechanism_09|mechanism_11|mechanism_12,0.3284949657745942
mechanism_01|mechanism_02|mechanism_04|mechanism_06|mechanism_08|mechanism_10|mechanism_11|mechanism_12,0.31431988606174616
mechanism_01|mechanism_02|mechanism_04|mechanism_06|mechanism_09|mechanism_10|mechanism_11|mechanism_12,0.320821300824607
mechanism_01|mechanism_02|mechanism_04|mechanism_07|mechanism_08|mechanism_09|mechanism_10|mechanism_11,0.33514626959402644
mechanism_01|mechanism_02|mechanism_04|mechanism_07|mechanism_08|mechanism_09|mechanism_10|mechanism_12,0.320821300824607
mechanism_01|mechanism_02|mechanism_04|mechanism_07|mechanism_08|mechanism_09|mechanism_11|mechanism_12,0.2962957620002294
mechanism_01|mechanism_02|mechanism_04|mechanism_07|mechanism_08|mechanism_10|mechanism_11|mechanism_12,0.29733934565526854
mechanism_01|mechanism_02|mechanism_04|mechanism_07|mechanism_09|mechanism_10|mechanism_11|mechanism_12,0.3036450701761659
mechanism_01|mechanism_02|mechanism_04|mechanism_08|mechanism_09|mechanism_10|mechanism_11|mechanism_12,0.3015347839974612
mechanism_01|mechanism_02|mechanism_05|mechanism_06|mechanism_07|mechanism_08|mechanism_09|mechanism_10,0.34864513533394575
mechanism_01|mechanism_02|mechanism_05|mechanism_06|mechanism_07|mechanism_08|mechanism_09|mechanism_11,0.323004143761477
mechanism_01|mechanism_02|mechanism_05|mechanism_06|mechanism_07|mechanism_08|mechanism_09|mechanism_12,0.30895698758427714
mechanism_01|mechanism_02|mechanism_05|mechanism_06|mechanism_07|mechanism_08|mechanism_10|mechanism_11,0.3418636849519819
mechanism_01|mechanism_02|mechanism_05|mechanism_06|mechanism_07|mechanism_08|mechanism_10|mechanism_12,0.3384968407970476
mechanism_01|mechanism_02|mechanism_05|mechanism_06|mechanism_07|mechanism_08|mechanism_11|mechanism_12,0.31973280330135156
mechanism_01|mechanism_02|mechanism_05|mechanism_06|mechanism_07|mechanism_09|mechanism_10|mechanism_11,0.33070459722255396
mechanism_01|mechanism_02|mechanism_05|mechanism_06|mechanism_07|mechanism_09|mechanism_10|mechanism_12,0.3164791062636844
mechanism_01|mechanism_02|mechanism_05|mechanism_06|mechanism_07|mechanism_09|mechanism_11|mechanism_12,0.3089569875842772
mechanism_01|mechanism_02|mechanism_05|mechanism_06|mechanism_07|mechanism_10|mechanism_11|mechanism_12,0.32739298293223956
mechanism_01|mechanism_02|mechanism_05|mechanism_06|mechanism_08|mechanism_09|mechanism_10|mechanism_11,0.3284949657745942
mechanism_01|mechanism_02|mechanism_05|mechanism_06|mechanism_08|mechanism_09|mechanism_10|mechanism_12,0.31431988606174616
mechanism_01|mechanism_02|mechanism_05|mechanism_06|mechanism_08|mechanism_09|mechanism_11|mechanism_12,0.30470333065243466
mechanism_01|mechanism_02|mechanism_05|mechanism_06|mechanism_08|mechanism_10|mechanism_11|mechanism_12,0.3078904956982118
mechanism_01|mechanism_02|mechanism_05|mechanism_06|mechanism_09|mechanism_10|mechanism_11|mechanism_12,0.29733934565526854
mechanism_01|mechanism_02|mechanism_05|mechanism_07|mechanism_08|mechanism_09|mechanism_10|mechanism_11,0.3110960820230454
mechanism_01|mechanism_02|mechanism_05|mechanism_07|mechanism_08|mechanism_09|mechanism_10|mechanism_12,0.29733934565526854
mechanism_01|mechanism_02|mechanism_05|mechanism_07|mechanism_08|mechanism_09|mechanism_11|mechanism_12,0.2738850187392209
mechanism_01|mechanism_02|mechanism_05|mechanism_07|mechanism_08|mechanism_10|mechanism_11|mechanism_12,0.2911098274338801
mechanism_01|mechanism_02|mechanism_05|mechanism_07|mechanism_09|mechanism_10|mechanism_11|mechanism_12,0.2809003425836161
mechanism_01|mechanism_02|mechanism_05|mechanism_08|mechanism_09|mechanism_10|mechanism_11|mechanism_12,0.27888482197713693
mechanism_01|mechanism_02|mechanism_06|mechanism_07|mechanism_08|mechanism_09|mechanism_10|mechanism_11,0.3509194757554267
mechanism_01|mechanism_02|mechanism_06|mechanism_07|mechanism_08|mechanism_09|mechanism_10|mechanism_12,0.3362613025956473
mechanism_01|mechanism_02|mechanism_06|mechanism_07|mechanism_08|mechanism_09|mechanism_11|mechanism_12,0.3110960820230454
mechanism_01|mechanism_02|mechanism_06|mechanism_07|mechanism_08|mechanism_10|mechanism_11|mechanism_12,0.3121686694171596
mechanism_01|mechanism_02|mechanism_06|mechanism_07|mechanism_09|mechanism_10|mechanism_11|mechanism_12,0.3186462662109745
mechanism_01|mechanism_02|mechanism_06|mechanism_08|mechanism_09|mechanism_10|mechanism_11|mechanism_12,0.3164791062636844
mechanism_01|mechanism_02|mechanism_07|mechanism_08|mechanism_09|mechanism_10|mechanism_11|mechanism_12,0.29943285752602705
mechanism_01|mechanism_03|mechanism_04|mechanism_05|mechanism_06|mechanism_07|mechanism_08|mechanism_09,0.35205919791934986
mechanism_01|mechanism_03|mechanism_04|mechanism_05|mechanism_06|mechanism_07|mechanism_08|mechanism_10,0.38343349547868066
mechanism_01|mechanism_03|mechanism_04|mechanism_05|mechanism_06|mechanism_07|mechanism_08|mechanism_11,0.3635474597184337
mechanism_01|mechanism_03|mechanism_04|mechanism_05|mechanism_06|mechanism_07|mechanism_08|mechanism_12,0.36008390326226586
mechanism_01|mechanism_03|mechanism_04|mechanism_05|mechanism_06|mechanism_07|mechanism_09|mechanism_10,0.3881726309982629
mechanism_01|mechanism_03|mechanism_04|mechanism_05|mechanism_06|mechanism_07|mechanism_09|mechanism_11,0.3798935676569099
mechanism_01|mechanism_03|mechanism_04|mechanism_05|mechanism_06|mechanism_07|mechanism_09|mechanism_12,0.364705150677193
mechanism_01|mechanism_03|mechanism_04|mechanism_05|mechanism_06|mechanism_07|mechanism_10|mechanism_11,0.40011163113600173
mechanism_01|mechanism_03|mechanism_04|mechanism_05|mechanism_06|mechanism_07|mechanism_10|mechanism_12,0.3965167501352737
mechanism_01|mechanism_03|mechanism_04|mechanism_05|mechanism_06|mechanism_07|mechanism_11|mechanism_12,0.37636637170177395
mechanism_01|mechanism_03|mechanism_04|mechanism_05|mechanism_06|mechanism_08|mechanism_09|mechanism_10,0.3577829070425624
mechanism_01|mechanism_03|mechanism_04|mechanism_05|mechanism_06|mechanism_08|mechanism_09|mechanism_11,0.34751053780725555
mechanism_01|mechanism_03|mechanism_04|mechanism_05|mechanism_06|mechanism_08|mechanism_09|mechanism_12,0.3329217229043748
mechanism_01|mechanism_03|mechanism_04|mechanism_05|mechanism_06|mechanism_08|mechanism_10|mechanism_11,0.3509194757554267
mechanism_01|mechanism_03|mechanism_04|mechanism_05|mechanism_06|mechanism_08|mechanism_10|mechanism_12,0.34751053780725555
mechanism_01|mechanism_03|mechanism_04|mechanism_05|mechanism_06|mechanism_08|mechanism_11|mechanism_12,0.3441171587921863
mechanism_01|mechanism_03|mechanism_04|mechanism_05|mechanism_06|mechanism_09|mechanism_10|mechanism_11,0.36702522331953935
mechanism_01|mechanism_03|mechanism_04|mechanism_05|mechanism_06|mechanism_09|mechanism_10|mechanism_12,0.3520591979193498
mechanism_01|mechanism_03|mechanism_04|mechanism_05|mechanism_06|mechanism_09|mechanism_11|mechanism_12,0.36008390326226586
mechanism_01|mechanism_03|mechanism_04|mechanism_05|mechanism_06|mechanism_10|mechanism_11|mechanism_12,0.36354745971843366
mechanism_01|mechanism_03|mechanism_04|mechanism_05|mechanism_07|mechanism_08|mechanism_09|mechanism_10,0.36239134737807494
mechanism_01|mechanism_03|mechanism_04|mechanism_05|mechanism_07|mechanism_08|mechanism_09|mechanism_11,0.3362613025956473
mechanism_01|mechanism_03|mechanism_04|mechanism_05|mechanism_07|mechanism_08|mechanism_09|mechanism_12,0.3219117504483725
mechanism_01|mechanism_03|mechanism_04|mechanism_05|mechanism_07|mechanism_08|mechanism_10|mechanism_11,0.3554884462937054
mechanism_01|mechanism_03|mechanism_04|mechanism_05|mechanism_07|mechanism_08|mechanism_10|mechanism_12,0.3520591979193498
mechanism_01|mechanism_03|mechanism_04|mechanism_05|mechanism_07|mechanism_08|mechanism_11|mechanism_12,0.3329217229043748
mechanism_01|mechanism_03|mechanism_04|mechanism_05|mechanism_07|mechanism_09|mechanism_10|mechanism_11,0.3716838117046338
mechanism_01|mechanism_03|mechanism_04|mechanism_05|mechanism_07|mechanism_09|mechanism_10|mechanism_12,0.35663485430559827
mechanism_01|mechanism_03|mechanism_04|mechanism_05|mechanism_07|mechanism_09|mechanism_11|mechanism_12,0.34864513533394575
mechanism_01|mechanism_03|mechanism_04|mechanism_05|mechanism_07|mechanism_10|mechanism_11|mechanism_12,0.3681875822638983
mechanism_01|mechanism_03|mechanism_04|mechanism_05|mechanism_08|mechanism_09|mechanism_10|mechanism_11,0.3418636849519819
mechanism_01|mechanism_03|mechanism_04|mechanism_05|mechanism_08|mechanism_09|mechanism_10|mechanism_12,0.32739298293223956
mechanism_01|mechanism_03|mechanism_04|mechanism_05|mechanism_08|mechanism_09|mechanism_11|mechanism_12,0.3175616978069353
mechanism_01|mechanism_03|mechanism_04|mechanism_05|mechanism_08|mechanism_10|mechanism_11|mechanism_12,0.320821300824607
mechanism_01|mechanism_03|mechanism_04|mechanism_05|mechanism_09|mechanism_10|mechanism_11|mechanism_12,0.3362613025956473
mechanism_01|mechanism_03|mechanism_04|mechanism_06|mechanism_07|mechanism_08|mechanism_09|mechanism_10,0.37871640480893215
mechanism_01|mechanism_03|mechanism_04|mechanism_06|mechanism_07|mechanism_08|mechanism_09|mechanism_11,0.3520591979193498
mechanism_01|mechanism_03|mechanism_04|mechanism_06|mechanism_07|mechanism_08|mechanism_09|mechanism_12,0.33737816282991756
mechanism_01|mechanism_03|mechanism_04|mechanism_06|mechanism_07|mechanism_08|mechanism_10|mechanism_11,0.3532006074420144
mechanism_01|mechanism_03|mechanism_04|mechanism_06|mechanism_07|mechanism_08|mechanism_10|mechanism_12,0.34978145142617295
mechanism_01|mechanism_03|mechanism_04|mechanism_06|mechanism_07|mechanism_08|mechanism_11|mechanism_12,0.33070459722255396
mechanism_01|mechanism_03|mechanism_04|mechanism_06|mechanism_07|mechanism_09|mechanism_10|mechanism_11,0.3881726309982629
mechanism_01|mechanism_03|mechanism_04|mechanism_06|mechanism_07|mechanism_09|mechanism_10|mechanism_12,0.3728522336868044
mechanism_01|mechanism_03|mechanism_04|mechanism_06|mechanism_07|mechanism_09|mechanism_11|mechanism_12,0.364705150677193
mechanism_01|mechanism_03|mechanism_04|mechanism_06|mechanism_07|mechanism_10|mechanism_11|mechanism_12,0.36586440898919936
mechanism_01|mechanism_03|mechanism_04|mechanism_06|mechanism_08|mechanism_09|mechanism_10|mechanism_11,0.3577829070425624
mechanism_01|mechanism_03|mechanism_04|mechanism_06|mechanism_08|mechanism_09|mechanism_10|mechanism_12,0.34298953732650117
mechanism_01|mechanism_03|mechanism_04|mechanism_06|mechanism_08|mechanism_09|mechanism_11|mechanism_12,0.3329217229043748
mechanism_01|mechanism_03|mechanism_04|mechanism_06|mechanism_08|mechanism_10|mechanism_11|mechanism_12,0.31864626621097447
mechanism_01|mechanism_03|mechanism_04|mechanism_06|mechanism_09|mechanism_10|mechanism_11|mechanism_12,0.3520591979193498
mechanism_01|mechanism_03|mechanism_04|mechanism_07|mechanism_08|mechanism_09|mechanism_10|mechanism_11,0.33961732692078395
mechanism_01|mechanism_03|mechanism_04|mechanism_07|mechanism_08|mechanism_09|mechanism_10|mechanism_12,0.32519472741768646
mechanism_01|mechanism_03|mechanism_04|mechanism_07|mechanism_08|mechanism_09|mechanism_11|mechanism_12,0.30048277233757253
mechanism_01|mechanism_03|mechanism_04|mechanism_07|mechanism_08|mechanism_10|mechanism_11|mechanism_12,0.3015347839974612
mechanism_01|mechanism_03|mechanism_04|mechanism_07|mechanism_09|mechanism_10|mechanism_11|mechanism_12,0.33403307324817977
mechanism_01|mechanism_03|mechanism_04|mechanism_08|mechanism_09|mechanism_10|mechanism_11|mechanism_12,0.3057636598919695
mechanism_01|mechanism_03|mechanism_05|mechanism_06|mechanism_07|mechanism_08|mechanism_09|mechanism_10,0.3532006074420144
mechanism_01|mechanism_03|mechanism_05|mechanism_06|mechanism_07|mechanism_08|mechanism_09|mechanism_11,0.32739298293223956
mechanism_01|mechanism_03|mechanism_05|mechanism_06|mechanism_07|mechanism_08|mechanism_09|mechanism_12,0.31324327335609825
mechanism_01|mechanism_03|mechanism_05|mechanism_06|mechanism_07|mechanism_08|mechanism_10|mechanism_11,0.34637766910049606
mechanism_01|mechanism_03|mechanism_05|mechanism_06|mechanism_07|mechanism_08|mechanism_10|mechanism_12,0.3429895373265012
mechanism_01|mechanism_03|mechanism_05|mechanism_06|mechanism_07|mechanism_08|mechanism_11|mechanism_12,0.3240984722740593
mechanism_01|mechanism_03|mechanism_05|mechanism_06|mechanism_07|mechanism_09|mechanism_10|mechanism_11,0.36239134737807494
mechanism_01|mechanism_03|mechanism_05|mechanism_06|mechanism_07|mechanism_09|mechanism_10|mechanism_12,0.34751053780725555
mechanism_01|mechanism_03|mechanism_05|mechanism_06|mechanism_07|mechanism_09|mechanism_11|mechanism_12,0.33961732692078395
mechanism_01|mechanism_03|mechanism_05|mechanism_06|mechanism_07|mechanism_10|mechanism_11|mechanism_12,0.35893259366518293
mechanism_01|mechanism_03|mechanism_05|mechanism_06|mechanism_08|mechanism_09|mechanism_10|mechanism_11,0.3329217229043748
mechanism_01|mechanism_03|mechanism_05|mechanism_06|mechanism_08|mechanism_09|mechanism_10|mechanism_12,0.31864626621097447
mechanism_01|mechanism_03|mechanism_05|mechanism_06|mechanism_08|mechanism_09|mechanism_11|mechanism_12,0.30895698758427714
mechanism_01|mechanism_03|mechanism_05|mechanism_06|mechanism_08|mechanism_10|mechanism_11|mechanism_12,0.31216866941715965
mechanism_01|mechanism_03|mechanism_05|mechanism_06|mechanism_09|mechanism_10|mechanism_11|mechanism_12,0.32739298293223956
mechanism_01|mechanism_03|mechanism_05|mechanism_07|mechanism_08|mechanism_09|mechanism_10|mechanism_11,0.3153984996765693
mechanism_01|mechanism_03|mechanism_05|mechanism_07|mechanism_08|mechanism_09|mechanism_10|mechanism_12,0.3015347839974612
mechanism_01|mechanism_03|mechanism_05|mechanism_07|mechanism_08|mechanism_09|mechanism_11|mechanism_12,0.27788039415064275
mechanism_01|mechanism_03|mechanism_05|mechanism_07|mechanism_08|mechanism_10|mechanism_11|mechanism_12,0.295254302001909
mechanism_01|mechanism_03|mechanism_05|mechanism_07|mechanism_09|mechanism_10|mechanism_11|mechanism_12,0.3100255188723876
mechanism_01|mechanism_03|mechanism_05|mechanism_08|mechanism_09|mechanism_10|mechanism_11|mechanism_12,0.2829247145070275
mechanism_01|mechanism_03|mechanism_06|mechanism_07|mechanism_08|mechanism_09|mechanism_10|mechanism_11,0.3554884462937054
mechanism_01|mechanism_03|mechanism_06|mechanism_07|mechanism_08|mechanism_09|mechanism_10|mechanism_12,0.3407396115486146
mechanism_01|mechanism_03|mechanism_06|mechanism_07|mechanism_08|mechanism_09|mechanism_11|mechanism_12,0.3153984996765693
mechanism_01|mechanism_03|mechanism_06|mechanism_07|mechanism_08|mechanism_10|mechanism_11|mechanism_12,0.3164791062636844
mechanism_01|mechanism_03|mechanism_06|mechanism_07|mechanism_09|mechanism_10|mechanism_11|mechanism_12,0.34978145142617295
mechanism_01|mechanism_03|mechanism_06|mechanism_08|mechanism_09|mechanism_10|mechanism_11|mechanism_12,0.3208213008246071
mechanism_01|mechanism_03|mechanism_07|mechanism_08|mechanism_09|mechanism_10|mechanism_11|mechanism_12,0.3036450701761659
mechanism_01|mechanism_04|mechanism_05|mechanism_06|mechanism_07|mechanism_08|mechanism_09|mechanism_10,0.3716838117046338
mechanism_01|mechanism_04|mechanism_05|mechanism_06|mechanism_07|mechanism_08|mechanism_09|mechanism_11,0.3452465393936808
mechanism_01|mechanism_04|mechanism_05|mechanism_06|mechanism_07|mechanism_08|mechanism_09|mechanism_12,0.33070459722255396
mechanism_01|mechanism_04|mechanism_05|mechanism_06|mechanism_07|mechanism_08|mechanism_10|mechanism_11,0.364705150677193
mechanism_01|mechanism_04|mechanism_05|mechanism_06|mechanism_07|mechanism_08|mechanism_10|mechanism_12,0.3612368248511581
mechanism_01|mechanism_04|mechanism_05|mechanism_06|mechanism_07|mechanism_08|mechanism_11|mechanism_12,0.3418636849519819
mechanism_01|mechanism_04|mechanism_05|mechanism_06|mechanism_07|mechanism_09|mechanism_10|mechanism_11,0.3532006074420144
mechanism_01|mechanism_04|mechanism_05|mechanism_06|mechanism_07|mechanism_09|mechanism_10|mechanism_12,0.3384968407970476
mechanism_01|mechanism_04|mechanism_05|mechanism_06|mechanism_07|mechanism_09|mechanism_11|mechanism_12,0.33070459722255396
mechanism_01|mechanism_04|mechanism_05|mechanism_06|mechanism_07|mechanism_10|mechanism_11|mechanism_12,0.349781451426173
mechanism_01|mechanism_04|mechanism_05|mechanism_06|mechanism_08|mechanism_09|mechanism_10|mechanism_11,0.3509194757554267
mechanism_01|mechanism_04|mechanism_05|mechanism_06|mechanism_08|mechanism_09|mechanism_10|mechanism_12,0.33626130259564735
mechanism_01|mechanism_04|mechanism_05|mechanism_06|mechanism_08|mechanism_09|mechanism_11|mechanism_12,0.3262929005454786
mechanism_01|mechanism_04|mechanism_05|mechanism_06|mechanism_08|mechanism_10|mechanism_11|mechanism_12,0.32959884019113145
mechanism_01|mechanism_04|mechanism_05|mechanism_06|mechanism_09|mechanism_10|mechanism_11|mechanism_12,0.31864626621097447
mechanism_01|mechanism_04|mechanism_05|mechanism_07|mechanism_08|mechanism_09|mechanism_10|mechanism_11,0.3554884462937054
mechanism_01|mechanism_04|mechanism_05|mechanism_07|mechanism_08|mechanism_09|mechanism_10|mechanism_12,0.3407396115486146
mechanism_01|mechanism_04|mechanism_05|mechanism_07|mechanism_08|mechanism_09|mechanism_11|mechanism_12,0.31539849967656924
mechanism_01|mechanism_04|mechanism_05|mechanism_07|mechanism_08|mechanism_10|mechanism_11|mechanism_12,0.3340330732481797
mechanism_01|mechanism_04|mechanism_05|mechanism_07|mechanism_09|mechanism_10|mechanism_11|mechanism_12,0.323004143761477
mechanism_01|mechanism_04|mechanism_05|mechanism_08|mechanism_09|mechanism_10|mechanism_11|mechanism_12,0.320821300824607
mechanism_01|mechanism_04|mechanism_06|mechanism_07|mechanism_08|mechanism_09|mechanism_10|mechanism_11,0.37168381170463377
mechanism_01|mechanism_04|mechanism_06|mechanism_07|mechanism_08|mechanism_09|mechanism_10|mechanism_12,0.35663485430559827
mechanism_01|mechanism_04|mechanism_06|mechanism_07|mechanism_08|mechanism_09|mechanism_11|mechanism_12,0.3307045972225539
mechanism_01|mechanism_04|mechanism_06|mechanism_07|mechanism_08|mechanism_10|mechanism_11|mechanism_12,0.3318122278318339
mechanism_01|mechanism_04|mechanism_06|mechanism_07|mechanism_09|mechanism_10|mechanism_11|mechanism_12,0.3384968407970476
mechanism_01|mechanism_04|mechanism_06|mechanism_08|mechanism_09|mechanism_10|mechanism_11|mechanism_12,0.3362613025956473
mechanism_01|mechanism_04|mechanism_07|mechanism_08|mechanism_09|mechanism_10|mechanism_11|mechanism_12,0.31864626621097447
mechanism_01|mechanism_05|mechanism_06|mechanism_07|mechanism_08|mechanism_09|mechanism_10|mechanism_11,0.34637766910049594
mechanism_01|mechanism_05|mechanism_06|mechanism_07|mechanism_08|mechanism_09|mechanism_10|mechanism_12,0.3318122278318339
mechanism_01|mechanism_05|mechanism_06|mechanism_07|mechanism_08|mechanism_09|mechanism_11|mechanism_12,0.3068260506740499
mechanism_01|mechanism_05|mechanism_06|mechanism_07|mechanism_08|mechanism_10|mechanism_11|mechanism_12,0.3251947274176865
mechanism_01|mechanism_05|mechanism_06|mechanism_07|mechanism_09|mechanism_10|mechanism_11|mechanism_12,0.31431988606174616
mechanism_01|mechanism_05|mechanism_06|mechanism_08|mechanism_09|mechanism_10|mechanism_11|mechanism_12,0.31216866941715965
mechanism_01|mechanism_05|mechanism_07|mechanism_08|mechanism_09|mechanism_10|mechanism_11|mechanism_12,0.295254302001909
mechanism_01|mechanism_06|mechanism_07|mechanism_08|mechanism_09|mechanism_10|mechanism_11|mechanism_12,0.3340330732481797
mechanism_02|mechanism_03|mechanism_04|mechanism_05|mechanism_06|mechanism_07|mechanism_08|mechanism_09,0.3429895373265012
mechanism_02|mechanism_03|mechanism_04|mechanism_05|mechanism_06|mechanism_07|mechanism_08|mechanism_10,0.37402214223339625
mechanism_02|mechanism_03|mechanism_04|mechanism_05|mechanism_06|mechanism_07|mechanism_08|mechanism_11,0.3543436937742046
mechanism_02|mechanism_03|mechanism_04|mechanism_05|mechanism_06|mechanism_07|mechanism_08|mechanism_12,0.3509194757554267
mechanism_02|mechanism_03|mechanism_04|mechanism_05|mechanism_06|mechanism_07|mechanism_09|mechanism_10,0.37871640480893215
mechanism_02|mechanism_03|mechanism_04|mechanism_05|mechanism_06|mechanism_07|mechanism_09|mechanism_11,0.3705168880326052
mechanism_02|mechanism_03|mechanism_04|mechanism_05|mechanism_06|mechanism_07|mechanism_09|mechanism_12,0.35548844629370546
mechanism_02|mechanism_03|mechanism_04|mechanism_05|mechanism_06|mechanism_07|mechanism_10|mechanism_11,0.39055021637167486
mechanism_02|mechanism_03|mechanism_04|mechanism_05|mechanism_06|mechanism_07|mechanism_10|mechanism_12,0.38698582386066455
mechanism_02|mechanism_03|mechanism_04|mechanism_05|mechanism_06|mechanism_07|mechanism_11|mechanism_12,0.36702522331953935
mechanism_02|mechanism_03|mechanism_04|mechanism_05|mechanism_06|mechanism_08|mechanism_09|mechanism_10,0.3486451353339458
mechanism_02|mechanism_03|mechanism_04|mechanism_05|mechanism_06|mechanism_08|mechanism_09|mechanism_11,0.3384968407970476
mechanism_02|mechanism_03|mechanism_04|mechanism_05|mechanism_06|mechanism_08|mechanism_09|mechanism_12,0.32409847227405936
mechanism_02|mechanism_03|mechanism_04|mechanism_05|mechanism_06|mechanism_08|mechanism_10|mechanism_11,0.3418636849519819
mechanism_02|mechanism_03|mechanism_04|mechanism_05|mechanism_06|mechanism_08|mechanism_10|mechanism_12,0.3384968407970476
mechanism_02|mechanism_03|mechanism_04|mechanism_05|mechanism_06|mechanism_08|mechanism_11|mechanism_12,0.33514626959402644
mechanism_02|mechanism_03|mechanism_04|mechanism_05|mechanism_06|mechanism_09|mechanism_10|mechanism_11,0.3577829070425624
mechanism_02|mechanism_03|mechanism_04|mechanism_05|mechanism_06|mechanism_09|mechanism_10|mechanism_12,0.34298953732650117
mechanism_02|mechanism_03|mechanism_04|mechanism_05|mechanism_06|mechanism_09|mechanism_11|mechanism_12,0.3509194757554267
mechanism_02|mechanism_03|mechanism_04|mechanism_05|mechanism_06|mechanism_10|mechanism_11|mechanism_12,0.35434369377420455
mechanism_02|mechanism_03|mechanism_04|mechanism_05|mechanism_07|mechanism_08|mechanism_09|mechanism_10,0.3834334954786808
mechanism_02|mechanism_03|mechanism_04|mechanism_05|mechanism_07|mechanism_08|mechanism_09|mechanism_11,0.35663485430559827
mechanism_02|mechanism_03|mechanism_04|mechanism_05|mechanism_07|mechanism_08|mechanism_09|mechanism_12,0.3418636849519819
mechanism_02|mechanism_03|mechanism_04|mechanism_05|mechanism_07|mechanism_08|mechanism_10|mechanism_11,0.376366371701774
mechanism_02|mechanism_03|mechanism_04|mechanism_05|mechanism_07|mechanism_08|mechanism_10|mechanism_12,0.3728522336868044
mechanism_02|mechanism_03|mechanism_04|mechanism_05|mechanism_07|mechanism_08|mechanism_11|mechanism_12,0.3532006074420144
mechanism_02|mechanism_03|mechanism_04|mechanism_05|mechanism_07|mechanism_09|mechanism_10|mechanism_11,0.39293301192829644
mechanism_02|mechanism_03|mechanism_04|mechanism_05|mechanism_07|mechanism_09|mechanism_10|mechanism_12,0.3775406687981454
mechanism_02|mechanism_03|mechanism_04|mechanism_05|mechanism_07|mechanism_09|mechanism_11|mechanism_12,0.36935147434892557
mechanism_02|mechanism_03|mechanism_04|mechanism_05|mechanism_07|mechanism_10|mechanism_11|mechanism_12,0.389360766050778
mechanism_02|mechanism_03|mechanism_04|mechanism_05|mechanism_08|mechanism_09|mechanism_10|mechanism_11,0.36239134737807494
mechanism_02|mechanism_03|mechanism_04|mechanism_05|mechanism_08|mechanism_09|mechanism_10|mechanism_12,0.34751053780725555
mechanism_02|mechanism_03|mechanism_04|mechanism_05|mechanism_08|mechanism_09|mechanism_11|mechanism_12,0.3373781628299175
mechanism_02|mechanism_03|mechanism_04|mechanism_05|mechanism_08|mechanism_10|mechanism_11|mechanism_12,0.3407396115486146
mechanism_02|mechanism_03|mechanism_04|mechanism_05|mechanism_09|mechanism_10|mechanism_11|mechanism_12,0.35663485430559827
mechanism_02|mechanism_03|mechanism_04|mechanism_06|mechanism_07|mechanism_08|mechanism_09|mechanism_10,0.36935147434892557
mechanism_02|mechanism_03|mechanism_04|mechanism_06|mechanism_07|mechanism_08|mechanism_09|mechanism_11,0.34298953732650117
mechanism_02|mechanism_03|mechanism_04|mechanism_06|mechanism_07|mechanism_08|mechanism_09|mechanism_12,0.3284949657745942
mechanism_02|mechanism_03|mechanism_04|mechanism_06|mechanism_07|mechanism_08|mechanism_10|mechanism_11,0.34411715879218635
mechanism_02|mechanism_03|mechanism_04|mechanism_06|mechanism_07|mechanism_08|mechanism_10|mechanism_12,0.34073961154861454
mechanism_02|mechanism_03|mechanism_04|mechanism_06|mechanism_07|mechanism_08|mechanism_11|mechanism_12,0.32191175044837256
mechanism_02|mechanism_03|mechanism_04|mechanism_06|mechanism_07|mechanism_09|mechanism_10|mechanism_11,0.3787164048089322
mechanism_02|mechanism_03|mechanism_04|mechanism_06|mechanism_07|mechanism_09|mechanism_10|mechanism_12,0.36354745971843366
mechanism_02|mechanism_03|mechanism_04|mechanism_06|mechanism_07|mechanism_09|mechanism_11|mechanism_12,0.3554884462937054
mechanism_02|mechanism_03|mechanism_04|mechanism_06|mechanism_07|mechanism_10|mechanism_11|mechanism_12,0.35663485430559827
mechanism_02|mechanism_03|mechanism_04|mechanism_06|mechanism_08|mechanism_09|mechanism_10|mechanism_11,0.34864513533394575
mechanism_02|mechanism_03|mechanism_04|mechanism_06|mechanism_08|mechanism_09|mechanism_10|mechanism_12,0.33403307324817977
mechanism_02|mechanism_03|mechanism_04|mechanism_06|mechanism_08|mechanism_09|mechanism_11|mechanism_12,0.3240984722740593
mechanism_02|mechanism_03|mechanism_04|mechanism_06|mechanism_08|mechanism_10|mechanism_11|mechanism_12,0.3100255188723876
mechanism_02|mechanism_03|mechanism_04|mechanism_06|mechanism_09|mechanism_10|mechanism_11|mechanism_12,0.3429895373265012
mechanism_02|mechanism_03|mechanism_04|mechanism_07|mechanism_08|mechanism_09|mechanism_10|mechanism_11,0.36008390326226586
mechanism_02|mechanism_03|mechanism_04|mechanism_07|mechanism_08|mechanism_09|mechanism_10|mechanism_12,0.34524653939368083
mechanism_02|mechanism_03|mechanism_04|mechanism_07|mechanism_08|mechanism_09|mechanism_11|mechanism_12,0.31973280330135156
mechanism_02|mechanism_03|mechanism_04|mechanism_07|mechanism_08|mechanism_10|mechanism_11|mechanism_12,0.3208213008246071
mechanism_02|mechanism_03|mechanism_04|mechanism_07|mechanism_09|mechanism_10|mechanism_11|mechanism_12,0.3543436937742046
mechanism_02|mechanism_03|mechanism_04|mechanism_08|mechanism_09|mechanism_10|mechanism_11|mechanism_12,0.3251947274176865
mechanism_02|mechanism_03|mechanism_05|mechanism_06|mechanism_07|mechanism_08|mechanism_09|mechanism_10,0.34411715879218635
mechanism_02|mechanism_03|mechanism_05|mechanism_06|mechanism_07|mechanism_08|mechanism_09|mechanism_11,0.31864626621097447
mechanism_02|mechanism_03|mechanism_05|mechanism_06|mechanism_07|mechanism_08|mechanism_09|mechanism_12,0.3047033306524346
mechanism_02|mechanism_03|mechanism_05|mechanism_06|mechanism_07|mechanism_08|mechanism_10|mechanism_11,0.3373781628299175
mechanism_02|mechanism_03|mechanism_05|mechanism_06|mechanism_07|mechanism_08|mechanism_10|mechanism_12,0.33403307324817977
mechanism_02|mechanism_03|mechanism_05|mechanism_06|mechanism_07|mechanism_08|mechanism_11|mechanism_12,0.3153984996765693
mechanism_02|mechanism_03|mechanism_05|mechanism_06|mechanism_07|mechanism_09|mechanism_10|mechanism_11,0.35320060744201437
mechanism_02|mechanism_03|mechanism_05|mechanism_06|mechanism_07|mechanism_09|mechanism_10|mechanism_12,0.3384968407970476
mechanism_02|mechanism_03|mechanism_05|mechanism_06|mechanism_07|mechanism_09|mechanism_11|mechanism_12,0.33070459722255396
mechanism_02|mechanism_03|mechanism_05|mechanism_06|mechanism_07|mechanism_10|mechanism_11|mechanism_12,0.34978145142617295
mechanism_02|mechanism_03|mechanism_05|mechanism_06|mechanism_08|mechanism_09|mechanism_10|mechanism_11,0.3240984722740593
mechanism_02|mechanism_03|mechanism_05|mechanism_06|mechanism_08|mechanism_09|mechanism_10|mechanism_12,0.31002551887238755
mechanism_02|mechanism_03|mechanism_05|mechanism_06|mechanism_08|mechanism_09|mechanism_11|mechanism_12,0.30048277233757253
mechanism_02|mechanism_03|mechanism_05|mechanism_06|mechanism_08|mechanism_10|mechanism_11|mechanism_12,0.3036450701761659
mechanism_02|mechanism_03|mechanism_05|mechanism_06|mechanism_09|mechanism_10|mechanism_11|mechanism_12,0.31864626621097447
mechanism_02|mechanism_03|mechanism_05|mechanism_07|mechanism_08|mechanism_09|mechanism_10|mechanism_11,0.3351462695940264
mechanism_02|mechanism_03|mechanism_05|mechanism_07|mechanism_08|mechanism_09|mechanism_10|mechanism_12,0.3208213008246071
mechanism_02|mechanism_03|mechanism_05|mechanism_07|mechanism_08|mechanism_09|mechanism_11|mechanism_12,0.29629576200022933
mechanism_02|mechanism_03|mechanism_05|mechanism_07|mechanism_08|mechanism_10|mechanism_11|mechanism_12,0.31431988606174616
mechanism_02|mechanism_03|mechanism_05|mechanism_07|mechanism_09|mechanism_10|mechanism_11|mechanism_12,0.3295988401911314
mechanism_02|mechanism_03|mechanism_05|mechanism_08|mechanism_09|mechanism_10|mechanism_11|mechanism_12,0.30153478399746125
mechanism_02|mechanism_03|mechanism_06|mechanism_07|mechanism_08|mechanism_09|mechanism_10|mechanism_11,0.34637766910049594
mechanism_02|mechanism_03|mechanism_06|mechanism_07|mechanism_08|mechanism_09|mechanism_10|mechanism_12,0.3318122278318339
mechanism_02|mechanism_03|mechanism_06|mechanism_07|mechanism_08|mechanism_09|mechanism_11|mechanism_12,0.3068260506740499
mechanism_02|mechanism_03|mechanism_06|mechanism_07|mechanism_08|mechanism_10|mechanism_11|mechanism_12,0.30789049569821186
mechanism_02|mechanism_03|mechanism_06|mechanism_07|mechanism_09|mechanism_10|mechanism_11|mechanism_12,0.3407396115486146
mechanism_02|mechanism_03|mechanism_06|mechanism_08|mechanism_09|mechanism_10|mechanism_11|mechanism_12,0.3121686694171596
mechanism_02|mechanism_03|mechanism_07|mechanism_08|mechanism_09|mechanism_10|mechanism_11|mechanism_12,0.323004143761477
mechanism_02|mechanism_04|mechanism_05|mechanism_06|mechanism_07|mechanism_08|mechanism_09|mechanism_10,0.3262929005454786
mechanism_02|mechanism_04|mechanism_05|mechanism_06|mechanism_07|mechanism_08|mechanism_09|mechanism_11,0.30153478399746125
mechanism_02|mechanism_04|mechanism_05|mechanism_06|mechanism_07|mechanism_08|mechanism_09|mechanism_12,0.2880240805872065
mechanism_02|mechanism_04|mechanism_05|mechanism_06|mechanism_07|mechanism_08|mechanism_10|mechanism_11,0.31973280330135156
mechanism_02|mechanism_04|mechanism_05|mechanism_06|mechanism_07|mechanism_08|mechanism_10|mechanism_12,0.3164791062636844
mechanism_02|mechanism_04|mechanism_05|mechanism_06|mechanism_07|mechanism_08|mechanism_11|mechanism_12,0.29838504638459934
mechanism_02|mechanism_04|mechanism_05|mechanism_06|mechanism_07|mechanism_09|mechanism_10|mechanism_11,0.30895698758427714
mechanism_02|mechanism_04|mechanism_05|mechanism_06|mechanism_07|mechanism_09|mechanism_10|mechanism_12,0.295254302001909
mechanism_02|mechanism_04|mechanism_05|mechanism_06|mechanism_07|mechanism_09|mechanism_11|mechanism_12,0.28802408058720647
mechanism_02|mechanism_04|mechanism_05|mechanism_06|mechanism_07|mechanism_10|mechanism_11|mechanism_12,0.3057636598919695
mechanism_02|mechanism_04|mechanism_05|mechanism_06|mechanism_08|mechanism_09|mechanism_10|mechanism_11,0.30682605067404983
mechanism_02|mechanism_04|mechanism_05|mechanism_06|mechanism_08|mechanism_09|mechanism_10|mechanism_12,0.29317777890643243
mechanism_02|mechanism_04|mechanism_05|mechanism_06|mechanism_08|mechanism_09|mechanism_11|mechanism_12,0.2839402061842902
mechanism_02|mechanism_04|mechanism_05|mechanism_06|mechanism_08|mechanism_10|mechanism_11|mechanism_12,0.2869998372477183
mechanism_02|mechanism_04|mechanism_05|mechanism_06|mechanism_09|mechanism_10|mechanism_11|mechanism_12,0.27687819487561016
mechanism_02|mechanism_04|mechanism_05|mechanism_07|mechanism_08|mechanism_09|mechanism_10|mechanism_11,0.3396173269207839
mechanism_02|mechanism_04|mechanism_05|mechanism_07|mechanism_08|mechanism_09|mechanism_10|mechanism_12,0.3251947274176865
mechanism_02|mechanism_04|mechanism_05|mechanism_07|mechanism_08|mechanism_09|mechanism_11|mechanism_12,0.30048277233757253
mechanism_02|mechanism_04|mechanism_05|mechanism_07|mechanism_08|mechanism_10|mechanism_11|mechanism_12,0.31864626621097447
mechanism_02|mechanism_04|mechanism_05|mechanism_07|mechanism_09|mechanism_10|mechanism_11|mechanism_12,0.30789049569821186
mechanism_02|mechanism_04|mechanism_05|mechanism_08|mechanism_09|mechanism_10|mechanism_11|mechanism_12,0.3057636598919695
mechanism_02|mechanism_04|mechanism_06|mechanism_07|mechanism_08|mechanism_09|mechanism_10|mechanism_11,0.3262929005454786
mechanism_02|mechanism_04|mechanism_06|mechanism_07|mechanism_08|mechanism_09|mechanism_10|mechanism_12,0.31216866941715965
mechanism_02|mechanism_04|mechanism_06|mechanism_07|mechanism_08|mechanism_09|mechanism_11|mechanism_12,0.2880240805872065
mechanism_02|mechanism_04|mechanism_06|mechanism_07|mechanism_08|mechanism_10|mechanism_11|mechanism_12,0.28905049737499605
mechanism_02|mechanism_04|mechanism_06|mechanism_07|mechanism_09|mechanism_10|mechanism_11|mechanism_12,0.295254302001909
mechanism_02|mechanism_04|mechanism_06|mechanism_08|mechanism_09|mechanism_10|mechanism_11|mechanism_12,0.2931777789064325
mechanism_02|mechanism_04|mechanism_07|mechanism_08|mechanism_09|mechanism_10|mechanism_11|mechanism_12,0.3036450701761659
mechanism_02|mechanism_05|mechanism_06|mechanism_07|mechanism_08|mechanism_09|mechanism_10|mechanism_11,0.30258888560411773
mechanism_02|mechanism_05|mechanism_06|mechanism_07|mechanism_08|mechanism_09|mechanism_10|mechanism_12,0.289050497374996
mechanism_02|mechanism_05|mechanism_06|mechanism_07|mechanism_08|mechanism_09|mechanism_11|mechanism_12,0.26600248347843036
mechanism_02|mechanism_05|mechanism_06|mechanism_07|mechanism_08|mechanism_10|mechanism_11|mechanism_12,0.2829247145070275
mechanism_02|mechanism_05|mechanism_06|mechanism_07|mechanism_09|mechanism_10|mechanism_11|mechanism_12,0.2728917836588705
mechanism_02|mechanism_05|mechanism_06|mechanism_08|mechanism_09|mechanism_10|mechanism_11|mechanism_12,0.2709120776506935
mechanism_02|mechanism_05|mechanism_07|mechanism_08|mechanism_09|mechanism_10|mechanism_11|mechanism_12,0.2809003425836161
mechanism_02|mechanism_06|mechanism_07|mechanism_08|mechanism_09|mechanism_10|mechanism_11|mechanism_12,0.2911098274338801
mechanism_03|mechanism_04|mechanism_05|mechanism_06|mechanism_07|mechanism_08|mechanism_09|mechanism_10,0.2900790816655468
mechanism_03|mechanism_04|mechanism_05|mechanism_06|mechanism_07|mechanism_08|mechanism_09|mechanism_11,0.26697985076114245
mechanism_03|mechanism_04|mechanism_05|mechanism_06|mechanism_07|mechanism_08|mechanism_09|mechanism_12,0.25445338587359734
mechanism_03|mechanism_04|mechanism_05|mechanism_06|mechanism_07|mechanism_08|mechanism_10|mechanism_11,0.2839402061842902
mechanism_03|mechanism_04|mechanism_05|mechanism_06|mechanism_07|mechanism_08|mechanism_10|mechanism_12,0.2809003425836161
mechanism_03|mechanism_04|mechanism_05|mechanism_06|mechanism_07|mechanism_08|mechanism_11|mechanism_12,0.2640546060728515
mechanism_03|mechanism_04|mechanism_05|mechanism_06|mechanism_07|mechanism_09|mechanism_10|mechanism_11,0.29838504638459934
mechanism_03|mechanism_04|mechanism_05|mechanism_06|mechanism_07|mechanism_09|mechanism_10|mechanism_12,0.28495789429901025
mechanism_03|mechanism_04|mechanism_05|mechanism_06|mechanism_07|mechanism_09|mechanism_11|mechanism_12,0.27788039415064275
mechanism_03|mechanism_04|mechanism_05|mechanism_06|mechanism_07|mechanism_10|mechanism_11|mechanism_12,0.295254302001909
mechanism_03|mechanism_04|mechanism_05|mechanism_06|mechanism_08|mechanism_09|mechanism_10|mechanism_11,0.27190080173375075
mechanism_03|mechanism_04|mechanism_05|mechanism_06|mechanism_08|mechanism_09|mechanism_10|mechanism_12,0.259225100817846
mechanism_03|mechanism_04|mechanism_05|mechanism_06|mechanism_08|mechanism_09|mechanism_11|mechanism_12,0.2506779155948202
mechanism_03|mechanism_04|mechanism_05|mechanism_06|mechanism_08|mechanism_10|mechanism_11|mechanism_12,0.25350601666233785
mechanism_03|mechanism_04|mechanism_05|mechanism_06|mechanism_09|mechanism_10|mechanism_11|mechanism_12,0.26697985076114245
mechanism_03|mechanism_04|mechanism_05|mechanism_07|mechanism_08|mechanism_09|mechanism_10|mechanism_11,0.30258888560411773
mechanism_03|mechanism_04|mechanism_05|mechanism_07|mechanism_08|mechanism_09|mechanism_10|mechanism_12,0.289050497374996
mechanism_03|mechanism_04|mechanism_05|mechanism_07|mechanism_08|mechanism_09|mechanism_11|mechanism_12,0.26600248347843036
mechanism_03|mechanism_04|mechanism_05|mechanism_07|mechanism_08|mechanism_10|mechanism_11|mechanism_12,0.2829247145070275
mechanism_03|mechanism_04|mechanism_05|mechanism_07|mechanism_09|mechanism_10|mechanism_11|mechanism_12,0.2973393456552686
mechanism_03|mechanism_04|mechanism_05|mechanism_08|mechanism_09|mechanism_10|mechanism_11|mechanism_12,0.27091207765069353
mechanism_03|mechanism_04|mechanism_06|mechanism_07|mechanism_08|mechanism_09|mechanism_10|mechanism_11,0.2900790816655468
mechanism_03|mechanism_04|mechanism_06|mechanism_07|mechanism_08|mechanism_09|mechanism_10|mechanism_12,0.2768781948756102
mechanism_03|mechanism_04|mechanism_06|mechanism_07|mechanism_08|mechanism_09|mechanism_11|mechanism_12,0.25445338587359734
mechanism_03|mechanism_04|mechanism_06|mechanism_07|mechanism_08|mechanism_10|mechanism_11|mechanism_12,0.25540308417252405
mechanism_03|mechanism_04|mechanism_06|mechanism_07|mechanism_09|mechanism_10|mechanism_11|mechanism_12,0.28495789429901025
mechanism_03|mechanism_04|mechanism_06|mechanism_08|mechanism_09|mechanism_10|mechanism_11|mechanism_12,0.259225100817846
mechanism_03|mechanism_04|mechanism_07|mechanism_08|mechanism_09|mechanism_10|mechanism_11|mechanism_12,0.2689414213699951
mechanism_03|mechanism_05|mechanism_06|mechanism_07|mechanism_08|mechanism_09|mechanism_10|mechanism_11,0.2679594981583682
mechanism_03|mechanism_05|mechanism_06|mechanism_07|mechanism_08|mechanism_09|mechanism_10|mechanism_12,0.25540308417252405
mechanism_03|mechanism_05|mechanism_06|mechanism_07|mechanism_08|mechanism_09|mechanism_11|mechanism_12,0.23415437418020293
mechanism_03|mechanism_05|mechanism_06|mechanism_07|mechanism_08|mechanism_10|mechanism_11|mechanism_12,0.24973989440488245
mechanism_03|mechanism_05|mechanism_06|mechanism_07|mechanism_09|mechanism_10|mechanism_11|mechanism_12,0.2630841041665798
mechanism_03|mechanism_05|mechanism_06|mechanism_08|mechanism_09|mechanism_10|mechanism_11|mechanism_12,0.23866728515708963
mechanism_03|mechanism_05|mechanism_07|mechanism_08|mechanism_09|mechanism_10|mechanism_11|mechanism_12,0.24787088856042985
mechanism_03|mechanism_06|mechanism_07|mechanism_08|mechanism_09|mechanism_10|mechanism_11|mechanism_12,0.25730945469731425
mechanism_04|mechanism_05|mechanism_06|mechanism_07|mechanism_08|mechanism_09|mechanism_10|mechanism_11,0.2839402061842902
mechanism_04|mechanism_05|mechanism_06|mechanism_07|mechanism_08|mechanism_09|mechanism_10|mechanism_12,0.27091207765069353
mechanism_04|mechanism_05|mechanism_06|mechanism_07|mechanism_08|mechanism_09|mechanism_11|mechanism_12,0.24880421776913866
mechanism_04|mechanism_05|mechanism_06|mechanism_07|mechanism_08|mechanism_10|mechanism_11|mechanism_12,0.2650274005334812
mechanism_04|mechanism_05|mechanism_06|mechanism_07|mechanism_09|mechanism_10|mechanism_11|mechanism_12,0.25540308417252405
mechanism_04|mechanism_05|mechanism_06|mechanism_08|mechanism_09|mechanism_10|mechanism_11|mechanism_12,0.25350601666233785
mechanism_04|mechanism_05|mechanism_07|mechanism_08|mechanism_09|mechanism_10|mechanism_11|mechanism_12,0.2829247145070275
mechanism_04|mechanism_06|mechanism_07|mechanism_08|mechanism_09|mechanism_10|mechanism_11|mechanism_12,0.27091207765069353
mechanism_05|mechanism_06|mechanism_07|mechanism_08|mechanism_09|mechanism_10|mechanism_11|mechanism_12,0.24973989440488245
mechanism_01|mechanism_02|mechanism_03|mechanism_04|mechanism_05|mechanism_06|mechanism_07|mechanism_08|mechanism_09,0.4476920904256748
mechanism_01|mechanism_02|mechanism_03|mechanism_04|mechanism_05|mechanism_06|mechanism_07|mechanism_08|mechanism_10,0.4812587841214649
mechanism_01|mechanism_02|mechanism_03|mechanism_04|mechanism_05|mechanism_06|mechanism_07|mechanism_08|mechanism_11,0.46008511544443426
mechanism_01|mechanism_02|mechanism_03|mechanism_04|mechanism_05|mechanism_06|mechanism_07|mechanism_08|mechanism_12,0.4563613127629212
mechanism_01|mechanism_02|mechanism_03|mechanism_04|mechanism_05|mechanism_06|mechanism_07|mechanism_09|mechanism_10,0.4862534650976451
mechanism_01|mechanism_02|mechanism_03|mechanism_04|mechanism_05|mechanism_06|mechanism_07|mechanism_09|mechanism_11,0.4775151752081999
mechanism_01|mechanism_02|mechanism_03|mechanism_04|mechanism_05|mechanism_06|mechanism_07|mechanism_09|mechanism_12,0.46132739479349205
mechanism_01|mechanism_02|mechanism_03|mechanism_04|mechanism_05|mechanism_06|mechanism_07|mechanism_10|mechanism_11,0.49875000260416025
mechanism_01|mechanism_02|mechanism_03|mechanism_04|mechanism_05|mechanism_06|mechanism_07|mechanism_10|mechanism_12,0.4950001666600004
mechanism_01|mechanism_02|mechanism_03|mechanism_04|mechanism_05|mechanism_06|mechanism_07|mechanism_11|mechanism_12,0.4737740906279313
mechanism_01|mechanism_02|mechanism_03|mechanism_04|mechanism_05|mechanism_06|mechanism_08|mechanism_09|mechanism_10,0.4538814589542204
mechanism_01|mechanism_02|mechanism_03|mechanism_04|mechanism_05|mechanism_06|mechanism_08|mechanism_09|mechanism_11,0.4427521454014445
mechanism_01|mechanism_02|mechanism_03|mechanism_04|mechanism_05|mechanism_06|mechanism_08|mechanism_09|mechanism_12,0.42678022732016513
mechanism_01|mechanism_02|mechanism_03|mechanism_04|mechanism_05|mechanism_06|mechanism_08|mechanism_10|mechanism_11,0.4464560968488817
mechanism_01|mechanism_02|mechanism_03|mechanism_04|mechanism_05|mechanism_06|mechanism_08|mechanism_10|mechanism_12,0.4427521454014445
mechanism_01|mechanism_02|mechanism_03|mechanism_04|mechanism_05|mechanism_06|mechanism_08|mechanism_11|mechanism_12,0.43905454967528373
mechanism_01|mechanism_02|mechanism_03|mechanism_04|mechanism_05|mechanism_06|mechanism_09|mechanism_10|mechanism_11,0.4638133797682053
mechanism_01|mechanism_02|mechanism_03|mechanism_04|mechanism_05|mechanism_06|mechanism_09|mechanism_10|mechanism_12,0.4476920904256748
mechanism_01|mechanism_02|mechanism_03|mechanism_04|mechanism_05|mechanism_06|mechanism_09|mechanism_11|mechanism_12,0.4563613127629212
mechanism_01|mechanism_02|mechanism_03|mechanism_04|mechanism_05|mechanism_06|mechanism_10|mechanism_11|mechanism_12,0.46008511544443437
mechanism_01|mechanism_02|mechanism_03|mechanism_04|mechanism_05|mechanism_07|mechanism_08|mechanism_09|mechanism_10,0.458843331849772
mechanism_01|mechanism_02|mechanism_03|mechanism_04|mechanism_05|mechanism_07|mechanism_08|mechanism_09|mechanism_11,0.430453776060771
mechanism_01|mechanism_02|mechanism_03|mechanism_04|mechanism_05|mechanism_07|mechanism_08|mechanism_09|mechanism_12,0.4145954308705349
mechanism_01|mechanism_02|mechanism_03|mechanism_04|mechanism_05|mechanism_07|mechanism_08|mechanism_10|mechanism_11,0.4514038914168657
mechanism_01|mechanism_02|mechanism_03|mechanism_04|mechanism_05|mechanism_07|mechanism_08|mechanism_10|mechanism_12,0.4476920904256748
mechanism_01|mechanism_02|mechanism_03|mechanism_04|mechanism_05|mechanism_07|mechanism_08|mechanism_11|mechanism_12,0.42678022732016513
mechanism_01|mechanism_02|mechanism_03|mechanism_04|mechanism_05|mechanism_07|mechanism_09|mechanism_10|mechanism_11,0.46879062662624377
mechanism_01|mechanism_02|mechanism_03|mechanism_04|mechanism_05|mechanism_07|mechanism_09|mechanism_10|mechanism_12,0.45264238185691075
mechanism_01|mechanism_02|mechanism_03|mechanism_04|mechanism_05|mechanism_07|mechanism_09|mechanism_11|mechanism_12,0.44398610945538003
mechanism_01|mechanism_02|mechanism_03|mechanism_04|mechanism_05|mechanism_07|mechanism_10|mechanism_11|mechanism_12,0.4650570548417856
mechanism_01|mechanism_02|mechanism_03|mechanism_04|mechanism_05|mechanism_08|mechanism_09|mechanism_10|mechanism_11,0.4365932137378064
mechanism_01|mechanism_02|mechanism_03|mechanism_04|mechanism_05|mechanism_08|mechanism_09|mechanism_10|mechanism_12,0.42067574785125056
mechanism_01|mechanism_02|mechanism_03|mechanism_04|mechanism_05|mechanism_08|mechanism_09|mechanism_11|mechanism_12,0.40974974806981657
mechanism_01|mechanism_02|mechanism_03|mechanism_04|mechanism_05|mechanism_08|mechanism_10|mechanism_11|mechanism_12,0.41338242108267
mechanism_01|mechanism_02|mechanism_03|mechanism_04|mechanism_05|mechanism_09|mechanism_10|mechanism_11|mechanism_12,0.43045377606077095
mechanism_01|mechanism_02|mechanism_03|mechanism_04|mechanism_06|mechanism_07|mechanism_08|mechanism_09|mechanism_10,0.4762678458734389
mechanism_01|mechanism_02|mechanism_03|mechanism_04|mechanism_06|mechanism_07|mechanism_08|mechanism_09|mechanism_11,0.4476920904256748
mechanism_01|mechanism_02|mechanism_03|mechanism_04|mechanism_06|mechanism_07|mechanism_08|mechanism_09|mechanism_12,0.4316800165217519
mechanism_01|mechanism_02|mechanism_03|mechanism_04|mechanism_06|mechanism_07|mechanism_08|mechanism_10|mechanism_11,0.448928730692658
mechanism_01|mechanism_02|mechanism_03|mechanism_04|mechanism_06|mechanism_07|mechanism_08|mechanism_10|mechanism_12,0.44522076489278534
mechanism_01|mechanism_02|mechanism_03|mechanism_04|mechanism_06|mechanism_07|mechanism_08|mechanism_11|mechanism_12,0.42433564895745063
mechanism_01|mechanism_02|mechanism_03|mechanism_04|mechanism_06|mechanism_07|mechanism_09|mechanism_10|mechanism_11,0.486253465097645
mechanism_01|mechanism_02|mechanism_03|mechanism_04|mechanism_06|mechanism_07|mechanism_09|mechanism_10|mechanism_12,0.4700359482354282
mechanism_01|mechanism_02|mechanism_03|mechanism_04|mechanism_06|mechanism_07|mechanism_09|mechanism_11|mechanism_12,0.4613273947934921
mechanism_01|mechanism_02|mechanism_03|mechanism_04|mechanism_06|mechanism_07|mechanism_10|mechanism_11|mechanism_12,0.46257015465625045
mechanism_01|mechanism_02|mechanism_03|mechanism_04|mechanism_06|mechanism_08|mechanism_09|mechanism_10|mechanism_11,0.4538814589542204
mechanism_01|mechanism_02|mechanism_03|mechanism_04|mechanism_06|mechanism_08|mechanism_09|mechanism_10|mechanism_12,0.43782349911420193
mechanism_01|mechanism_02|mechanism_03|mechanism_04|mechanism_06|mechanism_08|mechanism_09|mechanism_11|mechanism_12,0.4267802273201652
mechanism_01|mechanism_02|mechanism_03|mechanism_04|mechanism_06|mechanism_08|mechanism_10|mechanism_11|mechanism_12,0.41095956594133487
mechanism_01|mechanism_02|mechanism_03|mechanism_04|mechanism_06|mechanism_09|mechanism_10|mechanism_11|mechanism_12,0.4476920904256748
mechanism_01|mechanism_02|mechanism_03|mechanism_04|mechanism_07|mechanism_08|mechanism_09|mechanism_10|mechanism_11,0.4341349971045183
mechanism_01|mechanism_02|mechanism_03|mechanism_04|mechanism_07|mechanism_08|mechanism_09|mechanism_10|mechanism_12,0.4182406231581638
mechanism_01|mechanism_02|mechanism_03|mechanism_04|mechanism_07|mechanism_08|mechanism_09|mechanism_11|mechanism_12,0.39055021637167486
mechanism_01|mechanism_02|mechanism_03|mechanism_04|mechanism_07|mechanism_08|mechanism_10|mechanism_11|mechanism_12,0.3917409692534856
mechanism_01|mechanism_02|mechanism_03|mechanism_04|mechanism_07|mechanism_09|mechanism_10|mechanism_11|mechanism_12,0.42800386706848137
mechanism_01|mechanism_02|mechanism_03|mechanism_04|mechanism_08|mechanism_09|mechanism_10|mechanism_11|mechanism_12,0.3965167501352737
mechanism_01|mechanism_02|mechanism_03|mechanism_05|mechanism_06|mechanism_07|mechanism_08|mechanism_09|mechanism_10,0.448928730692658
mechanism_01|mechanism_02|mechanism_03|mechanism_05|mechanism_06|mechanism_07|mechanism_08|mechanism_09|mechanism_11,0.42067574785125056
mechanism_01|mechanism_02|mechanism_03|mechanism_05|mechanism_06|mechanism_07|mechanism_08|mechanism_09|mechanism_12,0.40492152613386595
mechanism_01|mechanism_02|mechanism_03|mechanism_05|mechanism_06|mechanism_07|mechanism_08|mechanism_10|mechanism_11,0.44151888756183866
mechanism_01|mechanism_02|mechanism_03|mechanism_05|mechanism_06|mechanism_07|mechanism_08|mechanism_10|mechanism_12,0.43782349911420193
mechanism_01|mechanism_02|mechanism_03|mechanism_05|mechanism_06|mechanism_07|mechanism_08|mechanism_11|mechanism_12,0.41702454579880055
mechanism_01|mechanism_02|mechanism_03|mechanism_05|mechanism_06|mechanism_07|mechanism_09|mechanism_10|mechanism_11,0.458843331849772
mechanism_01|mechanism_02|mechanism_03|mechanism_05|mechanism_06|mechanism_07|mechanism_09|mechanism_10|mechanism_12,0.44275214540144436
mechanism_01|mechanism_02|mechanism_03|mechanism_05|mechanism_06|mechanism_07|mechanism_09|mechanism_11|mechanism_12,0.4341349971045183
mechanism_01|mechanism_02|mechanism_03|mechanism_05|mechanism_06|mechanism_07|mechanism_10|mechanism_11|mechanism_12,0.45512110762641994
mechanism_01|mechanism_02|mechanism_03|mechanism_05|mechanism_06|mechanism_08|mechanism_09|mechanism_10|mechanism_11,0.4267802273201652
mechanism_01|mechanism_02|mechanism_03|mechanism_05|mechanism_06|mechanism_08|mechanism_09|mechanism_10|mechanism_12,0.41095956594133487
mechanism_01|mechanism_02|mechanism_03|mechanism_05|mechanism_06|mechanism_08|mechanism_09|mechanism_11|mechanism_12,0.40011163113600173
mechanism_01|mechanism_02|mechanism_03|mechanism_05|mechanism_06|mechanism_08|mechanism_10|mechanism_11|mechanism_12,0.40371730070321216
mechanism_01|mechanism_02|mechanism_03|mechanism_05|mechanism_06|mechanism_09|mechanism_10|mechanism_11|mechanism_12,0.42067574785125056
mechanism_01|mechanism_02|mechanism_03|mechanism_05|mechanism_07|mechanism_08|mechanism_09|mechanism_10|mechanism_11,0.4073334000459303
mechanism_01|mechanism_02|mechanism_03|mechanism_05|mechanism_07|mechanism_08|mechanism_09|mechanism_10|mechanism_12,0.3917409692534856
mechanism_01|mechanism_02|mechanism_03|mechanism_05|mechanism_07|mechanism_08|mechanism_09|mechanism_11|mechanism_12,0.364705150677193
mechanism_01|mechanism_02|mechanism_03|mechanism_05|mechanism_07|mechanism_08|mechanism_10|mechanism_11|mechanism_12,0.38461624360881785
mechanism_01|mechanism_02|mechanism_03|mechanism_05|mechanism_07|mechanism_09|mechanism_10|mechanism_11|mechanism_12,0.401312339887548
mechanism_01|mechanism_02|mechanism_03|mechanism_05|mechanism_08|mechanism_09|mechanism_10|mechanism_11|mechanism_12,0.3705168880326052
mechanism_01|mechanism_02|mechanism_03|mechanism_06|mechanism_07|mechanism_08|mechanism_09|mechanism_10|mechanism_11,0.4514038914168657
mechanism_01|mechanism_02|mechanism_03|mechanism_06|mechanism_07|mechanism_08|mechanism_09|mechanism_10|mechanism_12,0.4353637081969708
mechanism_01|mechanism_02|mechanism_03|mechanism_06|mechanism_07|mechanism_08|mechanism_09|mechanism_11|mechanism_12,0.40733340004593027
mechanism_01|mechanism_02|mechanism_03|mechanism_06|mechanism_07|mechanism_08|mechanism_10|mechanism_11|mechanism_12,0.40854102156721994
mechanism_01|mechanism_02|mechanism_03|mechanism_06|mechanism_07|mechanism_09|mechanism_10|mechanism_11|mechanism_12,0.44522076489278534
mechanism_01|mechanism_02|mechanism_03|mechanism_06|mechanism_08|mechanism_09|mechanism_10|mechanism_11|mechanism_12,0.41338242108267
mechanism_01|mechanism_02|mechanism_03|mechanism_07|mechanism_08|mechanism_09|mechanism_10|mechanism_11|mechanism_12,0.3941263315682394
mechanism_01|mechanism_02|mechanism_04|mechanism_05|mechanism_06|mechanism_07|mechanism_08|mechanism_09|mechanism_10,0.39532091528599067
mechanism_01|mechanism_02|mechanism_04|mechanism_05|mechanism_06|mechanism_07|mechanism_08|mechanism_09|mechanism_11,0.36818758226389836
mechanism_01|mechanism_02|mechanism_04|mechanism_05|mechanism_06|mechanism_07|mechanism_08|mechanism_09|mechanism_12,0.3532006074420144
mechanism_01|mechanism_02|mechanism_04|mechanism_05|mechanism_06|mechanism_07|mechanism_08|mechanism_10|mechanism_11,0.3881726309982629
mechanism_01|mechanism_02|mechanism_04|mechanism_05|mechanism_06|mechanism_07|mechanism_08|mechanism_10|mechanism_12,0.38461624360881785
mechanism_01|mechanism_02|mechanism_04|mechanism_05|mechanism_06|mechanism_07|mechanism_08|mechanism_11|mechanism_12,0.364705150677193
mechanism_01|mechanism_02|mechanism_04|mechanism_05|mechanism_06|mechanism_07|mechanism_09|mechanism_10|mechanism_11,0.376366371701774
mechanism_01|mechanism_02|mechanism_04|mechanism_05|mechanism_06|mechanism_07|mechanism_09|mechanism_10|mechanism_12,0.36123682485115804
mechanism_01|mechanism_02|mechanism_04|mechanism_05|mechanism_06|mechanism_07|mechanism_09|mechanism_11|mechanism_12,0.3532006074420144
mechanism_01|mechanism_02|mechanism_04|mechanism_05|mechanism_06|mechanism_07|mechanism_10|mechanism_11|mechanism_12,0.3728522336868044
mechanism_01|mechanism_02|mechanism_04|mechanism_05|mechanism_06|mechanism_08|mechanism_09|mechanism_10|mechanism_11,0.37402214223339625
mechanism_01|mechanism_02|mechanism_04|mechanism_05|mechanism_06|mechanism_08|mechanism_09|mechanism_10|mechanism_12,0.35893259366518293
mechanism_01|mechanism_02|mechanism_04|mechanism_05|mechanism_06|mechanism_08|mechanism_09|mechanism_11|mechanism_12,0.34864513533394575
mechanism_01|mechanism_02|mechanism_04|mechanism_05|mechanism_06|mechanism_08|mechanism_10|mechanism_11|mechanism_12,0.35205919791934986
mechanism_01|mechanism_02|mechanism_04|mechanism_05|mechanism_06|mechanism_09|mechanism_10|mechanism_11|mechanism_12,0.3407396115486146
mechanism_01|mechanism_02|mechanism_04|mechanism_05|mechanism_07|mechanism_08|mechanism_09|mechanism_10|mechanism_11,0.37871640480893215
mechanism_01|mechanism_02|mechanism_04|mechanism_05|mechanism_07|mechanism_08|mechanism_09|mechanism_10|mechanism_12,0.3635474597184337
mechanism_01|mechanism_02|mechanism_04|mechanism_05|mechanism_07|mechanism_08|mechanism_09|mechanism_11|mechanism_12,0.3373781628299175
mechanism_01|mechanism_02|mechanism_04|mechanism_05|mechanism_07|mechanism_08|mechanism_10|mechanism_11|mechanism_12,0.35663485430559827
mechanism_01|mechanism_02|mechanism_04|mechanism_05|mechanism_07|mechanism_09|mechanism_10|mechanism_11|mechanism_12,0.34524653939368083
mechanism_01|mechanism_02|mechanism_04|mechanism_05|mechanism_08|mechanism_09|mechanism_10|mechanism_11|mechanism_12,0.3429895373265012
mechanism_01|mechanism_02|mechanism_04|mechanism_06|mechanism_07|mechanism_08|mechanism_09|mechanism_10|mechanism_11,0.39532091528599067
mechanism_01|mechanism_02|mechanism_04|mechanism_06|mechanism_07|mechanism_08|mechanism_09|mechanism_10|mechanism_12,0.3798935676569099
mechanism_01|mechanism_02|mechanism_04|mechanism_06|mechanism_07|mechanism_08|mechanism_09|mechanism_11|mechanism_12,0.35320060744201437
mechanism_01|mechanism_02|mechanism_04|mechanism_06|mechanism_07|mechanism_08|mechanism_10|mechanism_11|mechanism_12,0.3543436937742046
mechanism_01|mechanism_02|mechanism_04|mechanism_06|mechanism_07|mechanism_09|mechanism_10|mechanism_11|mechanism_12,0.3612368248511581
mechanism_01|mechanism_02|mechanism_04|mechanism_06|mechanism_08|mechanism_09|mechanism_10|mechanism_11|mechanism_12,0.35893259366518293
mechanism_01|mechanism_02|mechanism_04|mechanism_07|mechanism_08|mechanism_09|mechanism_10|mechanism_11|mechanism_12,0.3407396115486146
mechanism_01|mechanism_02|mechanism_05|mechanism_06|mechanism_07|mechanism_08|mechanism_09|mechanism_10|mechanism_11,0.36935147434892557
mechanism_01|mechanism_02|mechanism_05|mechanism_06|mechanism_07|mechanism_08|mechanism_09|mechanism_10|mechanism_12,0.3543436937742046
mechanism_01|mechanism_02|mechanism_05|mechanism_06|mechanism_07|mechanism_08|mechanism_09|mechanism_11|mechanism_12,0.3284949657745942
mechanism_01|mechanism_02|mechanism_05|mechanism_06|mechanism_07|mechanism_08|mechanism_10|mechanism_11|mechanism_12,0.34751053780725555
mechanism_01|mechanism_02|mechanism_05|mechanism_06|mechanism_07|mechanism_09|mechanism_10|mechanism_11|mechanism_12,0.3362613025956473
mechanism_01|mechanism_02|mechanism_05|mechanism_06|mechanism_08|mechanism_09|mechanism_10|mechanism_11|mechanism_12,0.3340330732481797
mechanism_01|mechanism_02|mechanism_05|mechanism_07|mechanism_08|mechanism_09|mechanism_10|mechanism_11|mechanism_12,0.31647910626368436
mechanism_01|mechanism_02|mechanism_06|mechanism_07|mechanism_08|mechanism_09|mechanism_10|mechanism_11|mechanism_12,0.35663485430559827
mechanism_01|mechanism_03|mechanism_04|mechanism_05|mechanism_06|mechanism_07|mechanism_08|mechanism_09|mechanism_10,0.40011163113600173
mechanism_01|mechanism_03|mechanism_04|mechanism_05|mechanism_06|mechanism_07|mechanism_08|mechanism_09|mechanism_11,0.3728522336868044
mechanism_01|mechanism_03|mechanism_04|mechanism_05|mechanism_06|mechanism_07|mechanism_08|mechanism_09|mechanism_12,0.3577829070425624
mechanism_01|mechanism_03|mechanism_04|mechanism_05|mechanism_06|mechanism_07|mechanism_08|mechanism_10|mechanism_11,0.39293301192829644
mechanism_01|mechanism_03|mechanism_04|mechanism_05|mechanism_06|mechanism_07|mechanism_08|mechanism_10|mechanism_12,0.389360766050778
mechanism_01|mechanism_03|mechanism_04|mechanism_05|mechanism_06|mechanism_07|mechanism_08|mechanism_11|mechanism_12,0.36935147434892557
mechanism_01|mechanism_03|mechanism_04|mechanism_05|mechanism_06|mechanism_07|mechanism_09|mechanism_10|mechanism_11,0.4097497480698166
mechanism_01|mechanism_03|mechanism_04|mechanism_05|mechanism_06|mechanism_07|mechanism_09|mechanism_10|mechanism_12,0.39412633156823945
mechanism_01|mechanism_03|mechanism_04|mechanism_05|mechanism_06|mechanism_07|mechanism_09|mechanism_11|mechanism_12,0.38580035722310485
mechanism_01|mechanism_03|mechanism_04|mechanism_05|mechanism_06|mechanism_07|mechanism_10|mechanism_11|mechanism_12,0.4061268970658573
mechanism_01|mechanism_03|mechanism_04|mechanism_05|mechanism_06|mechanism_08|mechanism_09|mechanism_10|mechanism_11,0.37871640480893215
mechanism_01|mechanism_03|mechanism_04|mechanism_05|mechanism_06|mechanism_08|mechanism_09|mechanism_10|mechanism_12,0.3635474597184337
mechanism_01|mechanism_03|mechanism_04|mechanism_05|mechanism_06|mechanism_08|mechanism_09|mechanism_11|mechanism_12,0.35320060744201437
mechanism_01|mechanism_03|mechanism_04|mechanism_05|mechanism_06|mechanism_08|mechanism_10|mechanism_11|mechanism_12,0.35663485430559827
mechanism_01|mechanism_03|mechanism_04|mechanism_05|mechanism_06|mechanism_09|mechanism_10|mechanism_11|mechanism_12,0.3728522336868044
mechanism_01|mechanism_03|mechanism_04|mechanism_05|mechanism_07|mechanism_08|mechanism_09|mechanism_10|mechanism_11,0.3834334954786807
mechanism_01|mechanism_03|mechanism_04|mechanism_05|mechanism_07|mechanism_08|mechanism_09|mechanism_10|mechanism_12,0.36818758226389836
mechanism_01|mechanism_03|mechanism_04|mechanism_05|mechanism_07|mechanism_08|mechanism_09|mechanism_11|mechanism_12,0.3418636849519819
mechanism_01|mechanism_03|mechanism_04|mechanism_05|mechanism_07|mechanism_08|mechanism_10|mechanism_11|mechanism_12,0.3612368248511581
mechanism_01|mechanism_03|mechanism_04|mechanism_05|mechanism_07|mechanism_09|mechanism_10|mechanism_11|mechanism_12,0.3775406687981454
mechanism_01|mechanism_03|mechanism_04|mechanism_05|mechanism_08|mechanism_09|mechanism_10|mechanism_11|mechanism_12,0.34751053780725555
mechanism_01|mechanism_03|mechanism_04|mechanism_06|mechanism_07|mechanism_08|mechanism_09|mechanism_10|mechanism_11,0.40011163113600173
mechanism_01|mechanism_03|mechanism_04|mechanism_06|mechanism_07|mechanism_08|mechanism_09|mechanism_10|mechanism_12,0.38461624360881785
mechanism_01|mechanism_03|mechanism_04|mechanism_06|mechanism_07|mechanism_08|mechanism_09|mechanism_11|mechanism_12,0.3577829070425624
mechanism_01|mechanism_03|mechanism_04|mechanism_06|mechanism_07|mechanism_08|mechanism_10|mechanism_11|mechanism_12,0.35893259366518293
mechanism_01|mechanism_03|mechanism_04|mechanism_06|mechanism_07|mechanism_09|mechanism_10|mechanism_11|mechanism_12,0.3941263315682394
mechanism_01|mechanism_03|mechanism_04|mechanism_06|mechanism_08|mechanism_09|mechanism_10|mechanism_11|mechanism_12,0.36354745971843366
mechanism_01|mechanism_03|mechanism_04|mechanism_07|mechanism_08|mechanism_09|mechanism_10|mechanism_11|mechanism_12,0.3452465393936808
mechanism_01|mechanism_03|mechanism_05|mechanism_06|mechanism_07|mechanism_08|mechanism_09|mechanism_10|mechanism_11,0.37402214223339625
mechanism_01|mechanism_03|mechanism_05|mechanism_06|mechanism_07|mechanism_08|mechanism_09|mechanism_10|mechanism_12,0.35893259366518293
mechanism_01|mechanism_03|mechanism_05|mechanism_06|mechanism_07|mechanism_08|mechanism_09|mechanism_11|mechanism_12,0.3329217229043748
mechanism_01|mechanism_03|mechanism_05|mechanism_06|mechanism_07|mechanism_08|mechanism_10|mechanism_11|mechanism_12,0.3520591979193498
mechanism_01|mechanism_03|mechanism_05|mechanism_06|mechanism_07|mechanism_09|mechanism_10|mechanism_11|mechanism_12,0.36818758226389836
mechanism_01|mechanism_03|mechanism_05|mechanism_06|mechanism_08|mechanism_09|mechanism_10|mechanism_11|mechanism_12,0.33849684079704756
mechanism_01|mechanism_03|mechanism_05|mechanism_07|mechanism_08|mechanism_09|mechanism_10|mechanism_11|mechanism_12,0.320821300824607
mechanism_01|mechanism_03|mechanism_06|mechanism_07|mechanism_08|mechanism_09|mechanism_10|mechanism_11|mechanism_12,0.36123682485115804
mechanism_01|mechanism_04|mechanism_05|mechanism_06|mechanism_07|mechanism_08|mechanism_09|mechanism_10|mechanism_11,0.39293301192829644
mechanism_01|mechanism_04|mechanism_05|mechanism_06|mechanism_07|mechanism_08|mechanism_09|mechanism_10|mechanism_12,0.3775406687981454
mechanism_01|mechanism_04|mechanism_05|mechanism_06|mechanism_07|mechanism_08|mechanism_09|mechanism_11|mechanism_12,0.3509194757554267
mechanism_01|mechanism_04|mechanism_05|mechanism_06|mechanism_07|mechanism_08|mechanism_10|mechanism_11|mechanism_12,0.3705168880326052
mechanism_01|mechanism_04|mechanism_05|mechanism_06|mechanism_07|mechanism_09|mechanism_10|mechanism_11|mechanism_12,0.35893259366518293
mechanism_01|mechanism_04|mechanism_05|mechanism_06|mechanism_08|mechanism_09|mechanism_10|mechanism_11|mechanism_12,0.35663485430559827
mechanism_01|mechanism_04|mechanism_05|mechanism_07|mechanism_08|mechanism_09|mechanism_10|mechanism_11|mechanism_12,0.3612368248511581
mechanism_01|mechanism_04|mechanism_06|mechanism_07|mechanism_08|mechanism_09|mechanism_10|mechanism_11|mechanism_12,0.3775406687981454
mechanism_01|mechanism_05|mechanism_06|mechanism_07|mechanism_08|mechanism_09|mechanism_10|mechanism_11|mechanism_12,0.3520591979193498
mechanism_02|mechanism_03|mechanism_04|mechanism_05|mechanism_06|mechanism_07|mechanism_08|mechanism_09|mechanism_10,0.3905502163716748
mechanism_02|mechanism_03|mechanism_04|mechanism_05|mechanism_06|mechanism_07|mechanism_08|mechanism_09|mechanism_11,0.3635474597184337
mechanism_02|mechanism_03|mechanism_04|mechanism_05|mechanism_06|mechanism_07|mechanism_08|mechanism_09|mechanism_12,0.34864513533394575
mechanism_02|mechanism_03|mechanism_04|mechanism_05|mechanism_06|mechanism_07|mechanism_08|mechanism_10|mechanism_11,0.38343349547868066
mechanism_02|mechanism_03|mechanism_04|mechanism_05|mechanism_06|mechanism_07|mechanism_08|mechanism_10|mechanism_12,0.3798935676569099
mechanism_02|mechanism_03|mechanism_04|mechanism_05|mechanism_06|mechanism_07|mechanism_08|mechanism_11|mechanism_12,0.36008390326226586
mechanism_02|mechanism_03|mechanism_04|mechanism_05|mechanism_06|mechanism_07|mechanism_09|mechanism_10|mechanism_11,0.40011163113600173
mechanism_02|mechanism_03|mechanism_04|mechanism_05|mechanism_06|mechanism_07|mechanism_09|mechanism_10|mechanism_12,0.38461624360881785
mechanism_02|mechanism_03|mechanism_04|mechanism_05|mechanism_06|mechanism_07|mechanism_09|mechanism_11|mechanism_12,0.37636637170177395
mechanism_02|mechanism_03|mechanism_04|mechanism_05|mechanism_06|mechanism_07|mechanism_10|mechanism_11|mechanism_12,0.3965167501352737
mechanism_02|mechanism_03|mechanism_04|mechanism_05|mechanism_06|mechanism_08|mechanism_09|mechanism_10|mechanism_11,0.36935147434892557
mechanism_02|mechanism_03|mechanism_04|mechanism_05|mechanism_06|mechanism_08|mechanism_09|mechanism_10|mechanism_12,0.3543436937742046
mechanism_02|mechanism_03|mechanism_04|mechanism_05|mechanism_06|mechanism_08|mechanism_09|mechanism_11|mechanism_12,0.3441171587921863
mechanism_02|mechanism_03|mechanism_04|mechanism_05|mechanism_06|mechanism_08|mechanism_10|mechanism_11|mechanism_12,0.34751053780725555
mechanism_02|mechanism_03|mechanism_04|mechanism_05|mechanism_06|mechanism_09|mechanism_10|mechanism_11|mechanism_12,0.36354745971843366
mechanism_02|mechanism_03|mechanism_04|mechanism_05|mechanism_07|mechanism_08|mechanism_09|mechanism_10|mechanism_11,0.40492152613386595
mechanism_02|mechanism_03|mechanism_04|mechanism_05|mechanism_07|mechanism_08|mechanism_09|mechanism_10|mechanism_12,0.389360766050778
mechanism_02|mechanism_03|mechanism_04|mechanism_05|mechanism_07|mechanism_08|mechanism_09|mechanism_11|mechanism_12,0.36239134737807494
mechanism_02|mechanism_03|mechanism_04|mechanism_05|mechanism_07|mechanism_08|mechanism_10|mechanism_11|mechanism_12,0.382252125230751
mechanism_02|mechanism_03|mechanism_04|mechanism_05|mechanism_07|mechanism_09|mechanism_10|mechanism_11|mechanism_12,0.3989121211516302
mechanism_02|mechanism_03|mechanism_04|mechanism_05|mechanism_08|mechanism_09|mechanism_10|mechanism_11|mechanism_12,0.3681875822638983
mechanism_02|mechanism_03|mechanism_04|mechanism_06|mechanism_07|mechanism_08|mechanism_09|mechanism_10|mechanism_11,0.39055021637167486
mechanism_02|mechanism_03|mechanism_04|mechanism_06|mechanism_07|mechanism_08|mechanism_09|mechanism_10|mechanism_12,0.3751935255315707
mechanism_02|mechanism_03|mechanism_04|mechanism_06|mechanism_07|mechanism_08|mechanism_09|mechanism_11|mechanism_12,0.34864513533394575
mechanism_02|mechanism_03|mechanism_04|mechanism_06|mechanism_07|mechanism_08|mechanism_10|mechanism_11|mechanism_12,0.34978145142617295
mechanism_02|mechanism_03|mechanism_04|mechanism_06|mechanism_07|mechanism_09|mechanism_10|mechanism_11|mechanism_12,0.38461624360881785
mechanism_02|mechanism_03|mechanism_04|mechanism_06|mechanism_08|mechanism_09|mechanism_10|mechanism_11|mechanism_12,0.35434369377420455
mechanism_02|mechanism_03|mechanism_04|mechanism_07|mechanism_08|mechanism_09|mechanism_10|mechanism_11|mechanism_12,0.36586440898919936
mechanism_02|mechanism_03|mechanism_05|mechanism_06|mechanism_07|mechanism_08|mechanism_09|mechanism_10|mechanism_11,0.364705150677193
mechanism_02|mechanism_03|mechanism_05|mechanism_06|mechanism_07|mechanism_08|mechanism_09|mechanism_10|mechanism_12,0.34978145142617295
mechanism_02|mechanism_03|mechanism_05|mechanism_06|mechanism_07|mechanism_08|mechanism_09|mechanism_11|mechanism_12,0.3240984722740593
mechanism_02|mechanism_03|mechanism_05|mechanism_06|mechanism_07|mechanism_08|mechanism_10|mechanism_11|mechanism_12,0.34298953732650117
mechanism_02|mechanism_03|mechanism_05|mechanism_06|mechanism_07|mechanism_09|mechanism_10|mechanism_11|mechanism_12,0.35893259366518293
mechanism_02|mechanism_03|mechanism_05|mechanism_06|mechanism_08|mechanism_09|mechanism_10|mechanism_11|mechanism_12,0.32959884019113145
mechanism_02|mechanism_03|mechanism_05|mechanism_07|mechanism_08|mechanism_09|mechanism_10|mechanism_11|mechanism_12,0.3407396115486146
mechanism_02|mechanism_03|mechanism_06|mechanism_07|mechanism_08|mechanism_09|mechanism_10|mechanism_11|mechanism_12,0.3520591979193498
mechanism_02|mechanism_04|mechanism_05|mechanism_06|mechanism_07|mechanism_08|mechanism_09|mechanism_10|mechanism_11,0.346377669100496
mechanism_02|mechanism_04|mechanism_05|mechanism_06|mechanism_07|mechanism_08|mechanism_09|mechanism_10|mechanism_12,0.33181222783183395
mechanism_02|mechanism_04|mechanism_05|mechanism_06|mechanism_07|mechanism_08|mechanism_09|mechanism_11|mechanism_12,0.3068260506740499
mechanism_02|mechanism_04|mechanism_05|mechanism_06|mechanism_07|mechanism_08|mechanism_10|mechanism_11|mechanism_12,0.3251947274176865
mechanism_02|mechanism_04|mechanism_05|mechanism_06|mechanism_07|mechanism_09|mechanism_10|mechanism_11|mechanism_12,0.3143198860617462
mechanism_02|mechanism_04|mechanism_05|mechanism_06|mechanism_08|mechanism_09|mechanism_10|mechanism_11|mechanism_12,0.31216866941715965
mechanism_02|mechanism_04|mechanism_05|mechanism_07|mechanism_08|mechanism_09|mechanism_10|mechanism_11|mechanism_12,0.34524653939368083
mechanism_02|mechanism_04|mechanism_06|mechanism_07|mechanism_08|mechanism_09|mechanism_10|mechanism_11|mechanism_12,0.3318122278318339
mechanism_02|mechanism_05|mechanism_06|mechanism_07|mechanism_08|mechanism_09|mechanism_10|mechanism_11|mechanism_12,0.30789049569821186
mechanism_03|mechanism_04|mechanism_05|mechanism_06|mechanism_07|mechanism_08|mechanism_09|mechanism_10|mechanism_11,0.30895698758427714
mechanism_03|mechanism_04|mechanism_05|mechanism_06|mechanism_07|mechanism_08|mechanism_09|mechanism_10|mechanism_12,0.295254302001909
mechanism_03|mechanism_04|mechanism_05|mechanism_06|mechanism_07|mechanism_08|mechanism_09|mechanism_11|mechanism_12,0.27190080173375075
mechanism_03|mechanism_04|mechanism_05|mechanism_06|mechanism_07|mechanism_08|mechanism_10|mechanism_11|mechanism_12,0.2890504973749961
mechanism_03|mechanism_04|mechanism_05|mechanism_06|mechanism_07|mechanism_09|mechanism_10|mechanism_11|mechanism_12,0.3036450701761659
mechanism_03|mechanism_04|mechanism_05|mechanism_06|mechanism_08|mechanism_09|mechanism_10|mechanism_11|mechanism_12,0.27687819487561016
mechanism_03|mechanism_04|mechanism_05|mechanism_07|mechanism_08|mechanism_09|mechanism_10|mechanism_11|mechanism_12,0.30789049569821186
mechanism_03|mechanism_04|mechanism_06|mechanism_07|mechanism_08|mechanism_09|mechanism_10|mechanism_11|mechanism_12,0.295254302001909
mechanism_03|mechanism_05|mechanism_06|mechanism_07|mechanism_08|mechanism_09|mechanism_10|mechanism_11|mechanism_12,0.2728917836588705
mechanism_04|mechanism_05|mechanism_06|mechanism_07|mechanism_08|mechanism_09|mechanism_10|mechanism_11|mechanism_12,0.2890504973749961
mechanism_01|mechanism_02|mechanism_03|mechanism_04|mechanism_05|mechanism_06|mechanism_07|mechanism_08|mechanism_09|mechanism_10,0.49875000260416025
mechanism_01|mechanism_02|mechanism_03|mechanism_04|mechanism_05|mechanism_06|mechanism_07|mechanism_08|mechanism_09|mechanism_11,0.4700359482354282
mechanism_01|mechanism_02|mechanism_03|mechanism_04|mechanism_05|mechanism_06|mechanism_07|mechanism_08|mechanism_09|mechanism_12,0.4538814589542204
mechanism_01|mechanism_02|mechanism_03|mechanism_04|mechanism_05|mechanism_06|mechanism_07|mechanism_08|mechanism_10|mechanism_11,0.4912508931197597
mechanism_01|mechanism_02|mechanism_03|mechanism_04|mechanism_05|mechanism_06|mechanism_07|mechanism_08|mechanism_10|mechanism_12,0.48750260351578967
mechanism_01|mechanism_02|mechanism_03|mechanism_04|mechanism_05|mechanism_06|mechanism_07|mechanism_08|mechanism_11|mechanism_12,0.46630116456709925
mechanism_01|mechanism_02|mechanism_03|mechanism_04|mechanism_05|mechanism_06|mechanism_07|mechanism_09|mechanism_10|mechanism_11,0.5087491068802404
mechanism_01|mechanism_02|mechanism_03|mechanism_04|mechanism_05|mechanism_06|mechanism_07|mechanism_09|mechanism_10|mechanism_12,0.4925005624493796
mechanism_01|mechanism_02|mechanism_03|mechanism_04|mechanism_05|mechanism_06|mechanism_07|mechanism_09|mechanism_11|mechanism_12,0.48375571893792757
mechanism_01|mechanism_02|mechanism_03|mechanism_04|mechanism_05|mechanism_06|mechanism_07|mechanism_10|mechanism_11|mechanism_12,0.5049998333399998
mechanism_01|mechanism_02|mechanism_03|mechanism_04|mechanism_05|mechanism_06|mechanism_08|mechanism_09|mechanism_10|mechanism_11,0.4762678458734389
mechanism_01|mechanism_02|mechanism_03|mechanism_04|mechanism_05|mechanism_06|mechanism_08|mechanism_09|mechanism_10|mechanism_12,0.46008511544443426
mechanism_01|mechanism_02|mechanism_03|mechanism_04|mechanism_05|mechanism_06|mechanism_08|mechanism_09|mechanism_11|mechanism_12,0.4489287306926581
mechanism_01|mechanism_02|mechanism_03|mechanism_04|mechanism_05|mechanism_06|mechanism_08|mechanism_10|mechanism_11|mechanism_12,0.45264238185691075
mechanism_01|mechanism_02|mechanism_03|mechanism_04|mechanism_05|mechanism_06|mechanism_09|mechanism_10|mechanism_11|mechanism_12,0.4700359482354282
mechanism_01|mechanism_02|mechanism_03|mechanism_04|mechanism_05|mechanism_07|mechanism_08|mechanism_09|mechanism_10|mechanism_11,0.4812587841214648
mechanism_01|mechanism_02|mechanism_03|mechanism_04|mechanism_05|mechanism_07|mechanism_08|mechanism_09|mechanism_10|mechanism_12,0.4650570548417855
mechanism_01|mechanism_02|mechanism_03|mechanism_04|mechanism_05|mechanism_07|mechanism_08|mechanism_09|mechanism_11|mechanism_12,0.4365932137378064
mechanism_01|mechanism_02|mechanism_03|mechanism_04|mechanism_05|mechanism_07|mechanism_08|mechanism_10|mechanism_11|mechanism_12,0.45760205922564906
mechanism_01|mechanism_02|mechanism_03|mechanism_04|mechanism_05|mechanism_07|mechanism_09|mechanism_10|mechanism_11|mechanism_12,0.47502081252106
mechanism_01|mechanism_02|mechanism_03|mechanism_04|mechanism_05|mechanism_08|mechanism_09|mechanism_10|mechanism_11|mechanism_12,0.4427521454014445
mechanism_01|mechanism_02|mechanism_03|mechanism_04|mechanism_06|mechanism_07|mechanism_08|mechanism_09|mechanism_10|mechanism_11,0.49875000260416025
mechanism_01|mechanism_02|mechanism_03|mechanism_04|mechanism_06|mechanism_07|mechanism_08|mechanism_09|mechanism_10|mechanism_12,0.48250714233361036
mechanism_01|mechanism_02|mechanism_03|mechanism_04|mechanism_06|mechanism_07|mechanism_08|mechanism_09|mechanism_11|mechanism_12,0.4538814589542204
mechanism_01|mechanism_02|mechanism_03|mechanism_04|mechanism_06|mechanism_07|mechanism_08|mechanism_10|mechanism_11|mechanism_12,0.45512110762641994
mechanism_01|mechanism_02|mechanism_03|mechanism_04|mechanism_06|mechanism_07|mechanism_09|mechanism_10|mechanism_11|mechanism_12,0.4925005624493796
mechanism_01|mechanism_02|mechanism_03|mechanism_04|mechanism_06|mechanism_08|mechanism_09|mechanism_10|mechanism_11|mechanism_12,0.46008511544443437
mechanism_01|mechanism_02|mechanism_03|mechanism_04|mechanism_07|mechanism_08|mechanism_09|mechanism_10|mechanism_11|mechanism_12,0.44028635073280714
mechanism_01|mechanism_02|mechanism_03|mechanism_05|mechanism_06|mechanism_07|mechanism_08|mechanism_09|mechanism_10|mechanism_11,0.4712816430485603
mechanism_01|mechanism_02|mechanism_03|mechanism_05|mechanism_06|mechanism_07|mechanism_08|mechanism_09|mechanism_10|mechanism_12,0.45512110762641994
mechanism_01|mechanism_02|mechanism_03|mechanism_05|mechanism_06|mechanism_07|mechanism_08|mechanism_09|mechanism_11|mechanism_12,0.42678022732016513
mechanism_01|mechanism_02|mechanism_03|mechanism_05|mechanism_06|mechanism_07|mechanism_08|mechanism_10|mechanism_11|mechanism_12,0.4476920904256748
mechanism_01|mechanism_02|mechanism_03|mechanism_05|mechanism_06|mechanism_07|mechanism_09|mechanism_10|mechanism_11|mechanism_12,0.4650570548417856
mechanism_01|mechanism_02|mechanism_03|mechanism_05|mechanism_06|mechanism_08|mechanism_09|mechanism_10|mechanism_11|mechanism_12,0.4329070950345457
mechanism_01|mechanism_02|mechanism_03|mechanism_05|mechanism_07|mechanism_08|mechanism_09|mechanism_10|mechanism_11|mechanism_12,0.41338242108267
mechanism_01|mechanism_02|mechanism_03|mechanism_06|mechanism_07|mechanism_08|mechanism_09|mechanism_10|mechanism_11|mechanism_12,0.45760205922564895
mechanism_01|mechanism_02|mechanism_04|mechanism_05|mechanism_06|mechanism_07|mechanism_08|mechanism_09|mechanism_10|mechanism_11,0.4170245457988005
mechanism_01|mechanism_02|mechanism_04|mechanism_05|mechanism_06|mechanism_07|mechanism_08|mechanism_09|mechanism_10|mechanism_12,0.401312339887548
mechanism_01|mechanism_02|mechanism_04|mechanism_05|mechanism_06|mechanism_07|mechanism_08|mechanism_09|mechanism_11|mechanism_12,0.37402214223339625
mechanism_01|mechanism_02|mechanism_04|mechanism_05|mechanism_06|mechanism_07|mechanism_08|mechanism_10|mechanism_11|mechanism_12,0.3941263315682394
mechanism_01|mechanism_02|mechanism_04|mechanism_05|mechanism_06|mechanism_07|mechanism_09|mechanism_10|mechanism_11|mechanism_12,0.382252125230751
mechanism_01|mechanism_02|mechanism_04|mechanism_05|mechanism_06|mechanism_08|mechanism_09|mechanism_10|mechanism_11|mechanism_12,0.3798935676569099
mechanism_01|mechanism_02|mechanism_04|mechanism_05|mechanism_07|mechanism_08|mechanism_09|mechanism_10|mechanism_11|mechanism_12,0.38461624360881785
mechanism_01|mechanism_02|mechanism_04|mechanism_06|mechanism_07|mechanism_08|mechanism_09|mechanism_10|mechanism_11|mechanism_12,0.401312339887548
mechanism_01|mechanism_02|mechanism_05|mechanism_06|mechanism_07|mechanism_08|mechanism_09|mechanism_10|mechanism_11|mechanism_12,0.37519352553157076
mechanism_01|mechanism_03|mechanism_04|mechanism_05|mechanism_06|mechanism_07|mechanism_08|mechanism_09|mechanism_10|mechanism_11,0.4218947671156909
mechanism_01|mechanism_03|mechanism_04|mechanism_05|mechanism_06|mechanism_07|mechanism_08|mechanism_09|mechanism_10|mechanism_12,0.4061268970658573
mechanism_01|mechanism_03|mechanism_04|mechanism_05|mechanism_06|mechanism_07|mechanism_08|mechanism_09|mechanism_11|mechanism_12,0.3787164048089322
mechanism_01|mechanism_03|mechanism_04|mechanism_05|mechanism_06|mechanism_07|mechanism_08|mechanism_10|mechanism_11|mechanism_12,0.3989121211516302
mechanism_01|mechanism_03|mechanism_04|mechanism_05|mechanism_06|mechanism_07|mechanism_09|mechanism_10|mechanism_11|mechanism_12,0.4158094770645927
mechanism_01|mechanism_03|mechanism_04|mechanism_05|mechanism_06|mechanism_08|mechanism_09|mechanism_10|mechanism_11|mechanism_12,0.38461624360881785
mechanism_01|mechanism_03|mechanism_04|mechanism_05|mechanism_07|mechanism_08|mechanism_09|mechanism_10|mechanism_11|mechanism_12,0.389360766050778
mechanism_01|mechanism_03|mechanism_04|mechanism_06|mechanism_07|mechanism_08|mechanism_09|mechanism_10|mechanism_11|mechanism_12,0.4061268970658573
mechanism_01|mechanism_03|mechanism_05|mechanism_06|mechanism_07|mechanism_08|mechanism_09|mechanism_10|mechanism_11|mechanism_12,0.3798935676569099
mechanism_01|mechanism_04|mechanism_05|mechanism_06|mechanism_07|mechanism_08|mechanism_09|mechanism_10|mechanism_11|mechanism_12,0.3989121211516302
mechanism_02|mechanism_03|mechanism_04|mechanism_05|mechanism_06|mechanism_07|mechanism_08|mechanism_09|mechanism_10|mechanism_11,0.41217046151748854
mechanism_02|mechanism_03|mechanism_04|mechanism_05|mechanism_06|mechanism_07|mechanism_08|mechanism_09|mechanism_10|mechanism_12,0.3965167501352737
mechanism_02|mechanism_03|mechanism_04|mechanism_05|mechanism_06|mechanism_07|mechanism_08|mechanism_09|mechanism_11|mechanism_12,0.36935147434892557
mechanism_02|mechanism_03|mechanism_04|mechanism_05|mechanism_06|mechanism_07|mechanism_08|mechanism_10|mechanism_11|mechanism_12,0.389360766050778
mechanism_02|mechanism_03|mechanism_04|mechanism_05|mechanism_06|mechanism_07|mechanism_09|mechanism_10|mechanism_11|mechanism_12,0.4061268970658573
mechanism_02|mechanism_03|mechanism_04|mechanism_05|mechanism_06|mechanism_08|mechanism_09|mechanism_10|mechanism_11|mechanism_12,0.37519352553157076
mechanism_02|mechanism_03|mechanism_04|mechanism_05|mechanism_07|mechanism_08|mechanism_09|mechanism_10|mechanism_11|mechanism_12,0.41095956594133487
mechanism_02|mechanism_03|mechanism_04|mechanism_06|mechanism_07|mechanism_08|mechanism_09|mechanism_10|mechanism_11|mechanism_12,0.3965167501352737
mechanism_02|mechanism_03|mechanism_05|mechanism_06|mechanism_07|mechanism_08|mechanism_09|mechanism_10|mechanism_11|mechanism_12,0.3705168880326052
mechanism_02|mechanism_04|mechanism_05|mechanism_06|mechanism_07|mechanism_08|mechanism_09|mechanism_10|mechanism_11|mechanism_12,0.35205919791934975
mechanism_03|mechanism_04|mechanism_05|mechanism_06|mechanism_07|mechanism_08|mechanism_09|mechanism_10|mechanism_11|mechanism_12,0.3143198860617462
mechanism_01|mechanism_02|mechanism_03|mechanism_04|mechanism_05|mechanism_06|mechanism_07|mechanism_08|mechanism_09|mechanism_10|mechanism_11,0.5212372149662741
mechanism_01|mechanism_02|mechanism_03|mechanism_04|mechanism_05|mechanism_06|mechanism_07|mechanism_08|mechanism_09|mechanism_10|mechanism_12,0.5049998333399998
mechanism_01|mechanism_02|mechanism_03|mechanism_04|mechanism_05|mechanism_06|mechanism_07|mechanism_08|mechanism_09|mechanism_11|mechanism_12,0.4762678458734389
mechanism_01|mechanism_02|mechanism_03|mechanism_04|mechanism_05|mechanism_06|mechanism_07|mechanism_08|mechanism_10|mechanism_11|mechanism_12,0.49750002083312506
mechanism_01|mechanism_02|mechanism_03|mechanism_04|mechanism_05|mechanism_06|mechanism_07|mechanism_09|mechanism_10|mechanism_11|mechanism_12,0.51499550161941
mechanism_01|mechanism_02|mechanism_03|mechanism_04|mechanism_05|mechanism_06|mechanism_08|mechanism_09|mechanism_10|mechanism_11|mechanism_12,0.48250714233361025
mechanism_01|mechanism_02|mechanism_03|mechanism_04|mechanism_05|mechanism_07|mechanism_08|mechanism_09|mechanism_10|mechanism_11|mechanism_12,0.4875026035157896
mechanism_01|mechanism_02|mechanism_03|mechanism_04|mechanism_06|mechanism_07|mechanism_08|mechanism_09|mechanism_10|mechanism_11|mechanism_12,0.5049998333399998
mechanism_01|mechanism_02|mechanism_03|mechanism_05|mechanism_06|mechanism_07|mechanism_08|mechanism_09|mechanism_10|mechanism_11|mechanism_12,0.4775151752081999
mechanism_01|mechanism_02|mechanism_04|mechanism_05|mechanism_06|mechanism_07|mechanism_08|mechanism_09|mechanism_10|mechanism_11|mechanism_12,0.42311473886795364
mechanism_01|mechanism_03|mechanism_04|mechanism_05|mechanism_06|mechanism_07|mechanism_08|mechanism_09|mechanism_10|mechanism_11|mechanism_12,0.42800386706848137
mechanism_02|mechanism_03|mechanism_04|mechanism_05|mechanism_06|mechanism_07|mechanism_08|mechanism_09|mechanism_10|mechanism_11|mechanism_12,0.4182406231581638
mechanism_01|mechanism_02|mechanism_03|mechanism_04|mechanism_05|mechanism_06|mechanism_07|mechanism_08|mechanism_09|mechanism_10|mechanism_11|mechanism_12,0.5274723043445938
