permutations,trial,rmse,max_error,top1,unique_coalitions,exact_coalitions,coalition_fraction,hoeffding_radius
4,0,0.008922534704479465,0.02172832219212039,False,46,4096,0.01123046875,1.756955620370352
4,1,0.004538533909946933,0.007842330587822265,True,46,4096,0.01123046875,1.756955620370352
4,2,0.012898102155730859,0.030740839390337206,False,46,4096,0.01123046875,1.756955620370352
4,3,0.006423923538578527,0.016999245736635187,True,46,4096,0.01123046875,1.756955620370352
4,4,0.01319841327488052,0.0374014827399137,False,46,4096,0.01123046875,1.756955620370352
4,5,0.010810134325932794,0.01932378521564675,False,46,4096,0.01123046875,1.756955620370352
4,6,0.008247343191143564,0.02101178916715639,False,46,4096,0.01123046875,1.756955620370352
4,7,0.005521734000219799,0.014293647950976006,True,44,4096,0.0107421875,1.756955620370352
4,8,0.010340107210407117,0.028972816725802736,False,45,4096,0.010986328125,1.756955620370352
4,9,0.016410174850467404,0.03998767751616314,False,44,4096,0.0107421875,1.756955620370352
4,10,0.008604152227880765,0.01948277052494013,False,46,4096,0.01123046875,1.756955620370352
4,11,0.010161983331562251,0.021131468695789454,True,44,4096,0.0107421875,1.756955620370352
4,12,0.009435226898619713,0.01913605356919909,False,46,4096,0.01123046875,1.756955620370352
4,13,0.007825592844561795,0.01705359020813657,True,45,4096,0.010986328125,1.756955620370352
4,14,0.005281063359404757,0.01287228124774431,False,45,4096,0.010986328125,1.756955620370352
4,15,0.005624232961004464,0.014928738880459085,True,44,4096,0.0107421875,1.756955620370352
4,16,0.010002903554828663,0.023037916406502462,False,45,4096,0.010986328125,1.756955620370352
4,17,0.012639610877045314,0.03620035813799134,False,45,4096,0.010986328125,1.756955620370352
4,18,0.010416384501150055,0.02615620365217672,False,44,4096,0.0107421875,1.756955620370352
4,19,0.004116846090463559,0.008216989735520472,True,45,4096,0.010986328125,1.756955620370352
4,20,0.010155789915025366,0.022467210795579513,True,44,4096,0.0107421875,1.756955620370352
4,21,0.006127462546411503,0.014522004528430194,True,45,4096,0.010986328125,1.756955620370352
4,22,0.004044560608066361,0.007325587184889662,True,45,4096,0.010986328125,1.756955620370352
4,23,0.01022173592318148,0.029301391479910857,False,45,4096,0.010986328125,1.756955620370352
4,24,0.008418085060695265,0.01872124117167631,False,45,4096,0.010986328125,1.756955620370352
4,25,0.010495673674899592,0.018613876915591243,False,46,4096,0.01123046875,1.756955620370352
4,26,0.008090245267866116,0.013912454188377884,False,43,4096,0.010498046875,1.756955620370352
4,27,0.005390095433820689,0.010231873465559975,True,45,4096,0.010986328125,1.756955620370352
4,28,0.007964300309956639,0.015472351872255569,False,45,4096,0.010986328125,1.756955620370352
4,29,0.009138159272851727,0.019719807621101842,True,46,4096,0.01123046875,1.756955620370352
4,30,0.007356455356461723,0.019333537827311592,True,46,4096,0.01123046875,1.756955620370352
4,31,0.007827337877647592,0.01617035794166901,False,44,4096,0.0107421875,1.756955620370352
4,32,0.009734721936088379,0.021450843224828015,False,44,4096,0.0107421875,1.756955620370352
4,33,0.008370812135592005,0.0211976146856781,True,46,4096,0.01123046875,1.756955620370352
4,34,0.010349655323582533,0.024959801001288202,True,45,4096,0.010986328125,1.756955620370352
4,35,0.008318423308044883,0.022587790043723383,False,45,4096,0.010986328125,1.756955620370352
4,36,0.007876234862874037,0.017795414090033906,False,43,4096,0.010498046875,1.756955620370352
4,37,0.0069969519310091564,0.01392500128622881,True,41,4096,0.010009765625,1.756955620370352
4,38,0.008131663592717144,0.014229271773352398,False,45,4096,0.010986328125,1.756955620370352
4,39,0.007293802313975939,0.014481068820319486,False,42,4096,0.01025390625,1.756955620370352
4,40,0.006611745722249828,0.014200654540758056,True,46,4096,0.01123046875,1.756955620370352
4,41,0.007800686464027972,0.016119816238302498,True,46,4096,0.01123046875,1.756955620370352
4,42,0.006627027021127752,0.01596288447624596,True,45,4096,0.010986328125,1.756955620370352
4,43,0.008038604796569362,0.018923854974407683,False,45,4096,0.010986328125,1.756955620370352
4,44,0.0076289525051319905,0.01472486591455742,False,43,4096,0.010498046875,1.756955620370352
4,45,0.00727377239415247,0.015633779432881613,True,45,4096,0.010986328125,1.756955620370352
4,46,0.008974998775199522,0.023789791427227203,False,43,4096,0.010498046875,1.756955620370352
4,47,0.008479751209594997,0.023687689494723982,False,45,4096,0.010986328125,1.756955620370352
4,48,0.00824375412024448,0.01394336673807657,False,46,4096,0.01123046875,1.756955620370352
4,49,0.013432011582634979,0.02989449780977091,False,45,4096,0.010986328125,1.756955620370352
4,50,0.009372127196496308,0.022603725743931158,False,45,4096,0.010986328125,1.756955620370352
4,51,0.012804345672895602,0.03113767791058114,False,45,4096,0.010986328125,1.756955620370352
4,52,0.006370422323740754,0.010736102148536465,False,45,4096,0.010986328125,1.756955620370352
4,53,0.007693845250144639,0.01323215464994533,True,46,4096,0.01123046875,1.756955620370352
4,54,0.014458069535246702,0.03324292358064036,False,44,4096,0.0107421875,1.756955620370352
4,55,0.011224727046325954,0.02692611854814396,False,44,4096,0.0107421875,1.756955620370352
4,56,0.004201066744971697,0.01013909765802117,True,46,4096,0.01123046875,1.756955620370352
4,57,0.0119468994601222,0.030675131351504153,True,45,4096,0.010986328125,1.756955620370352
4,58,0.005389444920025837,0.00999122167918231,True,45,4096,0.010986328125,1.756955620370352
4,59,0.002613252455499534,0.00464957284345871,True,44,4096,0.0107421875,1.756955620370352
4,60,0.004974368126039395,0.014173154618267417,True,45,4096,0.010986328125,1.756955620370352
4,61,0.009875229474321236,0.01830149847267233,True,45,4096,0.010986328125,1.756955620370352
4,62,0.008072596624571274,0.014745445690444522,True,44,4096,0.0107421875,1.756955620370352
4,63,0.013646415593901898,0.03686779789057054,False,44,4096,0.0107421875,1.756955620370352
4,64,0.004623276462121284,0.010246093562229518,True,46,4096,0.01123046875,1.756955620370352
4,65,0.011956769782456125,0.028463063874831537,False,45,4096,0.010986328125,1.756955620370352
4,66,0.002829610222943815,0.006806477620249843,True,45,4096,0.010986328125,1.756955620370352
4,67,0.0052331820337933686,0.010336551677386514,True,45,4096,0.010986328125,1.756955620370352
4,68,0.006868853065517717,0.015335606623365566,False,45,4096,0.010986328125,1.756955620370352
4,69,0.006350789400553848,0.011881112532157172,False,46,4096,0.01123046875,1.756955620370352
4,70,0.006373928491796803,0.016460540579675893,True,45,4096,0.010986328125,1.756955620370352
4,71,0.015638550032012807,0.03811635021267405,False,45,4096,0.010986328125,1.756955620370352
4,72,0.010233243239182904,0.025266225718913883,False,44,4096,0.0107421875,1.756955620370352
4,73,0.008553598244356555,0.020999807886485006,True,45,4096,0.010986328125,1.756955620370352
4,74,0.006965062719290158,0.017216141595274445,False,45,4096,0.010986328125,1.756955620370352
4,75,0.011801868059305913,0.028597479591766742,False,45,4096,0.010986328125,1.756955620370352
4,76,0.008424948157069408,0.01569037079088184,False,45,4096,0.010986328125,1.756955620370352
4,77,0.008502144746784401,0.019513776489638292,False,46,4096,0.01123046875,1.756955620370352
4,78,0.0098839910532159,0.02005516018046427,False,46,4096,0.01123046875,1.756955620370352
4,79,0.014816310561480915,0.03690643561714591,False,43,4096,0.010498046875,1.756955620370352
4,80,0.004747673696441394,0.01390366551762863,True,45,4096,0.010986328125,1.756955620370352
4,81,0.011143415284241577,0.02147891234138366,True,44,4096,0.0107421875,1.756955620370352
4,82,0.007435696883049665,0.015045012770406326,False,46,4096,0.01123046875,1.756955620370352
4,83,0.01020381140476612,0.02406327938467591,False,43,4096,0.010498046875,1.756955620370352
4,84,0.00758855124962927,0.01957823151436404,False,46,4096,0.01123046875,1.756955620370352
4,85,0.004581643471893903,0.010358480117710463,True,46,4096,0.01123046875,1.756955620370352
4,86,0.012414490139500578,0.03103914095138606,True,43,4096,0.010498046875,1.756955620370352
4,87,0.010123336992780318,0.02444791491066107,False,44,4096,0.0107421875,1.756955620370352
4,88,0.008368965314000236,0.019581929125658787,False,45,4096,0.010986328125,1.756955620370352
4,89,0.019255986252781382,0.05038267130967551,False,45,4096,0.010986328125,1.756955620370352
4,90,0.005535852682919343,0.010647477384755827,True,46,4096,0.01123046875,1.756955620370352
4,91,0.00553387240557131,0.012224767701384108,False,45,4096,0.010986328125,1.756955620370352
4,92,0.007590960057637065,0.013476479835348068,True,46,4096,0.01123046875,1.756955620370352
4,93,0.008440346592981178,0.023630310150795614,False,46,4096,0.01123046875,1.756955620370352
4,94,0.010324972776135515,0.028688334598489698,False,44,4096,0.0107421875,1.756955620370352
4,95,0.00870914974810938,0.015616185749195252,True,43,4096,0.010498046875,1.756955620370352
4,96,0.006760597109775719,0.011477171498703892,False,44,4096,0.0107421875,1.756955620370352
4,97,0.00938341228044739,0.018637472972081258,False,44,4096,0.0107421875,1.756955620370352
4,98,0.005740417241856995,0.012506621514056987,False,43,4096,0.010498046875,1.756955620370352
4,99,0.005090330510769786,0.009890854469180789,True,44,4096,0.0107421875,1.756955620370352
4,100,0.010130973584734934,0.023793087785332,False,45,4096,0.010986328125,1.756955620370352
4,101,0.007738947543434681,0.01444890705373185,True,44,4096,0.0107421875,1.756955620370352
4,102,0.01278086623180368,0.02640593548637439,False,45,4096,0.010986328125,1.756955620370352
4,103,0.010664912702565867,0.02376208664662466,False,45,4096,0.010986328125,1.756955620370352
4,104,0.008315882824701947,0.019703190397251907,False,46,4096,0.01123046875,1.756955620370352
4,105,0.013084016528172392,0.032378243118669936,False,41,4096,0.010009765625,1.756955620370352
4,106,0.00979936630098623,0.0236816012574739,False,45,4096,0.010986328125,1.756955620370352
4,107,0.01062824773607094,0.022446608719277547,False,43,4096,0.010498046875,1.756955620370352
4,108,0.004900588708855679,0.012955750690821152,True,45,4096,0.010986328125,1.756955620370352
4,109,0.009085164892893658,0.01960966016127262,True,44,4096,0.0107421875,1.756955620370352
4,110,0.015459231649353517,0.03735846872703355,False,45,4096,0.010986328125,1.756955620370352
4,111,0.007059525214178885,0.013405243790866932,False,46,4096,0.01123046875,1.756955620370352
4,112,0.007898004321521719,0.018878468139460036,True,46,4096,0.01123046875,1.756955620370352
4,113,0.007335662443266503,0.011170340591649591,True,46,4096,0.01123046875,1.756955620370352
4,114,0.004645254976995525,0.011822978636843298,True,46,4096,0.01123046875,1.756955620370352
4,115,0.007459911511490666,0.01621543598211192,False,46,4096,0.01123046875,1.756955620370352
4,116,0.006262240826210405,0.014057884397635348,False,45,4096,0.010986328125,1.756955620370352
4,117,0.004097920792613007,0.00859609502609461,False,46,4096,0.01123046875,1.756955620370352
4,118,0.004681894334603561,0.008882203924046119,True,46,4096,0.01123046875,1.756955620370352
4,119,0.012750437248708404,0.02320967304983418,False,45,4096,0.010986328125,1.756955620370352
4,120,0.005673437794445045,0.010056621651668332,True,45,4096,0.010986328125,1.756955620370352
4,121,0.005876112898929649,0.011352469136127072,True,45,4096,0.010986328125,1.756955620370352
4,122,0.008299845738884157,0.020070559175125062,False,45,4096,0.010986328125,1.756955620370352
4,123,0.006544661214347524,0.014053527059957355,True,44,4096,0.0107421875,1.756955620370352
4,124,0.007881452969091051,0.015328482382159073,False,44,4096,0.0107421875,1.756955620370352
4,125,0.004504043863333969,0.01010478445229012,True,45,4096,0.010986328125,1.756955620370352
4,126,0.012839208526990156,0.03348687098984328,False,43,4096,0.010498046875,1.756955620370352
4,127,0.017797783642555333,0.04615055346147355,False,44,4096,0.0107421875,1.756955620370352
4,128,0.004576999706385974,0.01059753781829978,True,46,4096,0.01123046875,1.756955620370352
4,129,0.0072320450250144466,0.014811599371126818,True,44,4096,0.0107421875,1.756955620370352
4,130,0.0103911564533584,0.02573857036052008,True,46,4096,0.01123046875,1.756955620370352
4,131,0.010283935374935,0.0279490086473157,False,44,4096,0.0107421875,1.756955620370352
4,132,0.007095994922957142,0.014872885333846286,True,45,4096,0.010986328125,1.756955620370352
4,133,0.00403479851595522,0.009385841306301206,True,46,4096,0.01123046875,1.756955620370352
4,134,0.010678184524334167,0.02448326862819737,True,43,4096,0.010498046875,1.756955620370352
4,135,0.010936410140078132,0.02569470629545685,True,46,4096,0.01123046875,1.756955620370352
4,136,0.01000653807762051,0.017695830342498352,True,46,4096,0.01123046875,1.756955620370352
4,137,0.0035322534453315394,0.006959034584215554,False,46,4096,0.01123046875,1.756955620370352
4,138,0.00885205049272419,0.020261812652429587,True,45,4096,0.010986328125,1.756955620370352
4,139,0.005942153321207429,0.016158450440771924,True,44,4096,0.0107421875,1.756955620370352
4,140,0.002862708966451695,0.006352467083139635,True,45,4096,0.010986328125,1.756955620370352
4,141,0.0075335828874454345,0.01769017535521393,True,45,4096,0.010986328125,1.756955620370352
4,142,0.013787902474142069,0.03189797567915143,False,46,4096,0.01123046875,1.756955620370352
4,143,0.0030745421095469626,0.006196483720305294,True,46,4096,0.01123046875,1.756955620370352
4,144,0.005787134524781376,0.010243676150628388,True,46,4096,0.01123046875,1.756955620370352
4,145,0.009118043102295104,0.01945714089434101,True,46,4096,0.01123046875,1.756955620370352
4,146,0.006572350597835846,0.01467410836684159,True,46,4096,0.01123046875,1.756955620370352
4,147,0.014132683039698547,0.0305061072773743,True,45,4096,0.010986328125,1.756955620370352
4,148,0.007928833818592957,0.02049314682773193,False,46,4096,0.01123046875,1.756955620370352
4,149,0.014321794027190703,0.03408296608518621,False,46,4096,0.01123046875,1.756955620370352
4,150,0.006252007548595467,0.014252866493854988,False,46,4096,0.01123046875,1.756955620370352
4,151,0.005559468278828588,0.010266580737453686,True,46,4096,0.01123046875,1.756955620370352
4,152,0.010633358734393143,0.02478568874379397,True,46,4096,0.01123046875,1.756955620370352
4,153,0.007925472895612571,0.018501236339573998,False,45,4096,0.010986328125,1.756955620370352
4,154,0.006002648383348722,0.012466504828617872,True,45,4096,0.010986328125,1.756955620370352
4,155,0.007223419854300291,0.014421730711629104,True,46,4096,0.01123046875,1.756955620370352
4,156,0.008824576424068533,0.016062263313974243,True,43,4096,0.010498046875,1.756955620370352
4,157,0.00435052477154516,0.010672646000148042,True,45,4096,0.010986328125,1.756955620370352
4,158,0.007361527142508714,0.019646049632939838,True,44,4096,0.0107421875,1.756955620370352
4,159,0.01302665482100339,0.03242125224104184,False,42,4096,0.01025390625,1.756955620370352
4,160,0.012277688077514287,0.022322814126311822,False,43,4096,0.010498046875,1.756955620370352
4,161,0.014466129392507621,0.03586747214637987,False,45,4096,0.010986328125,1.756955620370352
4,162,0.01235429152130332,0.030797419827777422,True,45,4096,0.010986328125,1.756955620370352
4,163,0.007876839469781361,0.016400693690655777,False,45,4096,0.010986328125,1.756955620370352
4,164,0.012518662438960826,0.0281021500765333,True,43,4096,0.010498046875,1.756955620370352
4,165,0.0045412807943028145,0.011528521350349291,True,44,4096,0.0107421875,1.756955620370352
4,166,0.012204495023455258,0.029823405951725723,False,46,4096,0.01123046875,1.756955620370352
4,167,0.011215309276070024,0.023815593680404208,True,46,4096,0.01123046875,1.756955620370352
4,168,0.005382099677847371,0.008379062916868907,True,43,4096,0.010498046875,1.756955620370352
4,169,0.010255512651134339,0.020789050654662695,True,45,4096,0.010986328125,1.756955620370352
4,170,0.0113159292160343,0.03058897101434535,False,45,4096,0.010986328125,1.756955620370352
4,171,0.009641847169878169,0.022138321682594574,False,45,4096,0.010986328125,1.756955620370352
4,172,0.005620388228273076,0.015132189592743414,True,44,4096,0.0107421875,1.756955620370352
4,173,0.006367789101583225,0.01217331086942787,True,42,4096,0.01025390625,1.756955620370352
4,174,0.007495317337024395,0.016773571313608425,False,45,4096,0.010986328125,1.756955620370352
4,175,0.006580799918807255,0.014694853177812453,False,44,4096,0.0107421875,1.756955620370352
4,176,0.014463255311417903,0.03538470523717861,False,44,4096,0.0107421875,1.756955620370352
4,177,0.006369790130147245,0.010189233146804765,True,46,4096,0.01123046875,1.756955620370352
4,178,0.008769842671378899,0.016080480426572688,True,42,4096,0.01025390625,1.756955620370352
4,179,0.010404463675511018,0.022812389674100847,True,45,4096,0.010986328125,1.756955620370352
4,180,0.006442836469412072,0.014336677562960184,True,44,4096,0.0107421875,1.756955620370352
4,181,0.01725913172081082,0.041400905856856185,False,46,4096,0.01123046875,1.756955620370352
4,182,0.014107368176638697,0.03399170465453386,True,44,4096,0.0107421875,1.756955620370352
4,183,0.007322265755704699,0.0129559869119234,True,45,4096,0.010986328125,1.756955620370352
4,184,0.007098583820763282,0.015384684769444365,False,43,4096,0.010498046875,1.756955620370352
4,185,0.01148851984189469,0.03461399162397036,True,44,4096,0.0107421875,1.756955620370352
4,186,0.008182835911489477,0.016469575401435385,False,45,4096,0.010986328125,1.756955620370352
4,187,0.00822594331150622,0.0164886951892856,True,44,4096,0.0107421875,1.756955620370352
4,188,0.005465332498451243,0.010051113379918573,True,45,4096,0.010986328125,1.756955620370352
4,189,0.006552284211202318,0.01448208608818087,True,43,4096,0.010498046875,1.756955620370352
4,190,0.00802090803342598,0.01861059758564311,False,46,4096,0.01123046875,1.756955620370352
4,191,0.01245262477050532,0.02692348769168003,False,46,4096,0.01123046875,1.756955620370352
4,192,0.008780082504484229,0.022327386661773044,True,46,4096,0.01123046875,1.756955620370352
4,193,0.008330399856956355,0.025293122734755813,True,43,4096,0.010498046875,1.756955620370352
4,194,0.013880954571206722,0.03384099234577076,True,46,4096,0.01123046875,1.756955620370352
4,195,0.00883955839476532,0.018006552720697386,True,42,4096,0.01025390625,1.756955620370352
4,196,0.004064932718004937,0.007262108920906264,True,46,4096,0.01123046875,1.756955620370352
4,197,0.0047764177992117044,0.010728530743970496,False,45,4096,0.010986328125,1.756955620370352
4,198,0.007848214727552712,0.015908758343488094,False,44,4096,0.0107421875,1.756955620370352
4,199,0.009460683029842274,0.018267293221329965,False,46,4096,0.01123046875,1.756955620370352
4,200,0.008659722450725745,0.020736959207492245,False,46,4096,0.01123046875,1.756955620370352
4,201,0.010743635253075761,0.02373944823319013,False,46,4096,0.01123046875,1.756955620370352
4,202,0.008278525110477879,0.017812562683741456,True,45,4096,0.010986328125,1.756955620370352
4,203,0.010053917315063032,0.01943114813965155,True,46,4096,0.01123046875,1.756955620370352
4,204,0.005375074929226163,0.009316803678273394,True,46,4096,0.01123046875,1.756955620370352
4,205,0.010860675025346635,0.02152368919925065,False,44,4096,0.0107421875,1.756955620370352
4,206,0.01000332342790072,0.020695751621452645,False,44,4096,0.0107421875,1.756955620370352
4,207,0.004263443593373972,0.008123871428995462,True,45,4096,0.010986328125,1.756955620370352
4,208,0.003405602439611195,0.007192347391616007,True,46,4096,0.01123046875,1.756955620370352
4,209,0.00722808833799962,0.014456267912442512,False,45,4096,0.010986328125,1.756955620370352
4,210,0.006724662609340245,0.013037030978634845,False,45,4096,0.010986328125,1.756955620370352
4,211,0.008545810406774762,0.025001798005968134,True,46,4096,0.01123046875,1.756955620370352
4,212,0.010130145595515247,0.020570367413723818,False,43,4096,0.010498046875,1.756955620370352
4,213,0.005973443182559591,0.010465546386523014,True,44,4096,0.0107421875,1.756955620370352
4,214,0.0052286365498865565,0.007832430596102224,False,45,4096,0.010986328125,1.756955620370352
4,215,0.007086287295895455,0.017229676245093507,False,44,4096,0.0107421875,1.756955620370352
4,216,0.009059225603639172,0.020003269952157517,True,46,4096,0.01123046875,1.756955620370352
4,217,0.00925387291613716,0.016585350475904745,False,44,4096,0.0107421875,1.756955620370352
4,218,0.007679087046019293,0.015441038774745564,False,46,4096,0.01123046875,1.756955620370352
4,219,0.0060974013647290505,0.011855995467588235,True,42,4096,0.01025390625,1.756955620370352
4,220,0.0028533887715020633,0.0047368206880319536,True,46,4096,0.01123046875,1.756955620370352
4,221,0.004608627219006996,0.00896245203306529,True,46,4096,0.01123046875,1.756955620370352
4,222,0.008914361114161495,0.02294045369343023,False,46,4096,0.01123046875,1.756955620370352
4,223,0.007251168187695755,0.013127342444024345,False,44,4096,0.0107421875,1.756955620370352
4,224,0.00936078546878337,0.02058416244180908,True,45,4096,0.010986328125,1.756955620370352
4,225,0.013770068226302482,0.029220282726450275,True,45,4096,0.010986328125,1.756955620370352
4,226,0.010587966649133713,0.019380004511109467,False,45,4096,0.010986328125,1.756955620370352
4,227,0.010845089295626144,0.024188829702288694,False,44,4096,0.0107421875,1.756955620370352
4,228,0.008192222565561664,0.01284730727019346,True,45,4096,0.010986328125,1.756955620370352
4,229,0.0057982158590216505,0.014818719076144737,False,43,4096,0.010498046875,1.756955620370352
4,230,0.007687623698507565,0.015310394864820248,True,45,4096,0.010986328125,1.756955620370352
4,231,0.0070496905928447715,0.01352605122902871,False,45,4096,0.010986328125,1.756955620370352
4,232,0.007897531630359977,0.017118690113897474,True,46,4096,0.01123046875,1.756955620370352
4,233,0.009136804310662244,0.01881566486130786,False,45,4096,0.010986328125,1.756955620370352
4,234,0.00680234059626944,0.01621123155682263,True,46,4096,0.01123046875,1.756955620370352
4,235,0.006444224397980877,0.015714946649103355,False,45,4096,0.010986328125,1.756955620370352
4,236,0.012287398899148554,0.025451692758973382,False,43,4096,0.010498046875,1.756955620370352
4,237,0.009427616025658008,0.017449142960165184,False,45,4096,0.010986328125,1.756955620370352
4,238,0.006392370962726893,0.012234610348259671,True,44,4096,0.0107421875,1.756955620370352
4,239,0.012181600420745318,0.03309314540808547,False,46,4096,0.01123046875,1.756955620370352
4,240,0.01572878225832006,0.036480561867248476,False,45,4096,0.010986328125,1.756955620370352
4,241,0.007312453965879385,0.019811755884492546,True,46,4096,0.01123046875,1.756955620370352
4,242,0.007659821190431658,0.018780312461231158,False,44,4096,0.0107421875,1.756955620370352
4,243,0.005891159410902331,0.012197308178092267,True,46,4096,0.01123046875,1.756955620370352
4,244,0.008925219347745364,0.024186622383242082,True,45,4096,0.010986328125,1.756955620370352
4,245,0.011351792854824762,0.03504685643504228,True,44,4096,0.0107421875,1.756955620370352
4,246,0.009425159339381614,0.02382076791774601,True,43,4096,0.010498046875,1.756955620370352
4,247,0.009902333634778455,0.019285897543181746,False,46,4096,0.01123046875,1.756955620370352
4,248,0.014673180099775937,0.03813030874431236,False,45,4096,0.010986328125,1.756955620370352
4,249,0.0068541415457685296,0.013588495467372744,False,46,4096,0.01123046875,1.756955620370352
4,250,0.00541554354642114,0.010033625800276183,True,44,4096,0.0107421875,1.756955620370352
4,251,0.012325705481329382,0.0322361476592907,False,46,4096,0.01123046875,1.756955620370352
4,252,0.014813311916486544,0.03507308417516804,True,45,4096,0.010986328125,1.756955620370352
4,253,0.008200146317063008,0.01635491903187973,True,46,4096,0.01123046875,1.756955620370352
4,254,0.009916088783444828,0.021065591490682323,False,44,4096,0.0107421875,1.756955620370352
4,255,0.010690867589310638,0.021517087245702754,False,44,4096,0.0107421875,1.756955620370352
4,256,0.005317468632394428,0.009448498679463999,True,43,4096,0.010498046875,1.756955620370352
4,257,0.008473482366143658,0.01888590395279395,False,46,4096,0.01123046875,1.756955620370352
4,258,0.011902007047806652,0.028037275694388637,False,46,4096,0.01123046875,1.756955620370352
4,259,0.006476163952436751,0.014519838594739272,True,46,4096,0.01123046875,1.756955620370352
4,260,0.011233482723439424,0.02307002550222953,True,45,4096,0.010986328125,1.756955620370352
4,261,0.010753054697008418,0.02546345333739404,True,43,4096,0.010498046875,1.756955620370352
4,262,0.01067293207870884,0.025997150280207736,False,45,4096,0.010986328125,1.756955620370352
4,263,0.010099324372993091,0.022622210944074295,True,45,4096,0.010986328125,1.756955620370352
4,264,0.007074687784369974,0.01644360124464804,False,44,4096,0.0107421875,1.756955620370352
4,265,0.009495072496712135,0.015705954975566087,True,45,4096,0.010986328125,1.756955620370352
4,266,0.007322507422203592,0.019017472921348463,False,44,4096,0.0107421875,1.756955620370352
4,267,0.0077628652964909,0.019568085353713308,True,46,4096,0.01123046875,1.756955620370352
4,268,0.008890088844607923,0.021698109668392973,False,42,4096,0.01025390625,1.756955620370352
4,269,0.006215811900595339,0.012373722700958704,False,46,4096,0.01123046875,1.756955620370352
4,270,0.006519720675596084,0.01631905750920233,True,44,4096,0.0107421875,1.756955620370352
4,271,0.011641018887748584,0.028441710154985783,False,46,4096,0.01123046875,1.756955620370352
4,272,0.005507835419401672,0.009878743531029889,True,44,4096,0.0107421875,1.756955620370352
4,273,0.00719926917747897,0.013508501998751511,True,45,4096,0.010986328125,1.756955620370352
4,274,0.003589081586559549,0.008760344711254316,True,45,4096,0.010986328125,1.756955620370352
4,275,0.013565918640479773,0.030312641768411475,True,44,4096,0.0107421875,1.756955620370352
4,276,0.010069797334682346,0.019733585176161375,False,44,4096,0.0107421875,1.756955620370352
4,277,0.005823728337977209,0.015605817578574904,False,45,4096,0.010986328125,1.756955620370352
4,278,0.009078836891101632,0.019422091608573958,False,45,4096,0.010986328125,1.756955620370352
4,279,0.006104965706350273,0.013236790877445507,True,45,4096,0.010986328125,1.756955620370352
4,280,0.006791052975509477,0.013520825790294913,True,44,4096,0.0107421875,1.756955620370352
4,281,0.006021167919991673,0.012198846243736503,True,45,4096,0.010986328125,1.756955620370352
4,282,0.004490687228404974,0.009682232052101131,True,44,4096,0.0107421875,1.756955620370352
4,283,0.013847825851656627,0.03750887849357362,False,44,4096,0.0107421875,1.756955620370352
4,284,0.009334293632119066,0.019698166710612294,False,43,4096,0.010498046875,1.756955620370352
4,285,0.01094853109657063,0.024063329788921055,False,44,4096,0.0107421875,1.756955620370352
4,286,0.014532186683390453,0.034651788014804126,False,46,4096,0.01123046875,1.756955620370352
4,287,0.004352550717063238,0.007607288714992628,True,46,4096,0.01123046875,1.756955620370352
4,288,0.012988209747558058,0.02650670676935747,True,44,4096,0.0107421875,1.756955620370352
4,289,0.00746474166043741,0.019500461110814563,False,46,4096,0.01123046875,1.756955620370352
4,290,0.006206511136490552,0.009572089388455413,True,44,4096,0.0107421875,1.756955620370352
4,291,0.012504221292354647,0.031200903384930326,False,46,4096,0.01123046875,1.756955620370352
4,292,0.007693787520523965,0.012259790598826398,False,44,4096,0.0107421875,1.756955620370352
4,293,0.011283586570242863,0.022114821116263145,False,44,4096,0.0107421875,1.756955620370352
4,294,0.007479067283898622,0.01453800315468122,False,46,4096,0.01123046875,1.756955620370352
4,295,0.0070700443995487475,0.02251883338330815,False,46,4096,0.01123046875,1.756955620370352
4,296,0.016661751651673624,0.032802175552234206,True,42,4096,0.01025390625,1.756955620370352
4,297,0.00746141323058841,0.020038041386928232,True,45,4096,0.010986328125,1.756955620370352
4,298,0.011966323667529635,0.029508105734297574,False,46,4096,0.01123046875,1.756955620370352
4,299,0.012256802731401938,0.029786564785678052,False,45,4096,0.010986328125,1.756955620370352
4,300,0.01212815119338267,0.030039333749690297,False,44,4096,0.0107421875,1.756955620370352
4,301,0.005060940894553983,0.010465282895223554,True,45,4096,0.010986328125,1.756955620370352
4,302,0.009897531915626192,0.028567667911313523,False,44,4096,0.0107421875,1.756955620370352
4,303,0.006899179911676687,0.013634453531804383,True,44,4096,0.0107421875,1.756955620370352
4,304,0.003277612380546971,0.005238619536443487,True,46,4096,0.01123046875,1.756955620370352
4,305,0.011635515177401882,0.027502669706897895,True,45,4096,0.010986328125,1.756955620370352
4,306,0.009345060490079124,0.02301750522891695,False,45,4096,0.010986328125,1.756955620370352
4,307,0.01213281466361584,0.031141056884422202,False,42,4096,0.01025390625,1.756955620370352
4,308,0.009195007149616474,0.02115524368057331,True,45,4096,0.010986328125,1.756955620370352
4,309,0.014513158680609425,0.033843139293465045,False,46,4096,0.01123046875,1.756955620370352
4,310,0.004740952097953848,0.010711910088724054,True,45,4096,0.010986328125,1.756955620370352
4,311,0.011103225182446733,0.020809549018575957,False,46,4096,0.01123046875,1.756955620370352
4,312,0.006985405633857389,0.014048132312205853,True,45,4096,0.010986328125,1.756955620370352
4,313,0.004967182793351178,0.00838355921951358,True,45,4096,0.010986328125,1.756955620370352
4,314,0.006428520283416847,0.014599227247851457,True,44,4096,0.0107421875,1.756955620370352
4,315,0.006888182845856927,0.0159037892878764,True,43,4096,0.010498046875,1.756955620370352
4,316,0.009868993594862934,0.016904761087301524,False,44,4096,0.0107421875,1.756955620370352
4,317,0.012633237669326352,0.027186392797564796,False,46,4096,0.01123046875,1.756955620370352
4,318,0.008498169278901048,0.016390890793727,False,45,4096,0.010986328125,1.756955620370352
4,319,0.007283214896376488,0.012976838092183585,False,44,4096,0.0107421875,1.756955620370352
4,320,0.00979041286229695,0.023887377354173074,False,44,4096,0.0107421875,1.756955620370352
4,321,0.007824761510300652,0.01934619914440324,True,45,4096,0.010986328125,1.756955620370352
4,322,0.005475034673211388,0.010189234780602695,True,46,4096,0.01123046875,1.756955620370352
4,323,0.016073841981742113,0.04423105516827815,False,45,4096,0.010986328125,1.756955620370352
4,324,0.006693301055816004,0.016970128331912013,True,45,4096,0.010986328125,1.756955620370352
4,325,0.006885014583422314,0.016467168719220965,False,46,4096,0.01123046875,1.756955620370352
4,326,0.005861629962551655,0.010302987826683846,False,44,4096,0.0107421875,1.756955620370352
4,327,0.004110290559773143,0.010930251128176,True,44,4096,0.0107421875,1.756955620370352
4,328,0.013682002189016275,0.03803111831576323,False,46,4096,0.01123046875,1.756955620370352
4,329,0.009532345584283515,0.023517915085422954,False,46,4096,0.01123046875,1.756955620370352
4,330,0.011758915956769827,0.034906358224642,True,42,4096,0.01025390625,1.756955620370352
4,331,0.009600949688267486,0.01921997218266401,True,46,4096,0.01123046875,1.756955620370352
4,332,0.0058543993507463735,0.012886212023177884,True,46,4096,0.01123046875,1.756955620370352
4,333,0.008073382150802994,0.015592220973607712,False,44,4096,0.0107421875,1.756955620370352
4,334,0.008063028264538924,0.017497834337284066,True,46,4096,0.01123046875,1.756955620370352
4,335,0.008975082840731428,0.020434435708992692,True,44,4096,0.0107421875,1.756955620370352
4,336,0.00777022263985143,0.01759053755893894,True,45,4096,0.010986328125,1.756955620370352
4,337,0.00513010734646336,0.011393298578992822,True,45,4096,0.010986328125,1.756955620370352
4,338,0.0037541860787070726,0.008557706820119491,True,46,4096,0.01123046875,1.756955620370352
4,339,0.006579641918188423,0.014823188049655878,False,46,4096,0.01123046875,1.756955620370352
4,340,0.012016713505281253,0.021488193471132358,False,44,4096,0.0107421875,1.756955620370352
4,341,0.009496305875854903,0.022530969484883506,True,44,4096,0.0107421875,1.756955620370352
4,342,0.0038061145034865114,0.007436004419057382,True,45,4096,0.010986328125,1.756955620370352
4,343,0.004313329474773887,0.010319890710524336,True,45,4096,0.010986328125,1.756955620370352
4,344,0.008642571806491155,0.018190379388992282,False,46,4096,0.01123046875,1.756955620370352
4,345,0.0071610093043419955,0.013612151886681793,False,41,4096,0.010009765625,1.756955620370352
4,346,0.01031505215573236,0.02361222330806062,True,43,4096,0.010498046875,1.756955620370352
4,347,0.0070979197229547614,0.011976142360014853,False,46,4096,0.01123046875,1.756955620370352
4,348,0.00901033062583821,0.018650891961276603,True,46,4096,0.01123046875,1.756955620370352
4,349,0.010012954021415957,0.023992663569265493,True,46,4096,0.01123046875,1.756955620370352
4,350,0.0062630339793206475,0.011813021368993213,True,46,4096,0.01123046875,1.756955620370352
4,351,0.016535697056237204,0.03917010553787059,False,44,4096,0.0107421875,1.756955620370352
4,352,0.014201405970274673,0.03258357090869877,False,45,4096,0.010986328125,1.756955620370352
4,353,0.00707343680336442,0.019321872350201996,False,46,4096,0.01123046875,1.756955620370352
4,354,0.010859874503508256,0.01972973189755224,False,44,4096,0.0107421875,1.756955620370352
4,355,0.006800616102985784,0.011185941166756981,True,45,4096,0.010986328125,1.756955620370352
4,356,0.007812954794989802,0.01616749182048728,True,46,4096,0.01123046875,1.756955620370352
4,357,0.0053625575009616285,0.009104280602103412,True,46,4096,0.01123046875,1.756955620370352
4,358,0.006204310839092626,0.011385538164435619,True,46,4096,0.01123046875,1.756955620370352
4,359,0.007885335846525022,0.018644436796917532,False,41,4096,0.010009765625,1.756955620370352
4,360,0.008484161839512932,0.019030335743193558,False,44,4096,0.0107421875,1.756955620370352
4,361,0.010993986371240874,0.02451648021711296,True,44,4096,0.0107421875,1.756955620370352
4,362,0.00827494654427434,0.017506816085151963,False,44,4096,0.0107421875,1.756955620370352
4,363,0.008911016301802166,0.018742622423683596,False,45,4096,0.010986328125,1.756955620370352
4,364,0.007459915469362943,0.0187533009484702,False,46,4096,0.01123046875,1.756955620370352
4,365,0.012747864458585645,0.033403961404389206,False,44,4096,0.0107421875,1.756955620370352
4,366,0.01074642415021362,0.024248002496968665,True,45,4096,0.010986328125,1.756955620370352
4,367,0.008077014622772613,0.018846880026089183,False,46,4096,0.01123046875,1.756955620370352
4,368,0.01651815208691623,0.03304079601527706,False,44,4096,0.0107421875,1.756955620370352
4,369,0.008231011942193904,0.015454421152223133,True,45,4096,0.010986328125,1.756955620370352
4,370,0.00925358201980483,0.020716990280530687,False,45,4096,0.010986328125,1.756955620370352
4,371,0.007027432522298061,0.01502679730294923,False,45,4096,0.010986328125,1.756955620370352
4,372,0.009256806184361898,0.021642418635618728,False,46,4096,0.01123046875,1.756955620370352
4,373,0.005052077468086836,0.008446134053316415,True,45,4096,0.010986328125,1.756955620370352
4,374,0.008639999393306999,0.020924383765410157,True,46,4096,0.01123046875,1.756955620370352
4,375,0.009540381802522615,0.023080030876421437,False,46,4096,0.01123046875,1.756955620370352
4,376,0.008356718879500808,0.01865202705532809,False,46,4096,0.01123046875,1.756955620370352
4,377,0.009919357688849316,0.02500006216826496,False,45,4096,0.010986328125,1.756955620370352
4,378,0.005609461213529168,0.011926165602951552,True,44,4096,0.0107421875,1.756955620370352
4,379,0.004735611505994417,0.01021645878360515,True,45,4096,0.010986328125,1.756955620370352
4,380,0.004857999526457509,0.010257651583159704,True,46,4096,0.01123046875,1.756955620370352
4,381,0.006835321854000961,0.016031194756631915,True,45,4096,0.010986328125,1.756955620370352
4,382,0.007384838800854013,0.013611486962278915,False,46,4096,0.01123046875,1.756955620370352
4,383,0.016540152138414765,0.03913168015737497,False,43,4096,0.010498046875,1.756955620370352
4,384,0.009126891339298391,0.019490274345243218,False,44,4096,0.0107421875,1.756955620370352
4,385,0.010635793355696067,0.020707918285469,False,45,4096,0.010986328125,1.756955620370352
4,386,0.006974901589057685,0.015415508717687473,False,45,4096,0.010986328125,1.756955620370352
4,387,0.005610726940944985,0.011338688860645624,False,45,4096,0.010986328125,1.756955620370352
4,388,0.006545892324308456,0.01799687525585475,False,45,4096,0.010986328125,1.756955620370352
4,389,0.010053095202617459,0.025291498922125316,True,43,4096,0.010498046875,1.756955620370352
4,390,0.014550380581266209,0.031185185199773577,False,44,4096,0.0107421875,1.756955620370352
4,391,0.003935253827805594,0.007847013208170606,True,46,4096,0.01123046875,1.756955620370352
4,392,0.00790872413380311,0.016016254348063044,False,46,4096,0.01123046875,1.756955620370352
4,393,0.007339706501662106,0.016558839974248216,True,45,4096,0.010986328125,1.756955620370352
4,394,0.010138600393131749,0.02400257810598346,False,45,4096,0.010986328125,1.756955620370352
4,395,0.008234188454672409,0.017465142573428266,True,44,4096,0.0107421875,1.756955620370352
4,396,0.007329868770458345,0.013157228324569385,True,45,4096,0.010986328125,1.756955620370352
4,397,0.006539221058721275,0.01003639423266587,True,42,4096,0.01025390625,1.756955620370352
4,398,0.00925735352815168,0.01822635615819293,False,45,4096,0.010986328125,1.756955620370352
4,399,0.013372674144663097,0.035232536536533396,False,42,4096,0.01025390625,1.756955620370352
8,0,0.006149036652531819,0.012243654939193188,True,85,4096,0.020751953125,1.2423552334076933
8,1,0.006375922790933487,0.01316046371359364,True,84,4096,0.0205078125,1.2423552334076933
8,2,0.00547810020467268,0.01006900316227884,False,86,4096,0.02099609375,1.2423552334076933
8,3,0.004008581793720832,0.005948610821799011,True,82,4096,0.02001953125,1.2423552334076933
8,4,0.009432998568615743,0.018795572521477052,False,84,4096,0.0205078125,1.2423552334076933
8,5,0.005159291443754291,0.011478788315119094,False,85,4096,0.020751953125,1.2423552334076933
8,6,0.00344506345386652,0.00883242463505899,True,84,4096,0.0205078125,1.2423552334076933
8,7,0.008732911922437041,0.02459901487831591,False,84,4096,0.0205078125,1.2423552334076933
8,8,0.008601320384580422,0.015775165866282484,False,83,4096,0.020263671875,1.2423552334076933
8,9,0.004580281034313574,0.009375343041685039,True,86,4096,0.02099609375,1.2423552334076933
8,10,0.006378212328205811,0.018344314273549316,True,84,4096,0.0205078125,1.2423552334076933
8,11,0.006402034902588267,0.015567765565172975,False,84,4096,0.0205078125,1.2423552334076933
8,12,0.006254879478413743,0.016086832760291568,False,87,4096,0.021240234375,1.2423552334076933
8,13,0.004308417505981093,0.008272404043523827,True,85,4096,0.020751953125,1.2423552334076933
8,14,0.005199972886533732,0.013926092684019502,False,88,4096,0.021484375,1.2423552334076933
8,15,0.0051655202314436375,0.008902195259428144,True,82,4096,0.02001953125,1.2423552334076933
8,16,0.004173861235161322,0.009658431968173328,True,86,4096,0.02099609375,1.2423552334076933
8,17,0.004151468833302337,0.007947375023349974,True,87,4096,0.021240234375,1.2423552334076933
8,18,0.005158561267714274,0.008820196394856539,False,86,4096,0.02099609375,1.2423552334076933
8,19,0.00417432735694046,0.008036784407275843,True,87,4096,0.021240234375,1.2423552334076933
8,20,0.005240851286588174,0.010338498728400786,True,86,4096,0.02099609375,1.2423552334076933
8,21,0.006931156442423731,0.019560940356071366,True,85,4096,0.020751953125,1.2423552334076933
8,22,0.01107057598298249,0.024257231770735466,True,82,4096,0.02001953125,1.2423552334076933
8,23,0.004526240023833427,0.010645984496949132,False,83,4096,0.020263671875,1.2423552334076933
8,24,0.010355076181242212,0.02303288356488803,False,81,4096,0.019775390625,1.2423552334076933
8,25,0.005255872830648895,0.01164743670092569,False,81,4096,0.019775390625,1.2423552334076933
8,26,0.006733362223232775,0.017639883054508948,False,86,4096,0.02099609375,1.2423552334076933
8,27,0.008676980080264074,0.019645022782969153,False,86,4096,0.02099609375,1.2423552334076933
8,28,0.005833505817447712,0.012438413072734088,True,84,4096,0.0205078125,1.2423552334076933
8,29,0.0050826540922506,0.011535429664438504,True,87,4096,0.021240234375,1.2423552334076933
8,30,0.00420543217926568,0.009290321580707219,True,86,4096,0.02099609375,1.2423552334076933
8,31,0.004063024876747164,0.010678381508938656,True,87,4096,0.021240234375,1.2423552334076933
8,32,0.004980204467790996,0.008606627473344827,False,84,4096,0.0205078125,1.2423552334076933
8,33,0.006659820457484513,0.01382007355968462,False,83,4096,0.020263671875,1.2423552334076933
8,34,0.0049169871977823125,0.011376379936628628,True,85,4096,0.020751953125,1.2423552334076933
8,35,0.011347768688270287,0.025186693799627596,False,84,4096,0.0205078125,1.2423552334076933
8,36,0.006753088380549179,0.01683023873886348,True,85,4096,0.020751953125,1.2423552334076933
8,37,0.0027934728985545146,0.0053633505761199185,True,85,4096,0.020751953125,1.2423552334076933
8,38,0.004007649542680284,0.006822498195987585,True,87,4096,0.021240234375,1.2423552334076933
8,39,0.006782609831177374,0.01439522820339837,False,83,4096,0.020263671875,1.2423552334076933
8,40,0.006239248768015318,0.01145246614082461,False,88,4096,0.021484375,1.2423552334076933
8,41,0.00416152671375363,0.01099500448414803,False,81,4096,0.019775390625,1.2423552334076933
8,42,0.006017133045078892,0.010417343689836087,False,86,4096,0.02099609375,1.2423552334076933
8,43,0.0052888888534214935,0.011907913170996431,True,84,4096,0.0205078125,1.2423552334076933
8,44,0.008245719930549678,0.020712997896891884,False,85,4096,0.020751953125,1.2423552334076933
8,45,0.008594162440929363,0.0236001100161104,True,85,4096,0.020751953125,1.2423552334076933
8,46,0.007292412444714831,0.017281179700228064,False,83,4096,0.020263671875,1.2423552334076933
8,47,0.008161776605946016,0.022456892714451768,False,89,4096,0.021728515625,1.2423552334076933
8,48,0.006479245517063788,0.011722185689221065,False,86,4096,0.02099609375,1.2423552334076933
8,49,0.003693496108183656,0.007556408399390022,True,88,4096,0.021484375,1.2423552334076933
8,50,0.005983387574911016,0.01411339765907453,True,86,4096,0.02099609375,1.2423552334076933
8,51,0.0035108291956256455,0.006777316885146104,True,86,4096,0.02099609375,1.2423552334076933
8,52,0.005595723302537138,0.015022560223438244,False,86,4096,0.02099609375,1.2423552334076933
8,53,0.004269362714011456,0.008943988952019394,True,87,4096,0.021240234375,1.2423552334076933
8,54,0.0026277146067863744,0.005618047664316797,True,83,4096,0.020263671875,1.2423552334076933
8,55,0.005269703343790766,0.010592629470826925,True,83,4096,0.020263671875,1.2423552334076933
8,56,0.005190625436472272,0.008397615572811205,False,85,4096,0.020751953125,1.2423552334076933
8,57,0.005096392757984164,0.010207739642314709,True,84,4096,0.0205078125,1.2423552334076933
8,58,0.005332537478961366,0.01323916770635733,True,83,4096,0.020263671875,1.2423552334076933
8,59,0.004126357826845617,0.006704246987693133,True,88,4096,0.021484375,1.2423552334076933
8,60,0.009142391643938154,0.020624323169442446,False,85,4096,0.020751953125,1.2423552334076933
8,61,0.010405422324786842,0.020577087147022985,True,85,4096,0.020751953125,1.2423552334076933
8,62,0.004913150731728548,0.010999993648451403,True,86,4096,0.02099609375,1.2423552334076933
8,63,0.00519200551686838,0.010091963790987507,True,85,4096,0.020751953125,1.2423552334076933
8,64,0.005315057024025023,0.01185642737265559,False,85,4096,0.020751953125,1.2423552334076933
8,65,0.006618112560938529,0.016498040419947346,True,83,4096,0.020263671875,1.2423552334076933
8,66,0.015449839930081439,0.03346217740281318,False,83,4096,0.020263671875,1.2423552334076933
8,67,0.00571364351297473,0.011972386662345298,True,85,4096,0.020751953125,1.2423552334076933
8,68,0.006362412865554961,0.01475293196826448,False,85,4096,0.020751953125,1.2423552334076933
8,69,0.003873769623776562,0.007395943276064354,True,87,4096,0.021240234375,1.2423552334076933
8,70,0.004325559689053896,0.006804969198439426,True,80,4096,0.01953125,1.2423552334076933
8,71,0.0063136826563456126,0.01654723267364193,True,85,4096,0.020751953125,1.2423552334076933
8,72,0.007122194984538433,0.019727725009074965,False,83,4096,0.020263671875,1.2423552334076933
8,73,0.010472795766288604,0.024520330177382067,False,86,4096,0.02099609375,1.2423552334076933
8,74,0.0034717730284908946,0.007781845721910562,True,86,4096,0.02099609375,1.2423552334076933
8,75,0.003792361359328584,0.009926110709329923,True,85,4096,0.020751953125,1.2423552334076933
8,76,0.003472723026440129,0.0067064718662427775,True,84,4096,0.0205078125,1.2423552334076933
8,77,0.0068085367266101275,0.016211454176312867,False,82,4096,0.02001953125,1.2423552334076933
8,78,0.009181851204775554,0.016969015870325344,False,83,4096,0.020263671875,1.2423552334076933
8,79,0.00583721669011035,0.011122009777610603,False,83,4096,0.020263671875,1.2423552334076933
8,80,0.007136899061590062,0.013632077968503013,False,84,4096,0.0205078125,1.2423552334076933
8,81,0.007318391730590863,0.018593149619903854,False,87,4096,0.021240234375,1.2423552334076933
8,82,0.004623556042165101,0.008216199343445547,True,83,4096,0.020263671875,1.2423552334076933
8,83,0.0030966268030023585,0.00522380234129723,True,82,4096,0.02001953125,1.2423552334076933
8,84,0.005811298899238597,0.01277479130231788,False,85,4096,0.020751953125,1.2423552334076933
8,85,0.004097166825355864,0.007483154966878666,True,84,4096,0.0205078125,1.2423552334076933
8,86,0.004367333430268167,0.0076977416365584805,True,88,4096,0.021484375,1.2423552334076933
8,87,0.008712705464010139,0.019760348890004074,False,84,4096,0.0205078125,1.2423552334076933
8,88,0.0058210680638269225,0.012527366958481487,True,84,4096,0.0205078125,1.2423552334076933
8,89,0.007992401016528917,0.018690303543607442,False,84,4096,0.0205078125,1.2423552334076933
8,90,0.004692480415895631,0.00969880263491947,False,87,4096,0.021240234375,1.2423552334076933
8,91,0.012962213351335414,0.03243337393150836,False,83,4096,0.020263671875,1.2423552334076933
8,92,0.003889458750079044,0.007820639564419092,True,85,4096,0.020751953125,1.2423552334076933
8,93,0.0037745878123355307,0.009000899745884292,True,87,4096,0.021240234375,1.2423552334076933
8,94,0.005415318563210082,0.010961317425728756,True,86,4096,0.02099609375,1.2423552334076933
8,95,0.00422218805257543,0.00914760609526051,True,85,4096,0.020751953125,1.2423552334076933
8,96,0.006400767584703861,0.011307553825864135,False,84,4096,0.0205078125,1.2423552334076933
8,97,0.003678124036265481,0.009430470469031269,True,83,4096,0.020263671875,1.2423552334076933
8,98,0.007122544344759292,0.01762290711259773,True,84,4096,0.0205078125,1.2423552334076933
8,99,0.011773092455501722,0.026956624908570703,True,84,4096,0.0205078125,1.2423552334076933
8,100,0.0056889831517818465,0.013224447497040014,True,86,4096,0.02099609375,1.2423552334076933
8,101,0.008725893190768799,0.019013600286577337,False,84,4096,0.0205078125,1.2423552334076933
8,102,0.006399800459042601,0.016040503453503746,True,86,4096,0.02099609375,1.2423552334076933
8,103,0.009319445500237781,0.02226765946277752,True,86,4096,0.02099609375,1.2423552334076933
8,104,0.004068225914858058,0.008437869861602653,True,86,4096,0.02099609375,1.2423552334076933
8,105,0.006973818029003673,0.011025135955157292,False,84,4096,0.0205078125,1.2423552334076933
8,106,0.00686186887414788,0.01728133414203588,False,84,4096,0.0205078125,1.2423552334076933
8,107,0.005441232180013197,0.011361275425492381,False,85,4096,0.020751953125,1.2423552334076933
8,108,0.0070216731623997195,0.015340184204628196,True,80,4096,0.01953125,1.2423552334076933
8,109,0.0033991450488698467,0.008184945172118749,True,85,4096,0.020751953125,1.2423552334076933
8,110,0.010869436773008737,0.025099599683406,True,81,4096,0.019775390625,1.2423552334076933
8,111,0.003806569993854938,0.00926882915514518,True,88,4096,0.021484375,1.2423552334076933
8,112,0.00508685451273959,0.013524752136169632,False,84,4096,0.0205078125,1.2423552334076933
8,113,0.0031134405414185505,0.004712635071828446,True,84,4096,0.0205078125,1.2423552334076933
8,114,0.004420184041589228,0.009198762613235406,True,84,4096,0.0205078125,1.2423552334076933
8,115,0.007787569249219754,0.017029994756684513,False,87,4096,0.021240234375,1.2423552334076933
8,116,0.005586592083066172,0.015139463621342136,True,90,4096,0.02197265625,1.2423552334076933
8,117,0.009149549356570965,0.01830994160396429,False,87,4096,0.021240234375,1.2423552334076933
8,118,0.006967525307589011,0.015974508367499085,False,81,4096,0.019775390625,1.2423552334076933
8,119,0.0044111867617754805,0.007400296798141248,True,83,4096,0.020263671875,1.2423552334076933
8,120,0.007176456588911166,0.017495926378144233,True,84,4096,0.0205078125,1.2423552334076933
8,121,0.006143514593581935,0.01788998716275808,False,86,4096,0.02099609375,1.2423552334076933
8,122,0.0067712565183212,0.013983682483075119,True,83,4096,0.020263671875,1.2423552334076933
8,123,0.0038376091073003965,0.007843955740880669,True,84,4096,0.0205078125,1.2423552334076933
8,124,0.0048100013432995446,0.00922948229342914,True,87,4096,0.021240234375,1.2423552334076933
8,125,0.005345993324732556,0.010913105038954735,True,84,4096,0.0205078125,1.2423552334076933
8,126,0.0038759910022204925,0.008153733851284511,True,84,4096,0.0205078125,1.2423552334076933
8,127,0.009138489114282685,0.019334849727246473,False,84,4096,0.0205078125,1.2423552334076933
8,128,0.005616040413552518,0.016749776335762648,True,86,4096,0.02099609375,1.2423552334076933
8,129,0.005297460864219885,0.009834724346354524,True,84,4096,0.0205078125,1.2423552334076933
8,130,0.006978225452660489,0.01601265184856085,True,85,4096,0.020751953125,1.2423552334076933
8,131,0.005852328701012059,0.013900964086127815,True,85,4096,0.020751953125,1.2423552334076933
8,132,0.005246148462614177,0.010872392506400583,True,89,4096,0.021728515625,1.2423552334076933
8,133,0.003237001057276013,0.005995177826800452,True,88,4096,0.021484375,1.2423552334076933
8,134,0.010798394464988119,0.02470832797096026,True,87,4096,0.021240234375,1.2423552334076933
8,135,0.004550516798194318,0.006766649783005993,True,82,4096,0.02001953125,1.2423552334076933
8,136,0.005478768995795515,0.009465844453078557,True,86,4096,0.02099609375,1.2423552334076933
8,137,0.007864957777144216,0.015955569706194474,False,84,4096,0.0205078125,1.2423552334076933
8,138,0.005342088372894505,0.013424860299041469,False,85,4096,0.020751953125,1.2423552334076933
8,139,0.012828966410988176,0.02677064765214153,False,80,4096,0.01953125,1.2423552334076933
8,140,0.0034501929620982296,0.006619040385670662,True,84,4096,0.0205078125,1.2423552334076933
8,141,0.004945705562470119,0.012043918654527516,True,88,4096,0.021484375,1.2423552334076933
8,142,0.005840824149132703,0.010504012665903839,True,86,4096,0.02099609375,1.2423552334076933
8,143,0.0026662548857022688,0.006372225935257436,True,85,4096,0.020751953125,1.2423552334076933
8,144,0.00958083091001631,0.024679342039217927,False,87,4096,0.021240234375,1.2423552334076933
8,145,0.005018198957315131,0.00937908995986926,True,85,4096,0.020751953125,1.2423552334076933
8,146,0.011418413305457687,0.028161288000544654,False,86,4096,0.02099609375,1.2423552334076933
8,147,0.006754557692528907,0.014425192407827116,False,78,4096,0.01904296875,1.2423552334076933
8,148,0.0025256536449014878,0.004918582197914658,True,87,4096,0.021240234375,1.2423552334076933
8,149,0.009024744978134712,0.018708035475926074,True,80,4096,0.01953125,1.2423552334076933
8,150,0.00527722067717817,0.01085698733913501,True,85,4096,0.020751953125,1.2423552334076933
8,151,0.004035065451364019,0.008391380545881066,False,87,4096,0.021240234375,1.2423552334076933
8,152,0.010083602206241993,0.018803986932260743,False,82,4096,0.02001953125,1.2423552334076933
8,153,0.010244984615961555,0.022262710344981215,True,81,4096,0.019775390625,1.2423552334076933
8,154,0.0056821446000275555,0.014309480435749936,False,86,4096,0.02099609375,1.2423552334076933
8,155,0.008703361918663671,0.022730659177820904,False,83,4096,0.020263671875,1.2423552334076933
8,156,0.005340700776011824,0.013553443578885646,True,85,4096,0.020751953125,1.2423552334076933
8,157,0.004171686249724071,0.007157486079723874,True,86,4096,0.02099609375,1.2423552334076933
8,158,0.007809294618226186,0.017651564324761462,True,86,4096,0.02099609375,1.2423552334076933
8,159,0.005364906683025383,0.013069175993194695,False,86,4096,0.02099609375,1.2423552334076933
8,160,0.009251580367005454,0.025953166999302613,True,84,4096,0.0205078125,1.2423552334076933
8,161,0.0059627911553705336,0.013144769294799033,True,85,4096,0.020751953125,1.2423552334076933
8,162,0.009510351365757333,0.023525670062853624,True,87,4096,0.021240234375,1.2423552334076933
8,163,0.009133909075982986,0.022343147363571667,False,85,4096,0.020751953125,1.2423552334076933
8,164,0.007216288036693802,0.014059624292090803,True,86,4096,0.02099609375,1.2423552334076933
8,165,0.00863347905070178,0.015391279038139874,False,84,4096,0.0205078125,1.2423552334076933
8,166,0.00608320287373065,0.014402895795067885,True,84,4096,0.0205078125,1.2423552334076933
8,167,0.004436374155006084,0.010153000862040618,True,87,4096,0.021240234375,1.2423552334076933
8,168,0.0030339861727560536,0.0061814696319600175,True,87,4096,0.021240234375,1.2423552334076933
8,169,0.004671917955926402,0.0076326724064351426,True,87,4096,0.021240234375,1.2423552334076933
8,170,0.008755143846330962,0.021589056938746687,False,84,4096,0.0205078125,1.2423552334076933
8,171,0.006620615984375456,0.014872814715051058,True,86,4096,0.02099609375,1.2423552334076933
8,172,0.007495844124547334,0.01377810714722915,False,82,4096,0.02001953125,1.2423552334076933
8,173,0.005796435218672659,0.013611159434795642,False,83,4096,0.020263671875,1.2423552334076933
8,174,0.00579587531373009,0.01618267585672027,False,86,4096,0.02099609375,1.2423552334076933
8,175,0.005880618622758567,0.015250043599274649,False,85,4096,0.020751953125,1.2423552334076933
8,176,0.012054150347985515,0.029502176495386292,False,81,4096,0.019775390625,1.2423552334076933
8,177,0.007794405958268375,0.015426575367618912,False,85,4096,0.020751953125,1.2423552334076933
8,178,0.0039626783565299235,0.006787515665206648,True,85,4096,0.020751953125,1.2423552334076933
8,179,0.005647497118393929,0.013973946313148564,False,82,4096,0.02001953125,1.2423552334076933
8,180,0.010419025562624414,0.018766479702059677,False,78,4096,0.01904296875,1.2423552334076933
8,181,0.008155750682479737,0.02237098510375339,False,83,4096,0.020263671875,1.2423552334076933
8,182,0.006790428681580705,0.016695694230623587,False,85,4096,0.020751953125,1.2423552334076933
8,183,0.008305477875750008,0.014736692908586334,False,86,4096,0.02099609375,1.2423552334076933
8,184,0.007360822125617878,0.013405219109871393,False,84,4096,0.0205078125,1.2423552334076933
8,185,0.005724666446090037,0.015589449286419609,False,87,4096,0.021240234375,1.2423552334076933
8,186,0.008677177838749564,0.01780199103393089,True,84,4096,0.0205078125,1.2423552334076933
8,187,0.005793178102205156,0.012715413770867365,True,86,4096,0.02099609375,1.2423552334076933
8,188,0.005566528909711023,0.012644260081167757,False,86,4096,0.02099609375,1.2423552334076933
8,189,0.0031766521921749867,0.00884199774173871,True,82,4096,0.02001953125,1.2423552334076933
8,190,0.0059645285153687826,0.010112546407826446,True,85,4096,0.020751953125,1.2423552334076933
8,191,0.002524879345169288,0.005609185312067354,True,83,4096,0.020263671875,1.2423552334076933
8,192,0.004554337957945512,0.008559009139427629,False,84,4096,0.0205078125,1.2423552334076933
8,193,0.004599092736407096,0.008239855860877596,True,85,4096,0.020751953125,1.2423552334076933
8,194,0.009813185715793647,0.022991145201072108,True,81,4096,0.019775390625,1.2423552334076933
8,195,0.008209517890459381,0.015943040172602098,False,86,4096,0.02099609375,1.2423552334076933
8,196,0.003962479131256565,0.009060667956254693,True,84,4096,0.0205078125,1.2423552334076933
8,197,0.006163974077263442,0.01336145708169173,True,86,4096,0.02099609375,1.2423552334076933
8,198,0.0046987564888313375,0.0071392843907182035,True,84,4096,0.0205078125,1.2423552334076933
8,199,0.0038005545719308805,0.006299439700879664,True,88,4096,0.021484375,1.2423552334076933
8,200,0.007323844461295393,0.01671891373942408,True,82,4096,0.02001953125,1.2423552334076933
8,201,0.004079284284642634,0.007398049167279125,True,85,4096,0.020751953125,1.2423552334076933
8,202,0.006654481778234167,0.01768857805728436,False,87,4096,0.021240234375,1.2423552334076933
8,203,0.007735313531013222,0.015217065813503378,False,84,4096,0.0205078125,1.2423552334076933
8,204,0.005129586480304387,0.012302802147920136,True,89,4096,0.021728515625,1.2423552334076933
8,205,0.004255581523048219,0.00916013440498949,True,83,4096,0.020263671875,1.2423552334076933
8,206,0.0034270471095259876,0.007214759662282549,True,83,4096,0.020263671875,1.2423552334076933
8,207,0.0037641070824601715,0.009748403706307321,True,84,4096,0.0205078125,1.2423552334076933
8,208,0.006860612997033386,0.018201583743374578,False,85,4096,0.020751953125,1.2423552334076933
8,209,0.007983265622723742,0.016391816424444497,True,88,4096,0.021484375,1.2423552334076933
8,210,0.005081993566621808,0.00957578276333479,True,88,4096,0.021484375,1.2423552334076933
8,211,0.008121729173671478,0.02055086723858625,True,86,4096,0.02099609375,1.2423552334076933
8,212,0.006652895776795083,0.018501622018141574,False,85,4096,0.020751953125,1.2423552334076933
8,213,0.007890420668668973,0.022633891337683898,False,86,4096,0.02099609375,1.2423552334076933
8,214,0.005014017043983772,0.008670263752848469,False,87,4096,0.021240234375,1.2423552334076933
8,215,0.002041999262458644,0.003552806455736319,True,87,4096,0.021240234375,1.2423552334076933
8,216,0.004263308723631971,0.009610422760205531,True,85,4096,0.020751953125,1.2423552334076933
8,217,0.009131463513594998,0.022282429754877583,False,83,4096,0.020263671875,1.2423552334076933
8,218,0.007372458122641138,0.01772991973926552,False,86,4096,0.02099609375,1.2423552334076933
8,219,0.003793220088241221,0.007559367573970589,True,81,4096,0.019775390625,1.2423552334076933
8,220,0.0050795284231354995,0.010727330519458539,False,88,4096,0.021484375,1.2423552334076933
8,221,0.008659425206524901,0.019700632205125343,True,86,4096,0.02099609375,1.2423552334076933
8,222,0.0032361290911652836,0.0069039769022792505,True,84,4096,0.0205078125,1.2423552334076933
8,223,0.0061324562837273295,0.011981247044806544,True,83,4096,0.020263671875,1.2423552334076933
8,224,0.0060223194174286315,0.012271593348540846,True,84,4096,0.0205078125,1.2423552334076933
8,225,0.004346695413024011,0.008400128708883032,True,87,4096,0.021240234375,1.2423552334076933
8,226,0.003737524527614257,0.009951326936115473,False,84,4096,0.0205078125,1.2423552334076933
8,227,0.007036812888690191,0.01755022452900075,False,84,4096,0.0205078125,1.2423552334076933
8,228,0.0034571358188025016,0.008022238569930912,True,86,4096,0.02099609375,1.2423552334076933
8,229,0.005086318678993452,0.008323879316164837,True,85,4096,0.020751953125,1.2423552334076933
8,230,0.00841212140989733,0.016106462113705918,True,82,4096,0.02001953125,1.2423552334076933
8,231,0.004820062734999447,0.01025185822511121,True,84,4096,0.0205078125,1.2423552334076933
8,232,0.007477737500916134,0.015323328690103631,True,86,4096,0.02099609375,1.2423552334076933
8,233,0.009214333745121615,0.02477255210652394,True,82,4096,0.02001953125,1.2423552334076933
8,234,0.01178076123339814,0.02540749993862109,False,82,4096,0.02001953125,1.2423552334076933
8,235,0.003645999528371703,0.006352107205096741,True,87,4096,0.021240234375,1.2423552334076933
8,236,0.007372400952544423,0.013532770493723617,False,83,4096,0.020263671875,1.2423552334076933
8,237,0.006530503518321512,0.013653068275033792,False,86,4096,0.02099609375,1.2423552334076933
8,238,0.004218041618575692,0.010860029245073961,True,82,4096,0.02001953125,1.2423552334076933
8,239,0.003824118766025314,0.007773826503424855,True,87,4096,0.021240234375,1.2423552334076933
8,240,0.0035250729615581163,0.006431441454780862,True,86,4096,0.02099609375,1.2423552334076933
8,241,0.008109248360418972,0.019191561799522652,True,81,4096,0.019775390625,1.2423552334076933
8,242,0.007100012815919494,0.013343423967442286,False,86,4096,0.02099609375,1.2423552334076933
8,243,0.004226551984531692,0.006820042434569263,True,85,4096,0.020751953125,1.2423552334076933
8,244,0.007841804578335691,0.019885656836772556,False,85,4096,0.020751953125,1.2423552334076933
8,245,0.008083376055278181,0.020352127041182555,False,86,4096,0.02099609375,1.2423552334076933
8,246,0.006038024975349478,0.012090210713194771,False,86,4096,0.02099609375,1.2423552334076933
8,247,0.007596412299255255,0.016128032945362192,True,85,4096,0.020751953125,1.2423552334076933
8,248,0.0030397137465978754,0.006395684518377118,True,87,4096,0.021240234375,1.2423552334076933
8,249,0.009533280711358021,0.02501433450743243,False,87,4096,0.021240234375,1.2423552334076933
8,250,0.007112856400940907,0.020589361830584463,False,85,4096,0.020751953125,1.2423552334076933
8,251,0.0020372249029978013,0.0035702995429942354,True,85,4096,0.020751953125,1.2423552334076933
8,252,0.002770147969274798,0.005709024720956243,True,86,4096,0.02099609375,1.2423552334076933
8,253,0.005241090360325949,0.012818438994023351,True,87,4096,0.021240234375,1.2423552334076933
8,254,0.005191191980403208,0.013516646696625764,True,87,4096,0.021240234375,1.2423552334076933
8,255,0.006245088038598318,0.011875782655094647,False,84,4096,0.0205078125,1.2423552334076933
8,256,0.006410276869139544,0.012177026294964241,True,82,4096,0.02001953125,1.2423552334076933
8,257,0.006032245700021513,0.013857103365196119,False,84,4096,0.0205078125,1.2423552334076933
8,258,0.011075813176705496,0.02823417774500027,False,83,4096,0.020263671875,1.2423552334076933
8,259,0.005422671035669127,0.015165087248738648,True,85,4096,0.020751953125,1.2423552334076933
8,260,0.006777317917789036,0.016699451467562493,True,84,4096,0.0205078125,1.2423552334076933
8,261,0.012330032531764444,0.03157499966675375,False,84,4096,0.0205078125,1.2423552334076933
8,262,0.007944902828215075,0.017100313134357135,True,83,4096,0.020263671875,1.2423552334076933
8,263,0.00440012966549147,0.007600511034459266,True,84,4096,0.0205078125,1.2423552334076933
8,264,0.0061728086188773765,0.012705609702179849,False,86,4096,0.02099609375,1.2423552334076933
8,265,0.007099163841962273,0.013943034098042886,False,83,4096,0.020263671875,1.2423552334076933
8,266,0.00382157657486071,0.009894147070985168,True,86,4096,0.02099609375,1.2423552334076933
8,267,0.006959091908099531,0.01663550293581842,False,84,4096,0.0205078125,1.2423552334076933
8,268,0.004782119746613562,0.009584104026113316,False,87,4096,0.021240234375,1.2423552334076933
8,269,0.005220704811485973,0.010318008844283813,True,85,4096,0.020751953125,1.2423552334076933
8,270,0.007298499706644734,0.018066869516845538,True,82,4096,0.02001953125,1.2423552334076933
8,271,0.010268872783833519,0.022934609685667656,False,85,4096,0.020751953125,1.2423552334076933
8,272,0.007371029688220015,0.01665728490259763,False,83,4096,0.020263671875,1.2423552334076933
8,273,0.004184912074533713,0.008187252553681315,True,87,4096,0.021240234375,1.2423552334076933
8,274,0.010622237057933718,0.026476975655598145,False,84,4096,0.0205078125,1.2423552334076933
8,275,0.0036741945119620513,0.008384041888831503,True,86,4096,0.02099609375,1.2423552334076933
8,276,0.007677921678620936,0.016913815251764726,True,86,4096,0.02099609375,1.2423552334076933
8,277,0.006752439559447835,0.017574499214775885,False,85,4096,0.020751953125,1.2423552334076933
8,278,0.006669198949142234,0.014525591815456457,True,88,4096,0.021484375,1.2423552334076933
8,279,0.005945180124404318,0.015309494446049631,False,86,4096,0.02099609375,1.2423552334076933
8,280,0.006237675283977934,0.017394439573795703,False,87,4096,0.021240234375,1.2423552334076933
8,281,0.005560679205494303,0.012505538109757325,True,82,4096,0.02001953125,1.2423552334076933
8,282,0.004483253063613177,0.011174829637824901,True,85,4096,0.020751953125,1.2423552334076933
8,283,0.006488764961230695,0.010621485987882553,True,84,4096,0.0205078125,1.2423552334076933
8,284,0.006227598289597642,0.01152158359888815,True,83,4096,0.020263671875,1.2423552334076933
8,285,0.0030436450866386413,0.006695235323314643,True,86,4096,0.02099609375,1.2423552334076933
8,286,0.0034722279506746835,0.0059995801679352465,True,86,4096,0.02099609375,1.2423552334076933
8,287,0.004623985807099631,0.011476523045155937,True,87,4096,0.021240234375,1.2423552334076933
8,288,0.010754197902005824,0.02385556228237233,False,79,4096,0.019287109375,1.2423552334076933
8,289,0.006476218715862886,0.013749124469214821,False,87,4096,0.021240234375,1.2423552334076933
8,290,0.009198572325002728,0.016882093161587855,False,85,4096,0.020751953125,1.2423552334076933
8,291,0.004578091695764885,0.008317309551239611,True,86,4096,0.02099609375,1.2423552334076933
8,292,0.005445678571870368,0.008820890647918272,False,84,4096,0.0205078125,1.2423552334076933
8,293,0.0045045496816190495,0.00877807159384876,True,85,4096,0.020751953125,1.2423552334076933
8,294,0.0073527864926092685,0.01723183606022291,False,85,4096,0.020751953125,1.2423552334076933
8,295,0.0054265889663171595,0.011097823400391449,True,87,4096,0.021240234375,1.2423552334076933
8,296,0.011604303901772986,0.028604488182418085,True,82,4096,0.02001953125,1.2423552334076933
8,297,0.003448473666224557,0.007694559871406902,True,85,4096,0.020751953125,1.2423552334076933
8,298,0.004477156546917648,0.008544520570490544,False,86,4096,0.02099609375,1.2423552334076933
8,299,0.004708383074997643,0.012496099654098793,True,85,4096,0.020751953125,1.2423552334076933
8,300,0.006105289183005957,0.01573563509993732,True,85,4096,0.020751953125,1.2423552334076933
8,301,0.0034109591492698377,0.008827420093283155,True,86,4096,0.02099609375,1.2423552334076933
8,302,0.003995648051576264,0.008333574418353272,True,86,4096,0.02099609375,1.2423552334076933
8,303,0.004322752519352149,0.009290664926175168,True,86,4096,0.02099609375,1.2423552334076933
8,304,0.00861290623359282,0.018141446301619582,False,87,4096,0.021240234375,1.2423552334076933
8,305,0.003568669065967604,0.008138344122245462,True,84,4096,0.0205078125,1.2423552334076933
8,306,0.008282128134723727,0.014976195122933425,False,86,4096,0.02099609375,1.2423552334076933
8,307,0.007750991658461815,0.014912352143761909,True,84,4096,0.0205078125,1.2423552334076933
8,308,0.006313917192488205,0.014650171446903282,False,84,4096,0.0205078125,1.2423552334076933
8,309,0.005760654356132449,0.014176135211027424,False,87,4096,0.021240234375,1.2423552334076933
8,310,0.0028059964179009762,0.00661978323119561,True,86,4096,0.02099609375,1.2423552334076933
8,311,0.004383222171113144,0.006672756872755363,True,84,4096,0.0205078125,1.2423552334076933
8,312,0.004267308487534534,0.00840355572078244,True,85,4096,0.020751953125,1.2423552334076933
8,313,0.004867166089502965,0.008889099923752086,True,85,4096,0.020751953125,1.2423552334076933
8,314,0.00489414279988134,0.009050900410361516,True,87,4096,0.021240234375,1.2423552334076933
8,315,0.004268271435324609,0.009876414630699208,True,86,4096,0.02099609375,1.2423552334076933
8,316,0.0056062985297921225,0.012168593179926274,False,84,4096,0.0205078125,1.2423552334076933
8,317,0.0033875916431750897,0.007378667624513599,True,86,4096,0.02099609375,1.2423552334076933
8,318,0.002923173670014064,0.006210378998677907,True,86,4096,0.02099609375,1.2423552334076933
8,319,0.005903056857891998,0.011537831551005968,False,86,4096,0.02099609375,1.2423552334076933
8,320,0.006599605633075303,0.013255116078759815,True,87,4096,0.021240234375,1.2423552334076933
8,321,0.007210186887080837,0.014510077457458442,False,84,4096,0.0205078125,1.2423552334076933
8,322,0.005446835908406947,0.010561621416300425,True,87,4096,0.021240234375,1.2423552334076933
8,323,0.006146340382001879,0.014851175301348218,False,84,4096,0.0205078125,1.2423552334076933
8,324,0.005647885119380864,0.010500424375267589,False,85,4096,0.020751953125,1.2423552334076933
8,325,0.006683207404063173,0.01656764654642813,False,84,4096,0.0205078125,1.2423552334076933
8,326,0.007401152579488798,0.014800891509550357,True,85,4096,0.020751953125,1.2423552334076933
8,327,0.009189310338825933,0.01756815151623059,False,84,4096,0.0205078125,1.2423552334076933
8,328,0.00490142519103463,0.009965414960211479,True,85,4096,0.020751953125,1.2423552334076933
8,329,0.0064211883336552904,0.015629484917218474,True,86,4096,0.02099609375,1.2423552334076933
8,330,0.007642959116882977,0.019228229517964157,False,82,4096,0.02001953125,1.2423552334076933
8,331,0.004263072828661138,0.007861698692338728,False,88,4096,0.021484375,1.2423552334076933
8,332,0.004609599987847246,0.01301096273038832,True,83,4096,0.020263671875,1.2423552334076933
8,333,0.0060669602501963685,0.012863083123329844,True,85,4096,0.020751953125,1.2423552334076933
8,334,0.004274275615228555,0.008424525076569253,True,85,4096,0.020751953125,1.2423552334076933
8,335,0.004687078843959505,0.009111417754089343,False,85,4096,0.020751953125,1.2423552334076933
8,336,0.005179165427926433,0.01117710936528804,True,87,4096,0.021240234375,1.2423552334076933
8,337,0.007322799362186151,0.015598342960931377,True,85,4096,0.020751953125,1.2423552334076933
8,338,0.005778715067585696,0.01197768395299238,True,85,4096,0.020751953125,1.2423552334076933
8,339,0.007108175219733537,0.015533464303477032,False,85,4096,0.020751953125,1.2423552334076933
8,340,0.005215600788115093,0.0109693320022336,False,84,4096,0.0205078125,1.2423552334076933
8,341,0.006395754602869973,0.01220927540190793,False,85,4096,0.020751953125,1.2423552334076933
8,342,0.005510940830598469,0.00981447870630138,False,87,4096,0.021240234375,1.2423552334076933
8,343,0.003575606240285176,0.007103541167153967,True,84,4096,0.0205078125,1.2423552334076933
8,344,0.010299034499881737,0.02492700638259615,False,86,4096,0.02099609375,1.2423552334076933
8,345,0.006314638410466455,0.012975355983691539,False,86,4096,0.02099609375,1.2423552334076933
8,346,0.007430656133559332,0.01983068062822066,True,88,4096,0.021484375,1.2423552334076933
8,347,0.0045142475038669385,0.009480279664564759,False,87,4096,0.021240234375,1.2423552334076933
8,348,0.0078509094313178,0.02104194077724253,False,87,4096,0.021240234375,1.2423552334076933
8,349,0.00891014700760201,0.01643103493032995,False,84,4096,0.0205078125,1.2423552334076933
8,350,0.004214496483652539,0.008290986556704155,True,86,4096,0.02099609375,1.2423552334076933
8,351,0.003773168182143507,0.0077858584895363625,True,87,4096,0.021240234375,1.2423552334076933
8,352,0.004960418886250072,0.009918071760168404,True,85,4096,0.020751953125,1.2423552334076933
8,353,0.009745685015004087,0.02434799767240208,True,82,4096,0.02001953125,1.2423552334076933
8,354,0.009212940252354205,0.02178157337116083,True,87,4096,0.021240234375,1.2423552334076933
8,355,0.007459620681293682,0.013388545842695693,False,86,4096,0.02099609375,1.2423552334076933
8,356,0.009410625551490682,0.02345284801529117,False,84,4096,0.0205078125,1.2423552334076933
8,357,0.005429783823593595,0.011559527318994602,True,86,4096,0.02099609375,1.2423552334076933
8,358,0.005548261907705421,0.01171472354149869,True,87,4096,0.021240234375,1.2423552334076933
8,359,0.010325717499966056,0.025369875378025708,False,82,4096,0.02001953125,1.2423552334076933
8,360,0.008703922100751677,0.021987112809311676,False,85,4096,0.020751953125,1.2423552334076933
8,361,0.007763291110289808,0.01683478934595592,False,83,4096,0.020263671875,1.2423552334076933
8,362,0.004118574335284759,0.007453194954419972,True,82,4096,0.02001953125,1.2423552334076933
8,363,0.008001052876692782,0.01762797801850284,True,81,4096,0.019775390625,1.2423552334076933
8,364,0.004895312081248112,0.011511317237832344,True,86,4096,0.02099609375,1.2423552334076933
8,365,0.004503138861526551,0.009102950336392631,False,85,4096,0.020751953125,1.2423552334076933
8,366,0.006242539603470083,0.011047839908560078,True,83,4096,0.020263671875,1.2423552334076933
8,367,0.009899306559423298,0.022350117863975325,False,85,4096,0.020751953125,1.2423552334076933
8,368,0.0033974604954289654,0.004627814029093104,True,82,4096,0.02001953125,1.2423552334076933
8,369,0.008865470004178581,0.017904299485838694,False,79,4096,0.019287109375,1.2423552334076933
8,370,0.0036273896688731816,0.009199739563032494,False,85,4096,0.020751953125,1.2423552334076933
8,371,0.007590924588368027,0.01713638196697799,True,85,4096,0.020751953125,1.2423552334076933
8,372,0.008914727076015089,0.02026347859420405,True,83,4096,0.020263671875,1.2423552334076933
8,373,0.0027319261704085236,0.005559617720100631,True,84,4096,0.0205078125,1.2423552334076933
8,374,0.006858437267334359,0.011824591882526804,False,83,4096,0.020263671875,1.2423552334076933
8,375,0.001900799434789056,0.0042572313308797925,True,85,4096,0.020751953125,1.2423552334076933
8,376,0.006994281237799726,0.014460859058238337,True,82,4096,0.02001953125,1.2423552334076933
8,377,0.005388796253557599,0.011272644239347263,True,88,4096,0.021484375,1.2423552334076933
8,378,0.009888033788283367,0.028436251634767422,True,85,4096,0.020751953125,1.2423552334076933
8,379,0.004754943473322788,0.009453815064558072,True,87,4096,0.021240234375,1.2423552334076933
8,380,0.004635777913903625,0.011911024765514963,True,84,4096,0.0205078125,1.2423552334076933
8,381,0.003606535649461903,0.009182066207609273,True,86,4096,0.02099609375,1.2423552334076933
8,382,0.006940076640683291,0.016062768606736652,False,84,4096,0.0205078125,1.2423552334076933
8,383,0.013785690726965751,0.03494054256805608,False,81,4096,0.019775390625,1.2423552334076933
8,384,0.009826781211956273,0.023820961029444324,True,85,4096,0.020751953125,1.2423552334076933
8,385,0.0030388669889677266,0.006734487563460456,True,86,4096,0.02099609375,1.2423552334076933
8,386,0.007074985638442404,0.015232143046639966,False,83,4096,0.020263671875,1.2423552334076933
8,387,0.004692613333362918,0.00958049628061168,False,85,4096,0.020751953125,1.2423552334076933
8,388,0.006675518697372313,0.013124764918878297,False,88,4096,0.021484375,1.2423552334076933
8,389,0.0038139603667572785,0.006403256995006365,True,81,4096,0.019775390625,1.2423552334076933
8,390,0.00847404775940047,0.019797996632618525,True,82,4096,0.02001953125,1.2423552334076933
8,391,0.004859588748995272,0.013186948691638778,True,85,4096,0.020751953125,1.2423552334076933
8,392,0.008420096555451213,0.020450906374802326,True,82,4096,0.02001953125,1.2423552334076933
8,393,0.006157964763697098,0.01471758097085031,True,83,4096,0.020263671875,1.2423552334076933
8,394,0.006319167538476599,0.013428751387954678,True,87,4096,0.021240234375,1.2423552334076933
8,395,0.0052520424825636906,0.011094187085390245,True,82,4096,0.02001953125,1.2423552334076933
8,396,0.006731025579195027,0.01580534635705,False,86,4096,0.02099609375,1.2423552334076933
8,397,0.004799427425192914,0.009335215657782933,True,87,4096,0.021240234375,1.2423552334076933
8,398,0.003628210404857936,0.00642286148913445,True,81,4096,0.019775390625,1.2423552334076933
8,399,0.006067696305308637,0.014878837449921647,True,85,4096,0.020751953125,1.2423552334076933
16,0,0.0034394563831091685,0.0055560209867949115,True,158,4096,0.03857421875,0.878477810185176
16,1,0.003952694971038431,0.005992218035877281,True,154,4096,0.03759765625,0.878477810185176
16,2,0.004438130759288941,0.01121609668169489,True,158,4096,0.03857421875,0.878477810185176
16,3,0.0024875798234564087,0.005304180583135188,True,162,4096,0.03955078125,0.878477810185176
16,4,0.005480996464844829,0.011793729228788921,False,161,4096,0.039306640625,0.878477810185176
16,5,0.004214721970588711,0.007417812021424122,True,155,4096,0.037841796875,0.878477810185176
16,6,0.005107536787481319,0.011806134763022016,False,159,4096,0.038818359375,0.878477810185176
16,7,0.00929947951044762,0.023371956107456966,False,162,4096,0.03955078125,0.878477810185176
16,8,0.0037816440773551425,0.006781827485913078,True,160,4096,0.0390625,0.878477810185176
16,9,0.007459764694973195,0.016305573368033927,False,164,4096,0.0400390625,0.878477810185176
16,10,0.005388171074572772,0.009286125831188256,True,153,4096,0.037353515625,0.878477810185176
16,11,0.00726218892084164,0.01518613857556017,False,159,4096,0.038818359375,0.878477810185176
16,12,0.0038278797820397144,0.007934895366514795,True,158,4096,0.03857421875,0.878477810185176
16,13,0.00280863341225372,0.007138777156183813,True,155,4096,0.037841796875,0.878477810185176
16,14,0.006079126043234489,0.014835405406394081,False,157,4096,0.038330078125,0.878477810185176
16,15,0.0056072209237342996,0.012049657910490522,False,160,4096,0.0390625,0.878477810185176
16,16,0.007462552927113793,0.01710893769798924,False,161,4096,0.039306640625,0.878477810185176
16,17,0.003094922629324095,0.004801311132580453,True,162,4096,0.03955078125,0.878477810185176
16,18,0.003831692235618338,0.009007493492230095,True,156,4096,0.0380859375,0.878477810185176
16,19,0.003295538190896365,0.005843424409283815,True,159,4096,0.038818359375,0.878477810185176
16,20,0.003597898954808886,0.007328249441051187,True,155,4096,0.037841796875,0.878477810185176
16,21,0.004998939223403792,0.010227918789733823,False,157,4096,0.038330078125,0.878477810185176
16,22,0.001983573870937193,0.004658943952506489,True,161,4096,0.039306640625,0.878477810185176
16,23,0.003164308730848316,0.005984116693804983,True,163,4096,0.039794921875,0.878477810185176
16,24,0.004989160307429338,0.013524380661100704,False,152,4096,0.037109375,0.878477810185176
16,25,0.005141231816107991,0.009978801780466104,False,163,4096,0.039794921875,0.878477810185176
16,26,0.0023149694397594373,0.005006419040966433,True,163,4096,0.039794921875,0.878477810185176
16,27,0.004627100542246208,0.010927858054811668,True,160,4096,0.0390625,0.878477810185176
16,28,0.0031615985134178623,0.00748341858523896,True,160,4096,0.0390625,0.878477810185176
16,29,0.004119540958774895,0.007786509402778419,True,156,4096,0.0380859375,0.878477810185176
16,30,0.0034454615315489194,0.007507432571245851,True,152,4096,0.037109375,0.878477810185176
16,31,0.00593628342161108,0.01594502815103893,False,156,4096,0.0380859375,0.878477810185176
16,32,0.006096790003131457,0.01545993743453157,True,159,4096,0.038818359375,0.878477810185176
16,33,0.005319268129623894,0.01330140906140475,False,162,4096,0.03955078125,0.878477810185176
16,34,0.0023209353746913917,0.005035672479978097,True,157,4096,0.038330078125,0.878477810185176
16,35,0.0053247965029013045,0.009950932339045607,True,159,4096,0.038818359375,0.878477810185176
16,36,0.008800121815518513,0.02095096924492995,False,162,4096,0.03955078125,0.878477810185176
16,37,0.0025810254739022523,0.004850731872818162,True,158,4096,0.03857421875,0.878477810185176
16,38,0.003921322134375868,0.008516083872040392,True,162,4096,0.03955078125,0.878477810185176
16,39,0.004070546246178775,0.012211195431495653,False,156,4096,0.0380859375,0.878477810185176
16,40,0.003213529127931229,0.008600182082302926,False,163,4096,0.039794921875,0.878477810185176
16,41,0.005507391807573669,0.011166452171246621,True,164,4096,0.0400390625,0.878477810185176
16,42,0.00562523672047286,0.012980877378098513,True,156,4096,0.0380859375,0.878477810185176
16,43,0.003378106641313741,0.006194970987825902,True,159,4096,0.038818359375,0.878477810185176
16,44,0.0037775533559273973,0.0071518377903713876,True,152,4096,0.037109375,0.878477810185176
16,45,0.0032830610545515958,0.007210644630862531,True,159,4096,0.038818359375,0.878477810185176
16,46,0.004209584889856801,0.009394521647745097,False,156,4096,0.0380859375,0.878477810185176
16,47,0.006888682588696371,0.012470400724809212,False,159,4096,0.038818359375,0.878477810185176
16,48,0.0032263995221225566,0.008063448276438394,True,151,4096,0.036865234375,0.878477810185176
16,49,0.0037037832060974065,0.005587017377822023,True,158,4096,0.03857421875,0.878477810185176
16,50,0.004381417301895747,0.007908216700867568,True,154,4096,0.03759765625,0.878477810185176
16,51,0.004543181381878423,0.008569749677975233,True,161,4096,0.039306640625,0.878477810185176
16,52,0.008255653518895545,0.020604034671680024,False,159,4096,0.038818359375,0.878477810185176
16,53,0.0020491829960247476,0.004123729559938106,True,163,4096,0.039794921875,0.878477810185176
16,54,0.002957033034842185,0.006778755384302948,True,159,4096,0.038818359375,0.878477810185176
16,55,0.002947416708807868,0.005209503014940428,True,159,4096,0.038818359375,0.878477810185176
16,56,0.007574342356119014,0.019414817395558087,False,152,4096,0.037109375,0.878477810185176
16,57,0.004713164164795394,0.011331151379979199,False,154,4096,0.03759765625,0.878477810185176
16,58,0.006673994592142391,0.013054961964326886,True,162,4096,0.03955078125,0.878477810185176
16,59,0.002760083327952047,0.005245695394451855,True,162,4096,0.03955078125,0.878477810185176
16,60,0.0043162132814566915,0.008544299363966473,False,156,4096,0.0380859375,0.878477810185176
16,61,0.003174919687884216,0.007412181295046574,True,161,4096,0.039306640625,0.878477810185176
16,62,0.004854436944931402,0.011734437009520586,True,159,4096,0.038818359375,0.878477810185176
16,63,0.005741746848969385,0.011510161004961106,False,153,4096,0.037353515625,0.878477810185176
16,64,0.0046035889244725745,0.010063839168902279,True,159,4096,0.038818359375,0.878477810185176
16,65,0.002601140319430777,0.005782992370072987,True,159,4096,0.038818359375,0.878477810185176
16,66,0.0031797469018748268,0.00666965098204346,True,159,4096,0.038818359375,0.878477810185176
16,67,0.003392057620754366,0.00819760557206671,False,150,4096,0.03662109375,0.878477810185176
16,68,0.0033544081926147515,0.008108466068649123,True,155,4096,0.037841796875,0.878477810185176
16,69,0.0030753587128657727,0.005223484029263037,True,159,4096,0.038818359375,0.878477810185176
16,70,0.004364176937855019,0.012267176671803055,True,161,4096,0.039306640625,0.878477810185176
16,71,0.005352809905245872,0.015885087746040624,False,156,4096,0.0380859375,0.878477810185176
16,72,0.004686365776592732,0.009621842957959113,True,160,4096,0.0390625,0.878477810185176
16,73,0.0026567813483543063,0.005030572878535741,True,161,4096,0.039306640625,0.878477810185176
16,74,0.0064782062001395605,0.014100776651024528,True,153,4096,0.037353515625,0.878477810185176
16,75,0.0026677802983834883,0.005311951871829562,True,157,4096,0.038330078125,0.878477810185176
16,76,0.002280397323836289,0.004845062785497456,True,161,4096,0.039306640625,0.878477810185176
16,77,0.0029223153629035453,0.006530655064322682,True,157,4096,0.038330078125,0.878477810185176
16,78,0.002936598433323056,0.0052254913356532574,True,155,4096,0.037841796875,0.878477810185176
16,79,0.002709211932689365,0.006331853040016475,True,165,4096,0.040283203125,0.878477810185176
16,80,0.0018913214244174622,0.005172741413252392,True,160,4096,0.0390625,0.878477810185176
16,81,0.004499822091607408,0.008433838950063076,False,157,4096,0.038330078125,0.878477810185176
16,82,0.00574102282877243,0.015391310013920176,False,160,4096,0.0390625,0.878477810185176
16,83,0.003904080396745504,0.008083431731050333,True,159,4096,0.038818359375,0.878477810185176
16,84,0.0049613442426811975,0.01145898234375145,True,159,4096,0.038818359375,0.878477810185176
16,85,0.007989447907906753,0.020880886536018363,True,162,4096,0.03955078125,0.878477810185176
16,86,0.004102814194105808,0.009317154297968186,True,162,4096,0.03955078125,0.878477810185176
16,87,0.007906683055044699,0.018255322733869858,False,159,4096,0.038818359375,0.878477810185176
16,88,0.004730868558493548,0.00812273800479324,True,158,4096,0.03857421875,0.878477810185176
16,89,0.00567452063816023,0.013756739566616605,True,157,4096,0.038330078125,0.878477810185176
16,90,0.00568205400313781,0.013433474514859219,False,154,4096,0.03759765625,0.878477810185176
16,91,0.0028859860331629152,0.005083975534945773,True,159,4096,0.038818359375,0.878477810185176
16,92,0.0030581668464929913,0.006022838179995257,True,159,4096,0.038818359375,0.878477810185176
16,93,0.0033828684246363845,0.006833306282673701,True,155,4096,0.037841796875,0.878477810185176
16,94,0.006255766912651913,0.012962743219881445,False,155,4096,0.037841796875,0.878477810185176
16,95,0.006052747599938219,0.014179046855871943,True,158,4096,0.03857421875,0.878477810185176
16,96,0.0045659600589371165,0.009809032204158637,True,158,4096,0.03857421875,0.878477810185176
16,97,0.003928533227053079,0.008275237906928731,False,159,4096,0.038818359375,0.878477810185176
16,98,0.006880067769253048,0.017406542161351027,False,160,4096,0.0390625,0.878477810185176
16,99,0.003705908055666601,0.007263840547942525,False,162,4096,0.03955078125,0.878477810185176
16,100,0.007032466126880958,0.0137900567771235,False,156,4096,0.0380859375,0.878477810185176
16,101,0.0047611618562052645,0.009363268972491443,False,158,4096,0.03857421875,0.878477810185176
16,102,0.005431251432728461,0.0143755608629927,False,156,4096,0.0380859375,0.878477810185176
16,103,0.0038526836590742027,0.008480033877879309,True,157,4096,0.038330078125,0.878477810185176
16,104,0.002252768944389295,0.004611232471967604,True,154,4096,0.03759765625,0.878477810185176
16,105,0.004397864661444201,0.011178614769260242,True,157,4096,0.038330078125,0.878477810185176
16,106,0.004157013797256046,0.009977342436250744,True,158,4096,0.03857421875,0.878477810185176
16,107,0.005126365416517814,0.011663239072690415,True,153,4096,0.037353515625,0.878477810185176
16,108,0.004416103576430501,0.010897850348845994,True,158,4096,0.03857421875,0.878477810185176
16,109,0.002944029759848521,0.004991902149684396,True,165,4096,0.040283203125,0.878477810185176
16,110,0.004083629884032909,0.010809907656409434,True,162,4096,0.03955078125,0.878477810185176
16,111,0.005509761419521718,0.010429322586930329,False,161,4096,0.039306640625,0.878477810185176
16,112,0.0037890492790737047,0.008669982059526425,True,164,4096,0.0400390625,0.878477810185176
16,113,0.0030632011925445617,0.005913772038061028,True,158,4096,0.03857421875,0.878477810185176
16,114,0.005041213245084089,0.010758143173042668,True,160,4096,0.0390625,0.878477810185176
16,115,0.003905836649982778,0.009115285027182937,True,157,4096,0.038330078125,0.878477810185176
16,116,0.003834214294032022,0.007536121738471284,True,156,4096,0.0380859375,0.878477810185176
16,117,0.0027881023350837036,0.006450330967941217,True,161,4096,0.039306640625,0.878477810185176
16,118,0.004920806035936877,0.007755861855886434,True,162,4096,0.03955078125,0.878477810185176
16,119,0.006412504389000368,0.015471353773740412,False,153,4096,0.037353515625,0.878477810185176
16,120,0.004073449745982447,0.008895052639134607,False,154,4096,0.03759765625,0.878477810185176
16,121,0.0020578985143303876,0.004625705712787163,True,162,4096,0.03955078125,0.878477810185176
16,122,0.007437968927611017,0.01850668806365295,False,161,4096,0.039306640625,0.878477810185176
16,123,0.0022081565678290322,0.004276265813970399,True,161,4096,0.039306640625,0.878477810185176
16,124,0.004081675460242446,0.011018583758903355,False,158,4096,0.03857421875,0.878477810185176
16,125,0.003878258777242401,0.007010218447492708,True,157,4096,0.038330078125,0.878477810185176
16,126,0.0030331048748871454,0.007540215485280943,True,155,4096,0.037841796875,0.878477810185176
16,127,0.0062002319614722435,0.013271505870728999,True,157,4096,0.038330078125,0.878477810185176
16,128,0.0029167806292954837,0.005964873570609527,True,158,4096,0.03857421875,0.878477810185176
16,129,0.006059637429867168,0.013890349379394276,False,157,4096,0.038330078125,0.878477810185176
16,130,0.003366341766203075,0.006576571583078842,True,155,4096,0.037841796875,0.878477810185176
16,131,0.0027506847600995694,0.0054456434585309806,True,160,4096,0.0390625,0.878477810185176
16,132,0.0031327297497397897,0.005363736385736062,True,158,4096,0.03857421875,0.878477810185176
16,133,0.0030554431507256296,0.006914684660857838,True,162,4096,0.03955078125,0.878477810185176
16,134,0.006402575556111123,0.013047694753400771,False,161,4096,0.039306640625,0.878477810185176
16,135,0.003011992789763839,0.006915526964180907,True,159,4096,0.038818359375,0.878477810185176
16,136,0.002684314903935264,0.005183537750949395,True,160,4096,0.0390625,0.878477810185176
16,137,0.006698214662437033,0.016388548271981634,False,155,4096,0.037841796875,0.878477810185176
16,138,0.003324402415399103,0.006648165991462465,True,159,4096,0.038818359375,0.878477810185176
16,139,0.0035802200576431527,0.007108997106537875,True,161,4096,0.039306640625,0.878477810185176
16,140,0.004290001722843062,0.008765398264328983,False,157,4096,0.038330078125,0.878477810185176
16,141,0.0030553330375116014,0.006999979696199227,True,156,4096,0.0380859375,0.878477810185176
16,142,0.007458288562536449,0.016330136250080465,False,157,4096,0.038330078125,0.878477810185176
16,143,0.005187202940617695,0.011207996570359487,True,160,4096,0.0390625,0.878477810185176
16,144,0.005365869977604279,0.011260312402421074,True,156,4096,0.0380859375,0.878477810185176
16,145,0.004587213237858043,0.011494033169662854,False,155,4096,0.037841796875,0.878477810185176
16,146,0.004713582819164861,0.010378164548332847,True,160,4096,0.0390625,0.878477810185176
16,147,0.006316496766390586,0.014477654880993868,False,162,4096,0.03955078125,0.878477810185176
16,148,0.003737051988955479,0.00818464282705051,True,159,4096,0.038818359375,0.878477810185176
16,149,0.008254911942807554,0.01840297443989125,False,152,4096,0.037109375,0.878477810185176
16,150,0.004112929083514398,0.010955803184960283,True,158,4096,0.03857421875,0.878477810185176
16,151,0.004873188327394142,0.012454269285256878,False,160,4096,0.0390625,0.878477810185176
16,152,0.004304816805297482,0.008281332438617589,True,159,4096,0.038818359375,0.878477810185176
16,153,0.0015330134943798907,0.0033983091754335275,True,163,4096,0.039794921875,0.878477810185176
16,154,0.0035317281927633093,0.008100445925032694,True,159,4096,0.038818359375,0.878477810185176
16,155,0.004273670184132878,0.008331770432348715,True,155,4096,0.037841796875,0.878477810185176
16,156,0.0024146670540912724,0.004516346491727552,True,159,4096,0.038818359375,0.878477810185176
16,157,0.004794703889270255,0.011843582822948326,True,159,4096,0.038818359375,0.878477810185176
16,158,0.0030342179341991916,0.006276115975290833,True,159,4096,0.038818359375,0.878477810185176
16,159,0.004053101345995533,0.008225160103051896,True,161,4096,0.039306640625,0.878477810185176
16,160,0.0023135758834951447,0.0040941572897865465,True,161,4096,0.039306640625,0.878477810185176
16,161,0.003519087910392591,0.006754325319948379,True,158,4096,0.03857421875,0.878477810185176
16,162,0.003967018613705601,0.009165669326427033,True,163,4096,0.039794921875,0.878477810185176
16,163,0.010289540895216193,0.026395234597840767,False,157,4096,0.038330078125,0.878477810185176
16,164,0.007100076233956978,0.018260226301219783,True,161,4096,0.039306640625,0.878477810185176
16,165,0.0051536781868635985,0.012076649237566892,True,154,4096,0.03759765625,0.878477810185176
16,166,0.002027983385395528,0.0039077161419766165,True,160,4096,0.0390625,0.878477810185176
16,167,0.0032941447456066846,0.00761425966834578,True,160,4096,0.0390625,0.878477810185176
16,168,0.0024467556540883994,0.004606475853571733,True,158,4096,0.03857421875,0.878477810185176
16,169,0.006096954058344614,0.011520320258528942,True,159,4096,0.038818359375,0.878477810185176
16,170,0.0062599333177651845,0.014303964830502627,False,160,4096,0.0390625,0.878477810185176
16,171,0.0033612167820942706,0.005563225966334708,True,158,4096,0.03857421875,0.878477810185176
16,172,0.001612285654819439,0.003454251243927481,True,162,4096,0.03955078125,0.878477810185176
16,173,0.004879711946329396,0.008869797178652258,False,157,4096,0.038330078125,0.878477810185176
16,174,0.003547577035037206,0.006829801593198747,True,160,4096,0.0390625,0.878477810185176
16,175,0.0036058220608183233,0.006457415703527078,True,159,4096,0.038818359375,0.878477810185176
16,176,0.0032978243331489754,0.006904075948928647,True,161,4096,0.039306640625,0.878477810185176
16,177,0.00503573886937126,0.009052595428152857,True,161,4096,0.039306640625,0.878477810185176
16,178,0.003516305646365473,0.00801576235419138,True,164,4096,0.0400390625,0.878477810185176
16,179,0.0036246265904782927,0.008994396891060102,True,160,4096,0.0390625,0.878477810185176
16,180,0.005141476094586227,0.011945784162938691,True,159,4096,0.038818359375,0.878477810185176
16,181,0.005969083028778008,0.015012166147484157,True,160,4096,0.0390625,0.878477810185176
16,182,0.0025236903111741237,0.0054476253850285795,True,159,4096,0.038818359375,0.878477810185176
16,183,0.005600706178518362,0.01278635639526661,True,161,4096,0.039306640625,0.878477810185176
16,184,0.004089259213434728,0.008058112124165198,True,156,4096,0.0380859375,0.878477810185176
16,185,0.002221619373028423,0.00393846080654571,True,162,4096,0.03955078125,0.878477810185176
16,186,0.004351913194855956,0.009185467741778641,True,158,4096,0.03857421875,0.878477810185176
16,187,0.0037193285845969976,0.008501786356171909,True,159,4096,0.038818359375,0.878477810185176
16,188,0.0051290517377224395,0.014929868889104941,False,159,4096,0.038818359375,0.878477810185176
16,189,0.003276128797405897,0.006596560275570908,True,163,4096,0.039794921875,0.878477810185176
16,190,0.0022515000827574806,0.004411448421570804,True,161,4096,0.039306640625,0.878477810185176
16,191,0.002507612716589397,0.004608570025369546,True,151,4096,0.036865234375,0.878477810185176
16,192,0.004635362120475925,0.009887062475695749,True,160,4096,0.0390625,0.878477810185176
16,193,0.006698311462262681,0.014427023265006361,True,160,4096,0.0390625,0.878477810185176
16,194,0.003253644993183913,0.005590818106421466,True,162,4096,0.03955078125,0.878477810185176
16,195,0.004159178751593861,0.01055950174453809,True,159,4096,0.038818359375,0.878477810185176
16,196,0.006188254338941672,0.015197390350094056,False,158,4096,0.03857421875,0.878477810185176
16,197,0.0025497002565729376,0.006091076791326911,True,164,4096,0.0400390625,0.878477810185176
16,198,0.002745126851368059,0.006682151925128166,True,158,4096,0.03857421875,0.878477810185176
16,199,0.004419353116172625,0.010371675894979164,True,160,4096,0.0390625,0.878477810185176
16,200,0.004951709351621603,0.01152105792536326,True,163,4096,0.039794921875,0.878477810185176
16,201,0.005066031411157494,0.011729131480876148,True,160,4096,0.0390625,0.878477810185176
16,202,0.0029615050015071227,0.005681779082195845,True,159,4096,0.038818359375,0.878477810185176
16,203,0.0021745598823578417,0.004733432549251196,True,159,4096,0.038818359375,0.878477810185176
16,204,0.0032067470904486475,0.005175221309997952,True,160,4096,0.0390625,0.878477810185176
16,205,0.0028212688184883913,0.00591675437857378,True,161,4096,0.039306640625,0.878477810185176
16,206,0.002952644540021161,0.0069094672568818655,True,165,4096,0.040283203125,0.878477810185176
16,207,0.006531423271396935,0.01659935608858293,False,162,4096,0.03955078125,0.878477810185176
16,208,0.0035384245028456823,0.008410357959338588,True,157,4096,0.038330078125,0.878477810185176
16,209,0.0026874289913287816,0.0054033310211312365,True,160,4096,0.0390625,0.878477810185176
16,210,0.003533416309392027,0.005654543673777351,True,152,4096,0.037109375,0.878477810185176
16,211,0.0039560743071992595,0.006887499216552975,True,156,4096,0.0380859375,0.878477810185176
16,212,0.0035893941031421694,0.006093604525935228,True,162,4096,0.03955078125,0.878477810185176
16,213,0.0052767949709610585,0.01330738361637876,False,159,4096,0.038818359375,0.878477810185176
16,214,0.004213362447630272,0.008947092180796729,True,158,4096,0.03857421875,0.878477810185176
16,215,0.007058126832818074,0.016656287944311912,False,158,4096,0.03857421875,0.878477810185176
16,216,0.0034498389188576117,0.008696077508615827,True,159,4096,0.038818359375,0.878477810185176
16,217,0.007636976385074535,0.01768190794189979,False,155,4096,0.037841796875,0.878477810185176
16,218,0.004217520512739859,0.007899886818258345,False,159,4096,0.038818359375,0.878477810185176
16,219,0.004637613073816418,0.01230866968845623,True,157,4096,0.038330078125,0.878477810185176
16,220,0.002259406080783782,0.003792709493498976,True,160,4096,0.0390625,0.878477810185176
16,221,0.004242020157147022,0.0071827147025811874,False,158,4096,0.03857421875,0.878477810185176
16,222,0.004223875875523545,0.009154634819715277,True,158,4096,0.03857421875,0.878477810185176
16,223,0.005887407102702264,0.014900454353623874,True,162,4096,0.03955078125,0.878477810185176
16,224,0.0035047819979928613,0.008860143170850543,True,156,4096,0.0380859375,0.878477810185176
16,225,0.005891646445084038,0.016040101534872557,False,161,4096,0.039306640625,0.878477810185176
16,226,0.006600739882428767,0.015087400175264762,False,160,4096,0.0390625,0.878477810185176
16,227,0.0029226121053300205,0.007500423949474075,True,159,4096,0.038818359375,0.878477810185176
16,228,0.004031614670664773,0.009309552074094923,False,160,4096,0.0390625,0.878477810185176
16,229,0.004112859124877807,0.009377996329980293,False,159,4096,0.038818359375,0.878477810185176
16,230,0.002626928198708708,0.004607739258197432,True,159,4096,0.038818359375,0.878477810185176
16,231,0.0033357661427207037,0.007705010178004221,True,158,4096,0.03857421875,0.878477810185176
16,232,0.0030056717040012663,0.006668853037923993,True,167,4096,0.040771484375,0.878477810185176
16,233,0.002370497665297737,0.006154543465178686,True,164,4096,0.0400390625,0.878477810185176
16,234,0.0057199588734776095,0.012301539708241702,False,158,4096,0.03857421875,0.878477810185176
16,235,0.004590336606782554,0.01022252459697394,True,159,4096,0.038818359375,0.878477810185176
16,236,0.002801539364058376,0.006191449251395489,True,156,4096,0.0380859375,0.878477810185176
16,237,0.0036512351174017082,0.009293935835621284,True,156,4096,0.0380859375,0.878477810185176
16,238,0.005370455021127644,0.012294660914597591,False,161,4096,0.039306640625,0.878477810185176
16,239,0.0030806022696494,0.005520179722832169,True,156,4096,0.0380859375,0.878477810185176
16,240,0.0032241618833939887,0.005420151209389802,True,162,4096,0.03955078125,0.878477810185176
16,241,0.004331736558326458,0.007595907399623514,True,156,4096,0.0380859375,0.878477810185176
16,242,0.003055965917623817,0.004589804726046476,True,157,4096,0.038330078125,0.878477810185176
16,243,0.005283440996922977,0.009264502124560668,True,161,4096,0.039306640625,0.878477810185176
16,244,0.003352708982049945,0.006477254953983283,True,158,4096,0.03857421875,0.878477810185176
16,245,0.005580014296199849,0.013795176094918787,False,159,4096,0.038818359375,0.878477810185176
16,246,0.003948508308084826,0.007642401420196232,True,160,4096,0.0390625,0.878477810185176
16,247,0.003377200878838081,0.007251861426469358,True,161,4096,0.039306640625,0.878477810185176
16,248,0.0026935688268941577,0.005424831671494854,True,161,4096,0.039306640625,0.878477810185176
16,249,0.0031403543515584813,0.006318815147427399,True,164,4096,0.0400390625,0.878477810185176
16,250,0.003680697301648101,0.006475520968139699,True,156,4096,0.0380859375,0.878477810185176
16,251,0.004728023381540631,0.009825785578583206,True,163,4096,0.039794921875,0.878477810185176
16,252,0.0058830835808415735,0.017249355511428574,True,158,4096,0.03857421875,0.878477810185176
16,253,0.00453296470001872,0.011412076643114083,False,151,4096,0.036865234375,0.878477810185176
16,254,0.00474588555159686,0.010481310931941011,False,165,4096,0.040283203125,0.878477810185176
16,255,0.0077134122984071005,0.019759534971010198,True,158,4096,0.03857421875,0.878477810185176
16,256,0.00583892287812645,0.013045128158246266,False,159,4096,0.038818359375,0.878477810185176
16,257,0.003030742268815668,0.006837567732482092,True,160,4096,0.0390625,0.878477810185176
16,258,0.007426650626731447,0.01949121420380792,False,161,4096,0.039306640625,0.878477810185176
16,259,0.0044248894507464215,0.008597473608593989,False,153,4096,0.037353515625,0.878477810185176
16,260,0.0029108948623917143,0.006508540701477689,True,163,4096,0.039794921875,0.878477810185176
16,261,0.006932518614863865,0.016840561264125115,True,160,4096,0.0390625,0.878477810185176
16,262,0.003769227048462925,0.007441498683557986,True,160,4096,0.0390625,0.878477810185176
16,263,0.007577405226348582,0.018818463810086436,False,154,4096,0.03759765625,0.878477810185176
16,264,0.0033283642218282093,0.006853490726873218,True,164,4096,0.0400390625,0.878477810185176
16,265,0.003778093003583415,0.007054072650785018,True,157,4096,0.038330078125,0.878477810185176
16,266,0.005952618224850768,0.013578838921310218,False,156,4096,0.0380859375,0.878477810185176
16,267,0.00768451102286512,0.019770121733009245,False,162,4096,0.03955078125,0.878477810185176
16,268,0.0047464133484846965,0.009805217906976332,True,163,4096,0.039794921875,0.878477810185176
16,269,0.007732436248550008,0.0174228556274951,False,155,4096,0.037841796875,0.878477810185176
16,270,0.0031391299672249183,0.004892187556234951,True,161,4096,0.039306640625,0.878477810185176
16,271,0.003399734607149581,0.007808664290928358,True,162,4096,0.03955078125,0.878477810185176
16,272,0.004512032072177289,0.010044471412207448,True,154,4096,0.03759765625,0.878477810185176
16,273,0.003845423892970302,0.00673147859429421,True,156,4096,0.0380859375,0.878477810185176
16,274,0.0026504582508046935,0.006314849994828051,True,160,4096,0.0390625,0.878477810185176
16,275,0.004587630649774122,0.01095552508798868,True,161,4096,0.039306640625,0.878477810185176
16,276,0.0029878607306422053,0.00703963998227608,True,160,4096,0.0390625,0.878477810185176
16,277,0.003999236459129378,0.009453608936121884,True,159,4096,0.038818359375,0.878477810185176
16,278,0.00607688764679209,0.0157443052372506,True,159,4096,0.038818359375,0.878477810185176
16,279,0.004289217428734219,0.009838866678583816,True,157,4096,0.038330078125,0.878477810185176
16,280,0.002690168339198852,0.00666736863622841,True,162,4096,0.03955078125,0.878477810185176
16,281,0.006056818995757059,0.013179827688394458,True,166,4096,0.04052734375,0.878477810185176
16,282,0.004134273136797707,0.008235959634149807,True,163,4096,0.039794921875,0.878477810185176
16,283,0.005272380534913675,0.010838997235363149,True,161,4096,0.039306640625,0.878477810185176
16,284,0.004472246805024352,0.009216459140514083,True,156,4096,0.0380859375,0.878477810185176
16,285,0.0019464701079255748,0.0037255866472160615,True,163,4096,0.039794921875,0.878477810185176
16,286,0.003914535166300494,0.007882219971355936,True,161,4096,0.039306640625,0.878477810185176
16,287,0.002647392529891422,0.006086439631947327,True,163,4096,0.039794921875,0.878477810185176
16,288,0.00511221257118118,0.010433421694787066,True,165,4096,0.040283203125,0.878477810185176
16,289,0.002616573857202925,0.006101301495919906,False,161,4096,0.039306640625,0.878477810185176
16,290,0.005764785798789514,0.012657146070043708,False,159,4096,0.038818359375,0.878477810185176
16,291,0.003150404030027617,0.006097158355768059,True,159,4096,0.038818359375,0.878477810185176
16,292,0.0044534405894855605,0.011049250398615956,False,158,4096,0.03857421875,0.878477810185176
16,293,0.0035529320308514615,0.007612985814907672,True,156,4096,0.0380859375,0.878477810185176
16,294,0.004449835570402865,0.010880095305415172,False,158,4096,0.03857421875,0.878477810185176
16,295,0.0029547375552540604,0.005481795493326627,True,161,4096,0.039306640625,0.878477810185176
16,296,0.005188714512369458,0.010069693161952602,True,155,4096,0.037841796875,0.878477810185176
16,297,0.003319375055869945,0.008744524619302599,True,158,4096,0.03857421875,0.878477810185176
16,298,0.0036063493392208975,0.0068014393231073215,True,157,4096,0.038330078125,0.878477810185176
16,299,0.006777249204953134,0.015318818014710772,False,161,4096,0.039306640625,0.878477810185176
16,300,0.007308106255750209,0.018698075558369012,True,159,4096,0.038818359375,0.878477810185176
16,301,0.004866586713165197,0.008127618014644677,True,157,4096,0.038330078125,0.878477810185176
16,302,0.0030368217269095173,0.005963606910957132,True,161,4096,0.039306640625,0.878477810185176
16,303,0.003133810413587214,0.006398301544556275,True,153,4096,0.037353515625,0.878477810185176
16,304,0.0038044117326981068,0.008320394227598463,True,157,4096,0.038330078125,0.878477810185176
16,305,0.005047130078599521,0.009553792474271544,True,159,4096,0.038818359375,0.878477810185176
16,306,0.0027335321260262757,0.007284443393079862,True,162,4096,0.03955078125,0.878477810185176
16,307,0.005834461359988949,0.013100865889443744,False,162,4096,0.03955078125,0.878477810185176
16,308,0.003913029449760496,0.007476287261430112,False,157,4096,0.038330078125,0.878477810185176
16,309,0.006578758183284577,0.01824012046487962,False,161,4096,0.039306640625,0.878477810185176
16,310,0.005384657812399894,0.014589858996139252,False,157,4096,0.038330078125,0.878477810185176
16,311,0.0026872426118795963,0.005354575663058549,True,157,4096,0.038330078125,0.878477810185176
16,312,0.004465186352997159,0.009470924040222983,False,160,4096,0.0390625,0.878477810185176
16,313,0.0023889855091374233,0.005511129242926183,True,161,4096,0.039306640625,0.878477810185176
16,314,0.006048076835401968,0.015843790216331498,True,160,4096,0.0390625,0.878477810185176
16,315,0.0028780346117621394,0.005803329971661553,True,159,4096,0.038818359375,0.878477810185176
16,316,0.0039085607769699425,0.009394279256159196,True,163,4096,0.039794921875,0.878477810185176
16,317,0.003390384053477444,0.007574594141403303,True,158,4096,0.03857421875,0.878477810185176
16,318,0.004117725031778162,0.01004896503691078,True,160,4096,0.0390625,0.878477810185176
16,319,0.004448900070024411,0.00824168468478298,False,157,4096,0.038330078125,0.878477810185176
16,320,0.0052285258324234465,0.011973251684185227,False,163,4096,0.039794921875,0.878477810185176
16,321,0.005256590932325886,0.01248243296943903,True,163,4096,0.039794921875,0.878477810185176
16,322,0.005205126375559026,0.011219203707969722,True,155,4096,0.037841796875,0.878477810185176
16,323,0.002730470436439172,0.005211298608381307,True,165,4096,0.040283203125,0.878477810185176
16,324,0.004676529746492002,0.008366549660024508,False,160,4096,0.0390625,0.878477810185176
16,325,0.004898465063872546,0.010185093127835693,True,159,4096,0.038818359375,0.878477810185176
16,326,0.004239687615626812,0.007870780371948258,True,162,4096,0.03955078125,0.878477810185176
16,327,0.0025571637233998976,0.005762648145303445,True,158,4096,0.03857421875,0.878477810185176
16,328,0.0024206249200166108,0.004768599856216624,True,155,4096,0.037841796875,0.878477810185176
16,329,0.00686873797928033,0.02131989048588199,False,161,4096,0.039306640625,0.878477810185176
16,330,0.004779243951438699,0.013098582412560664,True,161,4096,0.039306640625,0.878477810185176
16,331,0.006358657032539456,0.015275006812622088,False,156,4096,0.0380859375,0.878477810185176
16,332,0.0037649740086009935,0.007833325167210053,True,160,4096,0.0390625,0.878477810185176
16,333,0.004860558300379101,0.009221227229694018,True,157,4096,0.038330078125,0.878477810185176
16,334,0.004910396363014349,0.011768416954135559,True,157,4096,0.038330078125,0.878477810185176
16,335,0.005096706814039083,0.012629302043962343,False,163,4096,0.039794921875,0.878477810185176
16,336,0.0049493623489175855,0.01204917461993632,True,153,4096,0.037353515625,0.878477810185176
16,337,0.005245046608616365,0.009795386466347256,True,161,4096,0.039306640625,0.878477810185176
16,338,0.0030559674989658553,0.0076739278303253194,False,153,4096,0.037353515625,0.878477810185176
16,339,0.0033032117635507603,0.006518942201533002,True,155,4096,0.037841796875,0.878477810185176
16,340,0.005136817798493342,0.01126042576872481,False,156,4096,0.0380859375,0.878477810185176
16,341,0.0028973979542106514,0.005577729299750173,True,154,4096,0.03759765625,0.878477810185176
16,342,0.0035120276826901553,0.007072144465279519,True,158,4096,0.03857421875,0.878477810185176
16,343,0.004812788266177975,0.010025277354926546,True,163,4096,0.039794921875,0.878477810185176
16,344,0.004476169728680352,0.009604914419801838,True,156,4096,0.0380859375,0.878477810185176
16,345,0.0036990328208894355,0.008410134314215625,True,161,4096,0.039306640625,0.878477810185176
16,346,0.0018317912676567212,0.0037491723248653935,True,159,4096,0.038818359375,0.878477810185176
16,347,0.0029035001785672056,0.004933926457015004,True,160,4096,0.0390625,0.878477810185176
16,348,0.00267423787669731,0.006620850391636929,True,160,4096,0.0390625,0.878477810185176
16,349,0.0024339791551931094,0.004363503278076525,True,161,4096,0.039306640625,0.878477810185176
16,350,0.005086113449072288,0.011205955651425181,False,159,4096,0.038818359375,0.878477810185176
16,351,0.0023823628199574035,0.004886867859065811,True,159,4096,0.038818359375,0.878477810185176
16,352,0.0023096527136905144,0.004311766626308833,True,162,4096,0.03955078125,0.878477810185176
16,353,0.004117235041488905,0.010443255822746925,True,157,4096,0.038330078125,0.878477810185176
16,354,0.004205880949654848,0.011561813154142203,False,161,4096,0.039306640625,0.878477810185176
16,355,0.004346293100461791,0.008719876202227625,False,157,4096,0.038330078125,0.878477810185176
16,356,0.006511566825329383,0.01623358185429767,False,157,4096,0.038330078125,0.878477810185176
16,357,0.0059647918032988126,0.011584505097321202,False,161,4096,0.039306640625,0.878477810185176
16,358,0.0028773897384714656,0.004903354862746619,True,159,4096,0.038818359375,0.878477810185176
16,359,0.005193986596433931,0.010099269837960253,False,155,4096,0.037841796875,0.878477810185176
16,360,0.004450785873499269,0.012083885480606862,False,164,4096,0.0400390625,0.878477810185176
16,361,0.002358192313688388,0.005113016466179492,True,163,4096,0.039794921875,0.878477810185176
16,362,0.007577524210184339,0.017080337293026326,True,158,4096,0.03857421875,0.878477810185176
16,363,0.003379953812283972,0.007668992247651704,True,162,4096,0.03955078125,0.878477810185176
16,364,0.004343225133018887,0.012013212831223696,False,158,4096,0.03857421875,0.878477810185176
16,365,0.005995385070203344,0.015509546227721327,True,157,4096,0.038330078125,0.878477810185176
16,366,0.00470169410954464,0.008448492771375278,True,156,4096,0.0380859375,0.878477810185176
16,367,0.0014261964878546048,0.0027268620412118152,True,160,4096,0.0390625,0.878477810185176
16,368,0.004074900026852142,0.010939263061176693,True,161,4096,0.039306640625,0.878477810185176
16,369,0.003738626375116224,0.010862435443442092,True,165,4096,0.040283203125,0.878477810185176
16,370,0.004677896690431585,0.009413080048330025,True,162,4096,0.03955078125,0.878477810185176
16,371,0.00506829487581154,0.011504912241181511,False,157,4096,0.038330078125,0.878477810185176
16,372,0.003692579420779503,0.0059664928481659545,True,158,4096,0.03857421875,0.878477810185176
16,373,0.002814697315040037,0.007087223091005138,True,161,4096,0.039306640625,0.878477810185176
16,374,0.004946593644836133,0.009253145208300229,False,160,4096,0.0390625,0.878477810185176
16,375,0.004713620908952274,0.009789847676886301,False,158,4096,0.03857421875,0.878477810185176
16,376,0.005163114229080362,0.011443290755982674,False,159,4096,0.038818359375,0.878477810185176
16,377,0.005835960259798982,0.013982923148685003,True,156,4096,0.0380859375,0.878477810185176
16,378,0.006394032584433529,0.015564203661896994,True,147,4096,0.035888671875,0.878477810185176
16,379,0.0028483450139741204,0.007116128612775316,True,159,4096,0.038818359375,0.878477810185176
16,380,0.005533955155904421,0.011516110602319371,True,162,4096,0.03955078125,0.878477810185176
16,381,0.003716410250879378,0.008316377572357744,False,153,4096,0.037353515625,0.878477810185176
16,382,0.003117076598568919,0.00584706007197049,True,152,4096,0.037109375,0.878477810185176
16,383,0.00325190384876456,0.004932547954466418,True,161,4096,0.039306640625,0.878477810185176
16,384,0.003372594357142685,0.008622102478323776,True,165,4096,0.040283203125,0.878477810185176
16,385,0.0024114752113539683,0.005035003361000004,True,157,4096,0.038330078125,0.878477810185176
16,386,0.006071481583055157,0.012906836300573515,False,155,4096,0.037841796875,0.878477810185176
16,387,0.004575875680920141,0.007721305060705029,True,160,4096,0.0390625,0.878477810185176
16,388,0.0036442195428941435,0.0067370481924059426,True,157,4096,0.038330078125,0.878477810185176
16,389,0.005050964197589086,0.010145462798189148,True,157,4096,0.038330078125,0.878477810185176
16,390,0.003906985950047657,0.0074628200526519264,True,158,4096,0.03857421875,0.878477810185176
16,391,0.0028056977189705435,0.005976257625287203,True,165,4096,0.040283203125,0.878477810185176
16,392,0.005573159491687634,0.014636636999162261,True,157,4096,0.038330078125,0.878477810185176
16,393,0.004899006739061718,0.011714589390814614,True,155,4096,0.037841796875,0.878477810185176
16,394,0.004549092294332786,0.012284182741012173,False,160,4096,0.0390625,0.878477810185176
16,395,0.005550288880556704,0.011917754882768264,True,160,4096,0.0390625,0.878477810185176
16,396,0.003986348831353261,0.008166565189223846,True,158,4096,0.03857421875,0.878477810185176
16,397,0.004537707666901608,0.010539478969003892,True,159,4096,0.038818359375,0.878477810185176
16,398,0.0028349052574910567,0.005596517782324506,True,160,4096,0.0390625,0.878477810185176
16,399,0.0018486772368756696,0.004370854882914735,True,158,4096,0.03857421875,0.878477810185176
32,0,0.0018657680648159192,0.004481905070554633,True,288,4096,0.0703125,0.6211776167038466
32,1,0.004664033404826894,0.012034489450868817,False,296,4096,0.072265625,0.6211776167038466
32,2,0.005528705846919273,0.012164704945901994,False,293,4096,0.071533203125,0.6211776167038466
32,3,0.0015823873567857734,0.003568817513628572,True,287,4096,0.070068359375,0.6211776167038466
32,4,0.002986767267218733,0.006114000101326247,True,292,4096,0.0712890625,0.6211776167038466
32,5,0.0036412880717590504,0.008539786034092674,True,297,4096,0.072509765625,0.6211776167038466
32,6,0.005098713819603666,0.011641130759055672,False,283,4096,0.069091796875,0.6211776167038466
32,7,0.005700196815106544,0.01572018572998196,False,291,4096,0.071044921875,0.6211776167038466
32,8,0.0026649720473535623,0.00444552859734814,True,290,4096,0.07080078125,0.6211776167038466
32,9,0.004792538137680209,0.009302937797651109,False,290,4096,0.07080078125,0.6211776167038466
32,10,0.002148381241490179,0.003777234483847855,True,290,4096,0.07080078125,0.6211776167038466
32,11,0.003528413646959433,0.010007169477830272,True,284,4096,0.0693359375,0.6211776167038466
32,12,0.0028673466056981954,0.007232088571994796,True,291,4096,0.071044921875,0.6211776167038466
32,13,0.0031632429821679,0.007611186368207498,True,284,4096,0.0693359375,0.6211776167038466
32,14,0.0030872091420032543,0.007956356672266782,True,295,4096,0.072021484375,0.6211776167038466
32,15,0.0023265793993159705,0.005513078261507223,True,289,4096,0.070556640625,0.6211776167038466
32,16,0.004410855402400229,0.00961314370442641,True,290,4096,0.07080078125,0.6211776167038466
32,17,0.0026076066065892764,0.006193477392308119,True,295,4096,0.072021484375,0.6211776167038466
32,18,0.004329270251582113,0.011851150770219407,False,296,4096,0.072265625,0.6211776167038466
32,19,0.005786435138568627,0.015652459430406135,True,283,4096,0.069091796875,0.6211776167038466
32,20,0.003256390835132067,0.007027925203780372,True,282,4096,0.06884765625,0.6211776167038466
32,21,0.0020492673356084278,0.00523553299004282,True,294,4096,0.07177734375,0.6211776167038466
32,22,0.004115520751950493,0.011697152059132077,True,286,4096,0.06982421875,0.6211776167038466
32,23,0.003709069774420966,0.00851789051171356,True,293,4096,0.071533203125,0.6211776167038466
32,24,0.003758970552160182,0.008518551336192198,True,290,4096,0.07080078125,0.6211776167038466
32,25,0.0018642907419351112,0.004334760366458509,True,291,4096,0.071044921875,0.6211776167038466
32,26,0.0015633299816353592,0.00287603882227197,True,294,4096,0.07177734375,0.6211776167038466
32,27,0.0034089765181785163,0.007935519777908157,True,282,4096,0.06884765625,0.6211776167038466
32,28,0.0032164649496609393,0.007192273922240824,False,286,4096,0.06982421875,0.6211776167038466
32,29,0.0028384064023188943,0.006376140886887899,True,293,4096,0.071533203125,0.6211776167038466
32,30,0.004495688137153901,0.011666983146587484,True,288,4096,0.0703125,0.6211776167038466
32,31,0.0031592602071251596,0.007105094159300232,True,289,4096,0.070556640625,0.6211776167038466
32,32,0.0031663064319128044,0.007505360024349837,True,295,4096,0.072021484375,0.6211776167038466
32,33,0.0038413007684691618,0.009178668339011709,True,284,4096,0.0693359375,0.6211776167038466
32,34,0.0025832148855120993,0.005713091786254676,True,288,4096,0.0703125,0.6211776167038466
32,35,0.003453586485250003,0.0067745539948672745,False,287,4096,0.070068359375,0.6211776167038466
32,36,0.0028481977939750188,0.008084573060580622,False,297,4096,0.072509765625,0.6211776167038466
32,37,0.0039011317979634175,0.008499216980802166,False,296,4096,0.072265625,0.6211776167038466
32,38,0.004580167415898215,0.010799040941583321,True,296,4096,0.072265625,0.6211776167038466
32,39,0.0030774362959680945,0.006833657418613345,True,292,4096,0.0712890625,0.6211776167038466
32,40,0.0021796160509768665,0.003323140047030701,True,296,4096,0.072265625,0.6211776167038466
32,41,0.004478983512008649,0.009526305588482685,True,289,4096,0.070556640625,0.6211776167038466
32,42,0.0018862822300145959,0.003914693658888441,True,294,4096,0.07177734375,0.6211776167038466
32,43,0.006252137969426645,0.016012407832203507,False,292,4096,0.0712890625,0.6211776167038466
32,44,0.0008743349408819422,0.002179182496881305,True,298,4096,0.07275390625,0.6211776167038466
32,45,0.003625946876877967,0.008849733878295407,True,287,4096,0.070068359375,0.6211776167038466
32,46,0.0029395068590899387,0.007616846229171203,True,289,4096,0.070556640625,0.6211776167038466
32,47,0.0026731966773688117,0.00614595888370173,True,288,4096,0.0703125,0.6211776167038466
32,48,0.002046993332188048,0.003898038444336699,True,284,4096,0.0693359375,0.6211776167038466
32,49,0.00342386955536414,0.007734867487226807,True,294,4096,0.07177734375,0.6211776167038466
32,50,0.0023216248734786262,0.005243428380895504,True,286,4096,0.06982421875,0.6211776167038466
32,51,0.004189188896930489,0.00730481880941479,True,294,4096,0.07177734375,0.6211776167038466
32,52,0.0034435263113086387,0.007438313132631144,False,292,4096,0.0712890625,0.6211776167038466
32,53,0.0037065769859074404,0.008894267262663597,True,294,4096,0.07177734375,0.6211776167038466
32,54,0.0031573057216481705,0.006963306327110987,True,294,4096,0.07177734375,0.6211776167038466
32,55,0.0033317447343459918,0.007423273715225331,True,292,4096,0.0712890625,0.6211776167038466
32,56,0.0029892947011389845,0.007632409159245207,True,284,4096,0.0693359375,0.6211776167038466
32,57,0.0019485388867361312,0.0030913207457042534,True,292,4096,0.0712890625,0.6211776167038466
32,58,0.002232806457774611,0.004831997417865289,True,288,4096,0.0703125,0.6211776167038466
32,59,0.0024318486306834654,0.004015366255823164,True,291,4096,0.071044921875,0.6211776167038466
32,60,0.0038422266247366862,0.010416455474977056,True,295,4096,0.072021484375,0.6211776167038466
32,61,0.0022629239795049698,0.004105814467707816,True,286,4096,0.06982421875,0.6211776167038466
32,62,0.0037581775939849104,0.009365316047181271,False,299,4096,0.072998046875,0.6211776167038466
32,63,0.001594491512126051,0.0029719504323823392,True,294,4096,0.07177734375,0.6211776167038466
32,64,0.003231137235787994,0.007229979788211355,False,288,4096,0.0703125,0.6211776167038466
32,65,0.004239262496287379,0.007612525070023787,False,283,4096,0.069091796875,0.6211776167038466
32,66,0.002707532557455402,0.005973913674142704,True,297,4096,0.072509765625,0.6211776167038466
32,67,0.0052731544937750915,0.01223485731013016,True,288,4096,0.0703125,0.6211776167038466
32,68,0.003038977834515951,0.008343040357315493,True,286,4096,0.06982421875,0.6211776167038466
32,69,0.0027217002991056526,0.0061703551437008175,True,294,4096,0.07177734375,0.6211776167038466
32,70,0.0029344400844856355,0.006418372814114476,True,298,4096,0.07275390625,0.6211776167038466
32,71,0.002971347527859458,0.007036421460687073,True,293,4096,0.071533203125,0.6211776167038466
32,72,0.0032838847131129814,0.0075926051777451264,True,290,4096,0.07080078125,0.6211776167038466
32,73,0.005723204806117809,0.013090080015800962,True,289,4096,0.070556640625,0.6211776167038466
32,74,0.0035629094871848068,0.005951188286697037,True,296,4096,0.072265625,0.6211776167038466
32,75,0.004221046105099156,0.010959799068808451,False,294,4096,0.07177734375,0.6211776167038466
32,76,0.002962693030739573,0.005545950278148984,True,292,4096,0.0712890625,0.6211776167038466
32,77,0.0062249036791771,0.01596000830681999,True,294,4096,0.07177734375,0.6211776167038466
32,78,0.0035708314273498317,0.010127324645264148,True,290,4096,0.07080078125,0.6211776167038466
32,79,0.0029194746844262674,0.006014589734326226,True,296,4096,0.072265625,0.6211776167038466
32,80,0.0022516928631621737,0.00523173104072832,True,289,4096,0.070556640625,0.6211776167038466
32,81,0.0016713572511775018,0.0027582398032560546,True,292,4096,0.0712890625,0.6211776167038466
32,82,0.0019770760281235295,0.003547635614746192,True,289,4096,0.070556640625,0.6211776167038466
32,83,0.002987037777927171,0.006355402710190208,True,285,4096,0.069580078125,0.6211776167038466
32,84,0.0044898094208211115,0.007943075554258598,True,284,4096,0.0693359375,0.6211776167038466
32,85,0.002779044385040081,0.006473133417588664,True,293,4096,0.071533203125,0.6211776167038466
32,86,0.0034503761224444333,0.007733525615656114,True,291,4096,0.071044921875,0.6211776167038466
32,87,0.0020894864021536244,0.005574925974829189,True,293,4096,0.071533203125,0.6211776167038466
32,88,0.0033578020201933158,0.007944282164014861,True,292,4096,0.0712890625,0.6211776167038466
32,89,0.0034597363589388952,0.007599607366072028,True,288,4096,0.0703125,0.6211776167038466
32,90,0.002146728439276714,0.003790406580924062,True,293,4096,0.071533203125,0.6211776167038466
32,91,0.0026916373623409066,0.006264895912046292,True,290,4096,0.07080078125,0.6211776167038466
32,92,0.002623412734545008,0.005215732809631963,True,288,4096,0.0703125,0.6211776167038466
32,93,0.0026973127838137495,0.006486169965059574,True,295,4096,0.072021484375,0.6211776167038466
32,94,0.0018948356683789417,0.00479250903393591,True,298,4096,0.07275390625,0.6211776167038466
32,95,0.002222184034030723,0.0037650073758461397,True,286,4096,0.06982421875,0.6211776167038466
32,96,0.004129696462887171,0.010861260568143932,False,291,4096,0.071044921875,0.6211776167038466
32,97,0.0023406808597077533,0.005217995322969141,True,288,4096,0.0703125,0.6211776167038466
32,98,0.004281550559174597,0.010463173746246265,True,291,4096,0.071044921875,0.6211776167038466
32,99,0.007225303495688864,0.01796597409801559,False,288,4096,0.0703125,0.6211776167038466
32,100,0.0015806047307308077,0.002923616092419673,True,295,4096,0.072021484375,0.6211776167038466
32,101,0.007612030512857902,0.01886253468631245,False,292,4096,0.0712890625,0.6211776167038466
32,102,0.001657420783004111,0.004369195068589189,True,304,4096,0.07421875,0.6211776167038466
32,103,0.0031348351178305455,0.007743469171645492,True,295,4096,0.072021484375,0.6211776167038466
32,104,0.0026603446722042474,0.006356479568870546,True,297,4096,0.072509765625,0.6211776167038466
32,105,0.004348150280890114,0.008683214104701964,False,288,4096,0.0703125,0.6211776167038466
32,106,0.0023997698635030602,0.004352534764154439,True,280,4096,0.068359375,0.6211776167038466
32,107,0.003315449211771147,0.00818333028958411,False,291,4096,0.071044921875,0.6211776167038466
32,108,0.006449988318430303,0.015959798551766685,False,293,4096,0.071533203125,0.6211776167038466
32,109,0.002181103125921159,0.003849932288192387,True,290,4096,0.07080078125,0.6211776167038466
32,110,0.002474304133231023,0.005201331760221362,True,293,4096,0.071533203125,0.6211776167038466
32,111,0.003205007616579591,0.005041384658340517,True,295,4096,0.072021484375,0.6211776167038466
32,112,0.004836514823603732,0.010091326288547933,True,294,4096,0.07177734375,0.6211776167038466
32,113,0.0026066942809068678,0.0052370840283929715,True,293,4096,0.071533203125,0.6211776167038466
32,114,0.002666854823571034,0.006071139708596157,True,290,4096,0.07080078125,0.6211776167038466
32,115,0.002777067948851328,0.00459308376679423,True,284,4096,0.0693359375,0.6211776167038466
32,116,0.0015874800667385574,0.0033934269424431285,True,298,4096,0.07275390625,0.6211776167038466
32,117,0.003072757772565908,0.006247339807364367,True,290,4096,0.07080078125,0.6211776167038466
32,118,0.0022268645939380544,0.005538061517934859,True,295,4096,0.072021484375,0.6211776167038466
32,119,0.0026474899045645724,0.00449754011742573,True,294,4096,0.07177734375,0.6211776167038466
32,120,0.003539304946453211,0.007331932555646556,False,290,4096,0.07080078125,0.6211776167038466
32,121,0.006425258577388842,0.015232327834324502,True,288,4096,0.0703125,0.6211776167038466
32,122,0.002688677591670432,0.00790191672411248,True,291,4096,0.071044921875,0.6211776167038466
32,123,0.0019051818171621833,0.003124168562056634,True,294,4096,0.07177734375,0.6211776167038466
32,124,0.004839778885844199,0.012579517499309044,True,295,4096,0.072021484375,0.6211776167038466
32,125,0.0024081057319347335,0.006346791420811737,True,293,4096,0.071533203125,0.6211776167038466
32,126,0.0021088829752197637,0.004079468437412893,True,291,4096,0.071044921875,0.6211776167038466
32,127,0.005123754144078617,0.011466448806341081,False,287,4096,0.070068359375,0.6211776167038466
32,128,0.0035585349952209494,0.007827013066685276,True,285,4096,0.069580078125,0.6211776167038466
32,129,0.0038289091503845235,0.007153917896814535,True,289,4096,0.070556640625,0.6211776167038466
32,130,0.0024432441841912744,0.004926620676702298,True,290,4096,0.07080078125,0.6211776167038466
32,131,0.0020960706064880974,0.0039055630233645576,True,294,4096,0.07177734375,0.6211776167038466
32,132,0.0016831962284190908,0.002568632174819757,True,289,4096,0.070556640625,0.6211776167038466
32,133,0.0038567008024324124,0.008760180290000849,False,304,4096,0.07421875,0.6211776167038466
32,134,0.002427251715568014,0.005646425605298145,True,292,4096,0.0712890625,0.6211776167038466
32,135,0.0024278916277539015,0.00694075953925298,True,298,4096,0.07275390625,0.6211776167038466
32,136,0.0022381912308612173,0.004972994468816452,True,285,4096,0.069580078125,0.6211776167038466
32,137,0.004928443674867535,0.012354390572997732,True,292,4096,0.0712890625,0.6211776167038466
32,138,0.004641824329251663,0.011209863618529138,True,292,4096,0.0712890625,0.6211776167038466
32,139,0.0030860643555288047,0.00838309845015172,True,297,4096,0.072509765625,0.6211776167038466
32,140,0.00218195868759552,0.0035513751121489835,True,303,4096,0.073974609375,0.6211776167038466
32,141,0.004406677670213689,0.01116329686556125,False,286,4096,0.06982421875,0.6211776167038466
32,142,0.0030738012416649976,0.0075986037108682625,True,295,4096,0.072021484375,0.6211776167038466
32,143,0.0034878511836670947,0.007131684361638975,True,284,4096,0.0693359375,0.6211776167038466
32,144,0.001969395373485244,0.003426306513165441,True,297,4096,0.072509765625,0.6211776167038466
32,145,0.004519355413409559,0.010073113185558633,False,290,4096,0.07080078125,0.6211776167038466
32,146,0.003399854936436087,0.008759751002708704,True,289,4096,0.070556640625,0.6211776167038466
32,147,0.004195654899789485,0.010822070058891221,True,287,4096,0.070068359375,0.6211776167038466
32,148,0.002020659288667215,0.0042160894034047255,True,298,4096,0.07275390625,0.6211776167038466
32,149,0.002409570786245711,0.004247441597344373,True,293,4096,0.071533203125,0.6211776167038466
32,150,0.0027552774555690647,0.0047543110334980765,True,290,4096,0.07080078125,0.6211776167038466
32,151,0.00306182148675541,0.006396592559989561,True,297,4096,0.072509765625,0.6211776167038466
32,152,0.0029610457217543497,0.006414501362858038,True,298,4096,0.07275390625,0.6211776167038466
32,153,0.004943940340547396,0.01118709378656628,False,288,4096,0.0703125,0.6211776167038466
32,154,0.0024515680660860393,0.005383457935750027,True,302,4096,0.07373046875,0.6211776167038466
32,155,0.0016391327237073232,0.003879689793980824,True,287,4096,0.070068359375,0.6211776167038466
32,156,0.0038602628038842883,0.008204430969846993,True,295,4096,0.072021484375,0.6211776167038466
32,157,0.001768360757836864,0.003688189222549071,True,290,4096,0.07080078125,0.6211776167038466
32,158,0.0025924183446139303,0.006786848875151685,True,292,4096,0.0712890625,0.6211776167038466
32,159,0.0026594069032024807,0.006456089582468488,True,294,4096,0.07177734375,0.6211776167038466
32,160,0.0021277625939628746,0.004979660220071638,True,294,4096,0.07177734375,0.6211776167038466
32,161,0.003744704282329572,0.008391970379836279,True,285,4096,0.069580078125,0.6211776167038466
32,162,0.0036196622199504347,0.00768608438886019,True,304,4096,0.07421875,0.6211776167038466
32,163,0.0024558662621692036,0.004309012108606382,True,287,4096,0.070068359375,0.6211776167038466
32,164,0.00370862898989934,0.009787925996136614,True,296,4096,0.072265625,0.6211776167038466
32,165,0.004386819506105181,0.011121874014405522,False,296,4096,0.072265625,0.6211776167038466
32,166,0.0025274502009415174,0.0063678384830867935,True,292,4096,0.0712890625,0.6211776167038466
32,167,0.003321570886550618,0.008649951887691305,True,287,4096,0.070068359375,0.6211776167038466
32,168,0.005039260600271522,0.010740379915876869,False,292,4096,0.0712890625,0.6211776167038466
32,169,0.0026723129890859356,0.006601812052249897,True,290,4096,0.07080078125,0.6211776167038466
32,170,0.002709630118314667,0.006741001926813442,True,292,4096,0.0712890625,0.6211776167038466
32,171,0.004877864635580555,0.013654613668967447,True,281,4096,0.068603515625,0.6211776167038466
32,172,0.002232200251581755,0.005381860685367709,True,289,4096,0.070556640625,0.6211776167038466
32,173,0.0032408329807781934,0.006513050107524496,False,300,4096,0.0732421875,0.6211776167038466
32,174,0.0032299612384726075,0.008075376537216655,False,292,4096,0.0712890625,0.6211776167038466
32,175,0.0036896831570073134,0.008904365740911316,True,288,4096,0.0703125,0.6211776167038466
32,176,0.0018292365609816506,0.004361662512448322,True,289,4096,0.070556640625,0.6211776167038466
32,177,0.003500644022641398,0.007487643578859143,True,285,4096,0.069580078125,0.6211776167038466
32,178,0.005210736074230781,0.014270320208308415,False,295,4096,0.072021484375,0.6211776167038466
32,179,0.0012239776817839286,0.0022708085154015192,True,294,4096,0.07177734375,0.6211776167038466
32,180,0.0021095701741852624,0.003637585027405868,True,298,4096,0.07275390625,0.6211776167038466
32,181,0.0022774749342741023,0.005509809466775262,True,289,4096,0.070556640625,0.6211776167038466
32,182,0.0031915546283310726,0.00628675256064036,True,296,4096,0.072265625,0.6211776167038466
32,183,0.003952731993789689,0.008800127994172555,True,291,4096,0.071044921875,0.6211776167038466
32,184,0.002518199922791504,0.005918421989567213,True,291,4096,0.071044921875,0.6211776167038466
32,185,0.00220565858207314,0.006197986746509815,True,297,4096,0.072509765625,0.6211776167038466
32,186,0.0022580995484054764,0.005685082496636637,True,287,4096,0.070068359375,0.6211776167038466
32,187,0.0025037252943287897,0.005270519174810948,True,299,4096,0.072998046875,0.6211776167038466
32,188,0.002440106629295769,0.004878598281208027,True,290,4096,0.07080078125,0.6211776167038466
32,189,0.0025930112040857337,0.006093482874090894,True,288,4096,0.0703125,0.6211776167038466
32,190,0.004422096834903885,0.009336684994079206,True,287,4096,0.070068359375,0.6211776167038466
32,191,0.005574546687157384,0.013406194842199466,False,290,4096,0.07080078125,0.6211776167038466
32,192,0.004729161427207492,0.009579083066240154,True,296,4096,0.072265625,0.6211776167038466
32,193,0.0046322815419378325,0.011967135893915959,False,289,4096,0.070556640625,0.6211776167038466
32,194,0.00232740897772572,0.004658886698645628,True,292,4096,0.0712890625,0.6211776167038466
32,195,0.003237633991973319,0.008043539877192057,True,291,4096,0.071044921875,0.6211776167038466
32,196,0.003143599624588499,0.005303545706197187,True,292,4096,0.0712890625,0.6211776167038466
32,197,0.0015650708658428193,0.0028082446563099106,True,296,4096,0.072265625,0.6211776167038466
32,198,0.0030924202642350434,0.0061698944514263915,True,284,4096,0.0693359375,0.6211776167038466
32,199,0.004489784324380998,0.011064893457084113,False,293,4096,0.071533203125,0.6211776167038466
32,200,0.0020321853483668047,0.004268147751759058,True,289,4096,0.070556640625,0.6211776167038466
32,201,0.0026970380538007236,0.005389371439522075,True,293,4096,0.071533203125,0.6211776167038466
32,202,0.00167952841717502,0.0025159648012382727,True,291,4096,0.071044921875,0.6211776167038466
32,203,0.002231783904515106,0.004761389243530062,True,290,4096,0.07080078125,0.6211776167038466
32,204,0.004600694609680826,0.010652473996551504,False,292,4096,0.0712890625,0.6211776167038466
32,205,0.0034103278410792053,0.00793548572360693,True,290,4096,0.07080078125,0.6211776167038466
32,206,0.0026740341050143566,0.0053369648220086205,True,287,4096,0.070068359375,0.6211776167038466
32,207,0.0032957550035423045,0.007866951357871944,True,298,4096,0.07275390625,0.6211776167038466
32,208,0.005329869777449946,0.012383281638643967,True,290,4096,0.07080078125,0.6211776167038466
32,209,0.0050581907274528356,0.012806170776731796,True,289,4096,0.070556640625,0.6211776167038466
32,210,0.0028782650565042033,0.006310546313575249,True,286,4096,0.06982421875,0.6211776167038466
32,211,0.004555835532807673,0.009140936802057534,True,293,4096,0.071533203125,0.6211776167038466
32,212,0.0017147668041442477,0.0027790206914886234,True,291,4096,0.071044921875,0.6211776167038466
32,213,0.003590125461449352,0.007023995299087787,True,291,4096,0.071044921875,0.6211776167038466
32,214,0.0023871083209618337,0.00455263519955626,True,294,4096,0.07177734375,0.6211776167038466
32,215,0.002772282774749153,0.00673538450559924,True,288,4096,0.0703125,0.6211776167038466
32,216,0.002648259440821834,0.005851601465004477,True,293,4096,0.071533203125,0.6211776167038466
32,217,0.003000543599227317,0.007147049881168401,True,290,4096,0.07080078125,0.6211776167038466
32,218,0.002113606062885227,0.004080788501269188,True,283,4096,0.069091796875,0.6211776167038466
32,219,0.0029459025788665526,0.005386028978589353,True,283,4096,0.069091796875,0.6211776167038466
32,220,0.0038102129770260394,0.008041101668658138,True,289,4096,0.070556640625,0.6211776167038466
32,221,0.0013942057334752418,0.0031262441344932293,True,291,4096,0.071044921875,0.6211776167038466
32,222,0.004559580874928755,0.01119733746883523,False,286,4096,0.06982421875,0.6211776167038466
32,223,0.00287246281093568,0.006936460856344279,True,292,4096,0.0712890625,0.6211776167038466
32,224,0.0026649452513584928,0.005468088895693224,True,290,4096,0.07080078125,0.6211776167038466
32,225,0.002936872152093189,0.005233515546922465,True,294,4096,0.07177734375,0.6211776167038466
32,226,0.0023722068864736757,0.004015453428930539,True,292,4096,0.0712890625,0.6211776167038466
32,227,0.0016876044558440258,0.004560632655131583,True,289,4096,0.070556640625,0.6211776167038466
32,228,0.002196726256760556,0.004350714158361385,True,295,4096,0.072021484375,0.6211776167038466
32,229,0.0017068744927430416,0.0039608904319998195,True,288,4096,0.0703125,0.6211776167038466
32,230,0.002257622761389629,0.0038254493013680675,True,290,4096,0.07080078125,0.6211776167038466
32,231,0.001916330346812308,0.004533270980263845,True,290,4096,0.07080078125,0.6211776167038466
32,232,0.003340393593946407,0.008993134920587648,False,292,4096,0.0712890625,0.6211776167038466
32,233,0.0019497149293890518,0.004486451689464793,True,297,4096,0.072509765625,0.6211776167038466
32,234,0.002007536555691265,0.004245038521661509,True,290,4096,0.07080078125,0.6211776167038466
32,235,0.0037302094534890744,0.010046440907628101,True,284,4096,0.0693359375,0.6211776167038466
32,236,0.00439796878352526,0.008707162179130631,False,286,4096,0.06982421875,0.6211776167038466
32,237,0.0013781387357180612,0.0033134766343314026,True,293,4096,0.071533203125,0.6211776167038466
32,238,0.0027969416285677615,0.005966750725342723,True,293,4096,0.071533203125,0.6211776167038466
32,239,0.0027436113827802176,0.004487359751776297,True,285,4096,0.069580078125,0.6211776167038466
32,240,0.0028348442192541144,0.005734854087879243,True,295,4096,0.072021484375,0.6211776167038466
32,241,0.002148222992299373,0.003722797399803149,True,296,4096,0.072265625,0.6211776167038466
32,242,0.0008877810206469168,0.001586696266537957,True,298,4096,0.07275390625,0.6211776167038466
32,243,0.0017177162371966978,0.002815359697189143,True,299,4096,0.072998046875,0.6211776167038466
32,244,0.0025226734394807613,0.00645445817561402,True,296,4096,0.072265625,0.6211776167038466
32,245,0.001856952647685378,0.004180758985799948,True,291,4096,0.071044921875,0.6211776167038466
32,246,0.004905380058442328,0.01385537169453456,False,295,4096,0.072021484375,0.6211776167038466
32,247,0.0024548844415653442,0.0051129919470067065,True,295,4096,0.072021484375,0.6211776167038466
32,248,0.0042247799175619116,0.010269824234639346,False,298,4096,0.07275390625,0.6211776167038466
32,249,0.0026688356935000313,0.006010288222044788,True,286,4096,0.06982421875,0.6211776167038466
32,250,0.001968964967350697,0.004214253667531781,True,296,4096,0.072265625,0.6211776167038466
32,251,0.0028815080542050216,0.005916214031677955,True,292,4096,0.0712890625,0.6211776167038466
32,252,0.002696158904076154,0.005480142738649593,True,292,4096,0.0712890625,0.6211776167038466
32,253,0.002981338372841367,0.006393850324304423,True,288,4096,0.0703125,0.6211776167038466
32,254,0.003502202958459615,0.006078773868516393,True,284,4096,0.0693359375,0.6211776167038466
32,255,0.0021796028025358656,0.004484777334820181,True,290,4096,0.07080078125,0.6211776167038466
32,256,0.003594160296647935,0.007858154725499347,True,277,4096,0.067626953125,0.6211776167038466
32,257,0.0014668217079101726,0.003667929394096922,True,289,4096,0.070556640625,0.6211776167038466
32,258,0.0029156420309222725,0.0053519944223922745,True,294,4096,0.07177734375,0.6211776167038466
32,259,0.0030398908452198715,0.0082845902132343,True,297,4096,0.072509765625,0.6211776167038466
32,260,0.0032716352419717007,0.007870706602035704,True,292,4096,0.0712890625,0.6211776167038466
32,261,0.0032178823402890765,0.006266884747270884,True,289,4096,0.070556640625,0.6211776167038466
32,262,0.004830811373668164,0.010446850715304823,True,288,4096,0.0703125,0.6211776167038466
32,263,0.002313414583547506,0.0054604409081719305,True,290,4096,0.07080078125,0.6211776167038466
32,264,0.0029078996003840314,0.006552254282003497,True,288,4096,0.0703125,0.6211776167038466
32,265,0.003907548780520654,0.00844649318830959,True,281,4096,0.068603515625,0.6211776167038466
32,266,0.0021214664424575535,0.0048665754626712535,True,295,4096,0.072021484375,0.6211776167038466
32,267,0.0022327118254487502,0.004901849570491598,True,287,4096,0.070068359375,0.6211776167038466
32,268,0.001986121833931057,0.004510781946858666,True,291,4096,0.071044921875,0.6211776167038466
32,269,0.002300952875341998,0.004853870151428311,True,299,4096,0.072998046875,0.6211776167038466
32,270,0.004530407491292806,0.01127443105114103,False,283,4096,0.069091796875,0.6211776167038466
32,271,0.0019477363209831388,0.004185049030650867,True,294,4096,0.07177734375,0.6211776167038466
32,272,0.0007754943548078786,0.0013798214878817348,True,293,4096,0.071533203125,0.6211776167038466
32,273,0.002140503077244248,0.0036061068194904594,True,285,4096,0.069580078125,0.6211776167038466
32,274,0.002524974026089165,0.006317578450176969,True,289,4096,0.070556640625,0.6211776167038466
32,275,0.0019358053323628658,0.003820361409490953,True,292,4096,0.0712890625,0.6211776167038466
32,276,0.005303245635115231,0.011997743065158911,False,290,4096,0.07080078125,0.6211776167038466
32,277,0.001990557000104126,0.0048122203524637586,True,292,4096,0.0712890625,0.6211776167038466
32,278,0.0032141839171753524,0.008128910209413753,True,292,4096,0.0712890625,0.6211776167038466
32,279,0.0037359135952659732,0.00748250446588751,True,292,4096,0.0712890625,0.6211776167038466
32,280,0.0027826582587431653,0.0056108515059341835,True,292,4096,0.0712890625,0.6211776167038466
32,281,0.004559474209668107,0.011927059630968184,False,282,4096,0.06884765625,0.6211776167038466
32,282,0.0019212857672860288,0.003027125067435507,True,294,4096,0.07177734375,0.6211776167038466
32,283,0.00319462464159854,0.008389330856612184,True,291,4096,0.071044921875,0.6211776167038466
32,284,0.002223682306757437,0.005749413711044454,True,295,4096,0.072021484375,0.6211776167038466
32,285,0.002912944369301865,0.004367756777281205,True,294,4096,0.07177734375,0.6211776167038466
32,286,0.003716588594694488,0.007476805266339079,False,289,4096,0.070556640625,0.6211776167038466
32,287,0.004274174100680223,0.010866466909337208,False,291,4096,0.071044921875,0.6211776167038466
32,288,0.003632753057984165,0.00893738149012252,True,284,4096,0.0693359375,0.6211776167038466
32,289,0.002913556476523454,0.005824384008551894,True,291,4096,0.071044921875,0.6211776167038466
32,290,0.006114193085960782,0.01693622267892876,False,292,4096,0.0712890625,0.6211776167038466
32,291,0.0037597226509666908,0.009042075222666618,True,289,4096,0.070556640625,0.6211776167038466
32,292,0.0036503630374287066,0.00810863340198105,False,300,4096,0.0732421875,0.6211776167038466
32,293,0.004272944086104471,0.008567113399777351,False,288,4096,0.0703125,0.6211776167038466
32,294,0.002219560962242042,0.005318974023240885,True,293,4096,0.071533203125,0.6211776167038466
32,295,0.0026507947942997355,0.004482752900842657,True,285,4096,0.069580078125,0.6211776167038466
32,296,0.0017178292963425349,0.0026871581248989473,True,294,4096,0.07177734375,0.6211776167038466
32,297,0.005752905429879561,0.01362135825566474,False,289,4096,0.070556640625,0.6211776167038466
32,298,0.003223455788743418,0.006013143106717883,True,284,4096,0.0693359375,0.6211776167038466
32,299,0.0031207137893669717,0.007546016116922835,True,292,4096,0.0712890625,0.6211776167038466
32,300,0.0025594560936758937,0.0051624593824778214,True,293,4096,0.071533203125,0.6211776167038466
32,301,0.005688542961819383,0.013991880187902234,True,290,4096,0.07080078125,0.6211776167038466
32,302,0.0021746318637214214,0.004296858494339639,True,287,4096,0.070068359375,0.6211776167038466
32,303,0.0029473603186877233,0.006434048638997457,True,295,4096,0.072021484375,0.6211776167038466
32,304,0.0022742754834656894,0.005184887467016827,True,288,4096,0.0703125,0.6211776167038466
32,305,0.001709281923128986,0.003308534152250714,True,293,4096,0.071533203125,0.6211776167038466
32,306,0.0025510244949385613,0.005218129056526383,True,293,4096,0.071533203125,0.6211776167038466
32,307,0.0013677506092976406,0.0030504956128572513,True,296,4096,0.072265625,0.6211776167038466
32,308,0.002988914092242214,0.006324981635612353,True,297,4096,0.072509765625,0.6211776167038466
32,309,0.001187198057703191,0.0022306714790879673,True,301,4096,0.073486328125,0.6211776167038466
32,310,0.0026526231819580825,0.006911614797781476,True,297,4096,0.072509765625,0.6211776167038466
32,311,0.00365964840787505,0.01000531511881235,True,293,4096,0.071533203125,0.6211776167038466
32,312,0.004202143733024108,0.008537138714480016,True,291,4096,0.071044921875,0.6211776167038466
32,313,0.003383410497384643,0.007572817401911014,False,289,4096,0.070556640625,0.6211776167038466
32,314,0.004489864723502756,0.009916705439457787,False,297,4096,0.072509765625,0.6211776167038466
32,315,0.002575243398642691,0.0048837518890811615,True,288,4096,0.0703125,0.6211776167038466
32,316,0.0020110746721007473,0.004306195548574129,True,293,4096,0.071533203125,0.6211776167038466
32,317,0.0023276142266492406,0.004492372594925294,True,282,4096,0.06884765625,0.6211776167038466
32,318,0.0021046635457645656,0.005435470169677756,True,298,4096,0.07275390625,0.6211776167038466
32,319,0.005715689551463504,0.013524080081477916,True,291,4096,0.071044921875,0.6211776167038466
32,320,0.0019335231162216347,0.0035504068040024955,True,293,4096,0.071533203125,0.6211776167038466
32,321,0.0016050487898882748,0.0035036352154556305,True,293,4096,0.071533203125,0.6211776167038466
32,322,0.005755043358109473,0.01260093078632573,False,292,4096,0.0712890625,0.6211776167038466
32,323,0.003542018613035357,0.009544531054835825,True,295,4096,0.072021484375,0.6211776167038466
32,324,0.0025569976342304343,0.007228747735759308,True,296,4096,0.072265625,0.6211776167038466
32,325,0.002993808484297167,0.005775831330423614,True,297,4096,0.072509765625,0.6211776167038466
32,326,0.0041069585949000485,0.0076221761136132625,True,292,4096,0.0712890625,0.6211776167038466
32,327,0.002780395493065593,0.0057393734071080615,True,293,4096,0.071533203125,0.6211776167038466
32,328,0.0021888524122625676,0.0051205209757032855,True,291,4096,0.071044921875,0.6211776167038466
32,329,0.002674178230030696,0.00592930324232481,True,290,4096,0.07080078125,0.6211776167038466
32,330,0.002953315742979831,0.007900807175678981,False,282,4096,0.06884765625,0.6211776167038466
32,331,0.002002647304310053,0.005716088212542006,True,299,4096,0.072998046875,0.6211776167038466
32,332,0.0022829484956214028,0.005522954366357857,True,287,4096,0.070068359375,0.6211776167038466
32,333,0.0027651314406422476,0.004949388986632899,True,292,4096,0.0712890625,0.6211776167038466
32,334,0.0029397486261037585,0.005039469758345662,True,290,4096,0.07080078125,0.6211776167038466
32,335,0.0031357289151121687,0.008001420315546237,True,288,4096,0.0703125,0.6211776167038466
32,336,0.0016401700875253917,0.003894419911876522,True,290,4096,0.07080078125,0.6211776167038466
32,337,0.0029758692299535674,0.006184399206882442,True,296,4096,0.072265625,0.6211776167038466
32,338,0.00220758991083151,0.005985518072940052,True,285,4096,0.069580078125,0.6211776167038466
32,339,0.0030055300804037806,0.006213992118849994,True,291,4096,0.071044921875,0.6211776167038466
32,340,0.00243154420812794,0.004199596830062241,True,291,4096,0.071044921875,0.6211776167038466
32,341,0.002642800730776061,0.005714257219599169,True,284,4096,0.0693359375,0.6211776167038466
32,342,0.005656768882456785,0.01262882190264028,False,293,4096,0.071533203125,0.6211776167038466
32,343,0.0053619894699088125,0.010883718548010554,False,288,4096,0.0703125,0.6211776167038466
32,344,0.001384954101448289,0.0026236339335830618,True,286,4096,0.06982421875,0.6211776167038466
32,345,0.0009946278589036447,0.0015301663682375788,True,301,4096,0.073486328125,0.6211776167038466
32,346,0.003014625780749908,0.008181420350234447,False,297,4096,0.072509765625,0.6211776167038466
32,347,0.0026461921620362064,0.004659795913510435,True,292,4096,0.0712890625,0.6211776167038466
32,348,0.003659364707092398,0.007851063512643308,True,296,4096,0.072265625,0.6211776167038466
32,349,0.0027279364126108242,0.005890739454735616,True,293,4096,0.071533203125,0.6211776167038466
32,350,0.0031663015425873616,0.005794478650811324,True,279,4096,0.068115234375,0.6211776167038466
32,351,0.004030507474023036,0.010682387717484573,True,282,4096,0.06884765625,0.6211776167038466
32,352,0.0029489438201927734,0.006044077827506156,True,295,4096,0.072021484375,0.6211776167038466
32,353,0.0019220358091493975,0.003997689318761585,True,298,4096,0.07275390625,0.6211776167038466
32,354,0.0028633264574043074,0.00762692156459413,True,289,4096,0.070556640625,0.6211776167038466
32,355,0.0009294818629151839,0.001489602123653129,True,294,4096,0.07177734375,0.6211776167038466
32,356,0.0027188250587040744,0.003916562666172754,True,287,4096,0.070068359375,0.6211776167038466
32,357,0.003874041831467839,0.009330379539360556,True,292,4096,0.0712890625,0.6211776167038466
32,358,0.0021380921529187305,0.005127187264702945,True,288,4096,0.0703125,0.6211776167038466
32,359,0.00320437119243016,0.008352560598025534,True,279,4096,0.068115234375,0.6211776167038466
32,360,0.00476516231099187,0.011289581259265422,False,286,4096,0.06982421875,0.6211776167038466
32,361,0.006615576446769667,0.01391198184062964,False,288,4096,0.0703125,0.6211776167038466
32,362,0.0029355395954701255,0.007682836078849231,True,296,4096,0.072265625,0.6211776167038466
32,363,0.002461147330362344,0.004928559136379164,True,291,4096,0.071044921875,0.6211776167038466
32,364,0.0029030305090789747,0.007249881403773542,True,296,4096,0.072265625,0.6211776167038466
32,365,0.006099536200334768,0.010478120149367706,True,290,4096,0.07080078125,0.6211776167038466
32,366,0.002702816017006264,0.005579111965082682,True,291,4096,0.071044921875,0.6211776167038466
32,367,0.004512139341843719,0.01260000805406676,False,292,4096,0.0712890625,0.6211776167038466
32,368,0.0050656020624534875,0.010672147443831104,True,288,4096,0.0703125,0.6211776167038466
32,369,0.004884333089152907,0.00874467717226382,True,288,4096,0.0703125,0.6211776167038466
32,370,0.002389974012561265,0.00481844942467205,True,299,4096,0.072998046875,0.6211776167038466
32,371,0.0023096624711769704,0.005349086291012835,True,293,4096,0.071533203125,0.6211776167038466
32,372,0.0018849848712826909,0.0031628707816354212,True,300,4096,0.0732421875,0.6211776167038466
32,373,0.0034277272670220687,0.008515931012059469,True,294,4096,0.07177734375,0.6211776167038466
32,374,0.003952671166888508,0.008709293135365406,True,295,4096,0.072021484375,0.6211776167038466
32,375,0.002693147010153704,0.006074249893830812,True,290,4096,0.07080078125,0.6211776167038466
32,376,0.0038308796581782625,0.007160091551692463,False,294,4096,0.07177734375,0.6211776167038466
32,377,0.00218102183236844,0.0048739848175208995,True,291,4096,0.071044921875,0.6211776167038466
32,378,0.002885784180389171,0.007427099085522679,True,289,4096,0.070556640625,0.6211776167038466
32,379,0.004286360069076318,0.011197527128448417,True,297,4096,0.072509765625,0.6211776167038466
32,380,0.003205849184815845,0.008828479106783,True,296,4096,0.072265625,0.6211776167038466
32,381,0.0031543284171811777,0.007134886120074818,True,295,4096,0.072021484375,0.6211776167038466
32,382,0.0021978577866021945,0.004228783551997423,True,288,4096,0.0703125,0.6211776167038466
32,383,0.003745919916434516,0.010035274653646786,True,277,4096,0.067626953125,0.6211776167038466
32,384,0.002809542432579759,0.006274858739993519,True,295,4096,0.072021484375,0.6211776167038466
32,385,0.001460721173639177,0.0033405502684842464,True,295,4096,0.072021484375,0.6211776167038466
32,386,0.0033044204265850834,0.00788096220712925,True,291,4096,0.071044921875,0.6211776167038466
32,387,0.0030648526887335,0.006389026071688633,True,287,4096,0.070068359375,0.6211776167038466
32,388,0.0029923350108263134,0.006455479753319546,True,290,4096,0.07080078125,0.6211776167038466
32,389,0.001692066481997401,0.0032157905269431936,True,294,4096,0.07177734375,0.6211776167038466
32,390,0.002614134561281305,0.005095331120244448,True,294,4096,0.07177734375,0.6211776167038466
32,391,0.004526635172366075,0.011701209625335038,True,297,4096,0.072509765625,0.6211776167038466
32,392,0.0024291266989324932,0.005139902312228023,True,284,4096,0.0693359375,0.6211776167038466
32,393,0.0026006730274515727,0.006472993395821372,True,291,4096,0.071044921875,0.6211776167038466
32,394,0.0034255976129841303,0.0076997718522163056,True,293,4096,0.071533203125,0.6211776167038466
32,395,0.007641783533694509,0.016656465839462675,False,286,4096,0.06982421875,0.6211776167038466
32,396,0.003207585294607362,0.0069542135197567315,True,290,4096,0.07080078125,0.6211776167038466
32,397,0.003416899390213172,0.007738618173216041,True,288,4096,0.0703125,0.6211776167038466
32,398,0.0029646541167150393,0.0058632438127263625,True,287,4096,0.070068359375,0.6211776167038466
32,399,0.0042643654258769,0.011346224924933826,False,295,4096,0.072021484375,0.6211776167038466
64,0,0.002543597177242701,0.005864235118971092,True,523,4096,0.127685546875,0.439238905092588
64,1,0.0014522873373317,0.0032629453983360063,True,519,4096,0.126708984375,0.439238905092588
64,2,0.0017162371049358376,0.004162742443914555,True,526,4096,0.12841796875,0.439238905092588
64,3,0.0018555797079659042,0.003847527392553028,True,511,4096,0.124755859375,0.439238905092588
64,4,0.0034031223262105774,0.009122346859218255,False,531,4096,0.129638671875,0.439238905092588
64,5,0.0020211949696747637,0.00369703238267996,True,514,4096,0.12548828125,0.439238905092588
64,6,0.001176049763592689,0.0023265434151691702,True,509,4096,0.124267578125,0.439238905092588
64,7,0.0021078054053008154,0.004400601964887209,True,516,4096,0.1259765625,0.439238905092588
64,8,0.0019467169006564685,0.004568948422373681,True,522,4096,0.12744140625,0.439238905092588
64,9,0.0021609260024663597,0.005146994280029606,True,514,4096,0.12548828125,0.439238905092588
64,10,0.0013053001213042055,0.0027064368600103507,True,526,4096,0.12841796875,0.439238905092588
64,11,0.0024473756238692266,0.005785157858095857,True,522,4096,0.12744140625,0.439238905092588
64,12,0.0017246526793666269,0.003474200202862633,True,520,4096,0.126953125,0.439238905092588
64,13,0.0022255505762402246,0.004709451927525754,True,520,4096,0.126953125,0.439238905092588
64,14,0.0017226184237411472,0.0026679150085661685,True,517,4096,0.126220703125,0.439238905092588
64,15,0.0022387056941834548,0.003670184689660294,True,527,4096,0.128662109375,0.439238905092588
64,16,0.002456211052214698,0.007111274572992307,True,529,4096,0.129150390625,0.439238905092588
64,17,0.0019812649926720573,0.005514999112898267,True,520,4096,0.126953125,0.439238905092588
64,18,0.0020185559451809595,0.004290615235416871,True,537,4096,0.131103515625,0.439238905092588
64,19,0.002820305318231445,0.006484729074109893,True,525,4096,0.128173828125,0.439238905092588
64,20,0.0017331777688463963,0.002524206295531073,True,521,4096,0.127197265625,0.439238905092588
64,21,0.001291334003712064,0.002838922576914142,True,532,4096,0.1298828125,0.439238905092588
64,22,0.001573231362986124,0.0033467801541015862,True,517,4096,0.126220703125,0.439238905092588
64,23,0.0037928473025032076,0.009169456576272217,True,532,4096,0.1298828125,0.439238905092588
64,24,0.0024117762670256525,0.004830865707440006,True,530,4096,0.12939453125,0.439238905092588
64,25,0.0034245646452273843,0.009088184071243358,False,518,4096,0.12646484375,0.439238905092588
64,26,0.0021594629172937497,0.0045667263240281725,True,518,4096,0.12646484375,0.439238905092588
64,27,0.002382122636508644,0.00457613868032597,True,528,4096,0.12890625,0.439238905092588
64,28,0.003989510964002242,0.010308687610323462,True,525,4096,0.128173828125,0.439238905092588
64,29,0.0014881144329787273,0.00260577013844205,True,528,4096,0.12890625,0.439238905092588
64,30,0.0020397721712710165,0.00447719459280313,True,524,4096,0.1279296875,0.439238905092588
64,31,0.0020314961485597485,0.003800065873576064,True,531,4096,0.129638671875,0.439238905092588
64,32,0.002472562450795146,0.005418763302541069,True,533,4096,0.130126953125,0.439238905092588
64,33,0.001702980324482894,0.003760541224672259,True,518,4096,0.12646484375,0.439238905092588
64,34,0.0009260814702576593,0.002202369005209301,True,530,4096,0.12939453125,0.439238905092588
64,35,0.001760933978090107,0.0034642474559583164,True,514,4096,0.12548828125,0.439238905092588
64,36,0.0025859142046474382,0.007488214978298782,True,531,4096,0.129638671875,0.439238905092588
64,37,0.001987225765126955,0.004230075351328168,True,528,4096,0.12890625,0.439238905092588
64,38,0.002162320083343225,0.0037491645375721284,True,527,4096,0.128662109375,0.439238905092588
64,39,0.0028415489991004583,0.006405340963182057,True,526,4096,0.12841796875,0.439238905092588
64,40,0.0018130913277000832,0.0038752039847449356,True,522,4096,0.12744140625,0.439238905092588
64,41,0.0038496521702205255,0.010254002947298085,True,517,4096,0.126220703125,0.439238905092588
64,42,0.005209147801174505,0.012997980487405532,True,521,4096,0.127197265625,0.439238905092588
64,43,0.00206000829830947,0.0034919469344411036,True,528,4096,0.12890625,0.439238905092588
64,44,0.0015331150624759082,0.0040297811104256995,True,529,4096,0.129150390625,0.439238905092588
64,45,0.002203616804104608,0.004236320596265254,True,519,4096,0.126708984375,0.439238905092588
64,46,0.0013879866434086013,0.0030708447140710537,True,530,4096,0.12939453125,0.439238905092588
64,47,0.001295305880575744,0.0027599936133095825,True,521,4096,0.127197265625,0.439238905092588
64,48,0.0036489010217492595,0.008255506007459106,True,533,4096,0.130126953125,0.439238905092588
64,49,0.000988370403811252,0.0017853902132598416,True,527,4096,0.128662109375,0.439238905092588
64,50,0.0017092111535692807,0.0037463973835035608,True,520,4096,0.126953125,0.439238905092588
64,51,0.001633909263627861,0.003977657957768506,True,520,4096,0.126953125,0.439238905092588
64,52,0.0015894944825190329,0.0032016631543437778,True,538,4096,0.13134765625,0.439238905092588
64,53,0.0015072110841606251,0.002793082915737044,True,530,4096,0.12939453125,0.439238905092588
64,54,0.0021733860800034217,0.004443767417755845,True,507,4096,0.123779296875,0.439238905092588
64,55,0.0017848146488345133,0.0031227096581595976,True,532,4096,0.1298828125,0.439238905092588
64,56,0.0011163610854216703,0.0024813711365834906,True,534,4096,0.13037109375,0.439238905092588
64,57,0.0020652088314512705,0.003794680890966913,True,522,4096,0.12744140625,0.439238905092588
64,58,0.0017506147881344645,0.003437419547726195,True,519,4096,0.126708984375,0.439238905092588
64,59,0.001274208916878732,0.0024256997894525675,True,526,4096,0.12841796875,0.439238905092588
64,60,0.0015510430705401397,0.003141146008235743,True,545,4096,0.133056640625,0.439238905092588
64,61,0.0032870370408330414,0.007735955755347426,True,531,4096,0.129638671875,0.439238905092588
64,62,0.0033505877928246643,0.007418861243059349,False,524,4096,0.1279296875,0.439238905092588
64,63,0.0026635864514554216,0.004486190816724703,True,534,4096,0.13037109375,0.439238905092588
64,64,0.0029833628207424994,0.005831626094831628,True,515,4096,0.125732421875,0.439238905092588
64,65,0.002764476437928078,0.006263393990543563,True,537,4096,0.131103515625,0.439238905092588
64,66,0.0024409792742064768,0.004601084770183991,True,535,4096,0.130615234375,0.439238905092588
64,67,0.002032609117925161,0.003705993403335231,True,514,4096,0.12548828125,0.439238905092588
64,68,0.0011236936817935483,0.002245051971594761,True,517,4096,0.126220703125,0.439238905092588
64,69,0.0029684228075603563,0.008690989305416244,True,517,4096,0.126220703125,0.439238905092588
64,70,0.0017141331099805753,0.004148750690797828,True,525,4096,0.128173828125,0.439238905092588
64,71,0.0030145354996098765,0.007985392792989876,False,515,4096,0.125732421875,0.439238905092588
64,72,0.0018040136077960465,0.004801029050598364,True,528,4096,0.12890625,0.439238905092588
64,73,0.0016199652637963742,0.0029639780520957504,True,534,4096,0.13037109375,0.439238905092588
64,74,0.0020537899859887775,0.005509564048904611,True,542,4096,0.13232421875,0.439238905092588
64,75,0.0025078675879855327,0.005898831288867423,True,524,4096,0.1279296875,0.439238905092588
64,76,0.0019907834172106847,0.004166193013795533,True,521,4096,0.127197265625,0.439238905092588
64,77,0.0017794476639289261,0.004452512440679436,True,522,4096,0.12744140625,0.439238905092588
64,78,0.0018850040882311887,0.0042157552863818434,True,531,4096,0.129638671875,0.439238905092588
64,79,0.0035109392972782756,0.008468660858995385,True,521,4096,0.127197265625,0.439238905092588
64,80,0.002372081731267868,0.006617228386460158,True,521,4096,0.127197265625,0.439238905092588
64,81,0.0025212077902633284,0.007037965794095019,True,527,4096,0.128662109375,0.439238905092588
64,82,0.0012237801498763687,0.002235446676047269,True,531,4096,0.129638671875,0.439238905092588
64,83,0.0022803738376872126,0.004971227674777708,True,523,4096,0.127685546875,0.439238905092588
64,84,0.0038271290842996674,0.008912208379250018,False,526,4096,0.12841796875,0.439238905092588
64,85,0.0027545830617176645,0.005309222784249362,True,520,4096,0.126953125,0.439238905092588
64,86,0.0025443396645858283,0.0054204803680147975,True,533,4096,0.130126953125,0.439238905092588
64,87,0.00199205462739184,0.005097880993146703,True,525,4096,0.128173828125,0.439238905092588
64,88,0.0017901404761221022,0.0033478416557621293,True,534,4096,0.13037109375,0.439238905092588
64,89,0.0023621369135074823,0.005549723662735137,True,529,4096,0.129150390625,0.439238905092588
64,90,0.003642778533859676,0.007008953252855915,True,511,4096,0.124755859375,0.439238905092588
64,91,0.001918509283778,0.003250960726287014,True,520,4096,0.126953125,0.439238905092588
64,92,0.001889088438805573,0.005282738901581346,True,534,4096,0.13037109375,0.439238905092588
64,93,0.0021504710153323375,0.003657541883053811,True,527,4096,0.128662109375,0.439238905092588
64,94,0.000853238981709975,0.0017457788293299276,True,525,4096,0.128173828125,0.439238905092588
64,95,0.0016386718893958905,0.003059437519076766,True,528,4096,0.12890625,0.439238905092588
64,96,0.0019090562047245625,0.005935197529602934,True,524,4096,0.1279296875,0.439238905092588
64,97,0.003229064508827807,0.008473174076595383,True,527,4096,0.128662109375,0.439238905092588
64,98,0.0023273946416669513,0.005085521286233859,True,527,4096,0.128662109375,0.439238905092588
64,99,0.0012638470822265505,0.0027181892689432663,True,522,4096,0.12744140625,0.439238905092588
64,100,0.002088602939365028,0.004890110406693862,True,522,4096,0.12744140625,0.439238905092588
64,101,0.0019505493528831318,0.003588743044833382,True,514,4096,0.12548828125,0.439238905092588
64,102,0.002432428522454205,0.005724241161266359,True,536,4096,0.130859375,0.439238905092588
64,103,0.0030779187733402705,0.007701849756603089,True,522,4096,0.12744140625,0.439238905092588
64,104,0.001903587770317715,0.0033830437091646737,True,524,4096,0.1279296875,0.439238905092588
64,105,0.0018390428240822687,0.005064604284763186,True,520,4096,0.126953125,0.439238905092588
64,106,0.0017659153785184766,0.0041509002456556615,True,524,4096,0.1279296875,0.439238905092588
64,107,0.0027278196395611257,0.005587570856734073,True,517,4096,0.126220703125,0.439238905092588
64,108,0.0017939108420182838,0.0037675588764077353,True,531,4096,0.129638671875,0.439238905092588
64,109,0.0016667908461278262,0.0038812854898126886,True,526,4096,0.12841796875,0.439238905092588
64,110,0.002121785111808068,0.004415522694224919,True,528,4096,0.12890625,0.439238905092588
64,111,0.001987990472099748,0.004507975060250288,True,521,4096,0.127197265625,0.439238905092588
64,112,0.0018743304897515828,0.003007586249492683,True,517,4096,0.126220703125,0.439238905092588
64,113,0.002758634636307499,0.0066663456419053385,True,521,4096,0.127197265625,0.439238905092588
64,114,0.0036414250314080413,0.008514671787736003,False,524,4096,0.1279296875,0.439238905092588
64,115,0.003079248226070097,0.007497546419966347,True,516,4096,0.1259765625,0.439238905092588
64,116,0.001220525816511566,0.0030657839318555674,True,520,4096,0.126953125,0.439238905092588
64,117,0.0015223759420340116,0.0030361083506542322,True,514,4096,0.12548828125,0.439238905092588
64,118,0.00243598433879484,0.0064403556814462415,True,522,4096,0.12744140625,0.439238905092588
64,119,0.0020672562940995923,0.004801842933095511,True,521,4096,0.127197265625,0.439238905092588
64,120,0.001192542552656225,0.002083938608082009,True,521,4096,0.127197265625,0.439238905092588
64,121,0.0013300122742716542,0.003139840633225869,True,520,4096,0.126953125,0.439238905092588
64,122,0.0024085788105645627,0.005308876822423356,True,519,4096,0.126708984375,0.439238905092588
64,123,0.0013639364398160836,0.0027660839270883114,True,529,4096,0.129150390625,0.439238905092588
64,124,0.0022211793795157285,0.005151823556534096,True,522,4096,0.12744140625,0.439238905092588
64,125,0.004710906712504921,0.011552655037397247,True,520,4096,0.126953125,0.439238905092588
64,126,0.0019216622798124512,0.004254404533602402,True,529,4096,0.129150390625,0.439238905092588
64,127,0.0020595084799265723,0.003907398893613315,True,526,4096,0.12841796875,0.439238905092588
64,128,0.0024981432830798586,0.006269612559280047,True,528,4096,0.12890625,0.439238905092588
64,129,0.0018175432571551715,0.0031815383475181924,True,519,4096,0.126708984375,0.439238905092588
64,130,0.0028921517631782944,0.00569486183384478,True,517,4096,0.126220703125,0.439238905092588
64,131,0.00136561426940623,0.00248128227996966,True,521,4096,0.127197265625,0.439238905092588
64,132,0.0021242128125732924,0.004136855337306629,True,523,4096,0.127685546875,0.439238905092588
64,133,0.0014207141153155228,0.0029761162473694314,True,520,4096,0.126953125,0.439238905092588
64,134,0.003997272714489851,0.009754823144824454,True,516,4096,0.1259765625,0.439238905092588
64,135,0.0008207814889934214,0.0017262859530377955,True,527,4096,0.128662109375,0.439238905092588
64,136,0.0015258608718354892,0.0032174769554784155,True,533,4096,0.130126953125,0.439238905092588
64,137,0.002467866714624501,0.006509331279491146,True,530,4096,0.12939453125,0.439238905092588
64,138,0.003359399832093121,0.00704027289957386,True,527,4096,0.128662109375,0.439238905092588
64,139,0.0024172911040030425,0.006539733606149886,True,527,4096,0.128662109375,0.439238905092588
64,140,0.0010086835958874431,0.0024906521618429586,True,528,4096,0.12890625,0.439238905092588
64,141,0.0021665858917028955,0.005646261338632649,True,526,4096,0.12841796875,0.439238905092588
64,142,0.00107502759481929,0.002519059529233883,True,532,4096,0.1298828125,0.439238905092588
64,143,0.002928824084119655,0.00758443499145723,True,526,4096,0.12841796875,0.439238905092588
64,144,0.0036439659755762494,0.010147462417763542,False,523,4096,0.127685546875,0.439238905092588
64,145,0.0023006641998639527,0.005306072543292489,True,532,4096,0.1298828125,0.439238905092588
64,146,0.0024361757958874675,0.0048650410385808265,True,531,4096,0.129638671875,0.439238905092588
64,147,0.0023534744759010403,0.006279794921166676,True,519,4096,0.126708984375,0.439238905092588
64,148,0.0010028966289452473,0.002753192938205938,True,531,4096,0.129638671875,0.439238905092588
64,149,0.0023213490587929357,0.004957645621546221,True,513,4096,0.125244140625,0.439238905092588
64,150,0.0019023672105289214,0.0040964673160429205,True,518,4096,0.12646484375,0.439238905092588
64,151,0.001549083774946194,0.004067289766285807,True,527,4096,0.128662109375,0.439238905092588
64,152,0.0015779021313083413,0.0038801126101973143,True,527,4096,0.128662109375,0.439238905092588
64,153,0.0021762371255293553,0.004422805556592815,True,526,4096,0.12841796875,0.439238905092588
64,154,0.0020868052260641745,0.004024450841484676,True,539,4096,0.131591796875,0.439238905092588
64,155,0.0012126811437932258,0.002960539639794771,True,519,4096,0.126708984375,0.439238905092588
64,156,0.0019739788160545177,0.00364648046373528,True,529,4096,0.129150390625,0.439238905092588
64,157,0.002400739650433349,0.0047869164503967915,True,522,4096,0.12744140625,0.439238905092588
64,158,0.0023675309232432354,0.004436862997399246,True,514,4096,0.12548828125,0.439238905092588
64,159,0.003559042723810199,0.007653194856399717,True,525,4096,0.128173828125,0.439238905092588
64,160,0.0009683402870141649,0.0021418426336227633,True,539,4096,0.131591796875,0.439238905092588
64,161,0.0011571185655932582,0.0027467233946734497,True,521,4096,0.127197265625,0.439238905092588
64,162,0.0025005044551736394,0.007224001142079939,True,517,4096,0.126220703125,0.439238905092588
64,163,0.001751778148498769,0.003376633560107145,True,531,4096,0.129638671875,0.439238905092588
64,164,0.00239143202462359,0.005486431911869739,True,534,4096,0.13037109375,0.439238905092588
64,165,0.0014300215728834539,0.0027615688982751962,True,528,4096,0.12890625,0.439238905092588
64,166,0.0018197614892252365,0.0038986279180162967,True,528,4096,0.12890625,0.439238905092588
64,167,0.0025821179250162876,0.004800188991496656,True,523,4096,0.127685546875,0.439238905092588
64,168,0.0008206947486262679,0.001717770490659326,True,535,4096,0.130615234375,0.439238905092588
64,169,0.0014993690035357335,0.0029292701616826615,True,531,4096,0.129638671875,0.439238905092588
64,170,0.00138358682225715,0.0030759648283848473,True,533,4096,0.130126953125,0.439238905092588
64,171,0.0026112390339488273,0.007397998266286621,True,534,4096,0.13037109375,0.439238905092588
64,172,0.002639853814632889,0.006660603447054464,True,523,4096,0.127685546875,0.439238905092588
64,173,0.0022688408964932814,0.004676154164099153,True,509,4096,0.124267578125,0.439238905092588
64,174,0.0012948243898461764,0.0023077611481687743,True,513,4096,0.125244140625,0.439238905092588
64,175,0.001225650065064425,0.0035537464978293437,True,532,4096,0.1298828125,0.439238905092588
64,176,0.003471116591427656,0.009090032393495498,False,517,4096,0.126220703125,0.439238905092588
64,177,0.0017046213867270145,0.004130074220059982,True,523,4096,0.127685546875,0.439238905092588
64,178,0.001895508441485283,0.0036920619215788826,True,528,4096,0.12890625,0.439238905092588
64,179,0.0019460100790497053,0.003930507167712358,True,523,4096,0.127685546875,0.439238905092588
64,180,0.001495540995889441,0.002931001846601951,True,518,4096,0.12646484375,0.439238905092588
64,181,0.0019261638050325177,0.003642544859166468,True,539,4096,0.131591796875,0.439238905092588
64,182,0.0013492535668305828,0.0026755658935837534,True,520,4096,0.126953125,0.439238905092588
64,183,0.00320037291349408,0.008276249660130658,True,533,4096,0.130126953125,0.439238905092588
64,184,0.0028654196326200767,0.006272396752866047,True,520,4096,0.126953125,0.439238905092588
64,185,0.0015812750232520774,0.0038569142303700454,True,520,4096,0.126953125,0.439238905092588
64,186,0.0022843106470783266,0.004332235940844753,True,520,4096,0.126953125,0.439238905092588
64,187,0.0028955495331312586,0.008268032326306754,True,518,4096,0.12646484375,0.439238905092588
64,188,0.00084617955020884,0.001947225926882741,True,529,4096,0.129150390625,0.439238905092588
64,189,0.0010759561544979796,0.002758214210729651,True,521,4096,0.127197265625,0.439238905092588
64,190,0.0011388762954824487,0.002548191672676406,True,526,4096,0.12841796875,0.439238905092588
64,191,0.003253845991756211,0.006851416595344356,True,524,4096,0.1279296875,0.439238905092588
64,192,0.003906535767338475,0.009647071486858866,True,513,4096,0.125244140625,0.439238905092588
64,193,0.0030122670398817918,0.0065777494981270335,True,531,4096,0.129638671875,0.439238905092588
64,194,0.002212788595368396,0.004005403676040298,True,516,4096,0.1259765625,0.439238905092588
64,195,0.0024926386044163396,0.005513539343367874,True,525,4096,0.128173828125,0.439238905092588
64,196,0.0014308718604422387,0.00271530440044139,True,532,4096,0.1298828125,0.439238905092588
64,197,0.0029717486426610296,0.007878780240020283,True,527,4096,0.128662109375,0.439238905092588
64,198,0.0016813656396598956,0.0037073097668277114,True,540,4096,0.1318359375,0.439238905092588
64,199,0.0019236324445292899,0.003533946140925337,True,517,4096,0.126220703125,0.439238905092588
64,200,0.0027663812755006167,0.005706322142395005,True,517,4096,0.126220703125,0.439238905092588
64,201,0.002466124653092797,0.006264388611532508,True,522,4096,0.12744140625,0.439238905092588
64,202,0.001904743123255606,0.0033331374951816733,True,527,4096,0.128662109375,0.439238905092588
64,203,0.0017213889215639392,0.0032837916829687314,True,517,4096,0.126220703125,0.439238905092588
64,204,0.004202388771334036,0.010003370067656725,True,523,4096,0.127685546875,0.439238905092588
64,205,0.0006927881157829289,0.0014888817352359945,True,525,4096,0.128173828125,0.439238905092588
64,206,0.0014131607121067873,0.0030119472452084725,True,514,4096,0.12548828125,0.439238905092588
64,207,0.0025543157344941093,0.004762110122829913,True,526,4096,0.12841796875,0.439238905092588
64,208,0.002135371700437144,0.005406740279355081,True,527,4096,0.128662109375,0.439238905092588
64,209,0.0027733178648612655,0.007196413987392528,True,528,4096,0.12890625,0.439238905092588
64,210,0.00245398429519069,0.005271706786643612,True,520,4096,0.126953125,0.439238905092588
64,211,0.001620100237259811,0.002895219951863745,True,527,4096,0.128662109375,0.439238905092588
64,212,0.0027190742779990007,0.007471722063997252,True,529,4096,0.129150390625,0.439238905092588
64,213,0.00220010167685106,0.005565251638844179,True,529,4096,0.129150390625,0.439238905092588
64,214,0.001953797794621913,0.003673939741300397,True,516,4096,0.1259765625,0.439238905092588
64,215,0.0028164071955469163,0.006348930597289318,True,525,4096,0.128173828125,0.439238905092588
64,216,0.0025119167432108773,0.007648641662442016,True,530,4096,0.12939453125,0.439238905092588
64,217,0.0018656041868805378,0.003042433584496511,True,528,4096,0.12890625,0.439238905092588
64,218,0.002927674165132807,0.0062271901121075945,True,520,4096,0.126953125,0.439238905092588
64,219,0.0011125456166865223,0.0024506139750476094,True,515,4096,0.125732421875,0.439238905092588
64,220,0.003853140232996716,0.009032652133606517,True,515,4096,0.125732421875,0.439238905092588
64,221,0.0016014730306468945,0.0038855249431536953,True,531,4096,0.129638671875,0.439238905092588
64,222,0.0017548035820834575,0.0036715856067790625,True,524,4096,0.1279296875,0.439238905092588
64,223,0.002204530821546315,0.006654392798204345,True,530,4096,0.12939453125,0.439238905092588
64,224,0.0023449146320498678,0.005124001029973173,True,533,4096,0.130126953125,0.439238905092588
64,225,0.0026164389937000155,0.006367805024658182,True,520,4096,0.126953125,0.439238905092588
64,226,0.0017947228206310188,0.004266797253317266,True,516,4096,0.1259765625,0.439238905092588
64,227,0.0029049218874647033,0.006536312612944482,True,520,4096,0.126953125,0.439238905092588
64,228,0.0028557059541661463,0.007140878767623163,True,514,4096,0.12548828125,0.439238905092588
64,229,0.0023206614215606027,0.005665119222931669,True,520,4096,0.126953125,0.439238905092588
64,230,0.0022509327922973377,0.00415026808293964,True,523,4096,0.127685546875,0.439238905092588
64,231,0.0019356894423820492,0.004749779102212373,True,519,4096,0.126708984375,0.439238905092588
64,232,0.001955948781070165,0.004071675188983173,True,524,4096,0.1279296875,0.439238905092588
64,233,0.002040375234596549,0.004390638377956127,True,518,4096,0.12646484375,0.439238905092588
64,234,0.0013912904641722047,0.003353118873568515,True,526,4096,0.12841796875,0.439238905092588
64,235,0.0028336586757963314,0.007193769030908834,True,514,4096,0.12548828125,0.439238905092588
64,236,0.004125158526032496,0.010580568441003232,False,539,4096,0.131591796875,0.439238905092588
64,237,0.0020600739128120876,0.004461384212167824,True,519,4096,0.126708984375,0.439238905092588
64,238,0.0016065079270675962,0.003712992343013359,True,532,4096,0.1298828125,0.439238905092588
64,239,0.0012434401760804356,0.002915767177794064,True,523,4096,0.127685546875,0.439238905092588
64,240,0.004561366877098712,0.012504569310822694,True,511,4096,0.124755859375,0.439238905092588
64,241,0.0014957803855025684,0.0032768236566939613,True,526,4096,0.12841796875,0.439238905092588
64,242,0.0011154127226621548,0.0023530109761393386,True,531,4096,0.129638671875,0.439238905092588
64,243,0.0032351247276950794,0.006894026986985165,True,522,4096,0.12744140625,0.439238905092588
64,244,0.002205377220491517,0.00414921476355784,True,524,4096,0.1279296875,0.439238905092588
64,245,0.0018503341101345514,0.003913245411949984,True,525,4096,0.128173828125,0.439238905092588
64,246,0.0015153755118284136,0.002931657887863176,True,516,4096,0.1259765625,0.439238905092588
64,247,0.0014525120090992576,0.002618581117397642,True,541,4096,0.132080078125,0.439238905092588
64,248,0.0016204218390307049,0.0032787815992159075,True,529,4096,0.129150390625,0.439238905092588
64,249,0.0019315429322940708,0.004563773622737001,True,529,4096,0.129150390625,0.439238905092588
64,250,0.0009514444491010503,0.002071508778371395,True,527,4096,0.128662109375,0.439238905092588
64,251,0.002974637106155269,0.007167756634546427,True,511,4096,0.124755859375,0.439238905092588
64,252,0.0013101187468214346,0.002350980361967986,True,514,4096,0.12548828125,0.439238905092588
64,253,0.0021684543685332285,0.00334805196153104,True,534,4096,0.13037109375,0.439238905092588
64,254,0.0015503011937775789,0.002822837788469021,True,519,4096,0.126708984375,0.439238905092588
64,255,0.0014767613366395973,0.002806119068520588,True,522,4096,0.12744140625,0.439238905092588
64,256,0.0026545925761049774,0.0053612930990051405,True,536,4096,0.130859375,0.439238905092588
64,257,0.0028701696508563784,0.007266337526412578,True,514,4096,0.12548828125,0.439238905092588
64,258,0.0016569067389715945,0.0031981425647886474,True,518,4096,0.12646484375,0.439238905092588
64,259,0.003520848861241608,0.007993176595922372,True,515,4096,0.125732421875,0.439238905092588
64,260,0.0015419925634572078,0.0027510654031949466,True,515,4096,0.125732421875,0.439238905092588
64,261,0.0028035250792078203,0.006079022537536255,True,532,4096,0.1298828125,0.439238905092588
64,262,0.0015541183504161832,0.0026866492031369787,True,528,4096,0.12890625,0.439238905092588
64,263,0.0025400134149644944,0.0065884215491482795,True,526,4096,0.12841796875,0.439238905092588
64,264,0.003403595191911701,0.009130453441187819,True,527,4096,0.128662109375,0.439238905092588
64,265,0.0019499367388801454,0.00597286067459895,True,526,4096,0.12841796875,0.439238905092588
64,266,0.0028119584104217108,0.005138027355005903,True,529,4096,0.129150390625,0.439238905092588
64,267,0.001720928500120632,0.0034250581682839926,True,529,4096,0.129150390625,0.439238905092588
64,268,0.0015648886968683273,0.0028289795603976195,True,528,4096,0.12890625,0.439238905092588
64,269,0.0020138714049327206,0.0035031253873859212,True,529,4096,0.129150390625,0.439238905092588
64,270,0.00400341163934409,0.010292115532265597,False,509,4096,0.124267578125,0.439238905092588
64,271,0.00288206817430177,0.00715309103710815,True,527,4096,0.128662109375,0.439238905092588
64,272,0.0010753104324805543,0.0024073366199236605,True,525,4096,0.128173828125,0.439238905092588
64,273,0.001523142446361124,0.003516852320873065,True,534,4096,0.13037109375,0.439238905092588
64,274,0.0012693929602279985,0.002365673388076611,True,519,4096,0.126708984375,0.439238905092588
64,275,0.00293104753136836,0.006803502827116434,True,530,4096,0.12939453125,0.439238905092588
64,276,0.001874737929818544,0.0031379601606939325,True,511,4096,0.124755859375,0.439238905092588
64,277,0.0013487486625289734,0.0025433434745820854,True,528,4096,0.12890625,0.439238905092588
64,278,0.001957938825518609,0.004254669238417514,True,530,4096,0.12939453125,0.439238905092588
64,279,0.002669434945406474,0.005242616140987269,True,522,4096,0.12744140625,0.439238905092588
64,280,0.001888523292167792,0.0037614116684795904,True,520,4096,0.126953125,0.439238905092588
64,281,0.003614012413301714,0.008384771609873762,False,534,4096,0.13037109375,0.439238905092588
64,282,0.0014838254848025896,0.00316819644151942,True,518,4096,0.12646484375,0.439238905092588
64,283,0.003513020311970881,0.008175825628360417,False,527,4096,0.128662109375,0.439238905092588
64,284,0.0020351786863886914,0.004325453875094046,True,518,4096,0.12646484375,0.439238905092588
64,285,0.0019490102866330308,0.004457302604187904,True,528,4096,0.12890625,0.439238905092588
64,286,0.00378083569733785,0.007742785202838887,True,505,4096,0.123291015625,0.439238905092588
64,287,0.002100575958258141,0.004414345261870914,True,524,4096,0.1279296875,0.439238905092588
64,288,0.002045119028104686,0.004455568931183748,True,521,4096,0.127197265625,0.439238905092588
64,289,0.0020542455989661285,0.0036154952856428182,True,527,4096,0.128662109375,0.439238905092588
64,290,0.0031404309996538966,0.008131053200831226,False,525,4096,0.128173828125,0.439238905092588
64,291,0.002239726863779182,0.004762031560908375,True,520,4096,0.126953125,0.439238905092588
64,292,0.00208408231024082,0.004538094636828374,True,528,4096,0.12890625,0.439238905092588
64,293,0.0025745856285531565,0.007087301938203741,True,517,4096,0.126220703125,0.439238905092588
64,294,0.0028410384687069645,0.007155001414870424,True,526,4096,0.12841796875,0.439238905092588
64,295,0.0031034112730509685,0.0079580859066926,True,533,4096,0.130126953125,0.439238905092588
64,296,0.002061121653540406,0.0035207031874337352,True,528,4096,0.12890625,0.439238905092588
64,297,0.001847757975446337,0.0040742979893257925,True,523,4096,0.127685546875,0.439238905092588
64,298,0.0041098616150190646,0.008102679549260583,False,533,4096,0.130126953125,0.439238905092588
64,299,0.0022880618206822688,0.004444743390322088,True,532,4096,0.1298828125,0.439238905092588
64,300,0.0017023998050775698,0.003744556834616157,True,534,4096,0.13037109375,0.439238905092588
64,301,0.002198750454149036,0.005070884251386867,True,531,4096,0.129638671875,0.439238905092588
64,302,0.0017519373576624778,0.0034005832273095588,True,518,4096,0.12646484375,0.439238905092588
64,303,0.0017005191206126745,0.0037552426095554536,True,522,4096,0.12744140625,0.439238905092588
64,304,0.002001254408041862,0.0048898625749811825,True,512,4096,0.125,0.439238905092588
64,305,0.0025760306383229236,0.0071360059347636146,True,530,4096,0.12939453125,0.439238905092588
64,306,0.0020459196425300775,0.00552355984051997,True,525,4096,0.128173828125,0.439238905092588
64,307,0.0019226346868266146,0.00442222701059769,True,515,4096,0.125732421875,0.439238905092588
64,308,0.002217248840267187,0.004753270839089635,True,522,4096,0.12744140625,0.439238905092588
64,309,0.0017382614673632471,0.0032012177340883727,True,522,4096,0.12744140625,0.439238905092588
64,310,0.002820196991794493,0.005360983336048557,True,521,4096,0.127197265625,0.439238905092588
64,311,0.0011214088176534549,0.0019777617682336865,True,532,4096,0.1298828125,0.439238905092588
64,312,0.001699993861179631,0.003996402517030193,True,526,4096,0.12841796875,0.439238905092588
64,313,0.0017328167923035998,0.002691543019709343,True,533,4096,0.130126953125,0.439238905092588
64,314,0.0012485790575987685,0.002787509483568193,True,532,4096,0.1298828125,0.439238905092588
64,315,0.0018435559229549882,0.003956445687062566,True,521,4096,0.127197265625,0.439238905092588
64,316,0.0016826107771553177,0.002947912130127725,True,517,4096,0.126220703125,0.439238905092588
64,317,0.001105665062231212,0.0026449520529856427,True,519,4096,0.126708984375,0.439238905092588
64,318,0.003633048587578602,0.005711620436417916,True,521,4096,0.127197265625,0.439238905092588
64,319,0.002045570019464264,0.0038750783972678476,True,526,4096,0.12841796875,0.439238905092588
64,320,0.00235016703063846,0.006347171395739537,True,513,4096,0.125244140625,0.439238905092588
64,321,0.002126906723416668,0.005683938440162448,True,532,4096,0.1298828125,0.439238905092588
64,322,0.002207920870899446,0.006229906945426786,True,522,4096,0.12744140625,0.439238905092588
64,323,0.0022521808441189816,0.003505600001552582,True,532,4096,0.1298828125,0.439238905092588
64,324,0.002583991512689929,0.006154735750283871,True,522,4096,0.12744140625,0.439238905092588
64,325,0.003490539054273909,0.008748679649960553,True,523,4096,0.127685546875,0.439238905092588
64,326,0.002178165002494233,0.004729920874163275,True,527,4096,0.128662109375,0.439238905092588
64,327,0.0015794414666438705,0.0042630099463301235,True,525,4096,0.128173828125,0.439238905092588
64,328,0.0016162777912247844,0.0032350105388620314,True,530,4096,0.12939453125,0.439238905092588
64,329,0.00289821684396528,0.0075745194750765354,True,523,4096,0.127685546875,0.439238905092588
64,330,0.003108157084949938,0.006970583402160918,True,528,4096,0.12890625,0.439238905092588
64,331,0.003020821709841691,0.007206182540312647,True,527,4096,0.128662109375,0.439238905092588
64,332,0.0019166124576138635,0.003907638939800714,True,530,4096,0.12939453125,0.439238905092588
64,333,0.0022857850826920253,0.0042562859572998005,True,526,4096,0.12841796875,0.439238905092588
64,334,0.003156518373160266,0.008127949300140366,True,517,4096,0.126220703125,0.439238905092588
64,335,0.0015949021997476275,0.004547734640599793,True,520,4096,0.126953125,0.439238905092588
64,336,0.00218440748967355,0.004838323689990334,True,527,4096,0.128662109375,0.439238905092588
64,337,0.00234573037484922,0.005205610766600491,True,531,4096,0.129638671875,0.439238905092588
64,338,0.003545744728501927,0.009618205682421159,True,520,4096,0.126953125,0.439238905092588
64,339,0.0025772617360184185,0.005341709365610903,True,524,4096,0.1279296875,0.439238905092588
64,340,0.0017133362351927023,0.0032899055165391405,True,532,4096,0.1298828125,0.439238905092588
64,341,0.0011259815216909854,0.0019836424537910888,True,518,4096,0.12646484375,0.439238905092588
64,342,0.0008824580888168918,0.0017706010778593979,True,526,4096,0.12841796875,0.439238905092588
64,343,0.0022553917121205963,0.005334433333244397,True,523,4096,0.127685546875,0.439238905092588
64,344,0.0012559086414251192,0.002770945330574648,True,537,4096,0.131103515625,0.439238905092588
64,345,0.0024613284635214457,0.005841720726835434,True,524,4096,0.1279296875,0.439238905092588
64,346,0.002720855747072423,0.006078395689136415,True,520,4096,0.126953125,0.439238905092588
64,347,0.001663999674493201,0.004064225992228013,True,515,4096,0.125732421875,0.439238905092588
64,348,0.001417587018465233,0.0031006651115000616,True,531,4096,0.129638671875,0.439238905092588
64,349,0.003142508082135596,0.006931988404716899,True,519,4096,0.126708984375,0.439238905092588
64,350,0.0009604641186364502,0.0021479658098903023,True,526,4096,0.12841796875,0.439238905092588
64,351,0.001032905863793537,0.002752392716006573,True,531,4096,0.129638671875,0.439238905092588
64,352,0.0018404487054161543,0.003993866793589887,True,525,4096,0.128173828125,0.439238905092588
64,353,0.002024815325450239,0.004514056206695996,True,519,4096,0.126708984375,0.439238905092588
64,354,0.0020745470426548032,0.005857196560440189,True,528,4096,0.12890625,0.439238905092588
64,355,0.0027414069469741116,0.006640363446672959,True,532,4096,0.1298828125,0.439238905092588
64,356,0.001957587726136918,0.004296546108458102,True,527,4096,0.128662109375,0.439238905092588
64,357,0.0031326006923110207,0.007681772842049933,True,514,4096,0.12548828125,0.439238905092588
64,358,0.0030272833732917764,0.006402196153538479,True,525,4096,0.128173828125,0.439238905092588
64,359,0.0014083183791199676,0.00310192010762117,True,531,4096,0.129638671875,0.439238905092588
64,360,0.003239469156829065,0.007323470673795324,True,513,4096,0.125244140625,0.439238905092588
64,361,0.0015548266636779952,0.0027002770248671197,True,520,4096,0.126953125,0.439238905092588
64,362,0.0025078770676673226,0.004993195020466107,True,528,4096,0.12890625,0.439238905092588
64,363,0.002235881490763457,0.005930479658015596,True,528,4096,0.12890625,0.439238905092588
64,364,0.002656284926378107,0.005068543703561565,True,517,4096,0.126220703125,0.439238905092588
64,365,0.0026166394289352125,0.005896867455075908,True,519,4096,0.126708984375,0.439238905092588
64,366,0.0014048559235562543,0.0033018203006569963,True,519,4096,0.126708984375,0.439238905092588
64,367,0.0015425137567550637,0.0025839825212272682,True,519,4096,0.126708984375,0.439238905092588
64,368,0.002172057224494319,0.005410805409111388,True,523,4096,0.127685546875,0.439238905092588
64,369,0.004022272927733599,0.010208246217016693,True,521,4096,0.127197265625,0.439238905092588
64,370,0.0014859846968964172,0.0032627458898099176,True,539,4096,0.131591796875,0.439238905092588
64,371,0.0035544834990278926,0.008686817471958402,False,515,4096,0.125732421875,0.439238905092588
64,372,0.001556414974223284,0.0030087417918177525,True,511,4096,0.124755859375,0.439238905092588
64,373,0.002190587936746437,0.005934334283945228,True,525,4096,0.128173828125,0.439238905092588
64,374,0.002780987547305854,0.005475307883550426,True,532,4096,0.1298828125,0.439238905092588
64,375,0.0025324700443523874,0.0063576802613797,True,536,4096,0.130859375,0.439238905092588
64,376,0.003170046236919645,0.007030995943590676,True,519,4096,0.126708984375,0.439238905092588
64,377,0.0013133651141531174,0.0022914558396250756,True,529,4096,0.129150390625,0.439238905092588
64,378,0.002031242910790732,0.004705847970441525,True,534,4096,0.13037109375,0.439238905092588
64,379,0.003316617121229915,0.00767754633218895,True,528,4096,0.12890625,0.439238905092588
64,380,0.0009886708332843641,0.0019748905678426756,True,533,4096,0.130126953125,0.439238905092588
64,381,0.0019915212405934813,0.004042529792084332,True,531,4096,0.129638671875,0.439238905092588
64,382,0.0035062139954048135,0.008362511596978275,False,529,4096,0.129150390625,0.439238905092588
64,383,0.00231501591361906,0.005609957006836669,True,517,4096,0.126220703125,0.439238905092588
64,384,0.0015084913977607478,0.003479482475210585,True,514,4096,0.12548828125,0.439238905092588
64,385,0.002013554774796394,0.004037266097562525,True,521,4096,0.127197265625,0.439238905092588
64,386,0.0028373892135761425,0.005608393943912146,True,518,4096,0.12646484375,0.439238905092588
64,387,0.002628933059279025,0.006495448987808954,True,520,4096,0.126953125,0.439238905092588
64,388,0.0017160031403258165,0.0039060342863607954,True,518,4096,0.12646484375,0.439238905092588
64,389,0.0032130367297167253,0.0064424938485483085,True,537,4096,0.131103515625,0.439238905092588
64,390,0.00204493121851821,0.003977083236917159,True,526,4096,0.12841796875,0.439238905092588
64,391,0.0033236800765244845,0.00821943707400978,True,528,4096,0.12890625,0.439238905092588
64,392,0.002973620338932828,0.006205854776245481,True,525,4096,0.128173828125,0.439238905092588
64,393,0.0021401638017307673,0.006322253829640176,True,527,4096,0.128662109375,0.439238905092588
64,394,0.0025907056012016215,0.0072919820816296915,True,516,4096,0.1259765625,0.439238905092588
64,395,0.0011802329147062966,0.0025967412556398076,True,533,4096,0.130126953125,0.439238905092588
64,396,0.003831055969857078,0.008006586205079144,False,527,4096,0.128662109375,0.439238905092588
64,397,0.0024740989106252394,0.0038642655191716557,True,522,4096,0.12744140625,0.439238905092588
64,398,0.003013421847057507,0.007379998992536663,True,533,4096,0.130126953125,0.439238905092588
64,399,0.002793451597462061,0.005817549348908754,True,525,4096,0.128173828125,0.439238905092588
128,0,0.0009476843644577427,0.0018003980868300587,True,897,4096,0.218994140625,0.3105888083519233
128,1,0.0027123510883221755,0.006801488326974955,True,933,4096,0.227783203125,0.3105888083519233
128,2,0.0016111642590771159,0.0036110283678966668,True,909,4096,0.221923828125,0.3105888083519233
128,3,0.003307304808043701,0.007098644897748543,True,918,4096,0.22412109375,0.3105888083519233
128,4,0.0015073812767344074,0.0027117939377490977,True,912,4096,0.22265625,0.3105888083519233
128,5,0.0007340236316791947,0.0014335580649531,True,918,4096,0.22412109375,0.3105888083519233
128,6,0.0008859538419304283,0.0017895826629962044,True,927,4096,0.226318359375,0.3105888083519233
128,7,0.0021197977514278666,0.005091878902420799,True,917,4096,0.223876953125,0.3105888083519233
128,8,0.0018599924018867357,0.0038641950354195015,True,903,4096,0.220458984375,0.3105888083519233
128,9,0.0012807161847494576,0.0019841403618355083,True,904,4096,0.220703125,0.3105888083519233
128,10,0.0011454581123735595,0.002208249213514084,True,927,4096,0.226318359375,0.3105888083519233
128,11,0.00178533952118592,0.003834523470856499,True,920,4096,0.224609375,0.3105888083519233
128,12,0.001444701187581934,0.0030997585245908787,True,925,4096,0.225830078125,0.3105888083519233
128,13,0.0013090988624852892,0.0025784346755534093,True,906,4096,0.22119140625,0.3105888083519233
128,14,0.0011558203964514326,0.002010839276265025,True,901,4096,0.219970703125,0.3105888083519233
128,15,0.0011348230551603028,0.0029582062925916225,True,915,4096,0.223388671875,0.3105888083519233
128,16,0.0016568594675564526,0.0041504087020700214,True,907,4096,0.221435546875,0.3105888083519233
128,17,0.0017418939919465102,0.0033426353406485615,True,889,4096,0.217041015625,0.3105888083519233
128,18,0.0011268989289320423,0.002009775362461892,True,925,4096,0.225830078125,0.3105888083519233
128,19,0.0021399933257519716,0.00453600575588952,True,921,4096,0.224853515625,0.3105888083519233
128,20,0.0009603747622797117,0.0024890831728269225,True,886,4096,0.21630859375,0.3105888083519233
128,21,0.0016224660327412315,0.004378725793262955,True,917,4096,0.223876953125,0.3105888083519233
128,22,0.001966014056732764,0.004991149259753212,True,924,4096,0.2255859375,0.3105888083519233
128,23,0.0010403677146077583,0.0028920339581731402,True,917,4096,0.223876953125,0.3105888083519233
128,24,0.0012821151722227017,0.0029108764741122423,True,921,4096,0.224853515625,0.3105888083519233
128,25,0.0013472171195129856,0.0032449247148669397,True,913,4096,0.222900390625,0.3105888083519233
128,26,0.0015809595905587454,0.002741184437630384,True,924,4096,0.2255859375,0.3105888083519233
128,27,0.002133391951679635,0.005002208617865274,True,917,4096,0.223876953125,0.3105888083519233
128,28,0.0016130975570009046,0.0037865295438339747,True,907,4096,0.221435546875,0.3105888083519233
128,29,0.0015784189728695666,0.003952595945369522,True,909,4096,0.221923828125,0.3105888083519233
128,30,0.0011631744577697838,0.0025756154853259425,True,888,4096,0.216796875,0.3105888083519233
128,31,0.0013514533351622633,0.0026314208044050658,True,901,4096,0.219970703125,0.3105888083519233
128,32,0.0007422175619508025,0.0013783001408231577,True,892,4096,0.2177734375,0.3105888083519233
128,33,0.0014584026557649848,0.0027714003028705275,True,900,4096,0.2197265625,0.3105888083519233
128,34,0.0016504625495355131,0.003446014452542473,True,920,4096,0.224609375,0.3105888083519233
128,35,0.0009675378783574542,0.0022910722432228914,True,914,4096,0.22314453125,0.3105888083519233
128,36,0.0007448454370189924,0.001565823526381474,True,910,4096,0.22216796875,0.3105888083519233
128,37,0.002161033461002406,0.004786642341426034,True,905,4096,0.220947265625,0.3105888083519233
128,38,0.0015793536020396633,0.0032425280608344154,True,920,4096,0.224609375,0.3105888083519233
128,39,0.001057710871977261,0.0022016719606170743,True,898,4096,0.21923828125,0.3105888083519233
128,40,0.0010550707188578658,0.0022487741509740478,True,929,4096,0.226806640625,0.3105888083519233
128,41,0.0023708244004467384,0.005492998999408111,True,889,4096,0.217041015625,0.3105888083519233
128,42,0.0011953380546380092,0.0021435491692986947,True,908,4096,0.2216796875,0.3105888083519233
128,43,0.0014909326360579166,0.002713497423594169,True,918,4096,0.22412109375,0.3105888083519233
128,44,0.0011274234094770922,0.0027593902728328956,True,911,4096,0.222412109375,0.3105888083519233
128,45,0.0011676197939063345,0.0019383891574348,True,925,4096,0.225830078125,0.3105888083519233
128,46,0.0022975897535754677,0.004027181919896219,True,923,4096,0.225341796875,0.3105888083519233
128,47,0.001344311677509823,0.002969200118027815,True,898,4096,0.21923828125,0.3105888083519233
128,48,0.0017949435964647754,0.0036128711731365504,True,907,4096,0.221435546875,0.3105888083519233
128,49,0.0017635269471873002,0.0035523689550837137,True,908,4096,0.2216796875,0.3105888083519233
128,50,0.0017518726598108427,0.002794472066035194,True,904,4096,0.220703125,0.3105888083519233
128,51,0.000899275731770778,0.001442181191984776,True,919,4096,0.224365234375,0.3105888083519233
128,52,0.0024847325093515973,0.005241495083547237,True,926,4096,0.22607421875,0.3105888083519233
128,53,0.0009584074547470873,0.0014785163615437906,True,920,4096,0.224609375,0.3105888083519233
128,54,0.001026971022223691,0.002194771017110214,True,906,4096,0.22119140625,0.3105888083519233
128,55,0.0013269805315399823,0.002947209559836364,True,924,4096,0.2255859375,0.3105888083519233
128,56,0.001308314309664102,0.0028003243955930096,True,913,4096,0.222900390625,0.3105888083519233
128,57,0.0013485074145193573,0.002288194706625196,True,921,4096,0.224853515625,0.3105888083519233
128,58,0.0012438256449395053,0.0032151622494713678,True,911,4096,0.222412109375,0.3105888083519233
128,59,0.0010554140244990603,0.0025622765842786693,True,922,4096,0.22509765625,0.3105888083519233
128,60,0.0012533299650022782,0.00280623064978517,True,913,4096,0.222900390625,0.3105888083519233
128,61,0.0013774542322417902,0.0027321512593905806,True,889,4096,0.217041015625,0.3105888083519233
128,62,0.0006206039402923859,0.0009958729992560617,True,925,4096,0.225830078125,0.3105888083519233
128,63,0.0010531114574679264,0.0016597966117467278,True,940,4096,0.2294921875,0.3105888083519233
128,64,0.0015371821653394542,0.0032897222887792454,True,901,4096,0.219970703125,0.3105888083519233
128,65,0.0013958059164723272,0.00287673931917937,True,910,4096,0.22216796875,0.3105888083519233
128,66,0.0012139243940456127,0.0022558921456125834,True,924,4096,0.2255859375,0.3105888083519233
128,67,0.0015995499842355635,0.0026275038382619215,True,912,4096,0.22265625,0.3105888083519233
128,68,0.0012332450300685163,0.0027110709243591685,True,919,4096,0.224365234375,0.3105888083519233
128,69,0.0015420096032284917,0.003409840370795142,True,916,4096,0.2236328125,0.3105888083519233
128,70,0.001845826934073071,0.0036502328215437946,True,916,4096,0.2236328125,0.3105888083519233
128,71,0.0011069483021186265,0.0019822864311464343,True,924,4096,0.2255859375,0.3105888083519233
128,72,0.0012781306778520015,0.002544692930226876,True,914,4096,0.22314453125,0.3105888083519233
128,73,0.0014087723551183715,0.002559100436756251,True,892,4096,0.2177734375,0.3105888083519233
128,74,0.001186777624901991,0.0021722535971456652,True,904,4096,0.220703125,0.3105888083519233
128,75,0.0012374845122923174,0.0023197124820996673,True,911,4096,0.222412109375,0.3105888083519233
128,76,0.0007657998791495819,0.0012296506997056499,True,925,4096,0.225830078125,0.3105888083519233
128,77,0.0011805359220514557,0.0025054593743332743,True,909,4096,0.221923828125,0.3105888083519233
128,78,0.0013815680502868946,0.0032722094583523195,True,929,4096,0.226806640625,0.3105888083519233
128,79,0.001377068609655654,0.0034932564967928223,True,927,4096,0.226318359375,0.3105888083519233
128,80,0.0018062551493856361,0.00471905338441167,True,913,4096,0.222900390625,0.3105888083519233
128,81,0.0011447496996102558,0.0020975471296582754,True,926,4096,0.22607421875,0.3105888083519233
128,82,0.0010786690110729455,0.0023716642609056607,True,926,4096,0.22607421875,0.3105888083519233
128,83,0.0013952894310998599,0.002517214388272168,True,911,4096,0.222412109375,0.3105888083519233
128,84,0.0011037019541349227,0.0022350121213386004,True,930,4096,0.22705078125,0.3105888083519233
128,85,0.0008440175405026951,0.0018942828477021278,True,911,4096,0.222412109375,0.3105888083519233
128,86,0.0005192191501175019,0.0009315951570128267,True,900,4096,0.2197265625,0.3105888083519233
128,87,0.0013955870266732946,0.002802614207246895,True,922,4096,0.22509765625,0.3105888083519233
128,88,0.0013063814516920864,0.002776110006788436,True,926,4096,0.22607421875,0.3105888083519233
128,89,0.0019412410015297054,0.004699048318341462,True,923,4096,0.225341796875,0.3105888083519233
128,90,0.0012260001631845365,0.0017618797101674952,True,915,4096,0.223388671875,0.3105888083519233
128,91,0.0011767016867905323,0.0024373331054422104,True,921,4096,0.224853515625,0.3105888083519233
128,92,0.0014728964265707546,0.0032461699392422744,True,922,4096,0.22509765625,0.3105888083519233
128,93,0.001524969619901143,0.0034547929561976887,True,928,4096,0.2265625,0.3105888083519233
128,94,0.0013192156550405373,0.0033455973774827036,True,889,4096,0.217041015625,0.3105888083519233
128,95,0.0014660445448072732,0.0031889355758278753,True,923,4096,0.225341796875,0.3105888083519233
128,96,0.0009926341287528316,0.0017052630070508792,True,922,4096,0.22509765625,0.3105888083519233
128,97,0.002197596397900418,0.0038360386463650725,True,907,4096,0.221435546875,0.3105888083519233
128,98,0.001576325635264659,0.004090023387534059,True,923,4096,0.225341796875,0.3105888083519233
128,99,0.001499314389928904,0.0038653711354581233,True,906,4096,0.22119140625,0.3105888083519233
128,100,0.0010109728315892293,0.0018502742671042405,True,927,4096,0.226318359375,0.3105888083519233
128,101,0.0008577269256593663,0.0019580535098487548,True,927,4096,0.226318359375,0.3105888083519233
128,102,0.0013818054542208149,0.003158122864427536,True,914,4096,0.22314453125,0.3105888083519233
128,103,0.0012825143200265918,0.0030431646441265864,True,907,4096,0.221435546875,0.3105888083519233
128,104,0.0018109004332196178,0.0034911669672902795,True,940,4096,0.2294921875,0.3105888083519233
128,105,0.0014313435688806135,0.003176515607851725,True,917,4096,0.223876953125,0.3105888083519233
128,106,0.0009632559440325076,0.002381926528388839,True,933,4096,0.227783203125,0.3105888083519233
128,107,0.0014209090263203417,0.002835200634489235,True,915,4096,0.223388671875,0.3105888083519233
128,108,0.0015003601880876536,0.002603742855947319,True,901,4096,0.219970703125,0.3105888083519233
128,109,0.0018523758141992227,0.004650166771068401,True,909,4096,0.221923828125,0.3105888083519233
128,110,0.0006175225317016501,0.0012266340136989386,True,919,4096,0.224365234375,0.3105888083519233
128,111,0.001593670940667306,0.003580334711312236,True,925,4096,0.225830078125,0.3105888083519233
128,112,0.001195318590663835,0.002808668961770268,True,915,4096,0.223388671875,0.3105888083519233
128,113,0.0011467695611375298,0.0025332707067822757,True,918,4096,0.22412109375,0.3105888083519233
128,114,0.001195145308231773,0.0022089768774628434,True,905,4096,0.220947265625,0.3105888083519233
128,115,0.0010499586549062242,0.0021600253122440877,True,922,4096,0.22509765625,0.3105888083519233
128,116,0.0006350535706586709,0.0012056283496650402,True,936,4096,0.228515625,0.3105888083519233
128,117,0.0010599861133939153,0.0018915961484756993,True,916,4096,0.2236328125,0.3105888083519233
128,118,0.0013293504088890229,0.0027389760433310095,True,926,4096,0.22607421875,0.3105888083519233
128,119,0.0009091688169086031,0.0021667657128071477,True,948,4096,0.2314453125,0.3105888083519233
128,120,0.0015835295939346538,0.0036560408726182686,True,918,4096,0.22412109375,0.3105888083519233
128,121,0.002861170971465217,0.006000729974043703,True,919,4096,0.224365234375,0.3105888083519233
128,122,0.0009691658280981629,0.002032017083470939,True,914,4096,0.22314453125,0.3105888083519233
128,123,0.001404355460810969,0.0036750787209355457,True,899,4096,0.219482421875,0.3105888083519233
128,124,0.0009927672859720662,0.0022554982751981506,True,910,4096,0.22216796875,0.3105888083519233
128,125,0.0018949822576555299,0.004642696571362764,True,922,4096,0.22509765625,0.3105888083519233
128,126,0.001484821492192513,0.00374708749321824,True,893,4096,0.218017578125,0.3105888083519233
128,127,0.0011704923359048252,0.0023091786584171978,True,937,4096,0.228759765625,0.3105888083519233
128,128,0.0008186424173247952,0.0017831307038160757,True,930,4096,0.22705078125,0.3105888083519233
128,129,0.0019292532930568606,0.003966838731917083,True,933,4096,0.227783203125,0.3105888083519233
128,130,0.0009145440457151036,0.0017228313798808084,True,920,4096,0.224609375,0.3105888083519233
128,131,0.0010193162062385145,0.0023671543642835996,True,930,4096,0.22705078125,0.3105888083519233
128,132,0.002009699148887354,0.004559266971906201,True,916,4096,0.2236328125,0.3105888083519233
128,133,0.0016641536073839466,0.0034417793601968505,True,918,4096,0.22412109375,0.3105888083519233
128,134,0.001581958769490256,0.0027302639270339463,True,920,4096,0.224609375,0.3105888083519233
128,135,0.0018315143836041478,0.0043109384908032455,True,909,4096,0.221923828125,0.3105888083519233
128,136,0.0015840237788534734,0.002999373071778319,True,917,4096,0.223876953125,0.3105888083519233
128,137,0.0018078274199789283,0.00393637373164369,True,918,4096,0.22412109375,0.3105888083519233
128,138,0.0011351769104989728,0.0024427248574444282,True,927,4096,0.226318359375,0.3105888083519233
128,139,0.0013892684164203335,0.0024440603909470712,True,911,4096,0.222412109375,0.3105888083519233
128,140,0.0011713385233452318,0.002139561615639593,True,905,4096,0.220947265625,0.3105888083519233
128,141,0.0016782690098493221,0.004309011005997274,True,922,4096,0.22509765625,0.3105888083519233
128,142,0.0014163402290067806,0.0031878801915298724,True,919,4096,0.224365234375,0.3105888083519233
128,143,0.001367880267591693,0.0024944662478103147,True,918,4096,0.22412109375,0.3105888083519233
128,144,0.001675885017003282,0.0035738786761650015,True,923,4096,0.225341796875,0.3105888083519233
128,145,0.0015825948403682525,0.004384547796103783,True,940,4096,0.2294921875,0.3105888083519233
128,146,0.0012584149191668616,0.0026454495477328394,True,919,4096,0.224365234375,0.3105888083519233
128,147,0.0008679788515697014,0.0018829661599624875,True,903,4096,0.220458984375,0.3105888083519233
128,148,0.0021095649155073743,0.005016357186113041,True,921,4096,0.224853515625,0.3105888083519233
128,149,0.0009411732201334315,0.0024483858502293288,True,900,4096,0.2197265625,0.3105888083519233
128,150,0.0014470361040891232,0.003085393630974209,True,922,4096,0.22509765625,0.3105888083519233
128,151,0.0018841064708346798,0.004771244687829024,True,920,4096,0.224609375,0.3105888083519233
128,152,0.000864934897459394,0.0017811976105237479,True,922,4096,0.22509765625,0.3105888083519233
128,153,0.0018678578364384549,0.004467026252056097,True,922,4096,0.22509765625,0.3105888083519233
128,154,0.0014738332597989353,0.003447244558569193,True,915,4096,0.223388671875,0.3105888083519233
128,155,0.0012031836030567526,0.0020922081793751882,True,927,4096,0.226318359375,0.3105888083519233
128,156,0.0017459531696581048,0.004073884655573505,True,906,4096,0.22119140625,0.3105888083519233
128,157,0.0014203568601958618,0.0030748438730457094,True,909,4096,0.221923828125,0.3105888083519233
128,158,0.0009051683268398099,0.0016401716456319188,True,930,4096,0.22705078125,0.3105888083519233
128,159,0.0009464943350590538,0.0017343370177799328,True,900,4096,0.2197265625,0.3105888083519233
128,160,0.0010771147943543543,0.00219823296525342,True,914,4096,0.22314453125,0.3105888083519233
128,161,0.0011490670763984407,0.0028542195304842727,True,918,4096,0.22412109375,0.3105888083519233
128,162,0.0010298430632159395,0.0019502849590967916,True,906,4096,0.22119140625,0.3105888083519233
128,163,0.0014412931442903032,0.003292791065173481,True,916,4096,0.2236328125,0.3105888083519233
128,164,0.0015006773321541381,0.004340405854989765,True,907,4096,0.221435546875,0.3105888083519233
128,165,0.0015186391771138793,0.003558065366094279,True,920,4096,0.224609375,0.3105888083519233
128,166,0.002761857764160829,0.006241364956281928,False,909,4096,0.221923828125,0.3105888083519233
128,167,0.0014548671147006395,0.0030637164309047296,True,919,4096,0.224365234375,0.3105888083519233
128,168,0.0016354677131939284,0.0037870468211373964,True,903,4096,0.220458984375,0.3105888083519233
128,169,0.0012226864550165756,0.0020502229555871138,True,909,4096,0.221923828125,0.3105888083519233
128,170,0.001236411858115761,0.002744569934075111,True,921,4096,0.224853515625,0.3105888083519233
128,171,0.001302812899303275,0.002504702859633178,True,907,4096,0.221435546875,0.3105888083519233
128,172,0.0014189555132606954,0.003738003656268127,True,929,4096,0.226806640625,0.3105888083519233
128,173,0.0021490603764065482,0.0049045267847672575,True,935,4096,0.228271484375,0.3105888083519233
128,174,0.0010738537100726442,0.0018989237291888172,True,913,4096,0.222900390625,0.3105888083519233
128,175,0.0020054345848472648,0.005195996196667815,True,911,4096,0.222412109375,0.3105888083519233
128,176,0.0015500000410098292,0.003101245234859079,True,904,4096,0.220703125,0.3105888083519233
128,177,0.00445884137775415,0.01082069301112211,False,910,4096,0.22216796875,0.3105888083519233
128,178,0.002138879426729782,0.004682219182580466,True,907,4096,0.221435546875,0.3105888083519233
128,179,0.0016630345431112446,0.0025787722781096117,True,939,4096,0.229248046875,0.3105888083519233
128,180,0.0018256191078144953,0.0034374552341342873,True,923,4096,0.225341796875,0.3105888083519233
128,181,0.0016006482209918998,0.003532281794319428,True,919,4096,0.224365234375,0.3105888083519233
128,182,0.0008643980838193416,0.00170247169254812,True,919,4096,0.224365234375,0.3105888083519233
128,183,0.0009505388269235158,0.0022409856060955496,True,921,4096,0.224853515625,0.3105888083519233
128,184,0.0018530826290848893,0.004302232662313325,True,910,4096,0.22216796875,0.3105888083519233
128,185,0.0026512425656499785,0.005921193967304221,True,913,4096,0.222900390625,0.3105888083519233
128,186,0.002323120627420555,0.004847504570513195,True,921,4096,0.224853515625,0.3105888083519233
128,187,0.0012517424642881213,0.003051894213126429,True,931,4096,0.227294921875,0.3105888083519233
128,188,0.000978052764730443,0.002126209591720614,True,925,4096,0.225830078125,0.3105888083519233
128,189,0.002817623254657916,0.006185167294994215,True,896,4096,0.21875,0.3105888083519233
128,190,0.0011100228456481186,0.0024231187995325462,True,919,4096,0.224365234375,0.3105888083519233
128,191,0.0015498165825358432,0.0038968675129440467,True,914,4096,0.22314453125,0.3105888083519233
128,192,0.001618943178457928,0.004024816731175898,True,901,4096,0.219970703125,0.3105888083519233
128,193,0.0017155833913445905,0.0031130455941719842,True,919,4096,0.224365234375,0.3105888083519233
128,194,0.0011783430473367342,0.002474392324296991,True,910,4096,0.22216796875,0.3105888083519233
128,195,0.001634584202425411,0.003749017109425948,True,936,4096,0.228515625,0.3105888083519233
128,196,0.0011169016975644214,0.0021227581650922894,True,906,4096,0.22119140625,0.3105888083519233
128,197,0.0012610393154817688,0.00273164716952784,True,914,4096,0.22314453125,0.3105888083519233
128,198,0.0011733892820866504,0.002379857926555297,True,903,4096,0.220458984375,0.3105888083519233
128,199,0.0014539452766752878,0.0038970084497649132,True,910,4096,0.22216796875,0.3105888083519233
128,200,0.0007811723327550356,0.002003014142919736,True,926,4096,0.22607421875,0.3105888083519233
128,201,0.0018020967225322166,0.003935538224544011,True,912,4096,0.22265625,0.3105888083519233
128,202,0.002126179671250215,0.006013702437039636,True,920,4096,0.224609375,0.3105888083519233
128,203,0.0012048374603650693,0.002664595601349483,True,916,4096,0.2236328125,0.3105888083519233
128,204,0.0009390722482023531,0.002148518475355528,True,907,4096,0.221435546875,0.3105888083519233
128,205,0.0015505622870598723,0.002580484309233338,True,907,4096,0.221435546875,0.3105888083519233
128,206,0.0024431601498133546,0.006198214852319903,True,933,4096,0.227783203125,0.3105888083519233
128,207,0.0016688747401990623,0.004403328511720123,True,922,4096,0.22509765625,0.3105888083519233
128,208,0.002079610884671622,0.0035845092544663365,True,891,4096,0.217529296875,0.3105888083519233
128,209,0.0011784617644999312,0.002653533760447614,True,906,4096,0.22119140625,0.3105888083519233
128,210,0.00338532494976321,0.0073712303463711465,False,907,4096,0.221435546875,0.3105888083519233
128,211,0.0024473579100782634,0.005238378346203283,True,891,4096,0.217529296875,0.3105888083519233
128,212,0.0026447599344615307,0.006353806456317335,True,911,4096,0.222412109375,0.3105888083519233
128,213,0.0026120377184697696,0.006627044037875333,True,893,4096,0.218017578125,0.3105888083519233
128,214,0.0006266660642757748,0.001202561850474241,True,918,4096,0.22412109375,0.3105888083519233
128,215,0.0011715480712384543,0.002178152922747369,True,918,4096,0.22412109375,0.3105888083519233
128,216,0.0017393535242203162,0.0038303850701872505,True,921,4096,0.224853515625,0.3105888083519233
128,217,0.0008228422844452944,0.0020635778830072338,True,930,4096,0.22705078125,0.3105888083519233
128,218,0.002098015211499474,0.004247779634456474,True,909,4096,0.221923828125,0.3105888083519233
128,219,0.002279268699627528,0.005135413729871294,True,909,4096,0.221923828125,0.3105888083519233
128,220,0.0017640525541643241,0.004483339980067849,True,918,4096,0.22412109375,0.3105888083519233
128,221,0.0017685077733135986,0.00426502381580976,True,914,4096,0.22314453125,0.3105888083519233
128,222,0.0018775508605433375,0.003335854892755244,True,912,4096,0.22265625,0.3105888083519233
128,223,0.0014974077019970378,0.002902926982173454,True,895,4096,0.218505859375,0.3105888083519233
128,224,0.0020791928234869875,0.005932396125133146,True,925,4096,0.225830078125,0.3105888083519233
128,225,0.0014477870557680088,0.0036965617227960462,True,928,4096,0.2265625,0.3105888083519233
128,226,0.0009835580156904473,0.0016554788182419136,True,913,4096,0.222900390625,0.3105888083519233
128,227,0.0009544768538485777,0.0018049492314555545,True,925,4096,0.225830078125,0.3105888083519233
128,228,0.0017747625031377578,0.003423754788038247,True,923,4096,0.225341796875,0.3105888083519233
128,229,0.0009855324211235064,0.002717372841564328,True,919,4096,0.224365234375,0.3105888083519233
128,230,0.0013682810616495182,0.0023513844867799893,True,935,4096,0.228271484375,0.3105888083519233
128,231,0.001415283532201913,0.0033861191703163512,True,916,4096,0.2236328125,0.3105888083519233
128,232,0.0016978300749073661,0.0035196213111028385,True,915,4096,0.223388671875,0.3105888083519233
128,233,0.0011227150747735923,0.002918669417592494,True,928,4096,0.2265625,0.3105888083519233
128,234,0.0012229427891372422,0.0024581807627939156,True,923,4096,0.225341796875,0.3105888083519233
128,235,0.0011601394938042782,0.00205125565174559,True,919,4096,0.224365234375,0.3105888083519233
128,236,0.001077898226866971,0.002463626429864474,True,917,4096,0.223876953125,0.3105888083519233
128,237,0.0014460641900754221,0.0034255454593647428,True,916,4096,0.2236328125,0.3105888083519233
128,238,0.0011878345436464736,0.0019204047462881638,True,935,4096,0.228271484375,0.3105888083519233
128,239,0.0015061136750993609,0.0041164515087136755,True,910,4096,0.22216796875,0.3105888083519233
128,240,0.0017065577525929615,0.004070632144928185,True,917,4096,0.223876953125,0.3105888083519233
128,241,0.0015708193653814963,0.003128168672652726,True,907,4096,0.221435546875,0.3105888083519233
128,242,0.001358478841833431,0.0028570871641301204,True,916,4096,0.2236328125,0.3105888083519233
128,243,0.0009656532693961526,0.0017552974234998457,True,924,4096,0.2255859375,0.3105888083519233
128,244,0.001248457405426437,0.0023493786899417973,True,931,4096,0.227294921875,0.3105888083519233
128,245,0.0016044507327954427,0.003381059034354053,True,896,4096,0.21875,0.3105888083519233
128,246,0.0007790281716530687,0.0015470874839511456,True,910,4096,0.22216796875,0.3105888083519233
128,247,0.0020742443791829427,0.0054366680842459075,True,954,4096,0.23291015625,0.3105888083519233
128,248,0.0018072339996811528,0.0034280524734542975,True,918,4096,0.22412109375,0.3105888083519233
128,249,0.0007438461482633851,0.0013253109932378215,True,914,4096,0.22314453125,0.3105888083519233
128,250,0.001408390610103665,0.0029124529588350906,True,926,4096,0.22607421875,0.3105888083519233
128,251,0.0017929042535683776,0.004424127014362553,True,941,4096,0.229736328125,0.3105888083519233
128,252,0.0011427381306013111,0.002559345006285879,True,921,4096,0.224853515625,0.3105888083519233
128,253,0.0028532508287887246,0.006795087340177433,True,928,4096,0.2265625,0.3105888083519233
128,254,0.0015784041316004164,0.003132598242739648,True,935,4096,0.228271484375,0.3105888083519233
128,255,0.0015476195044728364,0.004555362878354341,True,903,4096,0.220458984375,0.3105888083519233
128,256,0.0010677634375177232,0.0020433488894147506,True,893,4096,0.218017578125,0.3105888083519233
128,257,0.0020320226674884795,0.005285178389473524,True,916,4096,0.2236328125,0.3105888083519233
128,258,0.001494159659338825,0.0027147583808245224,True,916,4096,0.2236328125,0.3105888083519233
128,259,0.0026667588740208214,0.007916611500244385,True,906,4096,0.22119140625,0.3105888083519233
128,260,0.0008407773097421086,0.00144903377101991,True,930,4096,0.22705078125,0.3105888083519233
128,261,0.0016364975032016147,0.004672056331819538,True,923,4096,0.225341796875,0.3105888083519233
128,262,0.0012121592789728017,0.0030365413239872296,True,923,4096,0.225341796875,0.3105888083519233
128,263,0.0009646181054436925,0.0017388460231170383,True,918,4096,0.22412109375,0.3105888083519233
128,264,0.00213046272525828,0.004629412456416293,True,905,4096,0.220947265625,0.3105888083519233
128,265,0.0010457290761839162,0.0018694631166829324,True,905,4096,0.220947265625,0.3105888083519233
128,266,0.0011502814746035717,0.0017660342586169019,True,924,4096,0.2255859375,0.3105888083519233
128,267,0.002130044517343272,0.0054317612644652485,True,913,4096,0.222900390625,0.3105888083519233
128,268,0.002204544832661654,0.0050557331173902015,True,913,4096,0.222900390625,0.3105888083519233
128,269,0.0009619791496200653,0.0021597726612214013,True,912,4096,0.22265625,0.3105888083519233
128,270,0.002649782445704078,0.005281997486819928,True,905,4096,0.220947265625,0.3105888083519233
128,271,0.001942238866908562,0.005574128481706173,True,905,4096,0.220947265625,0.3105888083519233
128,272,0.0014411225550700695,0.003388866454430796,True,919,4096,0.224365234375,0.3105888083519233
128,273,0.0013404881071532784,0.003003216047267235,True,909,4096,0.221923828125,0.3105888083519233
128,274,0.0018707463482350699,0.003694687509023034,True,902,4096,0.22021484375,0.3105888083519233
128,275,0.0020087296420910105,0.004856465437351208,True,940,4096,0.2294921875,0.3105888083519233
128,276,0.002297071117555127,0.006904059696299827,True,913,4096,0.222900390625,0.3105888083519233
128,277,0.0014722762069773764,0.0041641221200013345,True,917,4096,0.223876953125,0.3105888083519233
128,278,0.0018315549267136687,0.0031924278736304573,True,909,4096,0.221923828125,0.3105888083519233
128,279,0.001176965563723674,0.0029864957704097833,True,916,4096,0.2236328125,0.3105888083519233
128,280,0.0014611428807920367,0.002950802038259398,True,911,4096,0.222412109375,0.3105888083519233
128,281,0.0008937938206851546,0.0014687700666134555,True,919,4096,0.224365234375,0.3105888083519233
128,282,0.0012556863368110903,0.0035720252243901865,True,931,4096,0.227294921875,0.3105888083519233
128,283,0.0013414382905002986,0.0025419953779239196,True,919,4096,0.224365234375,0.3105888083519233
128,284,0.0020383033235618327,0.0047875755108727075,True,928,4096,0.2265625,0.3105888083519233
128,285,0.0026231884566034936,0.006539791682371711,True,901,4096,0.219970703125,0.3105888083519233
128,286,0.0014211109760731689,0.002442582446450417,True,920,4096,0.224609375,0.3105888083519233
128,287,0.0023103598288568114,0.005043487348917741,True,921,4096,0.224853515625,0.3105888083519233
128,288,0.0017902727620884007,0.004172714527184193,True,908,4096,0.2216796875,0.3105888083519233
128,289,0.0009481549028290749,0.002241880734032673,True,921,4096,0.224853515625,0.3105888083519233
128,290,0.002338966647883662,0.0043459225221118,True,903,4096,0.220458984375,0.3105888083519233
128,291,0.0011732746203000524,0.0019692457892721282,True,911,4096,0.222412109375,0.3105888083519233
128,292,0.000690045168808239,0.0013140321507879651,True,908,4096,0.2216796875,0.3105888083519233
128,293,0.0030763837842083712,0.008230673736505975,True,916,4096,0.2236328125,0.3105888083519233
128,294,0.0015553884158983357,0.002844871981897517,True,923,4096,0.225341796875,0.3105888083519233
128,295,0.0016292447354365072,0.003842210807642389,True,918,4096,0.22412109375,0.3105888083519233
128,296,0.0009897814910587047,0.0018341064351829993,True,919,4096,0.224365234375,0.3105888083519233
128,297,0.0010273633797441154,0.002073237436522407,True,925,4096,0.225830078125,0.3105888083519233
128,298,0.001506810355135374,0.003666515245643473,True,914,4096,0.22314453125,0.3105888083519233
128,299,0.000772524985625032,0.0016701417131944445,True,921,4096,0.224853515625,0.3105888083519233
128,300,0.0012347536953902173,0.002603705520189431,True,905,4096,0.220947265625,0.3105888083519233
128,301,0.0013445915976772892,0.0022680868097169488,True,909,4096,0.221923828125,0.3105888083519233
128,302,0.0009257132706962453,0.0018542874767628198,True,936,4096,0.228515625,0.3105888083519233
128,303,0.00177806695598674,0.0040264678597319165,True,917,4096,0.223876953125,0.3105888083519233
128,304,0.0012532705010719937,0.0026126260430594586,True,929,4096,0.226806640625,0.3105888083519233
128,305,0.0014574294185995672,0.002708786316761816,True,911,4096,0.222412109375,0.3105888083519233
128,306,0.0006744250469813074,0.0015384092232555505,True,931,4096,0.227294921875,0.3105888083519233
128,307,0.0019029124916735767,0.004049254614764755,True,923,4096,0.225341796875,0.3105888083519233
128,308,0.0007867067326218126,0.0016542586785882885,True,918,4096,0.22412109375,0.3105888083519233
128,309,0.0010076291307066284,0.002971505163526178,True,909,4096,0.221923828125,0.3105888083519233
128,310,0.0015214885007431701,0.0036389926186188165,True,928,4096,0.2265625,0.3105888083519233
128,311,0.000875678796434943,0.002062388379346091,True,910,4096,0.22216796875,0.3105888083519233
128,312,0.0007258998894930898,0.001481768873709044,True,935,4096,0.228271484375,0.3105888083519233
128,313,0.0009663856577667825,0.0016289443298235368,True,903,4096,0.220458984375,0.3105888083519233
128,314,0.0014980117445181642,0.0029074177855703126,True,896,4096,0.21875,0.3105888083519233
128,315,0.0010305952724965115,0.0021885958365867597,True,931,4096,0.227294921875,0.3105888083519233
128,316,0.001659498679150477,0.00312470572268949,True,903,4096,0.220458984375,0.3105888083519233
128,317,0.0020190324052521717,0.0039462012228689,True,920,4096,0.224609375,0.3105888083519233
128,318,0.0010687802994137552,0.0021261358750457975,True,912,4096,0.22265625,0.3105888083519233
128,319,0.0012286825416187642,0.0029711928132740498,True,924,4096,0.2255859375,0.3105888083519233
128,320,0.0008772622737378811,0.0014962509246932432,True,917,4096,0.223876953125,0.3105888083519233
128,321,0.0014658693307885576,0.003538445695751097,True,927,4096,0.226318359375,0.3105888083519233
128,322,0.0012725887380369112,0.003154932279888001,True,916,4096,0.2236328125,0.3105888083519233
128,323,0.0009246908496688866,0.0021006696553795834,True,908,4096,0.2216796875,0.3105888083519233
128,324,0.0012645778236486877,0.0031816163982592988,True,924,4096,0.2255859375,0.3105888083519233
128,325,0.00198604803820173,0.005086512501352308,True,905,4096,0.220947265625,0.3105888083519233
128,326,0.0021484482961814646,0.005951116071508028,True,903,4096,0.220458984375,0.3105888083519233
128,327,0.0018600489868439527,0.0038669492129373845,True,903,4096,0.220458984375,0.3105888083519233
128,328,0.00165194507750165,0.0034006850809202953,True,918,4096,0.22412109375,0.3105888083519233
128,329,0.0019517292902333872,0.0036542768336429825,True,920,4096,0.224609375,0.3105888083519233
128,330,0.0008499842804122137,0.0016690765051024133,True,904,4096,0.220703125,0.3105888083519233
128,331,0.0018436607337766473,0.00379341404229451,True,915,4096,0.223388671875,0.3105888083519233
128,332,0.002247257890902863,0.005536836403259825,True,916,4096,0.2236328125,0.3105888083519233
128,333,0.0011431956205046347,0.0029742638571576482,True,920,4096,0.224609375,0.3105888083519233
128,334,0.001741576871275535,0.0038039972527853794,True,900,4096,0.2197265625,0.3105888083519233
128,335,0.0011782543753945337,0.0020076374185735713,True,916,4096,0.2236328125,0.3105888083519233
128,336,0.0014640083951239563,0.0036778088026629546,True,929,4096,0.226806640625,0.3105888083519233
128,337,0.0017427421772983516,0.004714775494330553,True,931,4096,0.227294921875,0.3105888083519233
128,338,0.0015914795840074407,0.003264020808063456,True,921,4096,0.224853515625,0.3105888083519233
128,339,0.0010338633734016506,0.002040839855840075,True,923,4096,0.225341796875,0.3105888083519233
128,340,0.0015441008210003182,0.0028255174230028615,True,911,4096,0.222412109375,0.3105888083519233
128,341,0.0019571879778073334,0.004052847736851176,True,910,4096,0.22216796875,0.3105888083519233
128,342,0.0019011727472379,0.0033944408299568657,True,921,4096,0.224853515625,0.3105888083519233
128,343,0.001323203595067322,0.002596563997831619,True,926,4096,0.22607421875,0.3105888083519233
128,344,0.001752846335170168,0.003956386004815404,True,905,4096,0.220947265625,0.3105888083519233
128,345,0.0014792252134850506,0.0033990145921165005,True,913,4096,0.222900390625,0.3105888083519233
128,346,0.0015541389991317414,0.0034808939072442577,True,912,4096,0.22265625,0.3105888083519233
128,347,0.003172763265856245,0.007164219492696286,True,926,4096,0.22607421875,0.3105888083519233
128,348,0.0018870337326646932,0.00454029296810711,True,910,4096,0.22216796875,0.3105888083519233
128,349,0.001253975098820242,0.002091305599126205,True,925,4096,0.225830078125,0.3105888083519233
128,350,0.0015871070898630167,0.0028871762193058946,True,910,4096,0.22216796875,0.3105888083519233
128,351,0.0016921903062514384,0.0037043741762076143,True,918,4096,0.22412109375,0.3105888083519233
128,352,0.0016714899419391419,0.0035101492333341477,True,915,4096,0.223388671875,0.3105888083519233
128,353,0.0012954699720118719,0.002600491784594417,True,924,4096,0.2255859375,0.3105888083519233
128,354,0.0010000252833092971,0.0016555862802594967,True,902,4096,0.22021484375,0.3105888083519233
128,355,0.0014180180033777634,0.0035664812939226395,True,905,4096,0.220947265625,0.3105888083519233
128,356,0.0009541585489334303,0.0018716900321116142,True,897,4096,0.218994140625,0.3105888083519233
128,357,0.001269610061489182,0.003039381930018417,True,901,4096,0.219970703125,0.3105888083519233
128,358,0.001340820199558729,0.0033761836722621813,True,912,4096,0.22265625,0.3105888083519233
128,359,0.0015799886572406233,0.00368877733001792,True,924,4096,0.2255859375,0.3105888083519233
128,360,0.002933081335060982,0.007270594899928512,True,912,4096,0.22265625,0.3105888083519233
128,361,0.0011752948805785958,0.0027322424691594432,True,917,4096,0.223876953125,0.3105888083519233
128,362,0.0020734932772083566,0.004055270871558492,True,905,4096,0.220947265625,0.3105888083519233
128,363,0.0010668026863940713,0.0019426779478893437,True,902,4096,0.22021484375,0.3105888083519233
128,364,0.0016549168869686662,0.0035404603048875966,True,929,4096,0.226806640625,0.3105888083519233
128,365,0.0012760032934623347,0.0036445425739109125,True,932,4096,0.2275390625,0.3105888083519233
128,366,0.0009172893240033016,0.0015910159803407126,True,916,4096,0.2236328125,0.3105888083519233
128,367,0.001472816921830296,0.0026319655377182206,True,916,4096,0.2236328125,0.3105888083519233
128,368,0.0012547820006742596,0.002855759574869797,True,896,4096,0.21875,0.3105888083519233
128,369,0.0014198313350914165,0.003286827897268099,True,921,4096,0.224853515625,0.3105888083519233
128,370,0.0011443373428810888,0.002891490200743606,True,922,4096,0.22509765625,0.3105888083519233
128,371,0.0014815588641533838,0.0031650548060682925,True,906,4096,0.22119140625,0.3105888083519233
128,372,0.0013695778962202144,0.0031736114003627913,True,912,4096,0.22265625,0.3105888083519233
128,373,0.002037985003170492,0.00452726441843912,True,913,4096,0.222900390625,0.3105888083519233
128,374,0.0015806238415479765,0.003084205496230369,True,929,4096,0.226806640625,0.3105888083519233
128,375,0.0027993044263662195,0.0063269906967032,True,922,4096,0.22509765625,0.3105888083519233
128,376,0.003670844262703633,0.008850819528899129,True,910,4096,0.22216796875,0.3105888083519233
128,377,0.0029431207773869855,0.006435984487003804,False,918,4096,0.22412109375,0.3105888083519233
128,378,0.0025028277248279824,0.006196676776075549,True,898,4096,0.21923828125,0.3105888083519233
128,379,0.001382402127866645,0.0035380790273494694,True,904,4096,0.220703125,0.3105888083519233
128,380,0.0009635209680443884,0.002263566700801599,True,917,4096,0.223876953125,0.3105888083519233
128,381,0.0014844416276656753,0.003573751806136685,True,917,4096,0.223876953125,0.3105888083519233
128,382,0.0015381792992929157,0.003891704297444787,True,917,4096,0.223876953125,0.3105888083519233
128,383,0.0009627820633182089,0.001701415570476178,True,923,4096,0.225341796875,0.3105888083519233
128,384,0.002009021652249729,0.004276601079854447,True,948,4096,0.2314453125,0.3105888083519233
128,385,0.0016973945146898444,0.003899928126249688,True,917,4096,0.223876953125,0.3105888083519233
128,386,0.000895190659581554,0.0017871371524587256,True,910,4096,0.22216796875,0.3105888083519233
128,387,0.002557502796016518,0.005547228364302763,True,922,4096,0.22509765625,0.3105888083519233
128,388,0.0019375657125657291,0.004661606658539451,True,912,4096,0.22265625,0.3105888083519233
128,389,0.0015077958812319133,0.004033395868258724,True,915,4096,0.223388671875,0.3105888083519233
128,390,0.001266863078583201,0.002599479174852204,True,898,4096,0.21923828125,0.3105888083519233
128,391,0.001740224181346604,0.003838568408139044,True,912,4096,0.22265625,0.3105888083519233
128,392,0.0008546826861994918,0.0018703680834368935,True,915,4096,0.223388671875,0.3105888083519233
128,393,0.0013188660150477147,0.00211098825990412,True,897,4096,0.218994140625,0.3105888083519233
128,394,0.001201170591682135,0.0028198329141692763,True,906,4096,0.22119140625,0.3105888083519233
128,395,0.0010308667144526143,0.0022456386121860045,True,916,4096,0.2236328125,0.3105888083519233
128,396,0.0012480966866364202,0.0022745541906355887,True,911,4096,0.222412109375,0.3105888083519233
128,397,0.0009585958766615523,0.002264178707299107,True,910,4096,0.22216796875,0.3105888083519233
128,398,0.0020494831661678884,0.004318826076261384,True,922,4096,0.22509765625,0.3105888083519233
128,399,0.0016531604837078894,0.004010523154540396,True,916,4096,0.2236328125,0.3105888083519233
256,0,0.0008434779152228264,0.0015808202275884725,True,1516,4096,0.3701171875,0.219619452546294
256,1,0.0007136132761733877,0.0014698212482936457,True,1505,4096,0.367431640625,0.219619452546294
256,2,0.0020546421835591876,0.005027249665441116,True,1522,4096,0.37158203125,0.219619452546294
256,3,0.0007844953565680305,0.0015898328885857876,True,1517,4096,0.370361328125,0.219619452546294
256,4,0.0006856612885013727,0.0012287295712958002,True,1535,4096,0.374755859375,0.219619452546294
256,5,0.0006683000506148585,0.0011528338276084755,True,1527,4096,0.372802734375,0.219619452546294
256,6,0.0011088072547059756,0.0019172113865949109,True,1534,4096,0.37451171875,0.219619452546294
256,7,0.0009641040905153519,0.002245323784202398,True,1511,4096,0.368896484375,0.219619452546294
256,8,0.0008655578903516554,0.001989155187675888,True,1524,4096,0.3720703125,0.219619452546294
256,9,0.0005991627549330385,0.0015916247626922495,True,1519,4096,0.370849609375,0.219619452546294
256,10,0.0014614103530753745,0.0037690199354161874,True,1544,4096,0.376953125,0.219619452546294
256,11,0.000947134754169458,0.0016381081660827024,True,1521,4096,0.371337890625,0.219619452546294
256,12,0.0009712372583679594,0.001924936525056764,True,1543,4096,0.376708984375,0.219619452546294
256,13,0.001460798769631751,0.0028448784666948307,True,1525,4096,0.372314453125,0.219619452546294
256,14,0.0009523201166384526,0.0023012076684190558,True,1509,4096,0.368408203125,0.219619452546294
256,15,0.0007646069418710764,0.0015522691217947637,True,1519,4096,0.370849609375,0.219619452546294
256,16,0.0006596134917315197,0.0016282626893120225,True,1530,4096,0.37353515625,0.219619452546294
256,17,0.0008382986865304596,0.0015129351196091559,True,1523,4096,0.371826171875,0.219619452546294
256,18,0.001718508544185211,0.0038580125790807496,True,1525,4096,0.372314453125,0.219619452546294
256,19,0.0008751609259912665,0.0016351724721199168,True,1532,4096,0.3740234375,0.219619452546294
256,20,0.0007810623773453674,0.00142853899921494,True,1509,4096,0.368408203125,0.219619452546294
256,21,0.0007763282768560449,0.0015380416930423219,True,1524,4096,0.3720703125,0.219619452546294
256,22,0.0017350350677500434,0.003312343178425395,True,1519,4096,0.370849609375,0.219619452546294
256,23,0.0010823400763761489,0.0028224185254085363,True,1471,4096,0.359130859375,0.219619452546294
256,24,0.001040143816386017,0.0021725694945281745,True,1498,4096,0.36572265625,0.219619452546294
256,25,0.0007098655798233857,0.0015662043533434464,True,1501,4096,0.366455078125,0.219619452546294
256,26,0.0006240143223676957,0.0012266439573948018,True,1525,4096,0.372314453125,0.219619452546294
256,27,0.0012082745042005872,0.0020166532161026984,True,1522,4096,0.37158203125,0.219619452546294
256,28,0.0012440258670026658,0.00280402772637392,True,1504,4096,0.3671875,0.219619452546294
256,29,0.0011187915494039844,0.002734975201746759,True,1514,4096,0.36962890625,0.219619452546294
256,30,0.0008502743740263789,0.0016157498384958766,True,1531,4096,0.373779296875,0.219619452546294
256,31,0.0006282288308747354,0.001408690788273749,True,1518,4096,0.37060546875,0.219619452546294
256,32,0.0009305022714305117,0.0017487831514539295,True,1529,4096,0.373291015625,0.219619452546294
256,33,0.0008134982528867071,0.0017307792950915536,True,1525,4096,0.372314453125,0.219619452546294
256,34,0.0012824779638596594,0.0029919428830691153,True,1529,4096,0.373291015625,0.219619452546294
256,35,0.001062549415891281,0.001970077327924355,True,1528,4096,0.373046875,0.219619452546294
256,36,0.0010419472732080624,0.001973010631793684,True,1521,4096,0.371337890625,0.219619452546294
256,37,0.0008510243129929296,0.001608622996164849,True,1528,4096,0.373046875,0.219619452546294
256,38,0.00152496430522689,0.0035431609579077428,True,1546,4096,0.37744140625,0.219619452546294
256,39,0.0010859026741455004,0.0028045850606882444,True,1501,4096,0.366455078125,0.219619452546294
256,40,0.0009217281866823412,0.0024666028421427566,True,1519,4096,0.370849609375,0.219619452546294
256,41,0.0012366447260045237,0.0028458014920750563,True,1549,4096,0.378173828125,0.219619452546294
256,42,0.001452841521191707,0.003217504723463646,True,1510,4096,0.36865234375,0.219619452546294
256,43,0.0011635370151357673,0.0019643783429274426,True,1521,4096,0.371337890625,0.219619452546294
256,44,0.0011947548126674766,0.0034878436545147593,True,1528,4096,0.373046875,0.219619452546294
256,45,0.0012664368820681179,0.0027391075067976223,True,1511,4096,0.368896484375,0.219619452546294
256,46,0.0025815633130765623,0.006623206646434787,True,1503,4096,0.366943359375,0.219619452546294
256,47,0.0008327041204654138,0.001719298550423444,True,1500,4096,0.3662109375,0.219619452546294
256,48,0.000990545213651651,0.0020746917232195433,True,1498,4096,0.36572265625,0.219619452546294
256,49,0.0012669102352873202,0.0025688646469457926,True,1490,4096,0.36376953125,0.219619452546294
256,50,0.0007865705596476316,0.0015077470850037092,True,1513,4096,0.369384765625,0.219619452546294
256,51,0.00106926669230998,0.0020969234494992023,True,1529,4096,0.373291015625,0.219619452546294
256,52,0.0008796656682361086,0.0018470542613093048,True,1529,4096,0.373291015625,0.219619452546294
256,53,0.0012566030301864514,0.0030847628954991588,True,1515,4096,0.369873046875,0.219619452546294
256,54,0.0010973167399563146,0.0022424175545706984,True,1543,4096,0.376708984375,0.219619452546294
256,55,0.0012770697943494864,0.003421530877513859,True,1556,4096,0.3798828125,0.219619452546294
256,56,0.001146763396256431,0.0023610711726863715,True,1488,4096,0.36328125,0.219619452546294
256,57,0.000696724438050998,0.0012407944230667517,True,1513,4096,0.369384765625,0.219619452546294
256,58,0.001476690629869563,0.0028584467617563253,True,1501,4096,0.366455078125,0.219619452546294
256,59,0.0009500776605296063,0.0022655807224305873,True,1517,4096,0.370361328125,0.219619452546294
256,60,0.0008801444415544216,0.0022420853439818755,True,1487,4096,0.363037109375,0.219619452546294
256,61,0.0017111056729080202,0.004342135623702857,True,1539,4096,0.375732421875,0.219619452546294
256,62,0.0008095130840123137,0.0017295987103617821,True,1522,4096,0.37158203125,0.219619452546294
256,63,0.0008733827145759621,0.001595122111762784,True,1502,4096,0.36669921875,0.219619452546294
256,64,0.0018880481265799419,0.00321753027078088,True,1524,4096,0.3720703125,0.219619452546294
256,65,0.0009278836709568499,0.001784039945776028,True,1498,4096,0.36572265625,0.219619452546294
256,66,0.000777566021297054,0.001509005472309935,True,1493,4096,0.364501953125,0.219619452546294
256,67,0.0012559534437572926,0.0030355798535061235,True,1544,4096,0.376953125,0.219619452546294
256,68,0.0013985253330587165,0.003364584647344196,True,1524,4096,0.3720703125,0.219619452546294
256,69,0.001117476762299085,0.002692549258642922,True,1530,4096,0.37353515625,0.219619452546294
256,70,0.001108737357501912,0.0029297174525010974,True,1523,4096,0.371826171875,0.219619452546294
256,71,0.0007610338261093118,0.0017397659141394767,True,1512,4096,0.369140625,0.219619452546294
256,72,0.0008470961694074841,0.0013347261542280154,True,1517,4096,0.370361328125,0.219619452546294
256,73,0.0009485316637281197,0.0018544030683779536,True,1552,4096,0.37890625,0.219619452546294
256,74,0.0008254407977582474,0.001809653907691583,True,1495,4096,0.364990234375,0.219619452546294
256,75,0.0009468137799817228,0.0022368090949737365,True,1523,4096,0.371826171875,0.219619452546294
256,76,0.000856991720726142,0.002072351030751915,True,1529,4096,0.373291015625,0.219619452546294
256,77,0.0008872505986258636,0.0018113514214864145,True,1531,4096,0.373779296875,0.219619452546294
256,78,0.0011477302764294184,0.0022200086006533004,True,1518,4096,0.37060546875,0.219619452546294
256,79,0.0005496297531910229,0.0012524278268562297,True,1532,4096,0.3740234375,0.219619452546294
256,80,0.001200644320858007,0.0029848994445476756,True,1506,4096,0.36767578125,0.219619452546294
256,81,0.0007204861184291735,0.0017825706378871153,True,1536,4096,0.375,0.219619452546294
256,82,0.0009888662864534134,0.002136807763271454,True,1518,4096,0.37060546875,0.219619452546294
256,83,0.0012684994149696907,0.003508743634951024,True,1522,4096,0.37158203125,0.219619452546294
256,84,0.0014917862113424537,0.0032875160253913877,True,1519,4096,0.370849609375,0.219619452546294
256,85,0.0017594815684951375,0.004496410823593096,True,1527,4096,0.372802734375,0.219619452546294
256,86,0.0013546871208384096,0.0038867258501066454,True,1529,4096,0.373291015625,0.219619452546294
256,87,0.0009493003584448805,0.002307084447826846,True,1513,4096,0.369384765625,0.219619452546294
256,88,0.0012183862941126274,0.0023933231832318352,True,1509,4096,0.368408203125,0.219619452546294
256,89,0.0012082215187277157,0.0031329945416585375,True,1523,4096,0.371826171875,0.219619452546294
256,90,0.000805303155027772,0.0021605555633110174,True,1541,4096,0.376220703125,0.219619452546294
256,91,0.0006691175006528394,0.0016952562540039108,True,1510,4096,0.36865234375,0.219619452546294
256,92,0.0009068360062414164,0.0016664337075609353,True,1513,4096,0.369384765625,0.219619452546294
256,93,0.0016239692119533263,0.0029151108937370968,True,1530,4096,0.37353515625,0.219619452546294
256,94,0.0011006220697988287,0.0025350457819475203,True,1508,4096,0.3681640625,0.219619452546294
256,95,0.0012095470345259032,0.0029835467208422367,True,1529,4096,0.373291015625,0.219619452546294
256,96,0.00113025752181778,0.002571795998541848,True,1505,4096,0.367431640625,0.219619452546294
256,97,0.0007668349959969494,0.0013702901464856948,True,1524,4096,0.3720703125,0.219619452546294
256,98,0.0010603829174233694,0.0022416459414440204,True,1517,4096,0.370361328125,0.219619452546294
256,99,0.0008750431135438134,0.001839979358362099,True,1518,4096,0.37060546875,0.219619452546294
256,100,0.001156208754145322,0.0029123737092256775,True,1536,4096,0.375,0.219619452546294
256,101,0.0011134081880242116,0.0029515591951250614,True,1536,4096,0.375,0.219619452546294
256,102,0.0022672307784899217,0.004985278675558397,True,1522,4096,0.37158203125,0.219619452546294
256,103,0.0011552244255480528,0.002531812865747246,True,1542,4096,0.37646484375,0.219619452546294
256,104,0.0004889560208605679,0.0009696909460591499,True,1548,4096,0.3779296875,0.219619452546294
256,105,0.0013099698710204901,0.0025468596322945902,True,1512,4096,0.369140625,0.219619452546294
256,106,0.000740004131944521,0.0012241219192654987,True,1537,4096,0.375244140625,0.219619452546294
256,107,0.0006207460974148365,0.0012288696142322836,True,1528,4096,0.373046875,0.219619452546294
256,108,0.0011054206563319107,0.0027568184884777386,True,1529,4096,0.373291015625,0.219619452546294
256,109,0.0014477069830711635,0.003019229103918261,True,1519,4096,0.370849609375,0.219619452546294
256,110,0.0011770296578231983,0.002605839592454133,True,1512,4096,0.369140625,0.219619452546294
256,111,0.0009505849159003775,0.002531274023812674,True,1521,4096,0.371337890625,0.219619452546294
256,112,0.0010776218319113794,0.0017355050720911022,True,1508,4096,0.3681640625,0.219619452546294
256,113,0.0007046115014695372,0.001399259305857256,True,1535,4096,0.374755859375,0.219619452546294
256,114,0.0012754234563782253,0.0028852059608578395,True,1537,4096,0.375244140625,0.219619452546294
256,115,0.0006820631877202512,0.0011704356313397002,True,1505,4096,0.367431640625,0.219619452546294
256,116,0.0014356396520097336,0.003166120606860487,True,1526,4096,0.37255859375,0.219619452546294
256,117,0.000960119068636789,0.0018780754455808082,True,1516,4096,0.3701171875,0.219619452546294
256,118,0.0012752187456248703,0.002635991653537971,True,1508,4096,0.3681640625,0.219619452546294
256,119,0.0006822546339124606,0.0018595906078864612,True,1523,4096,0.371826171875,0.219619452546294
256,120,0.0009470017704920842,0.0017554435269730231,True,1501,4096,0.366455078125,0.219619452546294
256,121,0.0017853307189769749,0.004483621243658566,True,1532,4096,0.3740234375,0.219619452546294
256,122,0.0007549878955721089,0.002025162723801169,True,1501,4096,0.366455078125,0.219619452546294
256,123,0.0018843908175236405,0.004183385680323649,True,1502,4096,0.36669921875,0.219619452546294
256,124,0.0009998365142526952,0.0020593554291916324,True,1520,4096,0.37109375,0.219619452546294
256,125,0.0008521929640111659,0.0017691693561727867,True,1537,4096,0.375244140625,0.219619452546294
256,126,0.0007032193517107791,0.0015958644535337269,True,1530,4096,0.37353515625,0.219619452546294
256,127,0.0009384798697520244,0.0022330034698852252,True,1537,4096,0.375244140625,0.219619452546294
256,128,0.000864948801682189,0.0017442126192100949,True,1540,4096,0.3759765625,0.219619452546294
256,129,0.0017485092442156385,0.0033952723247086813,True,1520,4096,0.37109375,0.219619452546294
256,130,0.0006313591473798606,0.0014556494237220868,True,1533,4096,0.374267578125,0.219619452546294
256,131,0.0009601465581499809,0.0019998733730360874,True,1546,4096,0.37744140625,0.219619452546294
256,132,0.0011591454131199578,0.0026301617878459055,True,1514,4096,0.36962890625,0.219619452546294
256,133,0.0013740467320061138,0.0028441809666740828,True,1528,4096,0.373046875,0.219619452546294
256,134,0.0015358243041583308,0.0034173685048919378,True,1516,4096,0.3701171875,0.219619452546294
256,135,0.000864044851905502,0.001868395047343388,True,1549,4096,0.378173828125,0.219619452546294
256,136,0.001612368451316746,0.004322055382172313,True,1540,4096,0.3759765625,0.219619452546294
256,137,0.000543299911397857,0.0010150492004951852,True,1536,4096,0.375,0.219619452546294
256,138,0.0015342861193009482,0.003049577484008567,True,1506,4096,0.36767578125,0.219619452546294
256,139,0.00047843310787350923,0.0014108045018170756,True,1504,4096,0.3671875,0.219619452546294
256,140,0.0010757792263123202,0.00291019282640452,True,1513,4096,0.369384765625,0.219619452546294
256,141,0.0007397599853563358,0.002001840962604265,True,1516,4096,0.3701171875,0.219619452546294
256,142,0.0008406469010910914,0.002179449973303875,True,1517,4096,0.370361328125,0.219619452546294
256,143,0.0013242394928370971,0.0032068429858728292,True,1519,4096,0.370849609375,0.219619452546294
256,144,0.0010123536666124444,0.0021411914208528376,True,1533,4096,0.374267578125,0.219619452546294
256,145,0.0008938952892277558,0.0019353749764011337,True,1490,4096,0.36376953125,0.219619452546294
256,146,0.0015449186854532568,0.003942706221889802,True,1511,4096,0.368896484375,0.219619452546294
256,147,0.0011804583260047906,0.0031229734585414073,True,1530,4096,0.37353515625,0.219619452546294
256,148,0.0016515863802432417,0.004491360020648302,True,1539,4096,0.375732421875,0.219619452546294
256,149,0.0009573681926356677,0.0018709939496932698,True,1519,4096,0.370849609375,0.219619452546294
256,150,0.0012773867418268958,0.0026614038990872557,True,1477,4096,0.360595703125,0.219619452546294
256,151,0.0005208941790884261,0.00097339398654845,True,1533,4096,0.374267578125,0.219619452546294
256,152,0.0007915772159089866,0.0016417936880899278,True,1526,4096,0.37255859375,0.219619452546294
256,153,0.0014829353420070756,0.0025847742298583595,True,1531,4096,0.373779296875,0.219619452546294
256,154,0.0012911948246623784,0.0030730804769680264,True,1516,4096,0.3701171875,0.219619452546294
256,155,0.0017452717091800813,0.0046959886963997555,True,1503,4096,0.366943359375,0.219619452546294
256,156,0.0011242290621652363,0.0025993895686033802,True,1534,4096,0.37451171875,0.219619452546294
256,157,0.0008529165554874936,0.001672877761552262,True,1519,4096,0.370849609375,0.219619452546294
256,158,0.0005822409344225746,0.0013368560820072733,True,1505,4096,0.367431640625,0.219619452546294
256,159,0.002517418075182573,0.006333028430223611,True,1521,4096,0.371337890625,0.219619452546294
256,160,0.0005723361428252701,0.0012410290350663156,True,1537,4096,0.375244140625,0.219619452546294
256,161,0.0009675875643364439,0.002744435215943246,True,1536,4096,0.375,0.219619452546294
256,162,0.0009138347996745976,0.0022086360975017844,True,1519,4096,0.370849609375,0.219619452546294
256,163,0.0009219355609215625,0.0019142389285643699,True,1503,4096,0.366943359375,0.219619452546294
256,164,0.0012288384088104793,0.0030274436705231764,True,1519,4096,0.370849609375,0.219619452546294
256,165,0.0006232721542414485,0.001414841270448497,True,1511,4096,0.368896484375,0.219619452546294
256,166,0.0012466835016223623,0.003034842623438741,True,1502,4096,0.36669921875,0.219619452546294
256,167,0.0009565505544549666,0.0021491482611970467,True,1526,4096,0.37255859375,0.219619452546294
256,168,0.0009339719356372037,0.0026483086234392605,True,1507,4096,0.367919921875,0.219619452546294
256,169,0.0009049508015759237,0.0017211195654641756,True,1512,4096,0.369140625,0.219619452546294
256,170,0.0014429925027835736,0.0034963085510603883,True,1498,4096,0.36572265625,0.219619452546294
256,171,0.0008164006273945536,0.0017320010767072486,True,1527,4096,0.372802734375,0.219619452546294
256,172,0.0014256438970398054,0.003547054452596482,True,1507,4096,0.367919921875,0.219619452546294
256,173,0.0006561089256999157,0.0012127347767760463,True,1529,4096,0.373291015625,0.219619452546294
256,174,0.0009623611002295052,0.002200180358630996,True,1521,4096,0.371337890625,0.219619452546294
256,175,0.0007291135205876458,0.0017597740694103303,True,1525,4096,0.372314453125,0.219619452546294
256,176,0.0011101379292531217,0.0019621044344566713,True,1533,4096,0.374267578125,0.219619452546294
256,177,0.0010564023291451655,0.0023392130002282546,True,1512,4096,0.369140625,0.219619452546294
256,178,0.001828816842144998,0.003785861944882632,True,1480,4096,0.361328125,0.219619452546294
256,179,0.0005754643562669478,0.0013963493431684154,True,1527,4096,0.372802734375,0.219619452546294
256,180,0.0010133652590732865,0.0019266302414339236,True,1531,4096,0.373779296875,0.219619452546294
256,181,0.0009156820557467523,0.0023209030567469605,True,1529,4096,0.373291015625,0.219619452546294
256,182,0.0006937976749016988,0.001643892898948368,True,1520,4096,0.37109375,0.219619452546294
256,183,0.0005677725816657669,0.0012167908998881316,True,1529,4096,0.373291015625,0.219619452546294
256,184,0.00092767406200448,0.0019445108433848585,True,1470,4096,0.35888671875,0.219619452546294
256,185,0.0008003875006445067,0.0019219461062197074,True,1517,4096,0.370361328125,0.219619452546294
256,186,0.0023041369160954144,0.006147308313047509,True,1506,4096,0.36767578125,0.219619452546294
256,187,0.0006931294850269641,0.0016579043965979437,True,1532,4096,0.3740234375,0.219619452546294
256,188,0.0010855178381494223,0.0020672488238339948,True,1520,4096,0.37109375,0.219619452546294
256,189,0.0011947202599560563,0.002560491159528694,True,1503,4096,0.366943359375,0.219619452546294
256,190,0.0011766048431403595,0.002510705679571193,True,1527,4096,0.372802734375,0.219619452546294
256,191,0.001072744322641222,0.0015370073968976744,True,1520,4096,0.37109375,0.219619452546294
256,192,0.0007539742514388562,0.0018714898280230152,True,1537,4096,0.375244140625,0.219619452546294
256,193,0.0005103987591473585,0.0010108763762159828,True,1531,4096,0.373779296875,0.219619452546294
256,194,0.000829367944194277,0.0016858545779593476,True,1503,4096,0.366943359375,0.219619452546294
256,195,0.0009083798771284767,0.001970484497457993,True,1528,4096,0.373046875,0.219619452546294
256,196,0.001404489553646953,0.0024337494493042663,True,1502,4096,0.36669921875,0.219619452546294
256,197,0.0009165141499670709,0.0024446052955007375,True,1511,4096,0.368896484375,0.219619452546294
256,198,0.0014426825717592051,0.003932227919703046,True,1526,4096,0.37255859375,0.219619452546294
256,199,0.001144426969548006,0.0033012096613989628,True,1517,4096,0.370361328125,0.219619452546294
256,200,0.0010018023031734562,0.002485413034832712,True,1498,4096,0.36572265625,0.219619452546294
256,201,0.0013361802169333155,0.002989436204976076,True,1537,4096,0.375244140625,0.219619452546294
256,202,0.0007602288286152106,0.002123641655923811,True,1523,4096,0.371826171875,0.219619452546294
256,203,0.0016588140548354305,0.004771890021131833,True,1523,4096,0.371826171875,0.219619452546294
256,204,0.0010510446394178196,0.0018236011325116763,True,1501,4096,0.366455078125,0.219619452546294
256,205,0.0015789840190155583,0.003079258509638319,True,1498,4096,0.36572265625,0.219619452546294
256,206,0.0010126651922996051,0.002179387518018012,True,1500,4096,0.3662109375,0.219619452546294
256,207,0.0010377174975850793,0.0024075828878496013,True,1505,4096,0.367431640625,0.219619452546294
256,208,0.0006705109472584902,0.001395568912873596,True,1502,4096,0.36669921875,0.219619452546294
256,209,0.0007032675252078729,0.0011263950650489893,True,1507,4096,0.367919921875,0.219619452546294
256,210,0.0006511948411830903,0.0017117041252805928,True,1521,4096,0.371337890625,0.219619452546294
256,211,0.0006177930282232302,0.0013029200693492893,True,1521,4096,0.371337890625,0.219619452546294
256,212,0.001150888812108221,0.0030411598054475505,True,1520,4096,0.37109375,0.219619452546294
256,213,0.0015284299690485963,0.003113200849861608,True,1538,4096,0.37548828125,0.219619452546294
256,214,0.0005271886043046432,0.0008910596028567641,True,1529,4096,0.373291015625,0.219619452546294
256,215,0.0007189833011763743,0.0012312556992378834,True,1536,4096,0.375,0.219619452546294
256,216,0.0007478577189987526,0.0016838230183165923,True,1525,4096,0.372314453125,0.219619452546294
256,217,0.0014473925945745665,0.003527827260184316,True,1510,4096,0.36865234375,0.219619452546294
256,218,0.0008538254661929885,0.0017143111748165116,True,1512,4096,0.369140625,0.219619452546294
256,219,0.0007979356487356869,0.0014259992224105664,True,1537,4096,0.375244140625,0.219619452546294
256,220,0.001123894111330337,0.0026020351505199324,True,1502,4096,0.36669921875,0.219619452546294
256,221,0.001375322180599664,0.004182338727482943,True,1528,4096,0.373046875,0.219619452546294
256,222,0.0010824625245296896,0.0022221952461278296,True,1508,4096,0.3681640625,0.219619452546294
256,223,0.001016967158327669,0.0029807086770587687,True,1509,4096,0.368408203125,0.219619452546294
256,224,0.0018267587910324931,0.004267023529359239,True,1533,4096,0.374267578125,0.219619452546294
256,225,0.0009890977341180703,0.0017985348659581013,True,1518,4096,0.37060546875,0.219619452546294
256,226,0.001351652650593475,0.0025340152492045326,True,1487,4096,0.363037109375,0.219619452546294
256,227,0.0011732007868740964,0.0030610195340938645,True,1530,4096,0.37353515625,0.219619452546294
256,228,0.000717202824609245,0.0013044634700036181,True,1501,4096,0.366455078125,0.219619452546294
256,229,0.002063484467204224,0.005001095888797713,True,1494,4096,0.36474609375,0.219619452546294
256,230,0.0005811354073282759,0.0011761969634005859,True,1491,4096,0.364013671875,0.219619452546294
256,231,0.0021805391389612995,0.005060046632348818,True,1511,4096,0.368896484375,0.219619452546294
256,232,0.0009520942522424035,0.0020119237046360774,True,1539,4096,0.375732421875,0.219619452546294
256,233,0.0008474074426576838,0.001740600555792643,True,1534,4096,0.37451171875,0.219619452546294
256,234,0.00094107248873633,0.0014545496774518649,True,1526,4096,0.37255859375,0.219619452546294
256,235,0.0008381386455419464,0.00199955701230483,True,1529,4096,0.373291015625,0.219619452546294
256,236,0.0012793027302262624,0.002478684318119914,True,1495,4096,0.364990234375,0.219619452546294
256,237,0.0007258389646869295,0.001757548938532999,True,1534,4096,0.37451171875,0.219619452546294
256,238,0.0012275384781101518,0.003217649367346573,True,1540,4096,0.3759765625,0.219619452546294
256,239,0.0013991402117300214,0.004067787643720441,True,1521,4096,0.371337890625,0.219619452546294
256,240,0.00079674273145747,0.001489182658766899,True,1544,4096,0.376953125,0.219619452546294
256,241,0.0010707937668574712,0.0021914870111649776,True,1522,4096,0.37158203125,0.219619452546294
256,242,0.0012334939243087656,0.0028701684375286238,True,1529,4096,0.373291015625,0.219619452546294
256,243,0.0011264215389750285,0.0026183410328847814,True,1536,4096,0.375,0.219619452546294
256,244,0.002017191725210978,0.0036478309306130774,True,1516,4096,0.3701171875,0.219619452546294
256,245,0.000991090513153948,0.001998231322322859,True,1520,4096,0.37109375,0.219619452546294
256,246,0.0009936278050256605,0.002026117734508892,True,1531,4096,0.373779296875,0.219619452546294
256,247,0.0011810383843036578,0.003271336615313203,True,1536,4096,0.375,0.219619452546294
256,248,0.000989046564889882,0.0017384343961117966,True,1495,4096,0.364990234375,0.219619452546294
256,249,0.0010211802052393576,0.002539822438764383,True,1511,4096,0.368896484375,0.219619452546294
256,250,0.0010242661395161925,0.001909274942320717,True,1516,4096,0.3701171875,0.219619452546294
256,251,0.0014607552958060565,0.0035275804969153238,True,1493,4096,0.364501953125,0.219619452546294
256,252,0.0013208649015595357,0.0030326772217996317,True,1504,4096,0.3671875,0.219619452546294
256,253,0.000776790072612533,0.0016729738600823676,True,1536,4096,0.375,0.219619452546294
256,254,0.0009358135226559468,0.002112604599395801,True,1504,4096,0.3671875,0.219619452546294
256,255,0.0007170896609294855,0.0015833407314676303,True,1525,4096,0.372314453125,0.219619452546294
256,256,0.0006295687929264355,0.001163048995666105,True,1553,4096,0.379150390625,0.219619452546294
256,257,0.0008432854075360289,0.0021162432344802376,True,1524,4096,0.3720703125,0.219619452546294
256,258,0.0009556512675835321,0.0021541675938031232,True,1535,4096,0.374755859375,0.219619452546294
256,259,0.0009309092792698792,0.0019428762182938653,True,1532,4096,0.3740234375,0.219619452546294
256,260,0.0022060374291293086,0.005864188288140761,True,1491,4096,0.364013671875,0.219619452546294
256,261,0.0010496255201928328,0.0027064620282077206,True,1498,4096,0.36572265625,0.219619452546294
256,262,0.00048561455849111413,0.0008151494397594765,True,1535,4096,0.374755859375,0.219619452546294
256,263,0.0010531945449125883,0.0022873958890167814,True,1516,4096,0.3701171875,0.219619452546294
256,264,0.001317046119152041,0.00315107229511926,True,1533,4096,0.374267578125,0.219619452546294
256,265,0.0009386051805159595,0.002281356240867491,True,1514,4096,0.36962890625,0.219619452546294
256,266,0.00089151376575029,0.0016205733137338862,True,1518,4096,0.37060546875,0.219619452546294
256,267,0.0007046901576617463,0.0017008567031482485,True,1493,4096,0.364501953125,0.219619452546294
256,268,0.0006873641348131814,0.0016145652764117668,True,1518,4096,0.37060546875,0.219619452546294
256,269,0.0007796350230408072,0.0016744421849944763,True,1522,4096,0.37158203125,0.219619452546294
256,270,0.0006135107598044955,0.001044028410340736,True,1538,4096,0.37548828125,0.219619452546294
256,271,0.002060575007096268,0.00459918540073713,True,1504,4096,0.3671875,0.219619452546294
256,272,0.0010911025097701734,0.0018958270287918952,True,1542,4096,0.37646484375,0.219619452546294
256,273,0.0011874789501449521,0.0028890794131311154,True,1513,4096,0.369384765625,0.219619452546294
256,274,0.001025659482897043,0.0015022453597217933,True,1519,4096,0.370849609375,0.219619452546294
256,275,0.0012761511505383126,0.0028134079155055364,True,1523,4096,0.371826171875,0.219619452546294
256,276,0.0009673104764878713,0.0024326178234835155,True,1564,4096,0.3818359375,0.219619452546294
256,277,0.0011693788751082114,0.002072868143020389,True,1534,4096,0.37451171875,0.219619452546294
256,278,0.0010594212754844827,0.0020441842129538673,True,1536,4096,0.375,0.219619452546294
256,279,0.0010073155299468181,0.002144555853120983,True,1504,4096,0.3671875,0.219619452546294
256,280,0.0010108226403748681,0.002530772184869849,True,1529,4096,0.373291015625,0.219619452546294
256,281,0.0005988745362602621,0.0010553212532921769,True,1503,4096,0.366943359375,0.219619452546294
256,282,0.0006716712360886858,0.001756243932928045,True,1499,4096,0.365966796875,0.219619452546294
256,283,0.0008037286500629752,0.0014523846808418492,True,1534,4096,0.37451171875,0.219619452546294
256,284,0.0012635874352768073,0.002914258643509207,True,1528,4096,0.373046875,0.219619452546294
256,285,0.0014609124871904648,0.0030818852538957303,True,1514,4096,0.36962890625,0.219619452546294
256,286,0.0007577633764354514,0.0016714842935734026,True,1524,4096,0.3720703125,0.219619452546294
256,287,0.0014363172146861544,0.0031284967786339296,True,1527,4096,0.372802734375,0.219619452546294
256,288,0.0007470777930399526,0.0012771548456641801,True,1528,4096,0.373046875,0.219619452546294
256,289,0.001653005840979765,0.003551570715987204,True,1560,4096,0.380859375,0.219619452546294
256,290,0.0010961547408298467,0.002247714537291279,True,1533,4096,0.374267578125,0.219619452546294
256,291,0.0010292287877346432,0.0022264916313239,True,1550,4096,0.37841796875,0.219619452546294
256,292,0.001350042567811096,0.0035163403212002398,True,1493,4096,0.364501953125,0.219619452546294
256,293,0.001144167860388228,0.002519566481167978,True,1502,4096,0.36669921875,0.219619452546294
256,294,0.001187625652405477,0.0028126034394406613,True,1512,4096,0.369140625,0.219619452546294
256,295,0.0006131048042486923,0.0009336924802432547,True,1515,4096,0.369873046875,0.219619452546294
256,296,0.0017877613230597215,0.00408827642058697,True,1535,4096,0.374755859375,0.219619452546294
256,297,0.0010111080054872909,0.0024213208206498166,True,1530,4096,0.37353515625,0.219619452546294
256,298,0.0009775426361380275,0.001900712680626096,True,1508,4096,0.3681640625,0.219619452546294
256,299,0.0017543612211596124,0.003709173619476522,True,1525,4096,0.372314453125,0.219619452546294
256,300,0.000899628566615722,0.0019716887950558017,True,1532,4096,0.3740234375,0.219619452546294
256,301,0.001186102803449696,0.0025753761686757373,True,1499,4096,0.365966796875,0.219619452546294
256,302,0.0007089885071817707,0.0013934395392228571,True,1522,4096,0.37158203125,0.219619452546294
256,303,0.0007366434272827948,0.0018982082845048626,True,1518,4096,0.37060546875,0.219619452546294
256,304,0.000944442698755895,0.002083065539678644,True,1515,4096,0.369873046875,0.219619452546294
256,305,0.0009588053307577634,0.0016231346045709957,True,1509,4096,0.368408203125,0.219619452546294
256,306,0.001086450945941805,0.002913770148265965,True,1504,4096,0.3671875,0.219619452546294
256,307,0.0015221934913744516,0.0029665889431221143,True,1515,4096,0.369873046875,0.219619452546294
256,308,0.0013058116686223437,0.003033283483443991,True,1516,4096,0.3701171875,0.219619452546294
256,309,0.0009857193272215094,0.002112589624295646,True,1525,4096,0.372314453125,0.219619452546294
256,310,0.0016068395967344619,0.0039323267702444376,True,1535,4096,0.374755859375,0.219619452546294
256,311,0.0010515752964835128,0.002638822268281299,True,1539,4096,0.375732421875,0.219619452546294
256,312,0.000907794183448042,0.0017181235711484916,True,1512,4096,0.369140625,0.219619452546294
256,313,0.0008195530186320937,0.0017290377056416693,True,1533,4096,0.374267578125,0.219619452546294
256,314,0.0015311775952127505,0.003401512261421491,True,1505,4096,0.367431640625,0.219619452546294
256,315,0.0012219050562482492,0.0026435497833088503,True,1517,4096,0.370361328125,0.219619452546294
256,316,0.0008416677097659338,0.0016544120795623576,True,1525,4096,0.372314453125,0.219619452546294
256,317,0.00035076710858766326,0.0005827654452201375,True,1539,4096,0.375732421875,0.219619452546294
256,318,0.0016535291831132992,0.004611004842081219,True,1548,4096,0.3779296875,0.219619452546294
256,319,0.000640121404493348,0.0014241288479696981,True,1519,4096,0.370849609375,0.219619452546294
256,320,0.0011879828276395296,0.002660626559968904,True,1518,4096,0.37060546875,0.219619452546294
256,321,0.0013387674380518817,0.003057756745569837,True,1553,4096,0.379150390625,0.219619452546294
256,322,0.0012145664018411069,0.002137328544178911,True,1493,4096,0.364501953125,0.219619452546294
256,323,0.0007157400594218037,0.001607211849629385,True,1525,4096,0.372314453125,0.219619452546294
256,324,0.0010689486438484037,0.0023705651948888184,True,1505,4096,0.367431640625,0.219619452546294
256,325,0.0004583531071867424,0.0007560904634196022,True,1513,4096,0.369384765625,0.219619452546294
256,326,0.0008692439467053588,0.0017310659343475754,True,1495,4096,0.364990234375,0.219619452546294
256,327,0.0007636922684541875,0.002006451906430784,True,1525,4096,0.372314453125,0.219619452546294
256,328,0.000576323097967423,0.0010520726729830315,True,1495,4096,0.364990234375,0.219619452546294
256,329,0.0007986387943347002,0.001722452458319236,True,1518,4096,0.37060546875,0.219619452546294
256,330,0.0006181850817700569,0.0013670334308906462,True,1526,4096,0.37255859375,0.219619452546294
256,331,0.000870065323824583,0.0015502657124701752,True,1539,4096,0.375732421875,0.219619452546294
256,332,0.0010674119720278843,0.002200299207869405,True,1513,4096,0.369384765625,0.219619452546294
256,333,0.0011763608212734815,0.0026244109358072726,True,1527,4096,0.372802734375,0.219619452546294
256,334,0.0016804629658873063,0.003225881358321331,True,1499,4096,0.365966796875,0.219619452546294
256,335,0.0007762573046438572,0.002080332006239541,True,1520,4096,0.37109375,0.219619452546294
256,336,0.0006273068663434656,0.0014918477899772409,True,1491,4096,0.364013671875,0.219619452546294
256,337,0.0013316394036580565,0.003188140184106708,True,1515,4096,0.369873046875,0.219619452546294
256,338,0.0015035709710341327,0.0041107238441025346,True,1515,4096,0.369873046875,0.219619452546294
256,339,0.0006915465204832634,0.0012412895141433143,True,1523,4096,0.371826171875,0.219619452546294
256,340,0.0009772464729772225,0.0023119281353488758,True,1530,4096,0.37353515625,0.219619452546294
256,341,0.0007591395285979064,0.001502319304043237,True,1538,4096,0.37548828125,0.219619452546294
256,342,0.0008813900946176093,0.0019153778770320817,True,1489,4096,0.363525390625,0.219619452546294
256,343,0.0007030511900372871,0.0013772567046659231,True,1523,4096,0.371826171875,0.219619452546294
256,344,0.0006011688412098099,0.001124470868931346,True,1506,4096,0.36767578125,0.219619452546294
256,345,0.001591237312004743,0.002895982351601739,True,1510,4096,0.36865234375,0.219619452546294
256,346,0.0005427098874906845,0.0011135051273982802,True,1534,4096,0.37451171875,0.219619452546294
256,347,0.0010660920328803723,0.0025385859848439246,True,1550,4096,0.37841796875,0.219619452546294
256,348,0.002429438200487169,0.005627232197747391,True,1526,4096,0.37255859375,0.219619452546294
256,349,0.0009942130935201644,0.002010572439407346,True,1506,4096,0.36767578125,0.219619452546294
256,350,0.0017684461095349264,0.004802981809994451,True,1519,4096,0.370849609375,0.219619452546294
256,351,0.0006702725264908905,0.0012795270285790722,True,1546,4096,0.37744140625,0.219619452546294
256,352,0.00263368518164516,0.0057793990469447165,True,1540,4096,0.3759765625,0.219619452546294
256,353,0.0007277649700362361,0.0016384041328195015,True,1500,4096,0.3662109375,0.219619452546294
256,354,0.0008957532683966072,0.0019283194360682765,True,1515,4096,0.369873046875,0.219619452546294
256,355,0.001382210471835516,0.002928007304410507,True,1500,4096,0.3662109375,0.219619452546294
256,356,0.0005922889834925073,0.001505048343114811,True,1516,4096,0.3701171875,0.219619452546294
256,357,0.0010820565202609915,0.00252006928585188,True,1515,4096,0.369873046875,0.219619452546294
256,358,0.000826921417656189,0.0013781680064688592,True,1521,4096,0.371337890625,0.219619452546294
256,359,0.0012583983619576281,0.002841657946048029,True,1515,4096,0.369873046875,0.219619452546294
256,360,0.0011006103207502449,0.0022500366931836532,True,1530,4096,0.37353515625,0.219619452546294
256,361,0.0011472176708509235,0.002507088861507731,True,1494,4096,0.36474609375,0.219619452546294
256,362,0.0009415192530161594,0.0020015460644895455,True,1528,4096,0.373046875,0.219619452546294
256,363,0.0017159144340275318,0.004451062009163183,True,1500,4096,0.3662109375,0.219619452546294
256,364,0.0007261245581317232,0.0016111518359405927,True,1511,4096,0.368896484375,0.219619452546294
256,365,0.0008077996362092479,0.0017414200845292105,True,1520,4096,0.37109375,0.219619452546294
256,366,0.0010608800155703377,0.0026906043895717213,True,1487,4096,0.363037109375,0.219619452546294
256,367,0.0018204360249031374,0.003590308107319834,True,1499,4096,0.365966796875,0.219619452546294
256,368,0.0017405775407462111,0.004085333297859005,True,1502,4096,0.36669921875,0.219619452546294
256,369,0.002030514998067325,0.004795332081439882,True,1502,4096,0.36669921875,0.219619452546294
256,370,0.0005220141767523093,0.0010036697788831095,True,1519,4096,0.370849609375,0.219619452546294
256,371,0.0009113254753573744,0.0017567384580700757,True,1537,4096,0.375244140625,0.219619452546294
256,372,0.0007196653028931769,0.001264582833994653,True,1511,4096,0.368896484375,0.219619452546294
256,373,0.0015187393269065117,0.0030239592416969052,True,1520,4096,0.37109375,0.219619452546294
256,374,0.0011561418871032707,0.001916093771233869,True,1505,4096,0.367431640625,0.219619452546294
256,375,0.0014337017711074154,0.004285082222516827,True,1517,4096,0.370361328125,0.219619452546294
256,376,0.0009091201971920359,0.001946791999180103,True,1506,4096,0.36767578125,0.219619452546294
256,377,0.0012728805624648328,0.0036580183084165135,True,1545,4096,0.377197265625,0.219619452546294
256,378,0.0005927457186536866,0.0009773386601423378,True,1531,4096,0.373779296875,0.219619452546294
256,379,0.0008777245846983307,0.001972644979136219,True,1516,4096,0.3701171875,0.219619452546294
256,380,0.0010230569686527128,0.0018231507856692059,True,1523,4096,0.371826171875,0.219619452546294
256,381,0.0014949324156327021,0.003417600820975489,True,1515,4096,0.369873046875,0.219619452546294
256,382,0.0006353934558592502,0.0012776233036675966,True,1520,4096,0.37109375,0.219619452546294
256,383,0.0006269629472556632,0.0009821562814523455,True,1518,4096,0.37060546875,0.219619452546294
256,384,0.0009489201446946934,0.002388543521490441,True,1513,4096,0.369384765625,0.219619452546294
256,385,0.0006220349903387327,0.001230731298513213,True,1511,4096,0.368896484375,0.219619452546294
256,386,0.0021174462094084015,0.004585643812386811,True,1498,4096,0.36572265625,0.219619452546294
256,387,0.0013736665610187438,0.003681525776249986,True,1493,4096,0.364501953125,0.219619452546294
256,388,0.0013636005286749913,0.002758037508659328,True,1537,4096,0.375244140625,0.219619452546294
256,389,0.0013120008053914504,0.0032726301385380407,True,1501,4096,0.366455078125,0.219619452546294
256,390,0.0006396847556660173,0.0011281785977276387,True,1504,4096,0.3671875,0.219619452546294
256,391,0.0020880851339535713,0.0050530427010656576,True,1542,4096,0.37646484375,0.219619452546294
256,392,0.0012238599525420662,0.002215063248417831,True,1554,4096,0.37939453125,0.219619452546294
256,393,0.0009547771978465814,0.0015663795595449032,True,1533,4096,0.374267578125,0.219619452546294
256,394,0.0014936202833833647,0.0034359554880442206,True,1523,4096,0.371826171875,0.219619452546294
256,395,0.0006257457339799986,0.0010644005299320636,True,1508,4096,0.3681640625,0.219619452546294
256,396,0.0014942170333398124,0.0030573187495771398,True,1508,4096,0.3681640625,0.219619452546294
256,397,0.0010573686499179187,0.001975127857083675,True,1530,4096,0.37353515625,0.219619452546294
256,398,0.0008057826398601978,0.001530137476879339,True,1519,4096,0.370849609375,0.219619452546294
256,399,0.0012833894185364883,0.003178416940518486,True,1524,4096,0.3720703125,0.219619452546294
512,0,0.0009253654794962934,0.002295144024144373,True,2333,4096,0.569580078125,0.15529440417596166
512,1,0.0004865031681969453,0.0011183802358316203,True,2342,4096,0.57177734375,0.15529440417596166
512,2,0.0003786035139665901,0.0008827466880885221,True,2347,4096,0.572998046875,0.15529440417596166
512,3,0.0008617287361848214,0.001541119752327333,True,2349,4096,0.573486328125,0.15529440417596166
512,4,0.0008514791471641949,0.0017070959087267523,True,2337,4096,0.570556640625,0.15529440417596166
512,5,0.0006742003483256188,0.0018805168381605675,True,2342,4096,0.57177734375,0.15529440417596166
512,6,0.001700720722145352,0.003860021240888009,True,2315,4096,0.565185546875,0.15529440417596166
512,7,0.0006955920714728539,0.0012359787908815568,True,2333,4096,0.569580078125,0.15529440417596166
512,8,0.0009923345114571272,0.002199411507232428,True,2311,4096,0.564208984375,0.15529440417596166
512,9,0.000566326389811052,0.0010912480664540328,True,2326,4096,0.56787109375,0.15529440417596166
512,10,0.0008218733417371799,0.0021808490565910915,True,2350,4096,0.57373046875,0.15529440417596166
512,11,0.0003289182825162473,0.0007356124716568005,True,2370,4096,0.57861328125,0.15529440417596166
512,12,0.0005654531156833034,0.000907972083977044,True,2369,4096,0.578369140625,0.15529440417596166
512,13,0.0011742232403520571,0.002663641335678993,True,2334,4096,0.56982421875,0.15529440417596166
512,14,0.00047977374375057525,0.001062686214379785,True,2332,4096,0.5693359375,0.15529440417596166
512,15,0.00048786375701895165,0.0009140721305790425,True,2371,4096,0.578857421875,0.15529440417596166
512,16,0.0005270763315854022,0.0012933005035237755,True,2310,4096,0.56396484375,0.15529440417596166
512,17,0.000751286438716976,0.0013429541218745542,True,2339,4096,0.571044921875,0.15529440417596166
512,18,0.0010275460814731996,0.002020779010691455,True,2299,4096,0.561279296875,0.15529440417596166
512,19,0.0005806297833014101,0.0010616472505751151,True,2344,4096,0.572265625,0.15529440417596166
512,20,0.0007635143931812718,0.0018403023454111808,True,2359,4096,0.575927734375,0.15529440417596166
512,21,0.0006967599443968947,0.0014898269317491913,True,2348,4096,0.5732421875,0.15529440417596166
512,22,0.0012063637185906354,0.002904858267147689,True,2322,4096,0.56689453125,0.15529440417596166
512,23,0.0005299442168010337,0.0010591663974911236,True,2353,4096,0.574462890625,0.15529440417596166
512,24,0.0005493034826606649,0.0011040740474506788,True,2367,4096,0.577880859375,0.15529440417596166
512,25,0.0007116983492717879,0.001662408904355081,True,2371,4096,0.578857421875,0.15529440417596166
512,26,0.0006647340725457457,0.0016138051518265473,True,2336,4096,0.5703125,0.15529440417596166
512,27,0.001340777866331543,0.0032723226011719536,True,2344,4096,0.572265625,0.15529440417596166
512,28,0.0006609657642114151,0.0014470033013927602,True,2319,4096,0.566162109375,0.15529440417596166
512,29,0.0012334432074137165,0.0029202698440315977,True,2340,4096,0.5712890625,0.15529440417596166
512,30,0.0008355576699834357,0.0017414334035073253,True,2309,4096,0.563720703125,0.15529440417596166
512,31,0.0006212189490752637,0.001142047115318845,True,2334,4096,0.56982421875,0.15529440417596166
512,32,0.0005532955033392227,0.0012907237951826633,True,2379,4096,0.580810546875,0.15529440417596166
512,33,0.0009012770650318029,0.0017646467671266486,True,2333,4096,0.569580078125,0.15529440417596166
512,34,0.0011017635968667574,0.0023510338810365863,True,2331,4096,0.569091796875,0.15529440417596166
512,35,0.0005752054151954417,0.0011458856148375482,True,2364,4096,0.5771484375,0.15529440417596166
512,36,0.000892420266955146,0.0019595023201433026,True,2356,4096,0.5751953125,0.15529440417596166
512,37,0.0005445111802348004,0.0013647315186621212,True,2364,4096,0.5771484375,0.15529440417596166
512,38,0.0008592803998056756,0.002232024637460514,True,2356,4096,0.5751953125,0.15529440417596166
512,39,0.0010341691714157958,0.002522976715565839,True,2368,4096,0.578125,0.15529440417596166
512,40,0.0007740048094782113,0.0015709104252661504,True,2345,4096,0.572509765625,0.15529440417596166
512,41,0.000723445347649927,0.0016920868275160997,True,2316,4096,0.5654296875,0.15529440417596166
512,42,0.0007179802361853947,0.001683801879453481,True,2308,4096,0.5634765625,0.15529440417596166
512,43,0.0010931237904301476,0.00235998373000465,True,2365,4096,0.577392578125,0.15529440417596166
512,44,0.0005658659349529306,0.000950668630547935,True,2329,4096,0.568603515625,0.15529440417596166
512,45,0.000566179935737475,0.0012164425265032835,True,2355,4096,0.574951171875,0.15529440417596166
512,46,0.0006055304984649407,0.0011200962818903731,True,2351,4096,0.573974609375,0.15529440417596166
512,47,0.001105568414019099,0.002295535936798737,True,2327,4096,0.568115234375,0.15529440417596166
512,48,0.0005953568969847487,0.0012908786770040315,True,2343,4096,0.572021484375,0.15529440417596166
512,49,0.0002852820378525737,0.0005313513182384488,True,2391,4096,0.583740234375,0.15529440417596166
512,50,0.0008009084807759961,0.0020842751646093366,True,2355,4096,0.574951171875,0.15529440417596166
512,51,0.0008878411106513228,0.0020314509020999127,True,2362,4096,0.57666015625,0.15529440417596166
512,52,0.001201035285246253,0.0028046901360438414,True,2326,4096,0.56787109375,0.15529440417596166
512,53,0.000584580240934378,0.001189751219852559,True,2352,4096,0.57421875,0.15529440417596166
512,54,0.0007164298506019104,0.0019032948691628943,True,2332,4096,0.5693359375,0.15529440417596166
512,55,0.0009550340243485656,0.0021780041469110986,True,2335,4096,0.570068359375,0.15529440417596166
512,56,0.0012055708664505034,0.0030541289932070406,True,2353,4096,0.574462890625,0.15529440417596166
512,57,0.0006093351806587332,0.0013007743163057917,True,2354,4096,0.57470703125,0.15529440417596166
512,58,0.0005601744897214204,0.0012274965703429896,True,2344,4096,0.572265625,0.15529440417596166
512,59,0.0007645760648598863,0.0020464540649342555,True,2331,4096,0.569091796875,0.15529440417596166
512,60,0.0006450414432511226,0.0016534478986813816,True,2317,4096,0.565673828125,0.15529440417596166
512,61,0.0007370943020262204,0.0018194607918523703,True,2339,4096,0.571044921875,0.15529440417596166
512,62,0.0006913464704439942,0.0016781257645634637,True,2341,4096,0.571533203125,0.15529440417596166
512,63,0.000793964026547572,0.0015890914304251685,True,2306,4096,0.56298828125,0.15529440417596166
512,64,0.0008634643311943511,0.0023200881290688785,True,2366,4096,0.57763671875,0.15529440417596166
512,65,0.0010341752557553106,0.0026202509851335626,True,2349,4096,0.573486328125,0.15529440417596166
512,66,0.0008873556094701348,0.002443030511274799,True,2314,4096,0.56494140625,0.15529440417596166
512,67,0.0005856317579308773,0.0011566788945465353,True,2367,4096,0.577880859375,0.15529440417596166
512,68,0.000695160116767758,0.001192865491467951,True,2373,4096,0.579345703125,0.15529440417596166
512,69,0.0006610065556311916,0.0013328574041774205,True,2374,4096,0.57958984375,0.15529440417596166
512,70,0.0006537014661057117,0.0014323959546939519,True,2352,4096,0.57421875,0.15529440417596166
512,71,0.0006429829346659739,0.0012136325797953082,True,2357,4096,0.575439453125,0.15529440417596166
512,72,0.0005141583463232355,0.0011312613607737387,True,2324,4096,0.5673828125,0.15529440417596166
512,73,0.0006239472481735491,0.0013342740276089116,True,2349,4096,0.573486328125,0.15529440417596166
512,74,0.0007960727747166551,0.0018702381345531774,True,2340,4096,0.5712890625,0.15529440417596166
512,75,0.0006713755309055462,0.0013840689465571543,True,2317,4096,0.565673828125,0.15529440417596166
512,76,0.0004965204242834873,0.0010873233074233622,True,2357,4096,0.575439453125,0.15529440417596166
512,77,0.0006807951415406691,0.0018703772084308623,True,2377,4096,0.580322265625,0.15529440417596166
512,78,0.0006365745165339222,0.0012625901854335236,True,2353,4096,0.574462890625,0.15529440417596166
512,79,0.0006731171462023032,0.0017539464073363514,True,2338,4096,0.57080078125,0.15529440417596166
512,80,0.0006018080224144886,0.0011924605021552542,True,2347,4096,0.572998046875,0.15529440417596166
512,81,0.0006389974981909088,0.001131361087841648,True,2357,4096,0.575439453125,0.15529440417596166
512,82,0.0009094718391167238,0.001534890895974285,True,2346,4096,0.57275390625,0.15529440417596166
512,83,0.0011424936295265247,0.0026451760036389216,True,2347,4096,0.572998046875,0.15529440417596166
512,84,0.0014102447046636572,0.002988091449987282,True,2337,4096,0.570556640625,0.15529440417596166
512,85,0.0007011600967362763,0.001562264273909035,True,2325,4096,0.567626953125,0.15529440417596166
512,86,0.0006733798432113471,0.001388910497359258,True,2347,4096,0.572998046875,0.15529440417596166
512,87,0.0009631909543096584,0.0024200532821338633,True,2346,4096,0.57275390625,0.15529440417596166
512,88,0.001572112262351127,0.003906260152475957,True,2335,4096,0.570068359375,0.15529440417596166
512,89,0.0008619065972776595,0.0020515409222307476,True,2336,4096,0.5703125,0.15529440417596166
512,90,0.0008449191420000063,0.0016045774812241016,True,2371,4096,0.578857421875,0.15529440417596166
512,91,0.00039884759785946704,0.0007981259293007546,True,2351,4096,0.573974609375,0.15529440417596166
512,92,0.0008850514770181939,0.0019021582424998268,True,2364,4096,0.5771484375,0.15529440417596166
512,93,0.0007784932019712507,0.0016954532209777808,True,2342,4096,0.57177734375,0.15529440417596166
512,94,0.0008113580545993412,0.00230012427041279,True,2345,4096,0.572509765625,0.15529440417596166
512,95,0.0005319732710703455,0.0012272542032766773,True,2349,4096,0.573486328125,0.15529440417596166
512,96,0.0012230660414762385,0.002126154039945441,True,2361,4096,0.576416015625,0.15529440417596166
512,97,0.0005152211314885044,0.0010693896360194771,True,2347,4096,0.572998046875,0.15529440417596166
512,98,0.0007873162518356374,0.0016646412721436077,True,2356,4096,0.5751953125,0.15529440417596166
512,99,0.0005632014730108975,0.0012951498072304446,True,2330,4096,0.56884765625,0.15529440417596166
512,100,0.0004743216512237916,0.001160837070947704,True,2331,4096,0.569091796875,0.15529440417596166
512,101,0.0005838784494075322,0.001450897864386555,True,2362,4096,0.57666015625,0.15529440417596166
512,102,0.0010871542894975766,0.0027745529779119316,True,2357,4096,0.575439453125,0.15529440417596166
512,103,0.0007143886002340061,0.001618774059023484,True,2321,4096,0.566650390625,0.15529440417596166
512,104,0.00047246278233893543,0.0008371654825093632,True,2343,4096,0.572021484375,0.15529440417596166
512,105,0.0006945043454331179,0.001618446527886716,True,2341,4096,0.571533203125,0.15529440417596166
512,106,0.0008310838519015425,0.0018368093640872066,True,2328,4096,0.568359375,0.15529440417596166
512,107,0.0005248053840516834,0.0010217063572505736,True,2362,4096,0.57666015625,0.15529440417596166
512,108,0.00090527758450599,0.0017332106014615462,True,2350,4096,0.57373046875,0.15529440417596166
512,109,0.000755708573654252,0.001425499419238252,True,2363,4096,0.576904296875,0.15529440417596166
512,110,0.0009996591813613532,0.0025347764279752966,True,2315,4096,0.565185546875,0.15529440417596166
512,111,0.0011976868131973782,0.0028881595777818653,True,2377,4096,0.580322265625,0.15529440417596166
512,112,0.0006586068322238152,0.001307024210169913,True,2342,4096,0.57177734375,0.15529440417596166
512,113,0.0007764863094285226,0.0017023911918996326,True,2330,4096,0.56884765625,0.15529440417596166
512,114,0.0005318195042464558,0.001319264230420364,True,2341,4096,0.571533203125,0.15529440417596166
512,115,0.0004066180779935847,0.0007027650746176048,True,2325,4096,0.567626953125,0.15529440417596166
512,116,0.00031601927732049823,0.000545918112720957,True,2339,4096,0.571044921875,0.15529440417596166
512,117,0.0005136172594419383,0.0009134434458424601,True,2308,4096,0.5634765625,0.15529440417596166
512,118,0.0006257361553804496,0.0012142162420535445,True,2306,4096,0.56298828125,0.15529440417596166
512,119,0.000732671143090173,0.001863280217910629,True,2348,4096,0.5732421875,0.15529440417596166
512,120,0.0006222916062831904,0.0015604597741788392,True,2360,4096,0.576171875,0.15529440417596166
512,121,0.0009858392956547844,0.0027657352279785857,True,2321,4096,0.566650390625,0.15529440417596166
512,122,0.0005198036749601568,0.0007848679170743816,True,2352,4096,0.57421875,0.15529440417596166
512,123,0.0008678670392675637,0.002139996938794686,True,2350,4096,0.57373046875,0.15529440417596166
512,124,0.0012198225640723673,0.002804691234240493,True,2337,4096,0.570556640625,0.15529440417596166
512,125,0.0005868685252712156,0.0010614199321914153,True,2352,4096,0.57421875,0.15529440417596166
512,126,0.0008323216769955945,0.0017566696378675944,True,2343,4096,0.572021484375,0.15529440417596166
512,127,0.00042894175566850646,0.0009842292115734563,True,2352,4096,0.57421875,0.15529440417596166
512,128,0.0009621585832603103,0.0015106510487984566,True,2321,4096,0.566650390625,0.15529440417596166
512,129,0.0006297817182515066,0.0011585982397369805,True,2317,4096,0.565673828125,0.15529440417596166
512,130,0.0008953888363358699,0.0014089927762932462,True,2359,4096,0.575927734375,0.15529440417596166
512,131,0.0006563269242448337,0.0015722687195101337,True,2351,4096,0.573974609375,0.15529440417596166
512,132,0.0008031104370325162,0.0017409701018652676,True,2353,4096,0.574462890625,0.15529440417596166
512,133,0.000670359482500307,0.0012995755198534353,True,2336,4096,0.5703125,0.15529440417596166
512,134,0.0005333755526646187,0.0013914144708128545,True,2360,4096,0.576171875,0.15529440417596166
512,135,0.000642917685825156,0.0016227265148494457,True,2367,4096,0.577880859375,0.15529440417596166
512,136,0.00048260596294456896,0.0008917798950960273,True,2355,4096,0.574951171875,0.15529440417596166
512,137,0.0003128756660601774,0.0008074740702205437,True,2379,4096,0.580810546875,0.15529440417596166
512,138,0.0007073660621601423,0.001424199036426134,True,2344,4096,0.572265625,0.15529440417596166
512,139,0.0018035181447478242,0.0038816211089623062,True,2352,4096,0.57421875,0.15529440417596166
512,140,0.0010677262518437496,0.002671729694358374,True,2322,4096,0.56689453125,0.15529440417596166
512,141,0.0007715522200596858,0.0016312360100468881,True,2326,4096,0.56787109375,0.15529440417596166
512,142,0.0005655644717696639,0.0012099111026828216,True,2344,4096,0.572265625,0.15529440417596166
512,143,0.0009825150676896384,0.0023846937061781093,True,2357,4096,0.575439453125,0.15529440417596166
512,144,0.0006554259697372941,0.0015722894916602968,True,2379,4096,0.580810546875,0.15529440417596166
512,145,0.0011193697010047302,0.0023134835277347707,True,2335,4096,0.570068359375,0.15529440417596166
512,146,0.0005964201489114547,0.0013977966958041294,True,2357,4096,0.575439453125,0.15529440417596166
512,147,0.0011678199019862128,0.0026974440304734643,True,2318,4096,0.56591796875,0.15529440417596166
512,148,0.0007010509927675759,0.001452701951323923,True,2381,4096,0.581298828125,0.15529440417596166
512,149,0.0006857782498879713,0.001870295200954962,True,2378,4096,0.58056640625,0.15529440417596166
512,150,0.0005390678826819203,0.0009731031379725669,True,2316,4096,0.5654296875,0.15529440417596166
512,151,0.0007503869804548907,0.0017704031346866683,True,2354,4096,0.57470703125,0.15529440417596166
512,152,0.0005950689055968032,0.0012793914067669512,True,2361,4096,0.576416015625,0.15529440417596166
512,153,0.0006880616099883433,0.0014823249138314482,True,2338,4096,0.57080078125,0.15529440417596166
512,154,0.0012164556365428512,0.0030032003877315736,True,2346,4096,0.57275390625,0.15529440417596166
512,155,0.0009289116170437504,0.0016619940522105102,True,2318,4096,0.56591796875,0.15529440417596166
512,156,0.0011992199530774517,0.0025332876419874584,True,2342,4096,0.57177734375,0.15529440417596166
512,157,0.0006935597087138388,0.0014074816730189343,True,2346,4096,0.57275390625,0.15529440417596166
512,158,0.000714575031676828,0.0013295503589902113,True,2371,4096,0.578857421875,0.15529440417596166
512,159,0.001035434086382243,0.002026682151350212,True,2350,4096,0.57373046875,0.15529440417596166
512,160,0.0006018759961711741,0.0015258796406295572,True,2352,4096,0.57421875,0.15529440417596166
512,161,0.0007593960077012945,0.0020240797885593825,True,2334,4096,0.56982421875,0.15529440417596166
512,162,0.0006920195923398703,0.0017840747359088721,True,2345,4096,0.572509765625,0.15529440417596166
512,163,0.000810212319096975,0.001798693824441075,True,2331,4096,0.569091796875,0.15529440417596166
512,164,0.00038069140943033545,0.0007133146861984518,True,2311,4096,0.564208984375,0.15529440417596166
512,165,0.0009220077027453547,0.0022732601740412875,True,2348,4096,0.5732421875,0.15529440417596166
512,166,0.0007508400329631664,0.0016500228127624,True,2366,4096,0.57763671875,0.15529440417596166
512,167,0.0007311457368768497,0.0013685645727019961,True,2341,4096,0.571533203125,0.15529440417596166
512,168,0.0005973347110226959,0.0013868944158568382,True,2328,4096,0.568359375,0.15529440417596166
512,169,0.0007545279499080767,0.0012599196409102884,True,2323,4096,0.567138671875,0.15529440417596166
512,170,0.0006448079274864469,0.001858033536717485,True,2374,4096,0.57958984375,0.15529440417596166
512,171,0.0007085213574974101,0.0014307738963236644,True,2345,4096,0.572509765625,0.15529440417596166
512,172,0.0006107447383225234,0.001479595401635364,True,2351,4096,0.573974609375,0.15529440417596166
512,173,0.0006155195452901619,0.0011727386630145525,True,2362,4096,0.57666015625,0.15529440417596166
512,174,0.0007925241076357001,0.0016257410516576018,True,2316,4096,0.5654296875,0.15529440417596166
512,175,0.0009400978886539312,0.002084939666907523,True,2325,4096,0.567626953125,0.15529440417596166
512,176,0.0007476100827254674,0.0017672772189770425,True,2342,4096,0.57177734375,0.15529440417596166
512,177,0.0007553280229108638,0.0017524700252018813,True,2333,4096,0.569580078125,0.15529440417596166
512,178,0.0007470839857584408,0.001681069118085552,True,2318,4096,0.56591796875,0.15529440417596166
512,179,0.0014912612587882734,0.003166790568481008,True,2331,4096,0.569091796875,0.15529440417596166
512,180,0.0012662793331015226,0.002894770742652264,True,2331,4096,0.569091796875,0.15529440417596166
512,181,0.00047766350302532953,0.0012150117796081022,True,2379,4096,0.580810546875,0.15529440417596166
512,182,0.0007727587430104583,0.0017483536392849594,True,2341,4096,0.571533203125,0.15529440417596166
512,183,0.00199074499074113,0.004593096816776401,True,2315,4096,0.565185546875,0.15529440417596166
512,184,0.0009249633865134946,0.002104624364937094,True,2353,4096,0.574462890625,0.15529440417596166
512,185,0.0008533227176893961,0.0021397948017263663,True,2325,4096,0.567626953125,0.15529440417596166
512,186,0.00039010042534156703,0.0007588067727126377,True,2331,4096,0.569091796875,0.15529440417596166
512,187,0.0012560160779937779,0.0028976873493655533,True,2369,4096,0.578369140625,0.15529440417596166
512,188,0.0006469434444821362,0.0016602460136806475,True,2318,4096,0.56591796875,0.15529440417596166
512,189,0.00039276404241197983,0.0008835234117835905,True,2331,4096,0.569091796875,0.15529440417596166
512,190,0.0010014529310696314,0.0022768581231692037,True,2367,4096,0.577880859375,0.15529440417596166
512,191,0.0008723063451805655,0.0023328339839886053,True,2325,4096,0.567626953125,0.15529440417596166
512,192,0.0006417081020842928,0.0012119769881653863,True,2371,4096,0.578857421875,0.15529440417596166
512,193,0.0017187713956036074,0.004227009326736905,True,2326,4096,0.56787109375,0.15529440417596166
512,194,0.001343184150785817,0.0031396801201834246,True,2356,4096,0.5751953125,0.15529440417596166
512,195,0.0004917906553065556,0.0009036639160661629,True,2364,4096,0.5771484375,0.15529440417596166
512,196,0.0007327926463570997,0.001909998768005683,True,2324,4096,0.5673828125,0.15529440417596166
512,197,0.0008107865245499147,0.0020150066381622103,True,2351,4096,0.573974609375,0.15529440417596166
512,198,0.0007103711947215395,0.0014996881392889544,True,2343,4096,0.572021484375,0.15529440417596166
512,199,0.0009213894722086717,0.0021705875270712632,True,2362,4096,0.57666015625,0.15529440417596166
512,200,0.0006528669183211841,0.001141962283829727,True,2324,4096,0.5673828125,0.15529440417596166
512,201,0.0003981845559981626,0.0009267406050297994,True,2350,4096,0.57373046875,0.15529440417596166
512,202,0.0009406581062317886,0.0025808959786276717,True,2337,4096,0.570556640625,0.15529440417596166
512,203,0.0007837519179056232,0.0022512991920858594,True,2360,4096,0.576171875,0.15529440417596166
512,204,0.0008593913069399768,0.0023399419224017434,True,2321,4096,0.566650390625,0.15529440417596166
512,205,0.0007918432199500474,0.002095355745266564,True,2314,4096,0.56494140625,0.15529440417596166
512,206,0.0007239902938260285,0.0013556956494536893,True,2328,4096,0.568359375,0.15529440417596166
512,207,0.0005312524136655181,0.0010078556293375389,True,2352,4096,0.57421875,0.15529440417596166
512,208,0.0005098003860371166,0.0011858253045107098,True,2360,4096,0.576171875,0.15529440417596166
512,209,0.0010980185898711655,0.002824473500448191,True,2344,4096,0.572265625,0.15529440417596166
512,210,0.0004685241498466946,0.0010480722515676805,True,2330,4096,0.56884765625,0.15529440417596166
512,211,0.0006328541394670501,0.001503685335347421,True,2352,4096,0.57421875,0.15529440417596166
512,212,0.0008856757616612477,0.0015721760418009496,True,2366,4096,0.57763671875,0.15529440417596166
512,213,0.0013961565652014672,0.0036766686697830425,True,2323,4096,0.567138671875,0.15529440417596166
512,214,0.0008610024017168298,0.0017597124713052692,True,2336,4096,0.5703125,0.15529440417596166
512,215,0.001008750917555104,0.002553531704861077,True,2289,4096,0.558837890625,0.15529440417596166
512,216,0.0004715080809729533,0.0010288240977402024,True,2331,4096,0.569091796875,0.15529440417596166
512,217,0.0005836802682293519,0.0011351198077666075,True,2323,4096,0.567138671875,0.15529440417596166
512,218,0.000553705858051585,0.00106634627541341,True,2391,4096,0.583740234375,0.15529440417596166
512,219,0.001331560399256529,0.003436327642715578,True,2375,4096,0.579833984375,0.15529440417596166
512,220,0.0005703124064982078,0.0011363712428744833,True,2307,4096,0.563232421875,0.15529440417596166
512,221,0.0010227643698292634,0.0024476444075831605,True,2321,4096,0.566650390625,0.15529440417596166
512,222,0.0004906051856074548,0.0008951539617488846,True,2343,4096,0.572021484375,0.15529440417596166
512,223,0.0009126109253579798,0.0025106342755292915,True,2342,4096,0.57177734375,0.15529440417596166
512,224,0.0006736399430644392,0.0017204252198021741,True,2348,4096,0.5732421875,0.15529440417596166
512,225,0.0013213436244355994,0.0034231705147757113,True,2309,4096,0.563720703125,0.15529440417596166
512,226,0.0008954773517856952,0.0019379520191964913,True,2343,4096,0.572021484375,0.15529440417596166
512,227,0.0008605882547738423,0.001611626837365765,True,2350,4096,0.57373046875,0.15529440417596166
512,228,0.0011567231208761102,0.0023655588167418584,True,2327,4096,0.568115234375,0.15529440417596166
512,229,0.0006346755327096632,0.0015350008881375166,True,2336,4096,0.5703125,0.15529440417596166
512,230,0.0010006761508791072,0.002443133904678818,True,2330,4096,0.56884765625,0.15529440417596166
512,231,0.0006051103173936637,0.001124527592454603,True,2316,4096,0.5654296875,0.15529440417596166
512,232,0.0008359231092737271,0.0019073182623341942,True,2356,4096,0.5751953125,0.15529440417596166
512,233,0.0009246454048520035,0.0024111926489665675,True,2340,4096,0.5712890625,0.15529440417596166
512,234,0.001802950868769372,0.003543608679185392,True,2328,4096,0.568359375,0.15529440417596166
512,235,0.0005200306138867351,0.0010150378576623265,True,2349,4096,0.573486328125,0.15529440417596166
512,236,0.0012190688697788958,0.003222198950549607,True,2329,4096,0.568603515625,0.15529440417596166
512,237,0.0010394426303915502,0.002146996260352897,True,2344,4096,0.572265625,0.15529440417596166
512,238,0.0008963023943943445,0.0016154841414980775,True,2349,4096,0.573486328125,0.15529440417596166
512,239,0.0011997200769089237,0.0027239650920940425,True,2333,4096,0.569580078125,0.15529440417596166
512,240,0.0005896309770029883,0.0013116283211058212,True,2358,4096,0.57568359375,0.15529440417596166
512,241,0.001110380263074862,0.002128821483363033,True,2330,4096,0.56884765625,0.15529440417596166
512,242,0.0007234988931379037,0.0021048037564204702,True,2367,4096,0.577880859375,0.15529440417596166
512,243,0.0007325759337658751,0.0014172098881024275,True,2308,4096,0.5634765625,0.15529440417596166
512,244,0.0006464462147474519,0.0011353808180940561,True,2344,4096,0.572265625,0.15529440417596166
512,245,0.001128436875394964,0.0026441872827730195,True,2335,4096,0.570068359375,0.15529440417596166
512,246,0.000669583310177877,0.001639850347760749,True,2338,4096,0.57080078125,0.15529440417596166
512,247,0.001016890757765114,0.0017442281949619151,True,2324,4096,0.5673828125,0.15529440417596166
512,248,0.001076413735142822,0.0027275684918702733,True,2354,4096,0.57470703125,0.15529440417596166
512,249,0.0009784869896847688,0.0022641172422615333,True,2361,4096,0.576416015625,0.15529440417596166
512,250,0.0005080611487868588,0.0010714445561453984,True,2348,4096,0.5732421875,0.15529440417596166
512,251,0.0005363771760628892,0.0013253626151135123,True,2325,4096,0.567626953125,0.15529440417596166
512,252,0.0012579938316712557,0.003133215259104538,True,2374,4096,0.57958984375,0.15529440417596166
512,253,0.0009161538909874002,0.0021879628536647516,True,2345,4096,0.572509765625,0.15529440417596166
512,254,0.0005781872436674494,0.0008917310403613113,True,2371,4096,0.578857421875,0.15529440417596166
512,255,0.0007634525543672877,0.0020587532071287135,True,2346,4096,0.57275390625,0.15529440417596166
512,256,0.0013452700904113578,0.0034370305218897473,True,2331,4096,0.569091796875,0.15529440417596166
512,257,0.0005001298147498917,0.00098001121759949,True,2341,4096,0.571533203125,0.15529440417596166
512,258,0.0010115321952129412,0.002333498550988418,True,2318,4096,0.56591796875,0.15529440417596166
512,259,0.0004401725856182472,0.0010351475058178843,True,2364,4096,0.5771484375,0.15529440417596166
512,260,0.0006541466846695942,0.0015701903285189889,True,2348,4096,0.5732421875,0.15529440417596166
512,261,0.0007888560077052011,0.0013431112135917495,True,2330,4096,0.56884765625,0.15529440417596166
512,262,0.0010288708220639949,0.0019585254610929304,True,2309,4096,0.563720703125,0.15529440417596166
512,263,0.0012102162491476288,0.002737068332944015,True,2306,4096,0.56298828125,0.15529440417596166
512,264,0.0008630556361261991,0.0017664980609293224,True,2336,4096,0.5703125,0.15529440417596166
512,265,0.0007168160281951693,0.0017916365253825423,True,2360,4096,0.576171875,0.15529440417596166
512,266,0.0007456743035413546,0.0013476599873179923,True,2314,4096,0.56494140625,0.15529440417596166
512,267,0.0008634981854706205,0.0016351984180660237,True,2372,4096,0.5791015625,0.15529440417596166
512,268,0.0005809687005068131,0.0012188014714221498,True,2333,4096,0.569580078125,0.15529440417596166
512,269,0.0005047083156721465,0.0014859975450192686,True,2315,4096,0.565185546875,0.15529440417596166
512,270,0.0005454812256823924,0.0011072231016657046,True,2309,4096,0.563720703125,0.15529440417596166
512,271,0.0007445168645673643,0.0015484365777078263,True,2344,4096,0.572265625,0.15529440417596166
512,272,0.00037786885271160603,0.0008099421727070372,True,2342,4096,0.57177734375,0.15529440417596166
512,273,0.0009493289143861093,0.0016956052052355605,True,2340,4096,0.5712890625,0.15529440417596166
512,274,0.0009036970005674264,0.0017590889744051041,True,2337,4096,0.570556640625,0.15529440417596166
512,275,0.0004033445330182032,0.000829383286273036,True,2305,4096,0.562744140625,0.15529440417596166
512,276,0.0008074849073854767,0.002143154925950602,True,2344,4096,0.572265625,0.15529440417596166
512,277,0.0008466004906934953,0.0017454601701020374,True,2348,4096,0.5732421875,0.15529440417596166
512,278,0.00038547060843755236,0.0006750768953641649,True,2340,4096,0.5712890625,0.15529440417596166
512,279,0.00033972046371289903,0.0008222063431892607,True,2365,4096,0.577392578125,0.15529440417596166
512,280,0.0006017030030031893,0.0013116700879418491,True,2345,4096,0.572509765625,0.15529440417596166
512,281,0.0007010141972549359,0.001395580602599103,True,2317,4096,0.565673828125,0.15529440417596166
512,282,0.0006726999987564691,0.0011119345775029293,True,2336,4096,0.5703125,0.15529440417596166
512,283,0.0007412044346850927,0.0021997969453753166,True,2309,4096,0.563720703125,0.15529440417596166
512,284,0.0011659701128805483,0.0030807367734183855,True,2382,4096,0.58154296875,0.15529440417596166
512,285,0.0008853381053496806,0.002053681207912092,True,2337,4096,0.570556640625,0.15529440417596166
512,286,0.0006120636613991643,0.0012351915103516117,True,2349,4096,0.573486328125,0.15529440417596166
512,287,0.0009539280677159956,0.0022092996367919365,True,2329,4096,0.568603515625,0.15529440417596166
512,288,0.0005622373178044058,0.0011578523851693556,True,2364,4096,0.5771484375,0.15529440417596166
512,289,0.0006584002466345731,0.0017847051350156906,True,2344,4096,0.572265625,0.15529440417596166
512,290,0.0007446922032005501,0.001480668360402608,True,2342,4096,0.57177734375,0.15529440417596166
512,291,0.0007042333853762195,0.0016316306143159334,True,2371,4096,0.578857421875,0.15529440417596166
512,292,0.0006966997437878392,0.0012105318583905955,True,2341,4096,0.571533203125,0.15529440417596166
512,293,0.0003239599320653324,0.0005907401510797557,True,2378,4096,0.58056640625,0.15529440417596166
512,294,0.0009068332985558383,0.001880488600540603,True,2339,4096,0.571044921875,0.15529440417596166
512,295,0.0005845360800888721,0.0010486815757875245,True,2320,4096,0.56640625,0.15529440417596166
512,296,0.0005079422159726346,0.0012362941617038645,True,2337,4096,0.570556640625,0.15529440417596166
512,297,0.0006064553279136847,0.0011191437371548957,True,2344,4096,0.572265625,0.15529440417596166
512,298,0.0005227046640917357,0.0010438375737268774,True,2325,4096,0.567626953125,0.15529440417596166
512,299,0.0002909394912327824,0.0005545812688216127,True,2381,4096,0.581298828125,0.15529440417596166
512,300,0.0006568681973663241,0.0012092258798304667,True,2327,4096,0.568115234375,0.15529440417596166
512,301,0.00051614345816724,0.0010563629384596727,True,2350,4096,0.57373046875,0.15529440417596166
512,302,0.0004232254898804965,0.0007706640008861947,True,2338,4096,0.57080078125,0.15529440417596166
512,303,0.0007347531796918987,0.001820779203162877,True,2358,4096,0.57568359375,0.15529440417596166
512,304,0.00036479442751874983,0.0008946318594868774,True,2343,4096,0.572021484375,0.15529440417596166
512,305,0.0007428017380382061,0.0020102383215036684,True,2345,4096,0.572509765625,0.15529440417596166
512,306,0.00044531271084637667,0.0009791773791273176,True,2351,4096,0.573974609375,0.15529440417596166
512,307,0.0005149579633093389,0.0011691434822938204,True,2371,4096,0.578857421875,0.15529440417596166
512,308,0.00043518903925444057,0.00099201510576305,True,2345,4096,0.572509765625,0.15529440417596166
512,309,0.0009277129249129816,0.0022670978986199797,True,2349,4096,0.573486328125,0.15529440417596166
512,310,0.0006855671847662086,0.00134378343096319,True,2356,4096,0.5751953125,0.15529440417596166
512,311,0.0006177190557094136,0.001406066195322117,True,2315,4096,0.565185546875,0.15529440417596166
512,312,0.0009703098195318321,0.0018827033993620568,True,2355,4096,0.574951171875,0.15529440417596166
512,313,0.00041346400673432143,0.000978454777577173,True,2326,4096,0.56787109375,0.15529440417596166
512,314,0.0009398888644848786,0.00257761300834633,True,2330,4096,0.56884765625,0.15529440417596166
512,315,0.000721702863410824,0.0015547159686347192,True,2353,4096,0.574462890625,0.15529440417596166
512,316,0.00034697413213685127,0.000603726166636176,True,2324,4096,0.5673828125,0.15529440417596166
512,317,0.0008177043799765177,0.002103683206457943,True,2334,4096,0.56982421875,0.15529440417596166
512,318,0.0006678726474602613,0.0013062564207638877,True,2340,4096,0.5712890625,0.15529440417596166
512,319,0.00036123988450684864,0.0007083315325440431,True,2332,4096,0.5693359375,0.15529440417596166
512,320,0.0007369663105559513,0.0014019176654662957,True,2352,4096,0.57421875,0.15529440417596166
512,321,0.0005561862080536809,0.0015545952741456148,True,2386,4096,0.58251953125,0.15529440417596166
512,322,0.0005559407379292252,0.0009751139146132043,True,2353,4096,0.574462890625,0.15529440417596166
512,323,0.0009675484970621022,0.0024138944198760504,True,2355,4096,0.574951171875,0.15529440417596166
512,324,0.0006538672852768118,0.0016202013728603137,True,2340,4096,0.5712890625,0.15529440417596166
512,325,0.0009040473979339597,0.0017732423439389272,True,2337,4096,0.570556640625,0.15529440417596166
512,326,0.0007627695107174897,0.0019227607687878276,True,2343,4096,0.572021484375,0.15529440417596166
512,327,0.0008311715728548231,0.001443171329793158,True,2355,4096,0.574951171875,0.15529440417596166
512,328,0.0006295738913654928,0.0013684759363587831,True,2341,4096,0.571533203125,0.15529440417596166
512,329,0.000810664759219783,0.0015323822211226953,True,2386,4096,0.58251953125,0.15529440417596166
512,330,0.0008492521569474577,0.002286982737718407,True,2353,4096,0.574462890625,0.15529440417596166
512,331,0.0005975836995710502,0.001405722366088949,True,2340,4096,0.5712890625,0.15529440417596166
512,332,0.0010613388471596172,0.0026705757829333238,True,2370,4096,0.57861328125,0.15529440417596166
512,333,0.0012133324327929392,0.002982838794043874,True,2373,4096,0.579345703125,0.15529440417596166
512,334,0.000610017882133538,0.0012039774800698573,True,2355,4096,0.574951171875,0.15529440417596166
512,335,0.0008616735969723934,0.001590570664221115,True,2349,4096,0.573486328125,0.15529440417596166
512,336,0.0008086135654794417,0.0013174642829585012,True,2331,4096,0.569091796875,0.15529440417596166
512,337,0.0007352388458899263,0.0016406378899310042,True,2345,4096,0.572509765625,0.15529440417596166
512,338,0.000920711984583692,0.002472485445240105,True,2333,4096,0.569580078125,0.15529440417596166
512,339,0.0009051905008643189,0.0017401367051108202,True,2353,4096,0.574462890625,0.15529440417596166
512,340,0.0004849813371770738,0.0009465366126677616,True,2343,4096,0.572021484375,0.15529440417596166
512,341,0.0005888929648199216,0.0015507055024265165,True,2328,4096,0.568359375,0.15529440417596166
512,342,0.0008503290644126287,0.0019152862735678233,True,2334,4096,0.56982421875,0.15529440417596166
512,343,0.0007131438490674994,0.0019332783285055527,True,2353,4096,0.574462890625,0.15529440417596166
512,344,0.0010856575813147596,0.0025951864254764034,True,2377,4096,0.580322265625,0.15529440417596166
512,345,0.0005082431438042957,0.0010326150494854441,True,2312,4096,0.564453125,0.15529440417596166
512,346,0.0006986980601727364,0.001848148657069934,True,2329,4096,0.568603515625,0.15529440417596166
512,347,0.0006874187497925608,0.0012635904277530745,True,2334,4096,0.56982421875,0.15529440417596166
512,348,0.0006154104433539058,0.0010115883664696679,True,2340,4096,0.5712890625,0.15529440417596166
512,349,0.0005410679911870154,0.0010621115190482741,True,2332,4096,0.5693359375,0.15529440417596166
512,350,0.0004516809397154356,0.0006696968330493491,True,2346,4096,0.57275390625,0.15529440417596166
512,351,0.0004945677926057367,0.001035327195017175,True,2357,4096,0.575439453125,0.15529440417596166
512,352,0.0006180545876644268,0.0013648564124425916,True,2375,4096,0.579833984375,0.15529440417596166
512,353,0.0011121174710107232,0.002806314387920311,True,2335,4096,0.570068359375,0.15529440417596166
512,354,0.00024642425519723587,0.0005900979813773244,True,2328,4096,0.568359375,0.15529440417596166
512,355,0.0007161323865228897,0.001428652607965375,True,2351,4096,0.573974609375,0.15529440417596166
512,356,0.0009830289195438436,0.0025968683451671054,True,2350,4096,0.57373046875,0.15529440417596166
512,357,0.000852846590166913,0.001916805060546603,True,2334,4096,0.56982421875,0.15529440417596166
512,358,0.000325064290841952,0.0007867212559361549,True,2374,4096,0.57958984375,0.15529440417596166
512,359,0.0005341117045370609,0.0013259598054282049,True,2335,4096,0.570068359375,0.15529440417596166
512,360,0.0003939215517347685,0.0011329217839040756,True,2348,4096,0.5732421875,0.15529440417596166
512,361,0.0012163813789205689,0.0029063811697166153,True,2340,4096,0.5712890625,0.15529440417596166
512,362,0.0005892218208836852,0.0014172271465074,True,2314,4096,0.56494140625,0.15529440417596166
512,363,0.0005352254254485544,0.0009027516647814315,True,2345,4096,0.572509765625,0.15529440417596166
512,364,0.0006990983878083782,0.0017754836448289901,True,2347,4096,0.572998046875,0.15529440417596166
512,365,0.0005805615650165049,0.0015022416485638984,True,2344,4096,0.572265625,0.15529440417596166
512,366,0.0007524128583786752,0.0020695221566051497,True,2339,4096,0.571044921875,0.15529440417596166
512,367,0.0009146268828491784,0.0019653015385274197,True,2370,4096,0.57861328125,0.15529440417596166
512,368,0.0005250538299825726,0.0010139416800701295,True,2365,4096,0.577392578125,0.15529440417596166
512,369,0.0005559507722300747,0.0011826986126074884,True,2312,4096,0.564453125,0.15529440417596166
512,370,0.0007913603424679563,0.001219503884190981,True,2337,4096,0.570556640625,0.15529440417596166
512,371,0.0006976565114837169,0.0019787967225265365,True,2297,4096,0.560791015625,0.15529440417596166
512,372,0.0007164245207572038,0.0013134769845756927,True,2341,4096,0.571533203125,0.15529440417596166
512,373,0.001436942454664966,0.0035303066423851698,True,2354,4096,0.57470703125,0.15529440417596166
512,374,0.0008774606248854858,0.0022866691898444508,True,2384,4096,0.58203125,0.15529440417596166
512,375,0.0007941924524868632,0.0015207917438033874,True,2343,4096,0.572021484375,0.15529440417596166
512,376,0.0007280834817336328,0.0018267398760245662,True,2343,4096,0.572021484375,0.15529440417596166
512,377,0.0007766394466042376,0.0014284078117288018,True,2354,4096,0.57470703125,0.15529440417596166
512,378,0.0007445293384029023,0.0015500231414928428,True,2344,4096,0.572265625,0.15529440417596166
512,379,0.0006058732916675101,0.0012348303244041452,True,2361,4096,0.576416015625,0.15529440417596166
512,380,0.0005448021706245018,0.0014527050267769126,True,2329,4096,0.568603515625,0.15529440417596166
512,381,0.0005868798619174011,0.0012857829481454641,True,2322,4096,0.56689453125,0.15529440417596166
512,382,0.0011151642131959933,0.002672195100199143,True,2319,4096,0.566162109375,0.15529440417596166
512,383,0.000761780845676081,0.0014946830375365816,True,2391,4096,0.583740234375,0.15529440417596166
512,384,0.0006405266496628504,0.0013246300721008047,True,2311,4096,0.564208984375,0.15529440417596166
512,385,0.0008748191393779118,0.001870978593475462,True,2321,4096,0.566650390625,0.15529440417596166
512,386,0.0005628304493774321,0.0012234120922006535,True,2323,4096,0.567138671875,0.15529440417596166
512,387,0.0011850416170833512,0.002915141820555696,True,2345,4096,0.572509765625,0.15529440417596166
512,388,0.0005771209755660543,0.0011015971826160535,True,2297,4096,0.560791015625,0.15529440417596166
512,389,0.0007813048317757193,0.001966535396043176,True,2343,4096,0.572021484375,0.15529440417596166
512,390,0.0007761888111650467,0.0020790010322583874,True,2348,4096,0.5732421875,0.15529440417596166
512,391,0.0005639391029974142,0.0009018585402784246,True,2326,4096,0.56787109375,0.15529440417596166
512,392,0.0005254264689619995,0.001282710477638671,True,2329,4096,0.568603515625,0.15529440417596166
512,393,0.0004575364269358596,0.0011506693917153477,True,2374,4096,0.57958984375,0.15529440417596166
512,394,0.0005153935856274569,0.000949317427034968,True,2357,4096,0.575439453125,0.15529440417596166
512,395,0.0007491728111659649,0.0019452642703980151,True,2334,4096,0.56982421875,0.15529440417596166
512,396,0.0011126542213526194,0.0024763792823153524,True,2337,4096,0.570556640625,0.15529440417596166
512,397,0.0006322748543751255,0.00166264307499428,True,2342,4096,0.57177734375,0.15529440417596166
512,398,0.0009128813302483093,0.0024240432976758153,True,2361,4096,0.576416015625,0.15529440417596166
512,399,0.0003631854488807407,0.000643195166228884,True,2339,4096,0.571044921875,0.15529440417596166
